#pragma once

/* D:\Desktop\Jersey15-Regular.ttf (30.05.2025 10:51:12)
StartOffset(h): 00000000, EndOffset(h): 000193C7, Довжина(h): 000193C8 */

unsigned char Jersey15_Regular[] = {
	0x00, 0x01, 0x00, 0x00, 0x00, 0x11, 0x01, 0x00, 0x00, 0x04, 0x00, 0x10,
	0x47, 0x44, 0x45, 0x46, 0x11, 0x13, 0x10, 0x35, 0x00, 0x00, 0x02, 0xEC,
	0x00, 0x00, 0x00, 0xD2, 0x47, 0x50, 0x4F, 0x53, 0xBA, 0x2C, 0xB0, 0x3B,
	0x00, 0x00, 0x18, 0x44, 0x00, 0x00, 0x06, 0x28, 0x47, 0x53, 0x55, 0x42,
	0xF9, 0x12, 0xD9, 0x45, 0x00, 0x00, 0x0E, 0x34, 0x00, 0x00, 0x04, 0x74,
	0x4F, 0x53, 0x2F, 0x32, 0xA3, 0x76, 0x23, 0xFE, 0x00, 0x00, 0x01, 0xE4,
	0x00, 0x00, 0x00, 0x60, 0x63, 0x6D, 0x61, 0x70, 0x05, 0x66, 0xA1, 0x54,
	0x00, 0x00, 0x0A, 0x2C, 0x00, 0x00, 0x04, 0x06, 0x63, 0x76, 0x74, 0x20,
	0x12, 0xC2, 0x05, 0x17, 0x00, 0x00, 0x01, 0xA0, 0x00, 0x00, 0x00, 0x44,
	0x66, 0x70, 0x67, 0x6D, 0x62, 0x2E, 0xFB, 0x7B, 0x00, 0x00, 0x26, 0x20,
	0x00, 0x00, 0x0E, 0x0C, 0x67, 0x61, 0x73, 0x70, 0x00, 0x00, 0x00, 0x10,
	0x00, 0x00, 0x01, 0x1C, 0x00, 0x00, 0x00, 0x08, 0x67, 0x6C, 0x79, 0x66,
	0x29, 0x64, 0x58, 0x72, 0x00, 0x00, 0x34, 0x2C, 0x00, 0x01, 0x5F, 0x9A,
	0x68, 0x65, 0x61, 0x64, 0x27, 0x8F, 0xBA, 0xA2, 0x00, 0x00, 0x01, 0x68,
	0x00, 0x00, 0x00, 0x36, 0x68, 0x68, 0x65, 0x61, 0x08, 0x9B, 0x0A, 0x30,
	0x00, 0x00, 0x01, 0x44, 0x00, 0x00, 0x00, 0x24, 0x68, 0x6D, 0x74, 0x78,
	0xD1, 0x99, 0x2D, 0x50, 0x00, 0x00, 0x12, 0xA8, 0x00, 0x00, 0x05, 0x9A,
	0x6C, 0x6F, 0x63, 0x61, 0xE8, 0xA1, 0x40, 0x49, 0x00, 0x00, 0x03, 0xC0,
	0x00, 0x00, 0x02, 0xD0, 0x6D, 0x61, 0x78, 0x70, 0x03, 0x97, 0x0F, 0x48,
	0x00, 0x00, 0x01, 0x24, 0x00, 0x00, 0x00, 0x20, 0x6E, 0x61, 0x6D, 0x65,
	0x55, 0x5F, 0x71, 0xB6, 0x00, 0x00, 0x06, 0x90, 0x00, 0x00, 0x03, 0x9C,
	0x70, 0x6F, 0x73, 0x74, 0x6D, 0xEF, 0x51, 0x8A, 0x00, 0x00, 0x1E, 0x6C,
	0x00, 0x00, 0x07, 0xB4, 0x70, 0x72, 0x65, 0x70, 0x74, 0x4E, 0xD0, 0xA2,
	0x00, 0x00, 0x02, 0x44, 0x00, 0x00, 0x00, 0xA7, 0x00, 0x01, 0x00, 0x01,
	0xFF, 0xFF, 0x00, 0x0F, 0x00, 0x01, 0x00, 0x00, 0x01, 0x67, 0x00, 0x74,
	0x00, 0x05, 0x00, 0x00, 0x00, 0x00, 0x00, 0x02, 0x00, 0x74, 0x00, 0xC6,
	0x00, 0x8D, 0x00, 0x00, 0x01, 0x29, 0x0E, 0x0C, 0x00, 0x00, 0x00, 0x00,
	0x00, 0x01, 0x00, 0x00, 0x04, 0x1A, 0xFE, 0xD4, 0x00, 0x00, 0x05, 0x78,
	0xFF, 0x38, 0xFF, 0x38, 0x05, 0x46, 0x05, 0x46, 0x00, 0x00, 0x00, 0x00,
	0x00, 0x00, 0x00, 0x00, 0x00, 0x00, 0x00, 0x00, 0x00, 0x00, 0x01, 0x66,
	0x00, 0x01, 0x00, 0x00, 0x00, 0x01, 0x00, 0x42, 0xCB, 0xAE, 0x8C, 0x7E,
	0x5F, 0x0F, 0x3C, 0xF5, 0x00, 0x0F, 0x05, 0x46, 0x00, 0x00, 0x00, 0x00,
	0xE0, 0x49, 0x1C, 0xFA, 0x00, 0x00, 0x00, 0x00, 0xE3, 0xA5, 0x58, 0x37,
	0xFF, 0x38, 0xFE, 0xD4, 0x05, 0x46, 0x04, 0x1A, 0x00, 0x00, 0x00, 0x06,
	0x00, 0x02, 0x00, 0x00, 0x00, 0x00, 0x00, 0x00, 0x00, 0x00, 0x00, 0x00,
	0x00, 0x00, 0x00, 0x00, 0x00, 0x00, 0x00, 0x00, 0x00, 0x00, 0x00, 0x00,
	0x00, 0x00, 0x00, 0x00, 0x00, 0x96, 0x00, 0x96, 0x01, 0x2C, 0x00, 0x4B,
	0x01, 0x90, 0x00, 0x42, 0x00, 0x96, 0x00, 0x96, 0x01, 0x5E, 0x00, 0x57,
	0x01, 0xC2, 0x00, 0x4B, 0x02, 0xEE, 0x00, 0x00, 0x02, 0xEE, 0x02, 0x26,
	0x00, 0x00, 0xFF, 0x38, 0x02, 0xEE, 0x00, 0x00, 0x02, 0xEE, 0x02, 0x26,
	0x00, 0x00, 0xFF, 0x38, 0x00, 0x04, 0x02, 0x2A, 0x01, 0x90, 0x00, 0x05,
	0x00, 0x00, 0x03, 0x6E, 0x03, 0x2A, 0x00, 0x00, 0x00, 0x65, 0x03, 0x6E,
	0x03, 0x2A, 0x00, 0x00, 0x01, 0xD8, 0x00, 0x32, 0x01, 0x4A, 0x00, 0x00,
	0x00, 0x00, 0x00, 0x00, 0x00, 0x00, 0x00, 0x00, 0x00, 0x00, 0xA0, 0x00,
	0x00, 0x6F, 0x00, 0x00, 0x40, 0x4A, 0x00, 0x00, 0x00, 0x00, 0x00, 0x00,
	0x00, 0x00, 0x4E, 0x4F, 0x4E, 0x45, 0x00, 0xC0, 0x00, 0x20, 0x26, 0x98,
	0x04, 0x1A, 0xFE, 0xD4, 0x00, 0x00, 0x04, 0x1E, 0x01, 0x2C, 0x00, 0x00,
	0x00, 0x93, 0x00, 0x00, 0x00, 0x00, 0x02, 0x26, 0x02, 0xEE, 0x00, 0x00,
	0x00, 0x20, 0x00, 0x02, 0x00, 0x4B, 0xB8, 0x00, 0xC8, 0x52, 0x58, 0xB1,
	0x01, 0x01, 0x8E, 0x59, 0xB0, 0x01, 0xB9, 0x08, 0x00, 0x08, 0x00, 0x63,
	0x70, 0xB1, 0x00, 0x07, 0x42, 0xB2, 0x1F, 0x01, 0x00, 0x2A, 0xB1, 0x00,
	0x07, 0x42, 0xB3, 0x10, 0x0C, 0x01, 0x0A, 0x2A, 0xB1, 0x00, 0x07, 0x42,
	0xB3, 0x1C, 0x06, 0x01, 0x0A, 0x2A, 0xB1, 0x00, 0x08, 0x42, 0xBA, 0x04,
	0x40, 0x00, 0x01, 0x00, 0x0B, 0x2A, 0xB1, 0x00, 0x09, 0x42, 0xBA, 0x01,
	0x40, 0x00, 0x01, 0x00, 0x0B, 0x2A, 0xB9, 0x00, 0x03, 0x00, 0x00, 0x44,
	0xB1, 0x24, 0x01, 0x88, 0x51, 0x58, 0xB0, 0x40, 0x88, 0x58, 0xB9, 0x00,
	0x03, 0x00, 0x64, 0x44, 0xB1, 0x28, 0x01, 0x88, 0x51, 0x58, 0xB8, 0x08,
	0x00, 0x88, 0x58, 0xB9, 0x00, 0x03, 0x00, 0x00, 0x44, 0x59, 0x1B, 0xB1,
	0x27, 0x01, 0x88, 0x51, 0x58, 0xBA, 0x08, 0x80, 0x00, 0x01, 0x04, 0x40,
	0x88, 0x63, 0x54, 0x58, 0xB9, 0x00, 0x03, 0x00, 0x00, 0x44, 0x59, 0x59,
	0x59, 0x59, 0x59, 0xB3, 0x16, 0x06, 0x01, 0x0E, 0x2A, 0xB8, 0x01, 0xFF,
	0x85, 0xB0, 0x04, 0x8D, 0xB1, 0x02, 0x00, 0x44, 0xB3, 0x05, 0x64, 0x06,
	0x00, 0x44, 0x44, 0x00, 0x00, 0x01, 0x00, 0x02, 0x00, 0x0E, 0x00, 0x00,
	0x00, 0x00, 0x00, 0x00, 0x00, 0xC0, 0x00, 0x02, 0x00, 0x1D, 0x00, 0x01,
	0x00, 0x0A, 0x00, 0x01, 0x00, 0x0D, 0x00, 0x12, 0x00, 0x01, 0x00, 0x14,
	0x00, 0x14, 0x00, 0x01, 0x00, 0x16, 0x00, 0x1E, 0x00, 0x01, 0x00, 0x20,
	0x00, 0x23, 0x00, 0x01, 0x00, 0x26, 0x00, 0x36, 0x00, 0x01, 0x00, 0x39,
	0x00, 0x3D, 0x00, 0x01, 0x00, 0x3F, 0x00, 0x45, 0x00, 0x01, 0x00, 0x47,
	0x00, 0x47, 0x00, 0x01, 0x00, 0x4C, 0x00, 0x54, 0x00, 0x01, 0x00, 0x56,
	0x00, 0x62, 0x00, 0x01, 0x00, 0x64, 0x00, 0x68, 0x00, 0x01, 0x00, 0x6A,
	0x00, 0x7C, 0x00, 0x01, 0x00, 0x7F, 0x00, 0x84, 0x00, 0x01, 0x00, 0x86,
	0x00, 0x86, 0x00, 0x01, 0x00, 0x88, 0x00, 0x90, 0x00, 0x01, 0x00, 0x92,
	0x00, 0x95, 0x00, 0x01, 0x00, 0x99, 0x00, 0x9E, 0x00, 0x01, 0x00, 0xA0,
	0x00, 0xA1, 0x00, 0x01, 0x00, 0xA3, 0x00, 0xAA, 0x00, 0x01, 0x00, 0xAD,
	0x00, 0xB1, 0x00, 0x01, 0x00, 0xB3, 0x00, 0xB9, 0x00, 0x01, 0x00, 0xBB,
	0x00, 0xBB, 0x00, 0x01, 0x00, 0xC0, 0x00, 0xC8, 0x00, 0x01, 0x00, 0xCA,
	0x00, 0xD6, 0x00, 0x01, 0x00, 0xD8, 0x00, 0xDC, 0x00, 0x01, 0x00, 0xDE,
	0x00, 0xE8, 0x00, 0x01, 0x01, 0x2E, 0x01, 0x2E, 0x00, 0x01, 0x01, 0x40,
	0x01, 0x59, 0x00, 0x03, 0x00, 0x01, 0x00, 0x01, 0x00, 0x00, 0x00, 0x08,
	0x00, 0x02, 0x00, 0x01, 0x01, 0x40, 0x01, 0x4B, 0x00, 0x00, 0x00, 0x00,
	0x00, 0x00, 0x00, 0x26, 0x00, 0xBF, 0x01, 0xA0, 0x02, 0x6E, 0x03, 0x49,
	0x04, 0x01, 0x04, 0xDD, 0x05, 0x8B, 0x06, 0x36, 0x07, 0x5F, 0x08, 0x37,
	0x08, 0xFE, 0x09, 0x8C, 0x0A, 0x12, 0x0A, 0xD1, 0x0B, 0x8C, 0x0C, 0x72,
	0x0D, 0x08, 0x0D, 0x6A, 0x0D, 0xE4, 0x0E, 0x7A, 0x0E, 0xF4, 0x0F, 0x1F,
	0x0F, 0x95, 0x10, 0x07, 0x10, 0x79, 0x10, 0xB8, 0x10, 0xEE, 0x11, 0x5F,
	0x11, 0x96, 0x12, 0x38, 0x12, 0x5E, 0x12, 0xE3, 0x13, 0x94, 0x14, 0x42,
	0x14, 0xD7, 0x14, 0xFF, 0x15, 0x44, 0x15, 0x5A, 0x15, 0xBC, 0x16, 0x11,
	0x16, 0x71, 0x16, 0x99, 0x16, 0xB9, 0x17, 0x0A, 0x17, 0x2A, 0x17, 0x87,
	0x17, 0xDF, 0x18, 0x70, 0x18, 0xD8, 0x19, 0x6A, 0x19, 0x85, 0x19, 0xE3,
	0x1A, 0x33, 0x1A, 0x83, 0x1A, 0xE9, 0x1B, 0x54, 0x1B, 0x99, 0x1C, 0x34,
	0x1C, 0xCC, 0x1D, 0x58, 0x1D, 0xC4, 0x1E, 0x56, 0x1E, 0xD0, 0x1F, 0x82,
	0x20, 0x30, 0x20, 0xC3, 0x21, 0x71, 0x22, 0x3F, 0x22, 0xC9, 0x23, 0x9E,
	0x24, 0x4A, 0x24, 0xCB, 0x25, 0x32, 0x25, 0xA0, 0x26, 0x2D, 0x26, 0xA0,
	0x27, 0x4C, 0x27, 0xF4, 0x28, 0x92, 0x29, 0x5A, 0x2A, 0x5B, 0x2B, 0x66,
	0x2C, 0xB2, 0x2D, 0xA3, 0x2E, 0x61, 0x2E, 0x80, 0x2E, 0xED, 0x2F, 0x41,
	0x2F, 0x96, 0x30, 0x23, 0x30, 0xA3, 0x31, 0x2C, 0x31, 0x9B, 0x32, 0x23,
	0x32, 0xCC, 0x33, 0x32, 0x33, 0xEB, 0x34, 0xB6, 0x35, 0x3C, 0x35, 0xD3,
	0x36, 0xA4, 0x37, 0x7F, 0x38, 0x31, 0x38, 0xFD, 0x39, 0xC1, 0x3A, 0x5A,
	0x3B, 0x3B, 0x3C, 0x28, 0x3C, 0xDF, 0x3D, 0xBA, 0x3E, 0x9A, 0x40, 0x0A,
	0x41, 0x71, 0x42, 0x65, 0x42, 0xE3, 0x43, 0x97, 0x44, 0x43, 0x44, 0xF8,
	0x45, 0x90, 0x46, 0x44, 0x46, 0xD5, 0x47, 0x88, 0x48, 0x5B, 0x49, 0x1E,
	0x49, 0xC5, 0x4A, 0x0A, 0x4A, 0x54, 0x4A, 0xF2, 0x4B, 0x8F, 0x4C, 0x2C,
	0x4C, 0x83, 0x4C, 0xCC, 0x4D, 0x77, 0x4E, 0x08, 0x4E, 0x5F, 0x4E, 0xAC,
	0x4F, 0x4D, 0x4F, 0xEE, 0x50, 0x91, 0x50, 0xF3, 0x51, 0x4D, 0x51, 0xEE,
	0x52, 0x4A, 0x53, 0x26, 0x53, 0x7F, 0x54, 0x12, 0x54, 0xD3, 0x55, 0x92,
	0x56, 0x36, 0x56, 0x6C, 0x56, 0xB2, 0x56, 0xD3, 0x56, 0xE9, 0x57, 0x3B,
	0x57, 0x9D, 0x57, 0xC6, 0x57, 0xE6, 0x58, 0x38, 0x58, 0xA7, 0x58, 0xC8,
	0x59, 0x55, 0x59, 0xA9, 0x59, 0xEB, 0x5A, 0x61, 0x5A, 0xCB, 0x5B, 0x5E,
	0x5B, 0x74, 0x5B, 0xC9, 0x5C, 0x10, 0x5C, 0x57, 0x5C, 0xC4, 0x5D, 0x11,
	0x5D, 0x45, 0x5D, 0xC2, 0x5E, 0x3F, 0x5E, 0xB2, 0x5F, 0x3E, 0x5F, 0xAA,
	0x5F, 0xED, 0x60, 0x7F, 0x61, 0x12, 0x61, 0x6A, 0x61, 0xFC, 0x62, 0xA7,
	0x62, 0xF8, 0x63, 0xA7, 0x64, 0x47, 0x64, 0xAF, 0x64, 0xFB, 0x65, 0x45,
	0x65, 0x8B, 0x65, 0xC2, 0x66, 0x44, 0x66, 0xC5, 0x67, 0x3C, 0x67, 0xEB,
	0x68, 0xCF, 0x69, 0xB3, 0x6A, 0xD0, 0x6B, 0xA8, 0x6C, 0x50, 0x6C, 0xB2,
	0x6D, 0x3E, 0x6D, 0xC8, 0x6D, 0xFB, 0x6E, 0x79, 0x6E, 0xD0, 0x6F, 0x50,
	0x6F, 0x98, 0x70, 0x16, 0x70, 0xAE, 0x70, 0xF0, 0x71, 0x9B, 0x72, 0x10,
	0x72, 0x96, 0x73, 0x2D, 0x73, 0xFA, 0x74, 0xD7, 0x75, 0x89, 0x76, 0x56,
	0x77, 0x17, 0x77, 0xDE, 0x78, 0xEA, 0x79, 0xF6, 0x7A, 0xDC, 0x7B, 0xE8,
	0x7C, 0xBA, 0x7D, 0xE1, 0x7F, 0x02, 0x7F, 0xEC, 0x80, 0x93, 0x80, 0xDE,
	0x81, 0x56, 0x81, 0x72, 0x82, 0xA2, 0x83, 0x55, 0x83, 0xCB, 0x84, 0x4E,
	0x84, 0xFE, 0x85, 0x60, 0x86, 0x15, 0x86, 0xC1, 0x87, 0x39, 0x87, 0x5D,
	0x88, 0x88, 0x89, 0x3A, 0x89, 0xB0, 0x8A, 0x33, 0x8A, 0xE2, 0x8B, 0x44,
	0x8B, 0xF8, 0x8C, 0xA3, 0x8C, 0xA3, 0x8C, 0xA3, 0x8C, 0xA3, 0x8C, 0xB8,
	0x8C, 0xEE, 0x8D, 0x0E, 0x8D, 0x53, 0x8D, 0x78, 0x8D, 0xB7, 0x8D, 0xF6,
	0x8E, 0x94, 0x8F, 0x33, 0x8F, 0x4B, 0x8F, 0x70, 0x8F, 0xC5, 0x90, 0x66,
	0x90, 0xD7, 0x91, 0x4C, 0x91, 0x64, 0x91, 0x7C, 0x91, 0x95, 0x91, 0xAE,
	0x91, 0xC7, 0x91, 0xE3, 0x92, 0x45, 0x92, 0xAA, 0x93, 0x53, 0x93, 0xFF,
	0x94, 0x21, 0x94, 0x47, 0x94, 0x7D, 0x94, 0xC7, 0x95, 0x11, 0x95, 0x5E,
	0x95, 0x94, 0x95, 0xCD, 0x96, 0x88, 0x97, 0x3E, 0x97, 0xAE, 0x98, 0x1B,
	0x98, 0x57, 0x98, 0x83, 0x99, 0x4E, 0x9A, 0x53, 0x9B, 0x77, 0x9B, 0xAD,
	0x9C, 0x4F, 0x9D, 0x56, 0x9E, 0x11, 0x9E, 0x91, 0x9E, 0xCA, 0x9E, 0xE0,
	0x9F, 0x48, 0xA0, 0x3B, 0xA0, 0xEC, 0xA1, 0xA3, 0xA2, 0x8D, 0xA2, 0xB4,
	0xA2, 0xCD, 0xA3, 0x58, 0xA3, 0x86, 0xA3, 0xA7, 0xA3, 0xFE, 0xA4, 0x56,
	0xA4, 0xA6, 0xA5, 0x47, 0xA5, 0xCB, 0xA5, 0xEF, 0xA6, 0x0B, 0xA6, 0x56,
	0xA6, 0xA1, 0xA7, 0x04, 0xA7, 0x50, 0xA7, 0x9B, 0xA7, 0xCA, 0xA8, 0x13,
	0xA8, 0x68, 0xA8, 0x85, 0xA8, 0xC5, 0xA9, 0x05, 0xA9, 0x52, 0xA9, 0xC7,
	0xA9, 0xE7, 0xA9, 0xFF, 0xAA, 0x46, 0xAA, 0x90, 0xAA, 0xF7, 0xAB, 0x3F,
	0xAB, 0x86, 0xAB, 0xB1, 0xAC, 0x0B, 0xAC, 0x39, 0xAC, 0x52, 0xAC, 0x76,
	0xAC, 0x92, 0xAC, 0xDC, 0xAD, 0x26, 0xAD, 0x89, 0xAD, 0xD5, 0xAE, 0x20,
	0xAE, 0x4F, 0xAE, 0x98, 0xAE, 0xED, 0xAF, 0x0A, 0xAF, 0x57, 0xAF, 0xCD,
	0x00, 0x00, 0x00, 0x0A, 0x00, 0x7E, 0x00, 0x03, 0x00, 0x01, 0x04, 0x09,
	0x00, 0x00, 0x00, 0xB4, 0x02, 0x6A, 0x00, 0x03, 0x00, 0x01, 0x04, 0x09,
	0x00, 0x01, 0x00, 0x12, 0x02, 0x58, 0x00, 0x03, 0x00, 0x01, 0x04, 0x09,
	0x00, 0x02, 0x00, 0x0E, 0x02, 0x4A, 0x00, 0x03, 0x00, 0x01, 0x04, 0x09,
	0x00, 0x03, 0x00, 0x36, 0x02, 0x14, 0x00, 0x03, 0x00, 0x01, 0x04, 0x09,
	0x00, 0x04, 0x00, 0x22, 0x01, 0xF2, 0x00, 0x03, 0x00, 0x01, 0x04, 0x09,
	0x00, 0x05, 0x00, 0x54, 0x01, 0x9E, 0x00, 0x03, 0x00, 0x01, 0x04, 0x09,
	0x00, 0x06, 0x00, 0x20, 0x01, 0x7E, 0x00, 0x03, 0x00, 0x01, 0x04, 0x09,
	0x00, 0x09, 0x00, 0x26, 0x01, 0x58, 0x00, 0x03, 0x00, 0x01, 0x04, 0x09,
	0x00, 0x0D, 0x01, 0x22, 0x00, 0x36, 0x00, 0x03, 0x00, 0x01, 0x04, 0x09,
	0x00, 0x0E, 0x00, 0x36, 0x00, 0x00, 0x00, 0x68, 0x00, 0x74, 0x00, 0x74,
	0x00, 0x70, 0x00, 0x73, 0x00, 0x3A, 0x00, 0x2F, 0x00, 0x2F, 0x00, 0x6F,
	0x00, 0x70, 0x00, 0x65, 0x00, 0x6E, 0x00, 0x66, 0x00, 0x6F, 0x00, 0x6E,
	0x00, 0x74, 0x00, 0x6C, 0x00, 0x69, 0x00, 0x63, 0x00, 0x65, 0x00, 0x6E,
	0x00, 0x73, 0x00, 0x65, 0x00, 0x2E, 0x00, 0x6F, 0x00, 0x72, 0x00, 0x67,
	0x00, 0x54, 0x00, 0x68, 0x00, 0x69, 0x00, 0x73, 0x00, 0x20, 0x00, 0x46,
	0x00, 0x6F, 0x00, 0x6E, 0x00, 0x74, 0x00, 0x20, 0x00, 0x53, 0x00, 0x6F,
	0x00, 0x66, 0x00, 0x74, 0x00, 0x77, 0x00, 0x61, 0x00, 0x72, 0x00, 0x65,
	0x00, 0x20, 0x00, 0x69, 0x00, 0x73, 0x00, 0x20, 0x00, 0x6C, 0x00, 0x69,
	0x00, 0x63, 0x00, 0x65, 0x00, 0x6E, 0x00, 0x73, 0x00, 0x65, 0x00, 0x64,
	0x00, 0x20, 0x00, 0x75, 0x00, 0x6E, 0x00, 0x64, 0x00, 0x65, 0x00, 0x72,
	0x00, 0x20, 0x00, 0x74, 0x00, 0x68, 0x00, 0x65, 0x00, 0x20, 0x00, 0x53,
	0x00, 0x49, 0x00, 0x4C, 0x00, 0x20, 0x00, 0x4F, 0x00, 0x70, 0x00, 0x65,
	0x00, 0x6E, 0x00, 0x20, 0x00, 0x46, 0x00, 0x6F, 0x00, 0x6E, 0x00, 0x74,
	0x00, 0x20, 0x00, 0x4C, 0x00, 0x69, 0x00, 0x63, 0x00, 0x65, 0x00, 0x6E,
	0x00, 0x73, 0x00, 0x65, 0x00, 0x2C, 0x00, 0x20, 0x00, 0x56, 0x00, 0x65,
	0x00, 0x72, 0x00, 0x73, 0x00, 0x69, 0x00, 0x6F, 0x00, 0x6E, 0x00, 0x20,
	0x00, 0x31, 0x00, 0x2E, 0x00, 0x31, 0x00, 0x2E, 0x00, 0x20, 0x00, 0x54,
	0x00, 0x68, 0x00, 0x69, 0x00, 0x73, 0x00, 0x20, 0x00, 0x6C, 0x00, 0x69,
	0x00, 0x63, 0x00, 0x65, 0x00, 0x6E, 0x00, 0x73, 0x00, 0x65, 0x00, 0x20,
	0x00, 0x69, 0x00, 0x73, 0x00, 0x20, 0x00, 0x61, 0x00, 0x76, 0x00, 0x61,
	0x00, 0x69, 0x00, 0x6C, 0x00, 0x61, 0x00, 0x62, 0x00, 0x6C, 0x00, 0x65,
	0x00, 0x20, 0x00, 0x77, 0x00, 0x69, 0x00, 0x74, 0x00, 0x68, 0x00, 0x20,
	0x00, 0x61, 0x00, 0x20, 0x00, 0x46, 0x00, 0x41, 0x00, 0x51, 0x00, 0x20,
	0x00, 0x61, 0x00, 0x74, 0x00, 0x3A, 0x00, 0x20, 0x00, 0x68, 0x00, 0x74,
	0x00, 0x74, 0x00, 0x70, 0x00, 0x73, 0x00, 0x3A, 0x00, 0x2F, 0x00, 0x2F,
	0x00, 0x6F, 0x00, 0x70, 0x00, 0x65, 0x00, 0x6E, 0x00, 0x66, 0x00, 0x6F,
	0x00, 0x6E, 0x00, 0x74, 0x00, 0x6C, 0x00, 0x69, 0x00, 0x63, 0x00, 0x65,
	0x00, 0x6E, 0x00, 0x73, 0x00, 0x65, 0x00, 0x2E, 0x00, 0x6F, 0x00, 0x72,
	0x00, 0x67, 0x00, 0x53, 0x00, 0x61, 0x00, 0x72, 0x00, 0x61, 0x00, 0x68,
	0x00, 0x20, 0x00, 0x43, 0x00, 0x61, 0x00, 0x64, 0x00, 0x69, 0x00, 0x67,
	0x00, 0x61, 0x00, 0x6E, 0x00, 0x2D, 0x00, 0x46, 0x00, 0x72, 0x00, 0x69,
	0x00, 0x65, 0x00, 0x64, 0x00, 0x4A, 0x00, 0x65, 0x00, 0x72, 0x00, 0x73,
	0x00, 0x65, 0x00, 0x79, 0x00, 0x31, 0x00, 0x35, 0x00, 0x2D, 0x00, 0x52,
	0x00, 0x65, 0x00, 0x67, 0x00, 0x75, 0x00, 0x6C, 0x00, 0x61, 0x00, 0x72,
	0x00, 0x56, 0x00, 0x65, 0x00, 0x72, 0x00, 0x73, 0x00, 0x69, 0x00, 0x6F,
	0x00, 0x6E, 0x00, 0x20, 0x00, 0x31, 0x00, 0x2E, 0x00, 0x30, 0x00, 0x30,
	0x00, 0x31, 0x00, 0x3B, 0x00, 0x20, 0x00, 0x74, 0x00, 0x74, 0x00, 0x66,
	0x00, 0x61, 0x00, 0x75, 0x00, 0x74, 0x00, 0x6F, 0x00, 0x68, 0x00, 0x69,
	0x00, 0x6E, 0x00, 0x74, 0x00, 0x20, 0x00, 0x28, 0x00, 0x76, 0x00, 0x31,
	0x00, 0x2E, 0x00, 0x38, 0x00, 0x2E, 0x00, 0x34, 0x00, 0x2E, 0x00, 0x37,
	0x00, 0x2D, 0x00, 0x35, 0x00, 0x64, 0x00, 0x35, 0x00, 0x62, 0x00, 0x29,
	0x00, 0x4A, 0x00, 0x65, 0x00, 0x72, 0x00, 0x73, 0x00, 0x65, 0x00, 0x79,
	0x00, 0x20, 0x00, 0x31, 0x00, 0x35, 0x00, 0x20, 0x00, 0x52, 0x00, 0x65,
	0x00, 0x67, 0x00, 0x75, 0x00, 0x6C, 0x00, 0x61, 0x00, 0x72, 0x00, 0x31,
	0x00, 0x2E, 0x00, 0x30, 0x00, 0x30, 0x00, 0x31, 0x00, 0x3B, 0x00, 0x4E,
	0x00, 0x4F, 0x00, 0x4E, 0x00, 0x45, 0x00, 0x3B, 0x00, 0x4A, 0x00, 0x65,
	0x00, 0x72, 0x00, 0x73, 0x00, 0x65, 0x00, 0x79, 0x00, 0x31, 0x00, 0x35,
	0x00, 0x2D, 0x00, 0x52, 0x00, 0x65, 0x00, 0x67, 0x00, 0x75, 0x00, 0x6C,
	0x00, 0x61, 0x00, 0x72, 0x00, 0x52, 0x00, 0x65, 0x00, 0x67, 0x00, 0x75,
	0x00, 0x6C, 0x00, 0x61, 0x00, 0x72, 0x00, 0x4A, 0x00, 0x65, 0x00, 0x72,
	0x00, 0x73, 0x00, 0x65, 0x00, 0x79, 0x00, 0x20, 0x00, 0x31, 0x00, 0x35,
	0x00, 0x43, 0x00, 0x6F, 0x00, 0x70, 0x00, 0x79, 0x00, 0x72, 0x00, 0x69,
	0x00, 0x67, 0x00, 0x68, 0x00, 0x74, 0x00, 0x20, 0x00, 0x32, 0x00, 0x30,
	0x00, 0x32, 0x00, 0x33, 0x00, 0x20, 0x00, 0x54, 0x00, 0x68, 0x00, 0x65,
	0x00, 0x20, 0x00, 0x53, 0x00, 0x6F, 0x00, 0x66, 0x00, 0x74, 0x00, 0x20,
	0x00, 0x54, 0x00, 0x79, 0x00, 0x70, 0x00, 0x65, 0x00, 0x20, 0x00, 0x50,
	0x00, 0x72, 0x00, 0x6F, 0x00, 0x6A, 0x00, 0x65, 0x00, 0x63, 0x00, 0x74,
	0x00, 0x20, 0x00, 0x41, 0x00, 0x75, 0x00, 0x74, 0x00, 0x68, 0x00, 0x6F,
	0x00, 0x72, 0x00, 0x73, 0x00, 0x20, 0x00, 0x28, 0x00, 0x68, 0x00, 0x74,
	0x00, 0x74, 0x00, 0x70, 0x00, 0x73, 0x00, 0x3A, 0x00, 0x2F, 0x00, 0x2F,
	0x00, 0x67, 0x00, 0x69, 0x00, 0x74, 0x00, 0x68, 0x00, 0x75, 0x00, 0x62,
	0x00, 0x2E, 0x00, 0x63, 0x00, 0x6F, 0x00, 0x6D, 0x00, 0x2F, 0x00, 0x73,
	0x00, 0x63, 0x00, 0x66, 0x00, 0x72, 0x00, 0x69, 0x00, 0x65, 0x00, 0x64,
	0x00, 0x2F, 0x00, 0x73, 0x00, 0x6F, 0x00, 0x66, 0x00, 0x74, 0x00, 0x2D,
	0x00, 0x74, 0x00, 0x79, 0x00, 0x70, 0x00, 0x65, 0x00, 0x2D, 0x00, 0x6A,
	0x00, 0x65, 0x00, 0x72, 0x00, 0x73, 0x00, 0x65, 0x00, 0x79, 0x00, 0x29,
	0x00, 0x00, 0x00, 0x02, 0x00, 0x00, 0x00, 0x03, 0x00, 0x00, 0x00, 0x14,
	0x00, 0x03, 0x00, 0x01, 0x00, 0x00, 0x00, 0x14, 0x00, 0x04, 0x03, 0xF2,
	0x00, 0x00, 0x00, 0x62, 0x00, 0x40, 0x00, 0x05, 0x00, 0x22, 0x00, 0x2F,
	0x00, 0x39, 0x00, 0x7E, 0x00, 0xA3, 0x00, 0xA5, 0x00, 0xAB, 0x00, 0xB0,
	0x00, 0xB4, 0x00, 0xB8, 0x00, 0xBB, 0x01, 0x07, 0x01, 0x13, 0x01, 0x1B,
	0x01, 0x23, 0x01, 0x27, 0x01, 0x2B, 0x01, 0x33, 0x01, 0x37, 0x01, 0x3E,
	0x01, 0x48, 0x01, 0x4D, 0x01, 0x5B, 0x01, 0x61, 0x01, 0x65, 0x01, 0x7E,
	0x02, 0x1B, 0x02, 0x37, 0x02, 0xC7, 0x02, 0xDD, 0x03, 0x04, 0x03, 0x08,
	0x03, 0x0C, 0x03, 0x12, 0x03, 0x28, 0x1E, 0x85, 0x1E, 0x9E, 0x1E, 0xF3,
	0x20, 0x0A, 0x20, 0x14, 0x20, 0x1A, 0x20, 0x1E, 0x20, 0x22, 0x20, 0x26,
	0x20, 0x3A, 0x20, 0xAC, 0x21, 0x22, 0x22, 0x12, 0x26, 0x98, 0xFF, 0xFF,
	0x00, 0x00, 0x00, 0x20, 0x00, 0x30, 0x00, 0x3A, 0x00, 0xA0, 0x00, 0xA5,
	0x00, 0xA7, 0x00, 0xAE, 0x00, 0xB4, 0x00, 0xB6, 0x00, 0xBA, 0x00, 0xBF,
	0x01, 0x0A, 0x01, 0x16, 0x01, 0x1E, 0x01, 0x26, 0x01, 0x2A, 0x01, 0x2E,
	0x01, 0x36, 0x01, 0x39, 0x01, 0x41, 0x01, 0x4A, 0x01, 0x50, 0x01, 0x5E,
	0x01, 0x64, 0x01, 0x6A, 0x02, 0x18, 0x02, 0x37, 0x02, 0xC6, 0x02, 0xD8,
	0x03, 0x00, 0x03, 0x06, 0x03, 0x0A, 0x03, 0x12, 0x03, 0x26, 0x1E, 0x80,
	0x1E, 0x9E, 0x1E, 0xF2, 0x20, 0x0A, 0x20, 0x13, 0x20, 0x18, 0x20, 0x1C,
	0x20, 0x22, 0x20, 0x26, 0x20, 0x39, 0x20, 0xAC, 0x21, 0x22, 0x22, 0x12,
	0x26, 0x98, 0xFF, 0xFF, 0x00, 0x00, 0x00, 0xB9, 0x00, 0x00, 0x00, 0x00,
	0x00, 0x90, 0x00, 0x00, 0x00, 0x00, 0x00, 0xA9, 0x00, 0x00, 0x00, 0x00,
	0x00, 0x00, 0x00, 0x00, 0x00, 0x00, 0x00, 0x00, 0x00, 0x00, 0x00, 0x00,
	0x00, 0x00, 0x00, 0x00, 0x00, 0x00, 0x00, 0x00, 0x00, 0x00, 0x00, 0x00,
	0x00, 0x00, 0x00, 0x00, 0x00, 0x00, 0x00, 0x00, 0xFE, 0x6C, 0xFE, 0x99,
	0x00, 0x00, 0x00, 0x00, 0x00, 0x00, 0x00, 0x00, 0xFE, 0x39, 0xFE, 0x26,
	0x00, 0x00, 0xE1, 0xB7, 0x00, 0x00, 0xE0, 0xF3, 0xE0, 0xFF, 0x00, 0x00,
	0x00, 0x00, 0xE0, 0xE8, 0xE0, 0xDE, 0xE0, 0xEA, 0xE0, 0x87, 0xE0, 0x0C,
	0xDF, 0x25, 0xDA, 0x8F, 0x00, 0x01, 0x00, 0x62, 0x00, 0x00, 0x00, 0x7E,
	0x01, 0x06, 0x00, 0x00, 0x01, 0x0A, 0x01, 0x12, 0x00, 0x00, 0x01, 0x14,
	0x01, 0x18, 0x01, 0x1A, 0x01, 0xAA, 0x01, 0xBC, 0x01, 0xC6, 0x01, 0xD0,
	0x01, 0xD2, 0x01, 0xD4, 0x01, 0xDE, 0x01, 0xE0, 0x01, 0xEA, 0x01, 0xF8,
	0x01, 0xFE, 0x02, 0x14, 0x02, 0x1A, 0x02, 0x1C, 0x02, 0x44, 0x00, 0x00,
	0x00, 0x00, 0x02, 0x46, 0x02, 0x50, 0x02, 0x58, 0x02, 0x5C, 0x00, 0x00,
	0x00, 0x00, 0x02, 0x5C, 0x00, 0x00, 0x02, 0x64, 0x00, 0x00, 0x00, 0x00,
	0x02, 0x62, 0x02, 0x66, 0x00, 0x00, 0x00, 0x00, 0x00, 0x00, 0x00, 0x00,
	0x00, 0x00, 0x00, 0x00, 0x00, 0x00, 0x00, 0x00, 0x00, 0xFE, 0x01, 0x05,
	0x01, 0x25, 0x01, 0x0C, 0x01, 0x32, 0x01, 0x3F, 0x01, 0x29, 0x01, 0x26,
	0x01, 0x15, 0x01, 0x16, 0x01, 0x0B, 0x01, 0x36, 0x01, 0x01, 0x01, 0x11,
	0x01, 0x00, 0x01, 0x0D, 0x01, 0x02, 0x01, 0x03, 0x01, 0x3C, 0x01, 0x3A,
	0x01, 0x3B, 0x01, 0x07, 0x01, 0x28, 0x00, 0x01, 0x00, 0x0C, 0x00, 0x0D,
	0x00, 0x12, 0x00, 0x16, 0x00, 0x1F, 0x00, 0x20, 0x00, 0x24, 0x00, 0x26,
	0x00, 0x2F, 0x00, 0x31, 0x00, 0x33, 0x00, 0x38, 0x00, 0x39, 0x00, 0x3F,
	0x00, 0x49, 0x00, 0x4B, 0x00, 0x4C, 0x00, 0x50, 0x00, 0x56, 0x00, 0x59,
	0x00, 0x63, 0x00, 0x64, 0x00, 0x69, 0x00, 0x6A, 0x00, 0x6F, 0x01, 0x19,
	0x01, 0x0E, 0x01, 0x1A, 0x01, 0x3E, 0x01, 0x14, 0x01, 0x5C, 0x00, 0x73,
	0x00, 0x7E, 0x00, 0x7F, 0x00, 0x84, 0x00, 0x88, 0x00, 0x91, 0x00, 0x92,
	0x00, 0x96, 0x00, 0x98, 0x00, 0xA2, 0x00, 0xA5, 0x00, 0xA7, 0x00, 0xAC,
	0x00, 0xAD, 0x00, 0xB3, 0x00, 0xBD, 0x00, 0xBF, 0x00, 0xC0, 0x00, 0xC4,
	0x00, 0xCA, 0x00, 0xCD, 0x00, 0xD7, 0x00, 0xD8, 0x00, 0xDD, 0x00, 0xDE,
	0x00, 0xE3, 0x01, 0x17, 0x01, 0x30, 0x01, 0x18, 0x01, 0x3D, 0x00, 0xFF,
	0x01, 0x06, 0x01, 0x31, 0x01, 0x34, 0x01, 0x2B, 0x01, 0x5A, 0x01, 0x2C,
	0x00, 0xE7, 0x01, 0x21, 0x01, 0x2D, 0x01, 0x64, 0x01, 0x2F, 0x01, 0x2A,
	0x01, 0x09, 0x01, 0x65, 0x00, 0xE8, 0x01, 0x22, 0x01, 0x08, 0x00, 0x06,
	0x00, 0x02, 0x00, 0x04, 0x00, 0x0A, 0x00, 0x05, 0x00, 0x09, 0x00, 0x0B,
	0x00, 0x10, 0x00, 0x1C, 0x00, 0x17, 0x00, 0x19, 0x00, 0x1A, 0x00, 0x2C,
	0x00, 0x28, 0x00, 0x29, 0x00, 0x2A, 0x00, 0x13, 0x00, 0x3D, 0x00, 0x43,
	0x00, 0x40, 0x00, 0x41, 0x00, 0x47, 0x00, 0x42, 0x01, 0x38, 0x00, 0x46,
	0x00, 0x5E, 0x00, 0x5A, 0x00, 0x5C, 0x00, 0x5D, 0x00, 0x6B, 0x00, 0x4A,
	0x00, 0xC9, 0x00, 0x78, 0x00, 0x74, 0x00, 0x76, 0x00, 0x7C, 0x00, 0x77,
	0x00, 0x7B, 0x00, 0x7D, 0x00, 0x82, 0x00, 0x8E, 0x00, 0x89, 0x00, 0x8B,
	0x00, 0x8C, 0x00, 0x9E, 0x00, 0x9A, 0x00, 0x9B, 0x00, 0x9C, 0x00, 0x85,
	0x00, 0xB1, 0x00, 0xB7, 0x00, 0xB4, 0x00, 0xB5, 0x00, 0xBB, 0x00, 0xB6,
	0x01, 0x39, 0x00, 0xBA, 0x00, 0xD2, 0x00, 0xCE, 0x00, 0xD0, 0x00, 0xD1,
	0x00, 0xDF, 0x00, 0xBE, 0x00, 0xE1, 0x00, 0x07, 0x00, 0x79, 0x00, 0x03,
	0x00, 0x75, 0x00, 0x08, 0x00, 0x7A, 0x00, 0x0E, 0x00, 0x80, 0x00, 0x11,
	0x00, 0x83, 0x00, 0x0F, 0x00, 0x81, 0x00, 0x14, 0x00, 0x86, 0x00, 0x15,
	0x00, 0x87, 0x00, 0x1D, 0x00, 0x8F, 0x00, 0x1B, 0x00, 0x8D, 0x00, 0x1E,
	0x00, 0x90, 0x00, 0x18, 0x00, 0x8A, 0x00, 0x21, 0x00, 0x93, 0x00, 0x23,
	0x00, 0x95, 0x00, 0x22, 0x00, 0x94, 0x00, 0x25, 0x00, 0x97, 0x00, 0x2D,
	0x00, 0xA0, 0x00, 0x2E, 0x00, 0xA1, 0x00, 0x2B, 0x00, 0x99, 0x00, 0x27,
	0x00, 0x9F, 0x00, 0x32, 0x00, 0xA6, 0x00, 0x34, 0x00, 0xA8, 0x00, 0x36,
	0x00, 0xAA, 0x00, 0x35, 0x00, 0xA9, 0x00, 0x37, 0x00, 0xAB, 0x00, 0x3A,
	0x00, 0xAE, 0x00, 0x3C, 0x00, 0xB0, 0x00, 0x3B, 0x00, 0xAF, 0x00, 0x3E,
	0x00, 0xB2, 0x00, 0x45, 0x00, 0xB9, 0x00, 0x44, 0x00, 0xB8, 0x00, 0x48,
	0x00, 0xBC, 0x00, 0x4D, 0x00, 0xC1, 0x00, 0x4F, 0x00, 0xC3, 0x00, 0x4E,
	0x00, 0xC2, 0x00, 0x51, 0x00, 0xC5, 0x00, 0x53, 0x00, 0xC7, 0x00, 0x52,
	0x00, 0xC6, 0x00, 0x57, 0x00, 0xCB, 0x00, 0x60, 0x00, 0xD4, 0x00, 0x5B,
	0x00, 0xCF, 0x00, 0x62, 0x00, 0xD6, 0x00, 0x5F, 0x00, 0xD3, 0x00, 0x61,
	0x00, 0xD5, 0x00, 0x66, 0x00, 0xDA, 0x00, 0x6C, 0x00, 0xE0, 0x00, 0x6D,
	0x00, 0x70, 0x00, 0xE4, 0x00, 0x72, 0x00, 0xE6, 0x00, 0x71, 0x00, 0xE5,
	0x00, 0x54, 0x00, 0xC8, 0x00, 0x58, 0x00, 0xCC, 0x01, 0x61, 0x01, 0x5B,
	0x01, 0x62, 0x01, 0x66, 0x01, 0x63, 0x01, 0x5E, 0x01, 0x42, 0x01, 0x43,
	0x01, 0x45, 0x01, 0x49, 0x01, 0x4A, 0x01, 0x47, 0x01, 0x41, 0x01, 0x40,
	0x01, 0x48, 0x01, 0x44, 0x01, 0x46, 0x00, 0x68, 0x00, 0xDC, 0x00, 0x65,
	0x00, 0xD9, 0x00, 0x67, 0x00, 0xDB, 0x00, 0x6E, 0x00, 0xE2, 0x01, 0x1F,
	0x01, 0x20, 0x01, 0x1B, 0x01, 0x1D, 0x01, 0x1E, 0x01, 0x1C, 0x00, 0x00,
	0x00, 0x01, 0x00, 0x00, 0x00, 0x0A, 0x00, 0xB8, 0x01, 0x38, 0x00, 0x02,
	0x44, 0x46, 0x4C, 0x54, 0x00, 0x98, 0x6C, 0x61, 0x74, 0x6E, 0x00, 0x0E,
	0x00, 0x8E, 0x00, 0x09, 0x41, 0x5A, 0x45, 0x20, 0x00, 0x76, 0x43, 0x41,
	0x54, 0x20, 0x00, 0x62, 0x43, 0x52, 0x54, 0x20, 0x00, 0x76, 0x4B, 0x41,
	0x5A, 0x20, 0x00, 0x76, 0x4D, 0x4F, 0x4C, 0x20, 0x00, 0x4E, 0x4E, 0x4C,
	0x44, 0x20, 0x00, 0x3A, 0x52, 0x4F, 0x4D, 0x20, 0x00, 0x4E, 0x54, 0x41,
	0x54, 0x20, 0x00, 0x76, 0x54, 0x52, 0x4B, 0x20, 0x00, 0x76, 0x00, 0x00,
	0xFF, 0xFF, 0x00, 0x07, 0x00, 0x00, 0x00, 0x01, 0x00, 0x02, 0x00, 0x06,
	0x00, 0x07, 0x00, 0x08, 0x00, 0x09, 0x00, 0x00, 0xFF, 0xFF, 0x00, 0x07,
	0x00, 0x00, 0x00, 0x01, 0x00, 0x02, 0x00, 0x05, 0x00, 0x07, 0x00, 0x08,
	0x00, 0x09, 0x00, 0x00, 0xFF, 0xFF, 0x00, 0x07, 0x00, 0x00, 0x00, 0x01,
	0x00, 0x02, 0x00, 0x04, 0x00, 0x07, 0x00, 0x08, 0x00, 0x09, 0x00, 0x00,
	0xFF, 0xFF, 0x00, 0x07, 0x00, 0x00, 0x00, 0x01, 0x00, 0x02, 0x00, 0x03,
	0x00, 0x07, 0x00, 0x08, 0x00, 0x09, 0x00, 0x04, 0x00, 0x00, 0x00, 0x00,
	0xFF, 0xFF, 0x00, 0x06, 0x00, 0x00, 0x00, 0x01, 0x00, 0x02, 0x00, 0x07,
	0x00, 0x08, 0x00, 0x09, 0x00, 0x0A, 0x61, 0x61, 0x6C, 0x74, 0x00, 0x78,
	0x63, 0x61, 0x73, 0x65, 0x00, 0x72, 0x63, 0x63, 0x6D, 0x70, 0x00, 0x68,
	0x6C, 0x6F, 0x63, 0x6C, 0x00, 0x62, 0x6C, 0x6F, 0x63, 0x6C, 0x00, 0x5C,
	0x6C, 0x6F, 0x63, 0x6C, 0x00, 0x56, 0x6C, 0x6F, 0x63, 0x6C, 0x00, 0x50,
	0x6F, 0x72, 0x64, 0x6E, 0x00, 0x4A, 0x70, 0x6E, 0x75, 0x6D, 0x00, 0x44,
	0x74, 0x6E, 0x75, 0x6D, 0x00, 0x3E, 0x00, 0x00, 0x00, 0x01, 0x00, 0x12,
	0x00, 0x00, 0x00, 0x01, 0x00, 0x11, 0x00, 0x00, 0x00, 0x01, 0x00, 0x0F,
	0x00, 0x00, 0x00, 0x01, 0x00, 0x0D, 0x00, 0x00, 0x00, 0x01, 0x00, 0x09,
	0x00, 0x00, 0x00, 0x01, 0x00, 0x0A, 0x00, 0x00, 0x00, 0x01, 0x00, 0x08,
	0x00, 0x00, 0x00, 0x03, 0x00, 0x02, 0x00, 0x04, 0x00, 0x06, 0x00, 0x00,
	0x00, 0x01, 0x00, 0x13, 0x00, 0x00, 0x00, 0x02, 0x00, 0x00, 0x00, 0x01,
	0x00, 0x14, 0x02, 0x90, 0x02, 0x74, 0x02, 0x2E, 0x02, 0x16, 0x01, 0xE8,
	0x01, 0xDA, 0x01, 0xB6, 0x01, 0xDA, 0x01, 0xA8, 0x01, 0x92, 0x01, 0x5C,
	0x01, 0x4E, 0x01, 0x40, 0x01, 0x02, 0x00, 0xF0, 0x00, 0xA8, 0x00, 0x86,
	0x00, 0x6E, 0x00, 0x60, 0x00, 0x2A, 0x00, 0x01, 0x00, 0x00, 0x00, 0x01,
	0x00, 0x08, 0x00, 0x02, 0x00, 0x1E, 0x00, 0x0C, 0x01, 0x10, 0x01, 0x4F,
	0x01, 0x50, 0x01, 0x51, 0x01, 0x52, 0x01, 0x53, 0x01, 0x54, 0x01, 0x55,
	0x01, 0x56, 0x01, 0x57, 0x01, 0x58, 0x01, 0x59, 0x00, 0x02, 0x00, 0x02,
	0x01, 0x0F, 0x01, 0x0F, 0x00, 0x00, 0x01, 0x40, 0x01, 0x4A, 0x00, 0x01,
	0x00, 0x01, 0x00, 0x00, 0x00, 0x01, 0x00, 0x08, 0x00, 0x01, 0x00, 0x7E,
	0x00, 0x0A, 0x00, 0x01, 0x00, 0x00, 0x00, 0x01, 0x00, 0x08, 0x00, 0x01,
	0x00, 0x06, 0xFF, 0xF6, 0x00, 0x02, 0x00, 0x01, 0x00, 0xF3, 0x00, 0xFC,
	0x00, 0x00, 0x00, 0x01, 0x00, 0x00, 0x00, 0x01, 0x00, 0x08, 0x00, 0x02,
	0x00, 0x0E, 0x00, 0x04, 0x00, 0xE7, 0x00, 0xE8, 0x00, 0xE7, 0x00, 0xE8,
	0x00, 0x01, 0x00, 0x04, 0x00, 0x01, 0x00, 0x3F, 0x00, 0x73, 0x00, 0xB3,
	0x00, 0x06, 0x00, 0x00, 0x00, 0x02, 0x00, 0x24, 0x00, 0x0A, 0x00, 0x03,
	0x00, 0x01, 0x00, 0x34, 0x00, 0x01, 0x00, 0x12, 0x00, 0x00, 0x00, 0x01,
	0x00, 0x00, 0x00, 0x10, 0x00, 0x01, 0x00, 0x02, 0x00, 0x3F, 0x00, 0xB3,
	0x00, 0x03, 0x00, 0x01, 0x00, 0x1A, 0x00, 0x01, 0x00, 0x12, 0x00, 0x00,
	0x00, 0x01, 0x00, 0x00, 0x00, 0x10, 0x00, 0x01, 0x00, 0x02, 0x00, 0x01,
	0x00, 0x73, 0x00, 0x02, 0x00, 0x01, 0x00, 0xE9, 0x00, 0xF2, 0x00, 0x00,
	0x00, 0x01, 0x00, 0x00, 0x00, 0x01, 0x00, 0x08, 0x00, 0x02, 0x00, 0x1C,
	0x00, 0x02, 0x00, 0x30, 0x00, 0xA4, 0x00, 0x06, 0x00, 0x00, 0x00, 0x01,
	0x00, 0x08, 0x00, 0x01, 0x00, 0x0A, 0x00, 0x02, 0x00, 0x24, 0x00, 0x12,
	0x00, 0x01, 0x00, 0x02, 0x00, 0x2F, 0x00, 0xA2, 0x00, 0x01, 0x00, 0x04,
	0x00, 0x01, 0x00, 0x9A, 0x00, 0x01, 0x00, 0x00, 0x00, 0x01, 0x00, 0x00,
	0x00, 0x0E, 0x00, 0x01, 0x00, 0x04, 0x00, 0x01, 0x00, 0x28, 0x00, 0x01,
	0x00, 0x00, 0x00, 0x01, 0x00, 0x00, 0x00, 0x0E, 0x00, 0x01, 0x00, 0x00,
	0x00, 0x01, 0x00, 0x08, 0x00, 0x01, 0x01, 0x3C, 0x00, 0x07, 0x00, 0x01,
	0x00, 0x00, 0x00, 0x01, 0x00, 0x08, 0x00, 0x01, 0x01, 0x2E, 0x00, 0x06,
	0x00, 0x06, 0x00, 0x00, 0x00, 0x01, 0x00, 0x08, 0x00, 0x01, 0x01, 0x20,
	0x00, 0x01, 0x00, 0x08, 0x00, 0x02, 0x00, 0x16, 0x00, 0x06, 0x00, 0x01,
	0x00, 0x33, 0x00, 0x01, 0x00, 0x01, 0x00, 0x33, 0x00, 0x01, 0x00, 0x00,
	0x00, 0x0C, 0x00, 0x01, 0x00, 0xA7, 0x00, 0x01, 0x00, 0x01, 0x00, 0xA7,
	0x00, 0x01, 0x00, 0x00, 0x00, 0x0B, 0x00, 0x01, 0x00, 0x00, 0x00, 0x01,
	0x00, 0x08, 0x00, 0x01, 0x00, 0x06, 0x00, 0x01, 0x00, 0x01, 0x00, 0x02,
	0x00, 0x53, 0x00, 0xC7, 0x00, 0x01, 0x00, 0x00, 0x00, 0x01, 0x00, 0x08,
	0x00, 0x01, 0x00, 0xBE, 0x00, 0x05, 0x00, 0x06, 0x00, 0x00, 0x00, 0x01,
	0x00, 0x08, 0x00, 0x03, 0x00, 0x01, 0x00, 0x12, 0x00, 0x01, 0x00, 0x44,
	0x00, 0x00, 0x00, 0x01, 0x00, 0x00, 0x00, 0x07, 0x00, 0x02, 0x00, 0x01,
	0x01, 0x4F, 0x01, 0x59, 0x00, 0x00, 0x00, 0x01, 0x00, 0x00, 0x00, 0x01,
	0x00, 0x08, 0x00, 0x01, 0x00, 0x20, 0x00, 0x0F, 0x00, 0x06, 0x00, 0x00,
	0x00, 0x01, 0x00, 0x08, 0x00, 0x03, 0x00, 0x01, 0x00, 0x1C, 0x00, 0x01,
	0x00, 0x12, 0x00, 0x00, 0x00, 0x01, 0x00, 0x00, 0x00, 0x05, 0x00, 0x02,
	0x00, 0x01, 0x01, 0x40, 0x01, 0x4A, 0x00, 0x00, 0x00, 0x02, 0x00, 0x01,
	0x00, 0x01, 0x00, 0x72, 0x00, 0x00, 0x00, 0x01, 0x00, 0x10, 0x00, 0x01,
	0x00, 0x0A, 0x00, 0x00, 0x00, 0x01, 0x00, 0x06, 0x00, 0x01, 0x00, 0x01,
	0x00, 0x02, 0x00, 0x98, 0x00, 0xA2, 0x00, 0x06, 0x00, 0x10, 0x00, 0x02,
	0x00, 0x24, 0x00, 0x0C, 0x00, 0x00, 0x00, 0x03, 0x00, 0x00, 0x00, 0x01,
	0x00, 0x12, 0x00, 0x01, 0x00, 0x2A, 0x00, 0x01, 0x00, 0x00, 0x00, 0x03,
	0x00, 0x01, 0x00, 0x01, 0x00, 0xA2, 0x00, 0x03, 0x00, 0x00, 0x00, 0x01,
	0x00, 0x1C, 0x00, 0x01, 0x00, 0x12, 0x00, 0x01, 0x00, 0x00, 0x00, 0x03,
	0x00, 0x02, 0x00, 0x01, 0x01, 0x40, 0x01, 0x4B, 0x00, 0x00, 0x00, 0x01,
	0x00, 0x01, 0x00, 0x98, 0x00, 0x03, 0x00, 0x00, 0x00, 0x01, 0x00, 0x08,
	0x00, 0x01, 0x00, 0x08, 0x00, 0x01, 0x00, 0x0E, 0x00, 0x01, 0x00, 0x01,
	0x01, 0x09, 0x00, 0x02, 0x01, 0x0F, 0x01, 0x10, 0x00, 0x01, 0x00, 0x00,
	0x00, 0x01, 0x00, 0x08, 0x00, 0x02, 0x00, 0x58, 0x00, 0x29, 0x00, 0xE7,
	0x00, 0x30, 0x00, 0xE8, 0x00, 0x54, 0x00, 0xE7, 0x00, 0x9D, 0x00, 0xA4,
	0x00, 0xE8, 0x00, 0xC8, 0x00, 0xF3, 0x00, 0xF4, 0x00, 0xF5, 0x00, 0xF6,
	0x00, 0xF7, 0x00, 0xF8, 0x00, 0xF9, 0x00, 0xFA, 0x00, 0xFB, 0x00, 0xFC,
	0x00, 0xE9, 0x00, 0xEA, 0x00, 0xEB, 0x00, 0xEC, 0x00, 0xED, 0x00, 0xEE,
	0x00, 0xEF, 0x00, 0xF0, 0x00, 0xF1, 0x00, 0xF2, 0x01, 0x10, 0x01, 0x4F,
	0x01, 0x50, 0x01, 0x51, 0x01, 0x52, 0x01, 0x53, 0x01, 0x54, 0x01, 0x55,
	0x01, 0x56, 0x01, 0x57, 0x01, 0x58, 0x01, 0x59, 0x00, 0x02, 0x00, 0x0C,
	0x00, 0x01, 0x00, 0x01, 0x00, 0x00, 0x00, 0x2F, 0x00, 0x2F, 0x00, 0x01,
	0x00, 0x3F, 0x00, 0x3F, 0x00, 0x02, 0x00, 0x53, 0x00, 0x53, 0x00, 0x03,
	0x00, 0x73, 0x00, 0x73, 0x00, 0x04, 0x00, 0x98, 0x00, 0x98, 0x00, 0x05,
	0x00, 0xA2, 0x00, 0xA2, 0x00, 0x06, 0x00, 0xB3, 0x00, 0xB3, 0x00, 0x07,
	0x00, 0xC7, 0x00, 0xC7, 0x00, 0x08, 0x00, 0xE9, 0x00, 0xFC, 0x00, 0x09,
	0x01, 0x0F, 0x01, 0x0F, 0x00, 0x1D, 0x01, 0x40, 0x01, 0x4A, 0x00, 0x1E,
	0x02, 0x58, 0x00, 0x32, 0x02, 0x58, 0x00, 0x32, 0x02, 0x58, 0x00, 0x32,
	0x02, 0x58, 0x00, 0x32, 0x02, 0x58, 0x00, 0x32, 0x02, 0x58, 0x00, 0x32,
	0x02, 0x58, 0x00, 0x32, 0x02, 0x58, 0x00, 0x32, 0x02, 0x58, 0x00, 0x32,
	0x02, 0x58, 0x00, 0x32, 0x02, 0x58, 0x00, 0x32, 0x03, 0x52, 0x00, 0x32,
	0x02, 0x58, 0x00, 0x32, 0x02, 0x58, 0x00, 0x32, 0x02, 0x58, 0x00, 0x32,
	0x02, 0x58, 0x00, 0x32, 0x02, 0x58, 0x00, 0x32, 0x02, 0x58, 0x00, 0x32,
	0x02, 0x58, 0x00, 0x32, 0x02, 0x8A, 0x00, 0x00, 0x02, 0x58, 0x00, 0x32,
	0x02, 0x8A, 0x00, 0x00, 0x02, 0x26, 0x00, 0x32, 0x02, 0x26, 0x00, 0x32,
	0x02, 0x26, 0x00, 0x32, 0x02, 0x26, 0x00, 0x32, 0x02, 0x26, 0x00, 0x32,
	0x02, 0x26, 0x00, 0x32, 0x02, 0x26, 0x00, 0x32, 0x02, 0x26, 0x00, 0x32,
	0x02, 0x26, 0x00, 0x32, 0x01, 0xF4, 0x00, 0x32, 0x02, 0x58, 0x00, 0x32,
	0x02, 0x58, 0x00, 0x32, 0x02, 0x58, 0x00, 0x32, 0x02, 0x58, 0x00, 0x32,
	0x02, 0x58, 0x00, 0x32, 0x02, 0xBC, 0x00, 0x00, 0x00, 0xFA, 0x00, 0x32,
	0x03, 0x20, 0x00, 0x32, 0x00, 0xFA, 0x00, 0x32, 0x00, 0xFA, 0xFF, 0xCE,
	0x00, 0xFA, 0xFF, 0xCE, 0x00, 0xFA, 0x00, 0x32, 0x00, 0xFA, 0x00, 0x32,
	0x00, 0xFA, 0x00, 0x00, 0x00, 0xFA, 0x00, 0x00, 0x02, 0x26, 0x00, 0x32,
	0x02, 0x26, 0x00, 0x32, 0x02, 0x26, 0x00, 0x32, 0x02, 0x26, 0x00, 0x32,
	0x01, 0xF4, 0x00, 0x32, 0x01, 0xF4, 0x00, 0x32, 0x01, 0xF4, 0x00, 0x32,
	0x01, 0xF4, 0x00, 0x32, 0x02, 0x26, 0x00, 0x00, 0x03, 0x52, 0x00, 0x32,
	0x02, 0x8A, 0x00, 0x32, 0x02, 0x8A, 0x00, 0x32, 0x02, 0x8A, 0x00, 0x32,
	0x02, 0x8A, 0x00, 0x32, 0x02, 0x8A, 0x00, 0x32, 0x02, 0x8A, 0x00, 0x32,
	0x02, 0x58, 0x00, 0x32, 0x02, 0x58, 0x00, 0x32, 0x02, 0x58, 0x00, 0x32,
	0x02, 0x58, 0x00, 0x32, 0x02, 0x58, 0x00, 0x32, 0x02, 0x58, 0x00, 0x32,
	0x02, 0x58, 0x00, 0x32, 0x02, 0xBC, 0x00, 0x00, 0x02, 0x58, 0x00, 0x32,
	0x03, 0x52, 0x00, 0x32, 0x02, 0x58, 0x00, 0x32, 0x02, 0x58, 0x00, 0x32,
	0x02, 0x58, 0x00, 0x32, 0x02, 0x58, 0x00, 0x32, 0x02, 0x58, 0x00, 0x32,
	0x02, 0x58, 0x00, 0x32, 0x02, 0x58, 0x00, 0x32, 0x02, 0x8A, 0x00, 0x32,
	0x02, 0x8A, 0x00, 0x32, 0x02, 0x8A, 0x00, 0x32, 0x02, 0x8A, 0x00, 0x32,
	0x02, 0x8A, 0x00, 0x32, 0x02, 0x8A, 0x00, 0x32, 0x02, 0x26, 0x00, 0x32,
	0x02, 0x26, 0x00, 0x32, 0x02, 0x26, 0x00, 0x32, 0x02, 0x58, 0x00, 0x32,
	0x02, 0x58, 0x00, 0x32, 0x02, 0x58, 0x00, 0x32, 0x02, 0x58, 0x00, 0x32,
	0x02, 0x58, 0x00, 0x32, 0x02, 0x58, 0x00, 0x32, 0x02, 0x58, 0x00, 0x32,
	0x02, 0x58, 0x00, 0x32, 0x02, 0x58, 0x00, 0x32, 0x02, 0x58, 0x00, 0x32,
	0x02, 0x58, 0x00, 0x32, 0x03, 0x52, 0x00, 0x32, 0x03, 0x52, 0x00, 0x32,
	0x03, 0x52, 0x00, 0x32, 0x03, 0x52, 0x00, 0x32, 0x03, 0x52, 0x00, 0x32,
	0x02, 0x58, 0x00, 0x32, 0x02, 0x8A, 0x00, 0x32, 0x02, 0x8A, 0x00, 0x32,
	0x02, 0x8A, 0x00, 0x32, 0x02, 0x8A, 0x00, 0x32, 0x02, 0x8A, 0x00, 0x32,
	0x02, 0x58, 0x00, 0x32, 0x02, 0x58, 0x00, 0x32, 0x02, 0x58, 0x00, 0x32,
	0x02, 0x58, 0x00, 0x32, 0x02, 0x58, 0x00, 0x32, 0x02, 0x58, 0x00, 0x32,
	0x02, 0x58, 0x00, 0x32, 0x02, 0x58, 0x00, 0x32, 0x02, 0x58, 0x00, 0x32,
	0x02, 0x58, 0x00, 0x32, 0x02, 0x58, 0x00, 0x32, 0x02, 0x58, 0x00, 0x32,
	0x02, 0x58, 0x00, 0x32, 0x02, 0x58, 0x00, 0x32, 0x03, 0xB6, 0x00, 0x32,
	0x02, 0x58, 0x00, 0x32, 0x02, 0x58, 0x00, 0x32, 0x02, 0x58, 0x00, 0x32,
	0x02, 0x58, 0x00, 0x32, 0x02, 0x58, 0x00, 0x32, 0x02, 0x58, 0x00, 0x32,
	0x02, 0x58, 0x00, 0x32, 0x02, 0x58, 0x00, 0x32, 0x03, 0x20, 0x00, 0x32,
	0x02, 0x8A, 0x00, 0x32, 0x02, 0x58, 0x00, 0x32, 0x02, 0x58, 0x00, 0x32,
	0x02, 0x58, 0x00, 0x32, 0x02, 0x58, 0x00, 0x32, 0x02, 0x58, 0x00, 0x32,
	0x02, 0x58, 0x00, 0x32, 0x02, 0x58, 0x00, 0x32, 0x02, 0x58, 0x00, 0x32,
	0x02, 0x58, 0x00, 0x32, 0x01, 0xC2, 0x00, 0x32, 0x02, 0x58, 0x00, 0x32,
	0x02, 0x58, 0x00, 0x32, 0x02, 0x58, 0x00, 0x32, 0x02, 0x58, 0x00, 0x32,
	0x02, 0x58, 0x00, 0x32, 0x02, 0x8A, 0x00, 0x00, 0x00, 0xFA, 0x00, 0x32,
	0x00, 0xFA, 0x00, 0x32, 0x00, 0xFA, 0x00, 0x32, 0x00, 0xFA, 0xFF, 0xCE,
	0x00, 0xFA, 0x00, 0x00, 0x00, 0xFA, 0x00, 0x32, 0x00, 0xFA, 0x00, 0x32,
	0x02, 0x26, 0x00, 0x32, 0x00, 0xFA, 0x00, 0x00, 0x00, 0xFA, 0x00, 0x00,
	0x01, 0x2C, 0x00, 0x00, 0x01, 0x2C, 0x00, 0x00, 0x01, 0x2C, 0x00, 0x00,
	0x01, 0xF4, 0x00, 0x32, 0x01, 0xF4, 0x00, 0x32, 0x00, 0xFA, 0x00, 0x32,
	0x00, 0xFA, 0x00, 0x32, 0x01, 0xC2, 0x00, 0x32, 0x00, 0xFA, 0x00, 0x32,
	0x01, 0xC2, 0x00, 0x00, 0x03, 0x52, 0x00, 0x32, 0x02, 0x58, 0x00, 0x32,
	0x02, 0x58, 0x00, 0x32, 0x02, 0x58, 0x00, 0x32, 0x02, 0x58, 0x00, 0x32,
	0x02, 0x58, 0x00, 0x32, 0x02, 0x58, 0x00, 0x32, 0x02, 0x58, 0x00, 0x32,
	0x02, 0x58, 0x00, 0x32, 0x02, 0x58, 0x00, 0x32, 0x02, 0x58, 0x00, 0x32,
	0x02, 0x58, 0x00, 0x32, 0x02, 0x58, 0x00, 0x32, 0x02, 0x58, 0x00, 0x32,
	0x02, 0x58, 0x00, 0x00, 0x02, 0x58, 0x00, 0x32, 0x03, 0xB6, 0x00, 0x32,
	0x02, 0x58, 0x00, 0x32, 0x02, 0x58, 0x00, 0x32, 0x02, 0x58, 0x00, 0x32,
	0x01, 0xF4, 0x00, 0x32, 0x01, 0xF4, 0x00, 0x32, 0x01, 0xF4, 0x00, 0x32,
	0x01, 0xF4, 0x00, 0x32, 0x02, 0x58, 0x00, 0x32, 0x02, 0x58, 0x00, 0x32,
	0x02, 0x58, 0x00, 0x32, 0x02, 0x58, 0x00, 0x32, 0x02, 0x58, 0x00, 0x32,
	0x02, 0x8A, 0x00, 0x32, 0x01, 0xF4, 0x00, 0x32, 0x02, 0x58, 0x00, 0x32,
	0x01, 0xF4, 0x00, 0x32, 0x02, 0x58, 0x00, 0x32, 0x02, 0x58, 0x00, 0x32,
	0x02, 0x58, 0x00, 0x32, 0x02, 0x58, 0x00, 0x32, 0x02, 0x58, 0x00, 0x32,
	0x02, 0x58, 0x00, 0x32, 0x02, 0x58, 0x00, 0x32, 0x02, 0x58, 0x00, 0x32,
	0x02, 0x58, 0x00, 0x32, 0x02, 0x58, 0x00, 0x32, 0x02, 0x58, 0x00, 0x32,
	0x03, 0x52, 0x00, 0x32, 0x03, 0x52, 0x00, 0x32, 0x03, 0x52, 0x00, 0x32,
	0x03, 0x52, 0x00, 0x32, 0x03, 0x52, 0x00, 0x32, 0x02, 0x58, 0x00, 0x32,
	0x02, 0x58, 0x00, 0x32, 0x02, 0x58, 0x00, 0x32, 0x02, 0x58, 0x00, 0x32,
	0x02, 0x58, 0x00, 0x32, 0x02, 0x58, 0x00, 0x32, 0x02, 0x26, 0x00, 0x32,
	0x02, 0x26, 0x00, 0x32, 0x02, 0x26, 0x00, 0x32, 0x02, 0x26, 0x00, 0x32,
	0x02, 0x58, 0x00, 0x32, 0x02, 0x58, 0x00, 0x32, 0x02, 0x26, 0x00, 0x32,
	0x01, 0x5E, 0x00, 0x32, 0x02, 0x58, 0x00, 0x32, 0x02, 0x58, 0x00, 0x32,
	0x02, 0x26, 0x00, 0x32, 0x02, 0x26, 0x00, 0x32, 0x02, 0x58, 0x00, 0x32,
	0x02, 0x26, 0x00, 0x32, 0x02, 0x58, 0x00, 0x32, 0x02, 0x58, 0x00, 0x32,
	0x02, 0x26, 0x00, 0x32, 0x02, 0x26, 0x00, 0x32, 0x02, 0x26, 0x00, 0x32,
	0x02, 0x26, 0x00, 0x32, 0x02, 0x26, 0x00, 0x32, 0x02, 0x26, 0x00, 0x32,
	0x02, 0x26, 0x00, 0x32, 0x02, 0x26, 0x00, 0x32, 0x02, 0x26, 0x00, 0x32,
	0x02, 0x26, 0x00, 0x32, 0x00, 0x32, 0x00, 0x00, 0x01, 0x2C, 0x00, 0x00,
	0x01, 0x2C, 0x00, 0x00, 0x00, 0xFA, 0x00, 0x32, 0x00, 0xFA, 0x00, 0x32,
	0x00, 0xFA, 0x00, 0x32, 0x00, 0xFA, 0x00, 0x32, 0x02, 0xEE, 0x00, 0x32,
	0x00, 0xFA, 0x00, 0x32, 0x00, 0xFA, 0x00, 0x32, 0x02, 0x26, 0x00, 0x32,
	0x02, 0x26, 0x00, 0x32, 0x00, 0xFA, 0x00, 0x32, 0x01, 0x90, 0x00, 0x32,
	0x01, 0xF4, 0x00, 0x32, 0x03, 0x52, 0x00, 0x32, 0x01, 0xF4, 0x00, 0x32,
	0x01, 0xF4, 0x00, 0x32, 0x02, 0x26, 0x00, 0xC8, 0x02, 0x26, 0x00, 0xC8,
	0x02, 0x26, 0x00, 0x32, 0x02, 0x58, 0x00, 0x32, 0x03, 0x52, 0x00, 0x32,
	0x02, 0x58, 0x00, 0x32, 0x01, 0x5E, 0x00, 0x32, 0x01, 0x5E, 0x00, 0x32,
	0x01, 0x90, 0x00, 0x32, 0x01, 0x90, 0x00, 0x32, 0x01, 0x90, 0x00, 0x32,
	0x01, 0x90, 0x00, 0x32, 0x00, 0xFA, 0x00, 0x32, 0x01, 0xC2, 0x00, 0x32,
	0x01, 0xC2, 0x00, 0x32, 0x01, 0xC2, 0x00, 0x32, 0x00, 0xFA, 0x00, 0x32,
	0x00, 0xFA, 0x00, 0x32, 0x03, 0x20, 0x00, 0x32, 0x03, 0x20, 0x00, 0x32,
	0x01, 0xC2, 0x00, 0x32, 0x01, 0xC2, 0x00, 0x32, 0x01, 0xC2, 0x00, 0x32,
	0x00, 0xFA, 0x00, 0x32, 0x02, 0x26, 0x00, 0x32, 0x03, 0x84, 0x00, 0x32,
	0x03, 0x52, 0x00, 0x32, 0x02, 0x26, 0x00, 0x32, 0x02, 0x58, 0x00, 0x32,
	0x03, 0x84, 0x00, 0x32, 0x02, 0x8A, 0x00, 0x32, 0x05, 0x78, 0x00, 0x32,
	0x01, 0x90, 0x00, 0x32, 0x01, 0xC2, 0x00, 0x96, 0x02, 0x58, 0x00, 0x32,
	0x02, 0xBC, 0x00, 0x32, 0x02, 0xBC, 0x00, 0x32, 0x02, 0x26, 0x00, 0x32,
	0x02, 0x8A, 0x00, 0x32, 0x02, 0x8A, 0x00, 0x32, 0x02, 0x8A, 0x00, 0x32,
	0x02, 0x58, 0x00, 0x32, 0x02, 0x8A, 0x00, 0x32, 0x02, 0x58, 0x00, 0x32,
	0x02, 0x58, 0x00, 0x32, 0x02, 0x58, 0x00, 0x32, 0x02, 0xBC, 0x00, 0x32,
	0x02, 0x8A, 0x00, 0x32, 0x03, 0x52, 0x00, 0x32, 0x00, 0x00, 0xFF, 0x38,
	0x00, 0x00, 0xFF, 0x9C, 0x00, 0x00, 0xFF, 0x9C, 0x00, 0x00, 0xFF, 0x9C,
	0x00, 0x00, 0xFF, 0x38, 0x00, 0x00, 0xFF, 0x6A, 0x00, 0x00, 0xFF, 0x6A,
	0x00, 0x00, 0xFF, 0x6A, 0x00, 0x00, 0xFF, 0x6A, 0x00, 0x00, 0xFF, 0x6A,
	0x00, 0x00, 0xFF, 0x6A, 0x00, 0x00, 0xFF, 0xCE, 0x00, 0x00, 0xFF, 0xCE,
	0x00, 0x00, 0xFF, 0x9C, 0x00, 0x00, 0xFF, 0x6A, 0x00, 0x00, 0xFF, 0x38,
	0x00, 0x00, 0xFF, 0x9C, 0x00, 0x00, 0xFF, 0x9C, 0x00, 0x00, 0xFF, 0x9C,
	0x00, 0x00, 0xFF, 0x38, 0x00, 0x00, 0xFF, 0x6A, 0x00, 0x00, 0xFF, 0x6A,
	0x00, 0x00, 0xFF, 0x6A, 0x00, 0x00, 0xFF, 0x6A, 0x00, 0x00, 0xFF, 0x6A,
	0x00, 0x00, 0xFF, 0x6A, 0x01, 0x90, 0x00, 0x00, 0x00, 0x96, 0x00, 0x00,
	0x00, 0xC8, 0x00, 0x00, 0x00, 0xC8, 0x00, 0x00, 0x01, 0x90, 0x00, 0x00,
	0x01, 0x2C, 0x00, 0x00, 0x01, 0x2C, 0x00, 0x00, 0x01, 0x2C, 0x00, 0x00,
	0x01, 0x2C, 0x00, 0x00, 0x01, 0x2C, 0x00, 0x00, 0x01, 0x2C, 0x00, 0x00,
	0x00, 0xFA, 0x00, 0x00, 0x00, 0x00, 0x00, 0x00, 0x00, 0x01, 0x00, 0x00,
	0x00, 0x0A, 0x00, 0x24, 0x00, 0x36, 0x00, 0x02, 0x44, 0x46, 0x4C, 0x54,
	0x00, 0x0E, 0x6C, 0x61, 0x74, 0x6E, 0x00, 0x0E, 0x00, 0x04, 0x00, 0x00,
	0x00, 0x00, 0xFF, 0xFF, 0x00, 0x01, 0x00, 0x00, 0x00, 0x01, 0x6D, 0x61,
	0x72, 0x6B, 0x00, 0x08, 0x00, 0x00, 0x00, 0x03, 0x00, 0x00, 0x00, 0x01,
	0x00, 0x02, 0x00, 0x03, 0x03, 0x56, 0x01, 0x74, 0x00, 0x08, 0x00, 0x04,
	0x00, 0x00, 0x00, 0x01, 0x00, 0x08, 0x00, 0x01, 0x01, 0x5A, 0x00, 0xBC,
	0x00, 0x01, 0x01, 0x26, 0x00, 0x0C, 0x00, 0x51, 0x02, 0x70, 0x02, 0x70,
	0x02, 0x70, 0x02, 0x70, 0x02, 0x70, 0x02, 0x70, 0x02, 0x70, 0x02, 0x70,
	0x02, 0x70, 0x02, 0x70, 0x02, 0x70, 0x02, 0x70, 0x02, 0x70, 0x02, 0x70,
	0x02, 0x70, 0x02, 0x58, 0x02, 0x58, 0x02, 0x70, 0x02, 0x70, 0x02, 0x70,
	0x02, 0x70, 0x02, 0x70, 0x02, 0x70, 0x02, 0x70, 0x02, 0x70, 0x02, 0x70,
	0x02, 0x70, 0x02, 0x70, 0x02, 0x70, 0x02, 0x70, 0x02, 0x82, 0x00, 0xAA,
	0x02, 0x82, 0x02, 0x82, 0x02, 0x82, 0x02, 0x82, 0x02, 0x82, 0x02, 0x76,
	0x02, 0x76, 0x00, 0xA4, 0x00, 0xA4, 0x00, 0xA4, 0x00, 0xA4, 0x02, 0x7C,
	0x02, 0x7C, 0x02, 0x7C, 0x02, 0x7C, 0x02, 0x7C, 0x02, 0x70, 0x02, 0x70,
	0x02, 0x70, 0x02, 0x70, 0x02, 0x70, 0x02, 0x70, 0x02, 0x70, 0x02, 0x70,
	0x02, 0x70, 0x02, 0x70, 0x02, 0x70, 0x02, 0x70, 0x02, 0x7C, 0x02, 0x7C,
	0x02, 0x7C, 0x02, 0x7C, 0x02, 0x70, 0x02, 0x70, 0x02, 0x70, 0x02, 0x70,
	0x02, 0x70, 0x02, 0x70, 0x02, 0x70, 0x02, 0x70, 0x02, 0x70, 0x02, 0x70,
	0x02, 0x70, 0x02, 0x70, 0x02, 0x70, 0x02, 0x76, 0x02, 0x76, 0x02, 0x76,
	0x02, 0x70, 0x00, 0x01, 0x00, 0xC8, 0x02, 0xEE, 0x00, 0x01, 0x02, 0xBC,
	0x02, 0xEE, 0x00, 0x02, 0x00, 0x11, 0x00, 0x01, 0x00, 0x0A, 0x00, 0x00,
	0x00, 0x0D, 0x00, 0x12, 0x00, 0x0A, 0x00, 0x14, 0x00, 0x14, 0x00, 0x10,
	0x00, 0x16, 0x00, 0x1E, 0x00, 0x11, 0x00, 0x20, 0x00, 0x23, 0x00, 0x1A,
	0x00, 0x26, 0x00, 0x28, 0x00, 0x1E, 0x00, 0x2B, 0x00, 0x30, 0x00, 0x21,
	0x00, 0x33, 0x00, 0x36, 0x00, 0x27, 0x00, 0x39, 0x00, 0x3D, 0x00, 0x2B,
	0x00, 0x3F, 0x00, 0x45, 0x00, 0x30, 0x00, 0x47, 0x00, 0x47, 0x00, 0x37,
	0x00, 0x4C, 0x00, 0x51, 0x00, 0x38, 0x00, 0x53, 0x00, 0x54, 0x00, 0x3E,
	0x00, 0x56, 0x00, 0x62, 0x00, 0x40, 0x00, 0x64, 0x00, 0x65, 0x00, 0x4D,
	0x00, 0x68, 0x00, 0x68, 0x00, 0x4F, 0x01, 0x2E, 0x01, 0x2E, 0x00, 0x50,
	0x00, 0x0B, 0x00, 0x00, 0x00, 0x2E, 0x00, 0x00, 0x00, 0x2E, 0x00, 0x00,
	0x00, 0x2E, 0x00, 0x00, 0x00, 0x2E, 0x00, 0x00, 0x00, 0x2E, 0x00, 0x00,
	0x00, 0x2E, 0x00, 0x00, 0x00, 0x2E, 0x00, 0x00, 0x00, 0x2E, 0x00, 0x00,
	0x00, 0x2E, 0x00, 0x00, 0x00, 0x2E, 0x00, 0x00, 0x00, 0x2E, 0x00, 0x01,
	0x00, 0x00, 0x02, 0xEE, 0x00, 0x02, 0x00, 0x01, 0x01, 0x4F, 0x01, 0x59,
	0x00, 0x00, 0x00, 0x04, 0x00, 0x00, 0x00, 0x01, 0x00, 0x08, 0x00, 0x01,
	0x01, 0xD0, 0x01, 0x28, 0x00, 0x01, 0x01, 0x98, 0x00, 0x0C, 0x00, 0x6C,
	0x01, 0x16, 0x01, 0x16, 0x01, 0x10, 0x01, 0x0A, 0x01, 0x0A, 0x01, 0x10,
	0x01, 0x10, 0x01, 0x10, 0x01, 0x10, 0x01, 0x10, 0x01, 0x04, 0x01, 0x04,
	0x01, 0x04, 0x01, 0x04, 0x00, 0xFE, 0x00, 0xFE, 0x00, 0xFE, 0x00, 0xFE,
	0x00, 0xFE, 0x00, 0xFE, 0x00, 0xFE, 0x00, 0xFE, 0x00, 0xFE, 0x00, 0xFE,
	0x00, 0xFE, 0x00, 0xFE, 0x00, 0xFE, 0x00, 0xFE, 0x00, 0xFE, 0x00, 0xF8,
	0x00, 0xF8, 0x00, 0xFE, 0x00, 0xFE, 0x00, 0xFE, 0x00, 0xFE, 0x00, 0xFE,
	0x00, 0xFE, 0x00, 0xFE, 0x00, 0xFE, 0x00, 0xFE, 0x00, 0xFE, 0x00, 0xFE,
	0x00, 0xFE, 0x00, 0xFE, 0x00, 0xF2, 0x00, 0xF2, 0x00, 0xF2, 0x00, 0xF2,
	0x00, 0xF2, 0x00, 0xF2, 0x00, 0xF2, 0x00, 0xF2, 0x00, 0xF2, 0x00, 0xF2,
	0x00, 0xEC, 0x00, 0xEC, 0x00, 0xE6, 0x00, 0xE6, 0x00, 0xE6, 0x00, 0xE6,
	0x00, 0xFE, 0x00, 0xFE, 0x00, 0xFE, 0x00, 0xFE, 0x00, 0xFE, 0x00, 0xFE,
	0x00, 0xFE, 0x00, 0xFE, 0x00, 0xFE, 0x00, 0xFE, 0x00, 0xFE, 0x00, 0xFE,
	0x00, 0xFE, 0x00, 0xE0, 0x00, 0xE0, 0x00, 0xE0, 0x00, 0xE0, 0x00, 0xFE,
	0x00, 0xFE, 0x00, 0xFE, 0x00, 0xFE, 0x00, 0xFE, 0x00, 0xFE, 0x00, 0xFE,
	0x00, 0xFE, 0x00, 0xFE, 0x00, 0xFE, 0x00, 0xFE, 0x00, 0xFE, 0x00, 0xFE,
	0x00, 0xFE, 0x00, 0xFE, 0x00, 0xDA, 0x00, 0xDA, 0x00, 0xDA, 0x00, 0xDA,
	0x00, 0xDA, 0x00, 0xFE, 0x00, 0xFE, 0x00, 0xFE, 0x00, 0xFE, 0x00, 0xFE,
	0x00, 0xFE, 0x00, 0xFE, 0x00, 0xFE, 0x00, 0xFE, 0x00, 0xFE, 0x00, 0xFE,
	0x00, 0x01, 0x01, 0xC2, 0x02, 0x26, 0x00, 0x01, 0x00, 0xFA, 0x02, 0x26,
	0x00, 0x01, 0x00, 0x96, 0x02, 0xBC, 0x00, 0x01, 0x00, 0xFA, 0x02, 0xEE,
	0x00, 0x01, 0x00, 0x96, 0x02, 0x26, 0x00, 0x01, 0x01, 0x2C, 0x03, 0x20,
	0x00, 0x01, 0x01, 0x2C, 0x02, 0x26, 0x00, 0x01, 0x01, 0x2C, 0x02, 0xEE,
	0x00, 0x01, 0x01, 0xC2, 0x02, 0xEE, 0x00, 0x01, 0x01, 0x5E, 0x02, 0xEE,
	0x00, 0x01, 0x00, 0x96, 0x02, 0xEE, 0x00, 0x02, 0x00, 0x12, 0x00, 0x29,
	0x00, 0x2A, 0x00, 0x00, 0x00, 0x52, 0x00, 0x52, 0x00, 0x02, 0x00, 0x66,
	0x00, 0x67, 0x00, 0x03, 0x00, 0x6A, 0x00, 0x7C, 0x00, 0x05, 0x00, 0x7F,
	0x00, 0x84, 0x00, 0x18, 0x00, 0x86, 0x00, 0x86, 0x00, 0x1E, 0x00, 0x88,
	0x00, 0x90, 0x00, 0x1F, 0x00, 0x92, 0x00, 0x95, 0x00, 0x28, 0x00, 0x99,
	0x00, 0x9E, 0x00, 0x2C, 0x00, 0xA0, 0x00, 0xA1, 0x00, 0x32, 0x00, 0xA3,
	0x00, 0xAA, 0x00, 0x34, 0x00, 0xAD, 0x00, 0xB1, 0x00, 0x3C, 0x00, 0xB3,
	0x00, 0xB9, 0x00, 0x41, 0x00, 0xBB, 0x00, 0xBB, 0x00, 0x48, 0x00, 0xC0,
	0x00, 0xC8, 0x00, 0x49, 0x00, 0xCD, 0x00, 0xD6, 0x00, 0x52, 0x00, 0xD8,
	0x00, 0xDC, 0x00, 0x5C, 0x00, 0xDE, 0x00, 0xE8, 0x00, 0x61, 0x00, 0x0C,
	0x00, 0x00, 0x00, 0x32, 0x00, 0x00, 0x00, 0x32, 0x00, 0x00, 0x00, 0x32,
	0x00, 0x00, 0x00, 0x32, 0x00, 0x00, 0x00, 0x32, 0x00, 0x00, 0x00, 0x32,
	0x00, 0x00, 0x00, 0x32, 0x00, 0x00, 0x00, 0x32, 0x00, 0x00, 0x00, 0x32,
	0x00, 0x00, 0x00, 0x32, 0x00, 0x00, 0x00, 0x32, 0x00, 0x00, 0x00, 0x32,
	0x00, 0x01, 0x00, 0x00, 0x02, 0x26, 0x00, 0x02, 0x00, 0x01, 0x01, 0x40,
	0x01, 0x4B, 0x00, 0x00, 0x00, 0x04, 0x00, 0x00, 0x00, 0x01, 0x00, 0x08,
	0x00, 0x01, 0x02, 0x8A, 0x01, 0xD0, 0x00, 0x01, 0x02, 0x76, 0x00, 0x0C,
	0x00, 0xC0, 0x01, 0xBE, 0x01, 0xBE, 0x01, 0xBE, 0x01, 0xBE, 0x01, 0xBE,
	0x01, 0xBE, 0x01, 0xBE, 0x01, 0xBE, 0x01, 0xBE, 0x01, 0xBE, 0x01, 0xB8,
	0x01, 0xB8, 0x01, 0xB8, 0x01, 0xB8, 0x01, 0xB8, 0x01, 0xB2, 0x01, 0xB2,
	0x01, 0xB2, 0x01, 0xB2, 0x01, 0xB2, 0x01, 0xB2, 0x01, 0xB2, 0x01, 0xB2,
	0x01, 0xB2, 0x01, 0xB8, 0x01, 0xB8, 0x01, 0xB8, 0x01, 0xB8, 0x01, 0xAC,
	0x01, 0xA6, 0x01, 0xAC, 0x01, 0xAC, 0x01, 0xAC, 0x01, 0xAC, 0x01, 0xAC,
	0x01, 0xAC, 0x01, 0xAC, 0x01, 0xA0, 0x01, 0xA0, 0x01, 0xA0, 0x01, 0xA0,
	0x01, 0x9A, 0x01, 0x9A, 0x01, 0x9A, 0x01, 0x9A, 0x01, 0x94, 0x01, 0x94,
	0x01, 0x94, 0x01, 0x94, 0x01, 0x94, 0x01, 0xB8, 0x01, 0xB8, 0x01, 0xB8,
	0x01, 0xB8, 0x01, 0xB8, 0x01, 0xB8, 0x01, 0xB8, 0x01, 0xB8, 0x01, 0xA0,
	0x01, 0xA0, 0x01, 0xA0, 0x01, 0xA0, 0x01, 0xB8, 0x01, 0xB8, 0x01, 0x94,
	0x01, 0xB8, 0x01, 0xB8, 0x01, 0xA0, 0x01, 0xA0, 0x01, 0xA0, 0x01, 0x94,
	0x01, 0x94, 0x01, 0x94, 0x01, 0x94, 0x01, 0x94, 0x01, 0x94, 0x01, 0x94,
	0x01, 0x94, 0x01, 0x94, 0x01, 0x94, 0x01, 0xBE, 0x01, 0xBE, 0x01, 0xBE,
	0x01, 0xBE, 0x01, 0xBE, 0x01, 0x94, 0x01, 0x94, 0x01, 0x94, 0x01, 0x94,
	0x01, 0x94, 0x01, 0xB8, 0x01, 0xB8, 0x01, 0xB8, 0x01, 0xB8, 0x01, 0xBE,
	0x01, 0xBE, 0x01, 0xBE, 0x01, 0xBE, 0x01, 0xBE, 0x01, 0xBE, 0x01, 0xBE,
	0x01, 0xBE, 0x01, 0xBE, 0x01, 0xBE, 0x01, 0xB8, 0x01, 0xB8, 0x01, 0xB8,
	0x01, 0xB8, 0x01, 0xB8, 0x01, 0xB8, 0x01, 0xB8, 0x01, 0x94, 0x01, 0x94,
	0x01, 0x94, 0x01, 0x94, 0x01, 0x94, 0x01, 0x94, 0x01, 0x94, 0x01, 0x94,
	0x01, 0x94, 0x01, 0x8E, 0x01, 0x8E, 0x01, 0x8E, 0x01, 0x8E, 0x01, 0xAC,
	0x01, 0xAC, 0x01, 0xAC, 0x01, 0xAC, 0x01, 0xAC, 0x01, 0xAC, 0x01, 0xAC,
	0x01, 0xAC, 0x01, 0x88, 0x01, 0x88, 0x01, 0xA0, 0x01, 0xA0, 0x01, 0x82,
	0x01, 0x82, 0x01, 0x82, 0x01, 0x82, 0x01, 0xB8, 0x01, 0xB8, 0x01, 0xB8,
	0x01, 0xB8, 0x01, 0xB8, 0x01, 0xB8, 0x01, 0xB8, 0x01, 0xB8, 0x01, 0xB8,
	0x01, 0xB8, 0x01, 0xB8, 0x01, 0xB8, 0x01, 0xB8, 0x01, 0xAC, 0x01, 0xAC,
	0x01, 0xAC, 0x01, 0xAC, 0x01, 0xB8, 0x01, 0xB8, 0x01, 0xB8, 0x01, 0xB8,
	0x01, 0xB8, 0x01, 0xA0, 0x01, 0xA0, 0x01, 0xA0, 0x01, 0xBE, 0x01, 0xBE,
	0x01, 0xBE, 0x01, 0xBE, 0x01, 0xBE, 0x01, 0xBE, 0x01, 0xBE, 0x01, 0xBE,
	0x01, 0xBE, 0x01, 0xBE, 0x01, 0xBE, 0x01, 0xBE, 0x01, 0xBE, 0x01, 0xBE,
	0x01, 0xBE, 0x01, 0xB8, 0x01, 0xB8, 0x01, 0xB8, 0x01, 0xB8, 0x01, 0xB8,
	0x01, 0xB8, 0x01, 0xB8, 0x01, 0xB8, 0x01, 0xB8, 0x01, 0xBE, 0x01, 0xB8,
	0x01, 0xA0, 0x00, 0x01, 0x00, 0x64, 0x00, 0x00, 0x00, 0x01, 0x00, 0x96,
	0xFF, 0x38, 0x00, 0x01, 0x01, 0x2C, 0xFF, 0x38, 0x00, 0x01, 0x01, 0x5E,
	0x00, 0x00, 0x00, 0x01, 0x00, 0xC8, 0x00, 0x00, 0x00, 0x01, 0x00, 0xFA,
	0x00, 0x00, 0x00, 0x01, 0x01, 0xF4, 0x00, 0x00, 0x00, 0x01, 0x00, 0x96,
	0x00, 0x00, 0x00, 0x01, 0x01, 0x90, 0x00, 0x00, 0x00, 0x01, 0x01, 0x2C,
	0x00, 0x00, 0x00, 0x01, 0x01, 0xC2, 0x00, 0x00, 0x00, 0x02, 0x00, 0x1B,
	0x00, 0x01, 0x00, 0x0A, 0x00, 0x00, 0x00, 0x0D, 0x00, 0x11, 0x00, 0x0A,
	0x00, 0x16, 0x00, 0x1E, 0x00, 0x0F, 0x00, 0x20, 0x00, 0x23, 0x00, 0x18,
	0x00, 0x26, 0x00, 0x36, 0x00, 0x1C, 0x00, 0x39, 0x00, 0x3D, 0x00, 0x2D,
	0x00, 0x3F, 0x00, 0x45, 0x00, 0x32, 0x00, 0x47, 0x00, 0x47, 0x00, 0x39,
	0x00, 0x4C, 0x00, 0x54, 0x00, 0x3A, 0x00, 0x56, 0x00, 0x62, 0x00, 0x43,
	0x00, 0x64, 0x00, 0x68, 0x00, 0x50, 0x00, 0x6A, 0x00, 0x7C, 0x00, 0x55,
	0x00, 0x7F, 0x00, 0x84, 0x00, 0x68, 0x00, 0x86, 0x00, 0x86, 0x00, 0x6E,
	0x00, 0x88, 0x00, 0x90, 0x00, 0x6F, 0x00, 0x92, 0x00, 0x95, 0x00, 0x78,
	0x00, 0x99, 0x00, 0x9E, 0x00, 0x7C, 0x00, 0xA0, 0x00, 0xA1, 0x00, 0x82,
	0x00, 0xA3, 0x00, 0xAA, 0x00, 0x84, 0x00, 0xAD, 0x00, 0xB1, 0x00, 0x8C,
	0x00, 0xB3, 0x00, 0xB9, 0x00, 0x91, 0x00, 0xBB, 0x00, 0xBB, 0x00, 0x98,
	0x00, 0xC0, 0x00, 0xC8, 0x00, 0x99, 0x00, 0xCA, 0x00, 0xD6, 0x00, 0xA2,
	0x00, 0xD8, 0x00, 0xDC, 0x00, 0xAF, 0x00, 0xDE, 0x00, 0xE8, 0x00, 0xB4,
	0x01, 0x2E, 0x01, 0x2E, 0x00, 0xBF, 0x00, 0x03, 0x00, 0x00, 0x00, 0x0E,
	0x00, 0x00, 0x00, 0x0E, 0x00, 0x00, 0x00, 0x0E, 0x00, 0x01, 0x00, 0x00,
	0x00, 0x00, 0x00, 0x01, 0x00, 0x03, 0x01, 0x4C, 0x01, 0x4D, 0x01, 0x4E,
	0x00, 0x02, 0x00, 0x00, 0x00, 0x00, 0x00, 0x00, 0xFF, 0x9C, 0x00, 0x32,
	0x00, 0x00, 0x00, 0x00, 0x00, 0x00, 0x00, 0x00, 0x00, 0x00, 0x00, 0x00,
	0x00, 0x00, 0x00, 0x00, 0x00, 0x00, 0x00, 0x00, 0x01, 0x67, 0x00, 0x00,
	0x00, 0x24, 0x00, 0xC9, 0x01, 0x02, 0x00, 0xC7, 0x00, 0x62, 0x00, 0xAD,
	0x01, 0x03, 0x01, 0x04, 0x00, 0x63, 0x00, 0xAE, 0x00, 0x90, 0x00, 0x25,
	0x00, 0x26, 0x00, 0xFD, 0x00, 0xFF, 0x00, 0x64, 0x01, 0x05, 0x00, 0x27,
	0x00, 0xE9, 0x01, 0x06, 0x01, 0x07, 0x00, 0x28, 0x00, 0x65, 0x01, 0x08,
	0x00, 0xC8, 0x00, 0xCA, 0x01, 0x09, 0x00, 0xCB, 0x01, 0x0A, 0x01, 0x0B,
	0x00, 0x29, 0x00, 0x2A, 0x00, 0xF8, 0x01, 0x0C, 0x01, 0x0D, 0x00, 0x2B,
	0x01, 0x0E, 0x00, 0x2C, 0x01, 0x0F, 0x00, 0xCC, 0x00, 0xCD, 0x00, 0xCE,
	0x00, 0xFA, 0x00, 0xCF, 0x01, 0x10, 0x01, 0x11, 0x00, 0x2D, 0x01, 0x12,
	0x00, 0x2E, 0x01, 0x13, 0x00, 0x2F, 0x01, 0x14, 0x01, 0x15, 0x01, 0x16,
	0x00, 0xE2, 0x00, 0x30, 0x00, 0x31, 0x01, 0x17, 0x01, 0x18, 0x01, 0x19,
	0x00, 0x66, 0x01, 0x1A, 0x00, 0x32, 0x00, 0xD0, 0x00, 0xD1, 0x00, 0x67,
	0x00, 0xD3, 0x01, 0x1B, 0x01, 0x1C, 0x00, 0x91, 0x00, 0xAF, 0x00, 0xB0,
	0x00, 0x33, 0x00, 0xED, 0x00, 0x34, 0x00, 0x35, 0x01, 0x1D, 0x01, 0x1E,
	0x01, 0x1F, 0x00, 0x36, 0x01, 0x20, 0x00, 0xE4, 0x00, 0xFB, 0x01, 0x21,
	0x01, 0x22, 0x00, 0x37, 0x01, 0x23, 0x01, 0x24, 0x00, 0x38, 0x00, 0xD4,
	0x01, 0x25, 0x00, 0xD5, 0x00, 0x68, 0x00, 0xD6, 0x01, 0x26, 0x01, 0x27,
	0x01, 0x28, 0x01, 0x29, 0x00, 0x39, 0x00, 0x3A, 0x01, 0x2A, 0x01, 0x2B,
	0x01, 0x2C, 0x01, 0x2D, 0x00, 0x3B, 0x00, 0x3C, 0x00, 0xEB, 0x01, 0x2E,
	0x00, 0xBB, 0x01, 0x2F, 0x00, 0x3D, 0x01, 0x30, 0x00, 0xE6, 0x01, 0x31,
	0x00, 0x44, 0x00, 0x69, 0x01, 0x32, 0x00, 0x6B, 0x00, 0x6C, 0x00, 0x6A,
	0x01, 0x33, 0x01, 0x34, 0x00, 0x6E, 0x00, 0x6D, 0x00, 0xA0, 0x00, 0x45,
	0x00, 0x46, 0x00, 0xFE, 0x01, 0x00, 0x00, 0x6F, 0x01, 0x35, 0x00, 0x47,
	0x00, 0xEA, 0x01, 0x36, 0x01, 0x01, 0x00, 0x48, 0x00, 0x70, 0x01, 0x37,
	0x00, 0x72, 0x00, 0x73, 0x01, 0x38, 0x00, 0x71, 0x01, 0x39, 0x01, 0x3A,
	0x00, 0x49, 0x00, 0x4A, 0x00, 0xF9, 0x01, 0x3B, 0x01, 0x3C, 0x00, 0x4B,
	0x01, 0x3D, 0x00, 0x4C, 0x00, 0xD7, 0x00, 0x74, 0x00, 0x76, 0x00, 0x77,
	0x01, 0x3E, 0x00, 0x75, 0x01, 0x3F, 0x01, 0x40, 0x01, 0x41, 0x00, 0x4D,
	0x01, 0x42, 0x01, 0x43, 0x00, 0x4E, 0x01, 0x44, 0x00, 0x4F, 0x01, 0x45,
	0x01, 0x46, 0x01, 0x47, 0x00, 0xE3, 0x00, 0x50, 0x00, 0x51, 0x01, 0x48,
	0x01, 0x49, 0x01, 0x4A, 0x00, 0x78, 0x01, 0x4B, 0x00, 0x52, 0x00, 0x79,
	0x00, 0x7B, 0x00, 0x7C, 0x00, 0x7A, 0x01, 0x4C, 0x01, 0x4D, 0x00, 0xA1,
	0x00, 0x7D, 0x00, 0xB1, 0x00, 0x53, 0x00, 0xEE, 0x00, 0x54, 0x00, 0x55,
	0x01, 0x4E, 0x01, 0x4F, 0x01, 0x50, 0x00, 0x56, 0x01, 0x51, 0x00, 0xE5,
	0x00, 0xFC, 0x01, 0x52, 0x00, 0x89, 0x00, 0x57, 0x01, 0x53, 0x01, 0x54,
	0x00, 0x58, 0x00, 0x7E, 0x01, 0x55, 0x00, 0x80, 0x00, 0x81, 0x00, 0x7F,
	0x01, 0x56, 0x01, 0x57, 0x01, 0x58, 0x01, 0x59, 0x00, 0x59, 0x00, 0x5A,
	0x01, 0x5A, 0x01, 0x5B, 0x01, 0x5C, 0x01, 0x5D, 0x00, 0x5B, 0x00, 0x5C,
	0x00, 0xEC, 0x01, 0x5E, 0x00, 0xBA, 0x01, 0x5F, 0x00, 0x5D, 0x01, 0x60,
	0x00, 0xE7, 0x01, 0x61, 0x00, 0x9D, 0x00, 0x9E, 0x00, 0x13, 0x00, 0x14,
	0x00, 0x15, 0x00, 0x16, 0x00, 0x17, 0x00, 0x18, 0x00, 0x19, 0x00, 0x1A,
	0x00, 0x1B, 0x00, 0x1C, 0x01, 0x62, 0x01, 0x63, 0x01, 0x64, 0x01, 0x65,
	0x01, 0x66, 0x01, 0x67, 0x01, 0x68, 0x01, 0x69, 0x01, 0x6A, 0x01, 0x6B,
	0x01, 0x6C, 0x00, 0x03, 0x01, 0x6D, 0x00, 0x11, 0x00, 0x0F, 0x00, 0x1D,
	0x00, 0x1E, 0x00, 0xAB, 0x00, 0x04, 0x00, 0xA3, 0x00, 0x22, 0x00, 0xA2,
	0x00, 0xC3, 0x00, 0x87, 0x00, 0x0D, 0x00, 0x06, 0x00, 0x12, 0x00, 0x3F,
	0x01, 0x6E, 0x01, 0x6F, 0x00, 0x10, 0x00, 0xB2, 0x00, 0xB3, 0x00, 0x42,
	0x00, 0x0B, 0x00, 0x0C, 0x00, 0x5E, 0x00, 0x60, 0x00, 0x3E, 0x00, 0x40,
	0x00, 0xC4, 0x00, 0xC5, 0x00, 0xB4, 0x00, 0xB5, 0x00, 0xB6, 0x00, 0xB7,
	0x00, 0xA9, 0x00, 0xAA, 0x00, 0xBE, 0x00, 0xBF, 0x00, 0x05, 0x00, 0x0A,
	0x01, 0x70, 0x00, 0x23, 0x00, 0x09, 0x00, 0x88, 0x00, 0x86, 0x00, 0x8B,
	0x00, 0x8A, 0x00, 0x8C, 0x00, 0x83, 0x00, 0x5F, 0x00, 0x84, 0x00, 0x07,
	0x01, 0x71, 0x00, 0x85, 0x00, 0x96, 0x00, 0x0E, 0x00, 0xEF, 0x00, 0xF0,
	0x00, 0xB8, 0x00, 0x20, 0x00, 0x21, 0x00, 0x1F, 0x00, 0x61, 0x00, 0x41,
	0x00, 0x08, 0x01, 0x72, 0x01, 0x73, 0x01, 0x74, 0x01, 0x75, 0x01, 0x76,
	0x01, 0x77, 0x01, 0x78, 0x01, 0x79, 0x01, 0x7A, 0x01, 0x7B, 0x01, 0x7C,
	0x01, 0x7D, 0x01, 0x7E, 0x01, 0x7F, 0x01, 0x80, 0x01, 0x81, 0x01, 0x82,
	0x01, 0x83, 0x01, 0x84, 0x01, 0x85, 0x01, 0x86, 0x01, 0x87, 0x01, 0x88,
	0x01, 0x89, 0x01, 0x8A, 0x01, 0x8B, 0x00, 0x8E, 0x00, 0xDC, 0x00, 0x43,
	0x00, 0x8D, 0x00, 0xDF, 0x00, 0xD8, 0x00, 0xE1, 0x00, 0xDB, 0x00, 0xDD,
	0x00, 0xD9, 0x00, 0xDA, 0x00, 0xDE, 0x00, 0xE0, 0x06, 0x41, 0x62, 0x72,
	0x65, 0x76, 0x65, 0x07, 0x41, 0x6D, 0x61, 0x63, 0x72, 0x6F, 0x6E, 0x07,
	0x41, 0x6F, 0x67, 0x6F, 0x6E, 0x65, 0x6B, 0x0A, 0x43, 0x64, 0x6F, 0x74,
	0x61, 0x63, 0x63, 0x65, 0x6E, 0x74, 0x06, 0x44, 0x63, 0x61, 0x72, 0x6F,
	0x6E, 0x06, 0x44, 0x63, 0x72, 0x6F, 0x61, 0x74, 0x06, 0x45, 0x63, 0x61,
	0x72, 0x6F, 0x6E, 0x0A, 0x45, 0x64, 0x6F, 0x74, 0x61, 0x63, 0x63, 0x65,
	0x6E, 0x74, 0x07, 0x45, 0x6D, 0x61, 0x63, 0x72, 0x6F, 0x6E, 0x07, 0x45,
	0x6F, 0x67, 0x6F, 0x6E, 0x65, 0x6B, 0x07, 0x75, 0x6E, 0x69, 0x30, 0x31,
	0x32, 0x32, 0x0A, 0x47, 0x64, 0x6F, 0x74, 0x61, 0x63, 0x63, 0x65, 0x6E,
	0x74, 0x04, 0x48, 0x62, 0x61, 0x72, 0x02, 0x49, 0x4A, 0x07, 0x49, 0x6D,
	0x61, 0x63, 0x72, 0x6F, 0x6E, 0x07, 0x49, 0x6F, 0x67, 0x6F, 0x6E, 0x65,
	0x6B, 0x0B, 0x75, 0x6E, 0x69, 0x30, 0x30, 0x34, 0x41, 0x30, 0x33, 0x30,
	0x31, 0x07, 0x75, 0x6E, 0x69, 0x30, 0x31, 0x33, 0x36, 0x06, 0x4C, 0x61,
	0x63, 0x75, 0x74, 0x65, 0x06, 0x4C, 0x63, 0x61, 0x72, 0x6F, 0x6E, 0x07,
	0x75, 0x6E, 0x69, 0x30, 0x31, 0x33, 0x42, 0x06, 0x4E, 0x61, 0x63, 0x75,
	0x74, 0x65, 0x06, 0x4E, 0x63, 0x61, 0x72, 0x6F, 0x6E, 0x07, 0x75, 0x6E,
	0x69, 0x30, 0x31, 0x34, 0x35, 0x03, 0x45, 0x6E, 0x67, 0x0D, 0x4F, 0x68,
	0x75, 0x6E, 0x67, 0x61, 0x72, 0x75, 0x6D, 0x6C, 0x61, 0x75, 0x74, 0x07,
	0x4F, 0x6D, 0x61, 0x63, 0x72, 0x6F, 0x6E, 0x06, 0x52, 0x61, 0x63, 0x75,
	0x74, 0x65, 0x06, 0x52, 0x63, 0x61, 0x72, 0x6F, 0x6E, 0x07, 0x75, 0x6E,
	0x69, 0x30, 0x31, 0x35, 0x36, 0x06, 0x53, 0x61, 0x63, 0x75, 0x74, 0x65,
	0x07, 0x75, 0x6E, 0x69, 0x30, 0x32, 0x31, 0x38, 0x07, 0x75, 0x6E, 0x69,
	0x31, 0x45, 0x39, 0x45, 0x06, 0x54, 0x63, 0x61, 0x72, 0x6F, 0x6E, 0x07,
	0x75, 0x6E, 0x69, 0x30, 0x32, 0x31, 0x41, 0x06, 0x55, 0x62, 0x72, 0x65,
	0x76, 0x65, 0x0D, 0x55, 0x68, 0x75, 0x6E, 0x67, 0x61, 0x72, 0x75, 0x6D,
	0x6C, 0x61, 0x75, 0x74, 0x07, 0x55, 0x6D, 0x61, 0x63, 0x72, 0x6F, 0x6E,
	0x07, 0x55, 0x6F, 0x67, 0x6F, 0x6E, 0x65, 0x6B, 0x05, 0x55, 0x72, 0x69,
	0x6E, 0x67, 0x06, 0x57, 0x61, 0x63, 0x75, 0x74, 0x65, 0x0B, 0x57, 0x63,
	0x69, 0x72, 0x63, 0x75, 0x6D, 0x66, 0x6C, 0x65, 0x78, 0x09, 0x57, 0x64,
	0x69, 0x65, 0x72, 0x65, 0x73, 0x69, 0x73, 0x06, 0x57, 0x67, 0x72, 0x61,
	0x76, 0x65, 0x0B, 0x59, 0x63, 0x69, 0x72, 0x63, 0x75, 0x6D, 0x66, 0x6C,
	0x65, 0x78, 0x06, 0x59, 0x67, 0x72, 0x61, 0x76, 0x65, 0x06, 0x5A, 0x61,
	0x63, 0x75, 0x74, 0x65, 0x0A, 0x5A, 0x64, 0x6F, 0x74, 0x61, 0x63, 0x63,
	0x65, 0x6E, 0x74, 0x06, 0x61, 0x62, 0x72, 0x65, 0x76, 0x65, 0x07, 0x61,
	0x6D, 0x61, 0x63, 0x72, 0x6F, 0x6E, 0x07, 0x61, 0x6F, 0x67, 0x6F, 0x6E,
	0x65, 0x6B, 0x0A, 0x63, 0x64, 0x6F, 0x74, 0x61, 0x63, 0x63, 0x65, 0x6E,
	0x74, 0x06, 0x64, 0x63, 0x61, 0x72, 0x6F, 0x6E, 0x06, 0x65, 0x63, 0x61,
	0x72, 0x6F, 0x6E, 0x0A, 0x65, 0x64, 0x6F, 0x74, 0x61, 0x63, 0x63, 0x65,
	0x6E, 0x74, 0x07, 0x65, 0x6D, 0x61, 0x63, 0x72, 0x6F, 0x6E, 0x07, 0x65,
	0x6F, 0x67, 0x6F, 0x6E, 0x65, 0x6B, 0x07, 0x75, 0x6E, 0x69, 0x30, 0x31,
	0x32, 0x33, 0x0A, 0x67, 0x64, 0x6F, 0x74, 0x61, 0x63, 0x63, 0x65, 0x6E,
	0x74, 0x04, 0x68, 0x62, 0x61, 0x72, 0x09, 0x69, 0x2E, 0x6C, 0x6F, 0x63,
	0x6C, 0x54, 0x52, 0x4B, 0x02, 0x69, 0x6A, 0x07, 0x69, 0x6D, 0x61, 0x63,
	0x72, 0x6F, 0x6E, 0x07, 0x69, 0x6F, 0x67, 0x6F, 0x6E, 0x65, 0x6B, 0x07,
	0x75, 0x6E, 0x69, 0x30, 0x32, 0x33, 0x37, 0x0B, 0x75, 0x6E, 0x69, 0x30,
	0x30, 0x36, 0x41, 0x30, 0x33, 0x30, 0x31, 0x07, 0x75, 0x6E, 0x69, 0x30,
	0x31, 0x33, 0x37, 0x06, 0x6C, 0x61, 0x63, 0x75, 0x74, 0x65, 0x06, 0x6C,
	0x63, 0x61, 0x72, 0x6F, 0x6E, 0x07, 0x75, 0x6E, 0x69, 0x30, 0x31, 0x33,
	0x43, 0x06, 0x6E, 0x61, 0x63, 0x75, 0x74, 0x65, 0x06, 0x6E, 0x63, 0x61,
	0x72, 0x6F, 0x6E, 0x07, 0x75, 0x6E, 0x69, 0x30, 0x31, 0x34, 0x36, 0x03,
	0x65, 0x6E, 0x67, 0x0D, 0x6F, 0x68, 0x75, 0x6E, 0x67, 0x61, 0x72, 0x75,
	0x6D, 0x6C, 0x61, 0x75, 0x74, 0x07, 0x6F, 0x6D, 0x61, 0x63, 0x72, 0x6F,
	0x6E, 0x06, 0x72, 0x61, 0x63, 0x75, 0x74, 0x65, 0x06, 0x72, 0x63, 0x61,
	0x72, 0x6F, 0x6E, 0x07, 0x75, 0x6E, 0x69, 0x30, 0x31, 0x35, 0x37, 0x06,
	0x73, 0x61, 0x63, 0x75, 0x74, 0x65, 0x07, 0x75, 0x6E, 0x69, 0x30, 0x32,
	0x31, 0x39, 0x06, 0x74, 0x63, 0x61, 0x72, 0x6F, 0x6E, 0x07, 0x75, 0x6E,
	0x69, 0x30, 0x32, 0x31, 0x42, 0x06, 0x75, 0x62, 0x72, 0x65, 0x76, 0x65,
	0x0D, 0x75, 0x68, 0x75, 0x6E, 0x67, 0x61, 0x72, 0x75, 0x6D, 0x6C, 0x61,
	0x75, 0x74, 0x07, 0x75, 0x6D, 0x61, 0x63, 0x72, 0x6F, 0x6E, 0x07, 0x75,
	0x6F, 0x67, 0x6F, 0x6E, 0x65, 0x6B, 0x05, 0x75, 0x72, 0x69, 0x6E, 0x67,
	0x06, 0x77, 0x61, 0x63, 0x75, 0x74, 0x65, 0x0B, 0x77, 0x63, 0x69, 0x72,
	0x63, 0x75, 0x6D, 0x66, 0x6C, 0x65, 0x78, 0x09, 0x77, 0x64, 0x69, 0x65,
	0x72, 0x65, 0x73, 0x69, 0x73, 0x06, 0x77, 0x67, 0x72, 0x61, 0x76, 0x65,
	0x0B, 0x79, 0x63, 0x69, 0x72, 0x63, 0x75, 0x6D, 0x66, 0x6C, 0x65, 0x78,
	0x06, 0x79, 0x67, 0x72, 0x61, 0x76, 0x65, 0x06, 0x7A, 0x61, 0x63, 0x75,
	0x74, 0x65, 0x0A, 0x7A, 0x64, 0x6F, 0x74, 0x61, 0x63, 0x63, 0x65, 0x6E,
	0x74, 0x07, 0x7A, 0x65, 0x72, 0x6F, 0x2E, 0x74, 0x66, 0x06, 0x6F, 0x6E,
	0x65, 0x2E, 0x74, 0x66, 0x06, 0x74, 0x77, 0x6F, 0x2E, 0x74, 0x66, 0x08,
	0x74, 0x68, 0x72, 0x65, 0x65, 0x2E, 0x74, 0x66, 0x07, 0x66, 0x6F, 0x75,
	0x72, 0x2E, 0x74, 0x66, 0x07, 0x66, 0x69, 0x76, 0x65, 0x2E, 0x74, 0x66,
	0x06, 0x73, 0x69, 0x78, 0x2E, 0x74, 0x66, 0x08, 0x73, 0x65, 0x76, 0x65,
	0x6E, 0x2E, 0x74, 0x66, 0x08, 0x65, 0x69, 0x67, 0x68, 0x74, 0x2E, 0x74,
	0x66, 0x07, 0x6E, 0x69, 0x6E, 0x65, 0x2E, 0x74, 0x66, 0x07, 0x75, 0x6E,
	0x69, 0x32, 0x30, 0x30, 0x41, 0x07, 0x75, 0x6E, 0x69, 0x30, 0x30, 0x41,
	0x30, 0x16, 0x70, 0x65, 0x72, 0x69, 0x6F, 0x64, 0x63, 0x65, 0x6E, 0x74,
	0x65, 0x72, 0x65, 0x64, 0x2E, 0x6C, 0x6F, 0x63, 0x6C, 0x43, 0x41, 0x54,
	0x1B, 0x70, 0x65, 0x72, 0x69, 0x6F, 0x64, 0x63, 0x65, 0x6E, 0x74, 0x65,
	0x72, 0x65, 0x64, 0x2E, 0x6C, 0x6F, 0x63, 0x6C, 0x43, 0x41, 0x54, 0x2E,
	0x63, 0x61, 0x73, 0x65, 0x07, 0x75, 0x6E, 0x69, 0x32, 0x36, 0x39, 0x38,
	0x04, 0x45, 0x75, 0x72, 0x6F, 0x07, 0x75, 0x6E, 0x69, 0x30, 0x33, 0x30,
	0x38, 0x07, 0x75, 0x6E, 0x69, 0x30, 0x33, 0x30, 0x37, 0x09, 0x67, 0x72,
	0x61, 0x76, 0x65, 0x63, 0x6F, 0x6D, 0x62, 0x09, 0x61, 0x63, 0x75, 0x74,
	0x65, 0x63, 0x6F, 0x6D, 0x62, 0x07, 0x75, 0x6E, 0x69, 0x30, 0x33, 0x30,
	0x42, 0x07, 0x75, 0x6E, 0x69, 0x30, 0x33, 0x30, 0x32, 0x07, 0x75, 0x6E,
	0x69, 0x30, 0x33, 0x30, 0x43, 0x07, 0x75, 0x6E, 0x69, 0x30, 0x33, 0x30,
	0x36, 0x07, 0x75, 0x6E, 0x69, 0x30, 0x33, 0x30, 0x41, 0x09, 0x74, 0x69,
	0x6C, 0x64, 0x65, 0x63, 0x6F, 0x6D, 0x62, 0x07, 0x75, 0x6E, 0x69, 0x30,
	0x33, 0x30, 0x34, 0x07, 0x75, 0x6E, 0x69, 0x30, 0x33, 0x31, 0x32, 0x07,
	0x75, 0x6E, 0x69, 0x30, 0x33, 0x32, 0x36, 0x07, 0x75, 0x6E, 0x69, 0x30,
	0x33, 0x32, 0x37, 0x07, 0x75, 0x6E, 0x69, 0x30, 0x33, 0x32, 0x38, 0x0C,
	0x75, 0x6E, 0x69, 0x30, 0x33, 0x30, 0x38, 0x2E, 0x63, 0x61, 0x73, 0x65,
	0x0C, 0x75, 0x6E, 0x69, 0x30, 0x33, 0x30, 0x37, 0x2E, 0x63, 0x61, 0x73,
	0x65, 0x0E, 0x67, 0x72, 0x61, 0x76, 0x65, 0x63, 0x6F, 0x6D, 0x62, 0x2E,
	0x63, 0x61, 0x73, 0x65, 0x0E, 0x61, 0x63, 0x75, 0x74, 0x65, 0x63, 0x6F,
	0x6D, 0x62, 0x2E, 0x63, 0x61, 0x73, 0x65, 0x0C, 0x75, 0x6E, 0x69, 0x30,
	0x33, 0x30, 0x42, 0x2E, 0x63, 0x61, 0x73, 0x65, 0x0C, 0x75, 0x6E, 0x69,
	0x30, 0x33, 0x30, 0x32, 0x2E, 0x63, 0x61, 0x73, 0x65, 0x0C, 0x75, 0x6E,
	0x69, 0x30, 0x33, 0x30, 0x43, 0x2E, 0x63, 0x61, 0x73, 0x65, 0x0C, 0x75,
	0x6E, 0x69, 0x30, 0x33, 0x30, 0x36, 0x2E, 0x63, 0x61, 0x73, 0x65, 0x0C,
	0x75, 0x6E, 0x69, 0x30, 0x33, 0x30, 0x41, 0x2E, 0x63, 0x61, 0x73, 0x65,
	0x0E, 0x74, 0x69, 0x6C, 0x64, 0x65, 0x63, 0x6F, 0x6D, 0x62, 0x2E, 0x63,
	0x61, 0x73, 0x65, 0x0C, 0x75, 0x6E, 0x69, 0x30, 0x33, 0x30, 0x34, 0x2E,
	0x63, 0x61, 0x73, 0x65, 0xB0, 0x00, 0x2C, 0x20, 0xB0, 0x00, 0x55, 0x58,
	0x45, 0x59, 0x20, 0x20, 0x4B, 0xB8, 0x00, 0x0E, 0x51, 0x4B, 0xB0, 0x06,
	0x53, 0x5A, 0x58, 0xB0, 0x34, 0x1B, 0xB0, 0x28, 0x59, 0x60, 0x66, 0x20,
	0x8A, 0x55, 0x58, 0xB0, 0x02, 0x25, 0x61, 0xB9, 0x08, 0x00, 0x08, 0x00,
	0x63, 0x63, 0x23, 0x62, 0x1B, 0x21, 0x21, 0xB0, 0x00, 0x59, 0xB0, 0x00,
	0x43, 0x23, 0x44, 0xB2, 0x00, 0x01, 0x00, 0x43, 0x60, 0x42, 0x2D, 0xB0,
	0x01, 0x2C, 0xB0, 0x20, 0x60, 0x66, 0x2D, 0xB0, 0x02, 0x2C, 0x23, 0x21,
	0x23, 0x21, 0x2D, 0xB0, 0x03, 0x2C, 0x20, 0x64, 0xB3, 0x03, 0x14, 0x15,
	0x00, 0x42, 0x43, 0xB0, 0x13, 0x43, 0x20, 0x60, 0x60, 0x42, 0xB1, 0x02,
	0x14, 0x43, 0x42, 0xB1, 0x25, 0x03, 0x43, 0xB0, 0x02, 0x43, 0x54, 0x78,
	0x20, 0xB0, 0x0C, 0x23, 0xB0, 0x02, 0x43, 0x43, 0x61, 0x64, 0xB0, 0x04,
	0x50, 0x78, 0xB2, 0x02, 0x02, 0x02, 0x43, 0x60, 0x42, 0xB0, 0x21, 0x65,
	0x1C, 0x21, 0xB0, 0x02, 0x43, 0x43, 0xB2, 0x0E, 0x15, 0x01, 0x42, 0x1C,
	0x20, 0xB0, 0x02, 0x43, 0x23, 0x42, 0xB2, 0x13, 0x01, 0x13, 0x43, 0x60,
	0x42, 0x23, 0xB0, 0x00, 0x50, 0x58, 0x65, 0x59, 0xB2, 0x16, 0x01, 0x02,
	0x43, 0x60, 0x42, 0x2D, 0xB0, 0x04, 0x2C, 0xB0, 0x03, 0x2B, 0xB0, 0x15,
	0x43, 0x58, 0x23, 0x21, 0x23, 0x21, 0xB0, 0x16, 0x43, 0x43, 0x23, 0xB0,
	0x00, 0x50, 0x58, 0x65, 0x59, 0x1B, 0x20, 0x64, 0x20, 0xB0, 0xC0, 0x50,
	0xB0, 0x04, 0x26, 0x5A, 0xB2, 0x28, 0x01, 0x0D, 0x43, 0x45, 0x63, 0x45,
	0xB0, 0x06, 0x45, 0x58, 0x21, 0xB0, 0x03, 0x25, 0x59, 0x52, 0x5B, 0x58,
	0x21, 0x23, 0x21, 0x1B, 0x8A, 0x58, 0x20, 0xB0, 0x50, 0x50, 0x58, 0x21,
	0xB0, 0x40, 0x59, 0x1B, 0x20, 0xB0, 0x38, 0x50, 0x58, 0x21, 0xB0, 0x38,
	0x59, 0x59, 0x20, 0xB1, 0x01, 0x0D, 0x43, 0x45, 0x63, 0x45, 0x61, 0x64,
	0xB0, 0x28, 0x50, 0x58, 0x21, 0xB1, 0x01, 0x0D, 0x43, 0x45, 0x63, 0x45,
	0x20, 0xB0, 0x30, 0x50, 0x58, 0x21, 0xB0, 0x30, 0x59, 0x1B, 0x20, 0xB0,
	0xC0, 0x50, 0x58, 0x20, 0x66, 0x20, 0x8A, 0x8A, 0x61, 0x20, 0xB0, 0x0A,
	0x50, 0x58, 0x60, 0x1B, 0x20, 0xB0, 0x20, 0x50, 0x58, 0x21, 0xB0, 0x0A,
	0x60, 0x1B, 0x20, 0xB0, 0x36, 0x50, 0x58, 0x21, 0xB0, 0x36, 0x60, 0x1B,
	0x60, 0x59, 0x59, 0x59, 0x1B, 0xB0, 0x02, 0x25, 0xB0, 0x0C, 0x43, 0x63,
	0xB0, 0x00, 0x52, 0x58, 0xB0, 0x00, 0x4B, 0xB0, 0x0A, 0x50, 0x58, 0x21,
	0xB0, 0x0C, 0x43, 0x1B, 0x4B, 0xB0, 0x1E, 0x50, 0x58, 0x21, 0xB0, 0x1E,
	0x4B, 0x61, 0xB8, 0x10, 0x00, 0x63, 0xB0, 0x0C, 0x43, 0x63, 0xB8, 0x05,
	0x00, 0x62, 0x59, 0x59, 0x64, 0x61, 0x59, 0xB0, 0x01, 0x2B, 0x59, 0x59,
	0x23, 0xB0, 0x00, 0x50, 0x58, 0x65, 0x59, 0x59, 0x20, 0x64, 0xB0, 0x16,
	0x43, 0x23, 0x42, 0x59, 0x2D, 0xB0, 0x05, 0x2C, 0x20, 0x45, 0x20, 0xB0,
	0x04, 0x25, 0x61, 0x64, 0x20, 0xB0, 0x07, 0x43, 0x50, 0x58, 0xB0, 0x07,
	0x23, 0x42, 0xB0, 0x08, 0x23, 0x42, 0x1B, 0x21, 0x21, 0x59, 0xB0, 0x01,
	0x60, 0x2D, 0xB0, 0x06, 0x2C, 0x23, 0x21, 0x23, 0x21, 0xB0, 0x03, 0x2B,
	0x20, 0x64, 0xB1, 0x07, 0x62, 0x42, 0x20, 0xB0, 0x08, 0x23, 0x42, 0xB0,
	0x06, 0x45, 0x58, 0x1B, 0xB1, 0x01, 0x0D, 0x43, 0x45, 0x63, 0xB1, 0x01,
	0x0D, 0x43, 0xB0, 0x01, 0x60, 0x45, 0x63, 0xB0, 0x05, 0x2A, 0x21, 0x20,
	0xB0, 0x08, 0x43, 0x20, 0x8A, 0x20, 0x8A, 0xB0, 0x01, 0x2B, 0xB1, 0x30,
	0x05, 0x25, 0xB0, 0x04, 0x26, 0x51, 0x58, 0x60, 0x50, 0x1B, 0x61, 0x52,
	0x59, 0x58, 0x23, 0x59, 0x21, 0x59, 0x20, 0xB0, 0x40, 0x53, 0x58, 0xB0,
	0x01, 0x2B, 0x1B, 0x21, 0xB0, 0x40, 0x59, 0x23, 0xB0, 0x00, 0x50, 0x58,
	0x65, 0x59, 0x2D, 0xB0, 0x07, 0x2C, 0xB0, 0x09, 0x43, 0x2B, 0xB2, 0x00,
	0x02, 0x00, 0x43, 0x60, 0x42, 0x2D, 0xB0, 0x08, 0x2C, 0xB0, 0x09, 0x23,
	0x42, 0x23, 0x20, 0xB0, 0x00, 0x23, 0x42, 0x61, 0xB0, 0x02, 0x62, 0x66,
	0xB0, 0x01, 0x63, 0xB0, 0x01, 0x60, 0xB0, 0x07, 0x2A, 0x2D, 0xB0, 0x09,
	0x2C, 0x20, 0x20, 0x45, 0x20, 0xB0, 0x0E, 0x43, 0x63, 0xB8, 0x04, 0x00,
	0x62, 0x20, 0xB0, 0x00, 0x50, 0x58, 0xB0, 0x40, 0x60, 0x59, 0x66, 0xB0,
	0x01, 0x63, 0x60, 0x44, 0xB0, 0x01, 0x60, 0x2D, 0xB0, 0x0A, 0x2C, 0xB2,
	0x09, 0x0E, 0x00, 0x43, 0x45, 0x42, 0x2A, 0x21, 0xB2, 0x00, 0x01, 0x00,
	0x43, 0x60, 0x42, 0x2D, 0xB0, 0x0B, 0x2C, 0xB0, 0x00, 0x43, 0x23, 0x44,
	0xB2, 0x00, 0x01, 0x00, 0x43, 0x60, 0x42, 0x2D, 0xB0, 0x0C, 0x2C, 0x20,
	0x20, 0x45, 0x20, 0xB0, 0x01, 0x2B, 0x23, 0xB0, 0x00, 0x43, 0xB0, 0x04,
	0x25, 0x60, 0x20, 0x45, 0x8A, 0x23, 0x61, 0x20, 0x64, 0x20, 0xB0, 0x20,
	0x50, 0x58, 0x21, 0xB0, 0x00, 0x1B, 0xB0, 0x30, 0x50, 0x58, 0xB0, 0x20,
	0x1B, 0xB0, 0x40, 0x59, 0x59, 0x23, 0xB0, 0x00, 0x50, 0x58, 0x65, 0x59,
	0xB0, 0x03, 0x25, 0x23, 0x61, 0x44, 0x44, 0xB0, 0x01, 0x60, 0x2D, 0xB0,
	0x0D, 0x2C, 0x20, 0x20, 0x45, 0x20, 0xB0, 0x01, 0x2B, 0x23, 0xB0, 0x00,
	0x43, 0xB0, 0x04, 0x25, 0x60, 0x20, 0x45, 0x8A, 0x23, 0x61, 0x20, 0x64,
	0xB0, 0x24, 0x50, 0x58, 0xB0, 0x00, 0x1B, 0xB0, 0x40, 0x59, 0x23, 0xB0,
	0x00, 0x50, 0x58, 0x65, 0x59, 0xB0, 0x03, 0x25, 0x23, 0x61, 0x44, 0x44,
	0xB0, 0x01, 0x60, 0x2D, 0xB0, 0x0E, 0x2C, 0x20, 0xB0, 0x00, 0x23, 0x42,
	0xB3, 0x0D, 0x0C, 0x00, 0x03, 0x45, 0x50, 0x58, 0x21, 0x1B, 0x23, 0x21,
	0x59, 0x2A, 0x21, 0x2D, 0xB0, 0x0F, 0x2C, 0xB1, 0x02, 0x02, 0x45, 0xB0,
	0x64, 0x61, 0x44, 0x2D, 0xB0, 0x10, 0x2C, 0xB0, 0x01, 0x60, 0x20, 0x20,
	0xB0, 0x0F, 0x43, 0x4A, 0xB0, 0x00, 0x50, 0x58, 0x20, 0xB0, 0x0F, 0x23,
	0x42, 0x59, 0xB0, 0x10, 0x43, 0x4A, 0xB0, 0x00, 0x52, 0x58, 0x20, 0xB0,
	0x10, 0x23, 0x42, 0x59, 0x2D, 0xB0, 0x11, 0x2C, 0x20, 0xB0, 0x10, 0x62,
	0x66, 0xB0, 0x01, 0x63, 0x20, 0xB8, 0x04, 0x00, 0x63, 0x8A, 0x23, 0x61,
	0xB0, 0x11, 0x43, 0x60, 0x20, 0x8A, 0x60, 0x20, 0xB0, 0x11, 0x23, 0x42,
	0x23, 0x2D, 0xB0, 0x12, 0x2C, 0x4B, 0x54, 0x58, 0xB1, 0x04, 0x64, 0x44,
	0x59, 0x24, 0xB0, 0x0D, 0x65, 0x23, 0x78, 0x2D, 0xB0, 0x13, 0x2C, 0x4B,
	0x51, 0x58, 0x4B, 0x53, 0x58, 0xB1, 0x04, 0x64, 0x44, 0x59, 0x1B, 0x21,
	0x59, 0x24, 0xB0, 0x13, 0x65, 0x23, 0x78, 0x2D, 0xB0, 0x14, 0x2C, 0xB1,
	0x00, 0x12, 0x43, 0x55, 0x58, 0xB1, 0x12, 0x12, 0x43, 0xB0, 0x01, 0x61,
	0x42, 0xB0, 0x11, 0x2B, 0x59, 0xB0, 0x00, 0x43, 0xB0, 0x02, 0x25, 0x42,
	0xB1, 0x0F, 0x02, 0x25, 0x42, 0xB1, 0x10, 0x02, 0x25, 0x42, 0xB0, 0x01,
	0x16, 0x23, 0x20, 0xB0, 0x03, 0x25, 0x50, 0x58, 0xB1, 0x01, 0x00, 0x43,
	0x60, 0xB0, 0x04, 0x25, 0x42, 0x8A, 0x8A, 0x20, 0x8A, 0x23, 0x61, 0xB0,
	0x10, 0x2A, 0x21, 0x23, 0xB0, 0x01, 0x61, 0x20, 0x8A, 0x23, 0x61, 0xB0,
	0x10, 0x2A, 0x21, 0x1B, 0xB1, 0x01, 0x00, 0x43, 0x60, 0xB0, 0x02, 0x25,
	0x42, 0xB0, 0x02, 0x25, 0x61, 0xB0, 0x10, 0x2A, 0x21, 0x59, 0xB0, 0x0F,
	0x43, 0x47, 0xB0, 0x10, 0x43, 0x47, 0x60, 0xB0, 0x02, 0x62, 0x20, 0xB0,
	0x00, 0x50, 0x58, 0xB0, 0x40, 0x60, 0x59, 0x66, 0xB0, 0x01, 0x63, 0x20,
	0xB0, 0x0E, 0x43, 0x63, 0xB8, 0x04, 0x00, 0x62, 0x20, 0xB0, 0x00, 0x50,
	0x58, 0xB0, 0x40, 0x60, 0x59, 0x66, 0xB0, 0x01, 0x63, 0x60, 0xB1, 0x00,
	0x00, 0x13, 0x23, 0x44, 0xB0, 0x01, 0x43, 0xB0, 0x00, 0x3E, 0xB2, 0x01,
	0x01, 0x01, 0x43, 0x60, 0x42, 0x2D, 0xB0, 0x15, 0x2C, 0x00, 0xB1, 0x00,
	0x02, 0x45, 0x54, 0x58, 0xB0, 0x12, 0x23, 0x42, 0x20, 0x45, 0xB0, 0x0E,
	0x23, 0x42, 0xB0, 0x0D, 0x23, 0xB0, 0x01, 0x60, 0x42, 0x20, 0x60, 0xB7,
	0x18, 0x18, 0x01, 0x00, 0x11, 0x00, 0x13, 0x00, 0x42, 0x42, 0x42, 0x8A,
	0x60, 0x20, 0xB0, 0x14, 0x23, 0x42, 0xB0, 0x01, 0x61, 0xB1, 0x14, 0x08,
	0x2B, 0xB0, 0x8B, 0x2B, 0x1B, 0x22, 0x59, 0x2D, 0xB0, 0x16, 0x2C, 0xB1,
	0x00, 0x15, 0x2B, 0x2D, 0xB0, 0x17, 0x2C, 0xB1, 0x01, 0x15, 0x2B, 0x2D,
	0xB0, 0x18, 0x2C, 0xB1, 0x02, 0x15, 0x2B, 0x2D, 0xB0, 0x19, 0x2C, 0xB1,
	0x03, 0x15, 0x2B, 0x2D, 0xB0, 0x1A, 0x2C, 0xB1, 0x04, 0x15, 0x2B, 0x2D,
	0xB0, 0x1B, 0x2C, 0xB1, 0x05, 0x15, 0x2B, 0x2D, 0xB0, 0x1C, 0x2C, 0xB1,
	0x06, 0x15, 0x2B, 0x2D, 0xB0, 0x1D, 0x2C, 0xB1, 0x07, 0x15, 0x2B, 0x2D,
	0xB0, 0x1E, 0x2C, 0xB1, 0x08, 0x15, 0x2B, 0x2D, 0xB0, 0x1F, 0x2C, 0xB1,
	0x09, 0x15, 0x2B, 0x2D, 0xB0, 0x2B, 0x2C, 0x23, 0x20, 0xB0, 0x10, 0x62,
	0x66, 0xB0, 0x01, 0x63, 0xB0, 0x06, 0x60, 0x4B, 0x54, 0x58, 0x23, 0x20,
	0x2E, 0xB0, 0x01, 0x5D, 0x1B, 0x21, 0x21, 0x59, 0x2D, 0xB0, 0x2C, 0x2C,
	0x23, 0x20, 0xB0, 0x10, 0x62, 0x66, 0xB0, 0x01, 0x63, 0xB0, 0x16, 0x60,
	0x4B, 0x54, 0x58, 0x23, 0x20, 0x2E, 0xB0, 0x01, 0x71, 0x1B, 0x21, 0x21,
	0x59, 0x2D, 0xB0, 0x2D, 0x2C, 0x23, 0x20, 0xB0, 0x10, 0x62, 0x66, 0xB0,
	0x01, 0x63, 0xB0, 0x26, 0x60, 0x4B, 0x54, 0x58, 0x23, 0x20, 0x2E, 0xB0,
	0x01, 0x72, 0x1B, 0x21, 0x21, 0x59, 0x2D, 0xB0, 0x20, 0x2C, 0x00, 0xB0,
	0x0F, 0x2B, 0xB1, 0x00, 0x02, 0x45, 0x54, 0x58, 0xB0, 0x12, 0x23, 0x42,
	0x20, 0x45, 0xB0, 0x0E, 0x23, 0x42, 0xB0, 0x0D, 0x23, 0xB0, 0x01, 0x60,
	0x42, 0x20, 0x60, 0xB0, 0x01, 0x61, 0xB5, 0x18, 0x18, 0x01, 0x00, 0x11,
	0x00, 0x42, 0x42, 0x8A, 0x60, 0xB1, 0x14, 0x08, 0x2B, 0xB0, 0x8B, 0x2B,
	0x1B, 0x22, 0x59, 0x2D, 0xB0, 0x21, 0x2C, 0xB1, 0x00, 0x20, 0x2B, 0x2D,
	0xB0, 0x22, 0x2C, 0xB1, 0x01, 0x20, 0x2B, 0x2D, 0xB0, 0x23, 0x2C, 0xB1,
	0x02, 0x20, 0x2B, 0x2D, 0xB0, 0x24, 0x2C, 0xB1, 0x03, 0x20, 0x2B, 0x2D,
	0xB0, 0x25, 0x2C, 0xB1, 0x04, 0x20, 0x2B, 0x2D, 0xB0, 0x26, 0x2C, 0xB1,
	0x05, 0x20, 0x2B, 0x2D, 0xB0, 0x27, 0x2C, 0xB1, 0x06, 0x20, 0x2B, 0x2D,
	0xB0, 0x28, 0x2C, 0xB1, 0x07, 0x20, 0x2B, 0x2D, 0xB0, 0x29, 0x2C, 0xB1,
	0x08, 0x20, 0x2B, 0x2D, 0xB0, 0x2A, 0x2C, 0xB1, 0x09, 0x20, 0x2B, 0x2D,
	0xB0, 0x2E, 0x2C, 0x20, 0x3C, 0xB0, 0x01, 0x60, 0x2D, 0xB0, 0x2F, 0x2C,
	0x20, 0x60, 0xB0, 0x18, 0x60, 0x20, 0x43, 0x23, 0xB0, 0x01, 0x60, 0x43,
	0xB0, 0x02, 0x25, 0x61, 0xB0, 0x01, 0x60, 0xB0, 0x2E, 0x2A, 0x21, 0x2D,
	0xB0, 0x30, 0x2C, 0xB0, 0x2F, 0x2B, 0xB0, 0x2F, 0x2A, 0x2D, 0xB0, 0x31,
	0x2C, 0x20, 0x20, 0x47, 0x20, 0x20, 0xB0, 0x0E, 0x43, 0x63, 0xB8, 0x04,
	0x00, 0x62, 0x20, 0xB0, 0x00, 0x50, 0x58, 0xB0, 0x40, 0x60, 0x59, 0x66,
	0xB0, 0x01, 0x63, 0x60, 0x23, 0x61, 0x38, 0x23, 0x20, 0x8A, 0x55, 0x58,
	0x20, 0x47, 0x20, 0x20, 0xB0, 0x0E, 0x43, 0x63, 0xB8, 0x04, 0x00, 0x62,
	0x20, 0xB0, 0x00, 0x50, 0x58, 0xB0, 0x40, 0x60, 0x59, 0x66, 0xB0, 0x01,
	0x63, 0x60, 0x23, 0x61, 0x38, 0x1B, 0x21, 0x59, 0x2D, 0xB0, 0x32, 0x2C,
	0x00, 0xB1, 0x00, 0x02, 0x45, 0x54, 0x58, 0xB1, 0x0E, 0x06, 0x45, 0x42,
	0xB0, 0x01, 0x16, 0xB0, 0x31, 0x2A, 0xB1, 0x05, 0x01, 0x15, 0x45, 0x58,
	0x30, 0x59, 0x1B, 0x22, 0x59, 0x2D, 0xB0, 0x33, 0x2C, 0x00, 0xB0, 0x0F,
	0x2B, 0xB1, 0x00, 0x02, 0x45, 0x54, 0x58, 0xB1, 0x0E, 0x06, 0x45, 0x42,
	0xB0, 0x01, 0x16, 0xB0, 0x31, 0x2A, 0xB1, 0x05, 0x01, 0x15, 0x45, 0x58,
	0x30, 0x59, 0x1B, 0x22, 0x59, 0x2D, 0xB0, 0x34, 0x2C, 0x20, 0x35, 0xB0,
	0x01, 0x60, 0x2D, 0xB0, 0x35, 0x2C, 0x00, 0xB1, 0x0E, 0x06, 0x45, 0x42,
	0xB0, 0x01, 0x45, 0x63, 0xB8, 0x04, 0x00, 0x62, 0x20, 0xB0, 0x00, 0x50,
	0x58, 0xB0, 0x40, 0x60, 0x59, 0x66, 0xB0, 0x01, 0x63, 0xB0, 0x01, 0x2B,
	0xB0, 0x0E, 0x43, 0x63, 0xB8, 0x04, 0x00, 0x62, 0x20, 0xB0, 0x00, 0x50,
	0x58, 0xB0, 0x40, 0x60, 0x59, 0x66, 0xB0, 0x01, 0x63, 0xB0, 0x01, 0x2B,
	0xB0, 0x00, 0x16, 0xB4, 0x00, 0x00, 0x00, 0x00, 0x00, 0x44, 0x3E, 0x23,
	0x38, 0xB1, 0x34, 0x01, 0x15, 0x2A, 0x21, 0x2D, 0xB0, 0x36, 0x2C, 0x20,
	0x3C, 0x20, 0x47, 0x20, 0xB0, 0x0E, 0x43, 0x63, 0xB8, 0x04, 0x00, 0x62,
	0x20, 0xB0, 0x00, 0x50, 0x58, 0xB0, 0x40, 0x60, 0x59, 0x66, 0xB0, 0x01,
	0x63, 0x60, 0xB0, 0x00, 0x43, 0x61, 0x38, 0x2D, 0xB0, 0x37, 0x2C, 0x2E,
	0x17, 0x3C, 0x2D, 0xB0, 0x38, 0x2C, 0x20, 0x3C, 0x20, 0x47, 0x20, 0xB0,
	0x0E, 0x43, 0x63, 0xB8, 0x04, 0x00, 0x62, 0x20, 0xB0, 0x00, 0x50, 0x58,
	0xB0, 0x40, 0x60, 0x59, 0x66, 0xB0, 0x01, 0x63, 0x60, 0xB0, 0x00, 0x43,
	0x61, 0xB0, 0x01, 0x43, 0x63, 0x38, 0x2D, 0xB0, 0x39, 0x2C, 0xB1, 0x02,
	0x00, 0x16, 0x25, 0x20, 0x2E, 0x20, 0x47, 0xB0, 0x00, 0x23, 0x42, 0xB0,
	0x02, 0x25, 0x49, 0x8A, 0x8A, 0x47, 0x23, 0x47, 0x23, 0x61, 0x20, 0x58,
	0x62, 0x1B, 0x21, 0x59, 0xB0, 0x01, 0x23, 0x42, 0xB2, 0x38, 0x01, 0x01,
	0x15, 0x14, 0x2A, 0x2D, 0xB0, 0x3A, 0x2C, 0xB0, 0x00, 0x16, 0xB0, 0x17,
	0x23, 0x42, 0xB0, 0x04, 0x25, 0xB0, 0x04, 0x25, 0x47, 0x23, 0x47, 0x23,
	0x61, 0xB1, 0x0C, 0x00, 0x42, 0xB0, 0x0B, 0x43, 0x2B, 0x65, 0x8A, 0x2E,
	0x23, 0x20, 0x20, 0x3C, 0x8A, 0x38, 0x2D, 0xB0, 0x3B, 0x2C, 0xB0, 0x00,
	0x16, 0xB0, 0x17, 0x23, 0x42, 0xB0, 0x04, 0x25, 0xB0, 0x04, 0x25, 0x20,
	0x2E, 0x47, 0x23, 0x47, 0x23, 0x61, 0x20, 0xB0, 0x06, 0x23, 0x42, 0xB1,
	0x0C, 0x00, 0x42, 0xB0, 0x0B, 0x43, 0x2B, 0x20, 0xB0, 0x60, 0x50, 0x58,
	0x20, 0xB0, 0x40, 0x51, 0x58, 0xB3, 0x04, 0x20, 0x05, 0x20, 0x1B, 0xB3,
	0x04, 0x26, 0x05, 0x1A, 0x59, 0x42, 0x42, 0x23, 0x20, 0xB0, 0x0A, 0x43,
	0x20, 0x8A, 0x23, 0x47, 0x23, 0x47, 0x23, 0x61, 0x23, 0x46, 0x60, 0xB0,
	0x06, 0x43, 0xB0, 0x02, 0x62, 0x20, 0xB0, 0x00, 0x50, 0x58, 0xB0, 0x40,
	0x60, 0x59, 0x66, 0xB0, 0x01, 0x63, 0x60, 0x20, 0xB0, 0x01, 0x2B, 0x20,
	0x8A, 0x8A, 0x61, 0x20, 0xB0, 0x04, 0x43, 0x60, 0x64, 0x23, 0xB0, 0x05,
	0x43, 0x61, 0x64, 0x50, 0x58, 0xB0, 0x04, 0x43, 0x61, 0x1B, 0xB0, 0x05,
	0x43, 0x60, 0x59, 0xB0, 0x03, 0x25, 0xB0, 0x02, 0x62, 0x20, 0xB0, 0x00,
	0x50, 0x58, 0xB0, 0x40, 0x60, 0x59, 0x66, 0xB0, 0x01, 0x63, 0x61, 0x23,
	0x20, 0x20, 0xB0, 0x04, 0x26, 0x23, 0x46, 0x61, 0x38, 0x1B, 0x23, 0xB0,
	0x0A, 0x43, 0x46, 0xB0, 0x02, 0x25, 0xB0, 0x0A, 0x43, 0x47, 0x23, 0x47,
	0x23, 0x61, 0x60, 0x20, 0xB0, 0x06, 0x43, 0xB0, 0x02, 0x62, 0x20, 0xB0,
	0x00, 0x50, 0x58, 0xB0, 0x40, 0x60, 0x59, 0x66, 0xB0, 0x01, 0x63, 0x60,
	0x23, 0x20, 0xB0, 0x01, 0x2B, 0x23, 0xB0, 0x06, 0x43, 0x60, 0xB0, 0x01,
	0x2B, 0xB0, 0x05, 0x25, 0x61, 0xB0, 0x05, 0x25, 0xB0, 0x02, 0x62, 0x20,
	0xB0, 0x00, 0x50, 0x58, 0xB0, 0x40, 0x60, 0x59, 0x66, 0xB0, 0x01, 0x63,
	0xB0, 0x04, 0x26, 0x61, 0x20, 0xB0, 0x04, 0x25, 0x60, 0x64, 0x23, 0xB0,
	0x03, 0x25, 0x60, 0x64, 0x50, 0x58, 0x21, 0x1B, 0x23, 0x21, 0x59, 0x23,
	0x20, 0x20, 0xB0, 0x04, 0x26, 0x23, 0x46, 0x61, 0x38, 0x59, 0x2D, 0xB0,
	0x3C, 0x2C, 0xB0, 0x00, 0x16, 0xB0, 0x17, 0x23, 0x42, 0x20, 0x20, 0x20,
	0xB0, 0x05, 0x26, 0x20, 0x2E, 0x47, 0x23, 0x47, 0x23, 0x61, 0x23, 0x3C,
	0x38, 0x2D, 0xB0, 0x3D, 0x2C, 0xB0, 0x00, 0x16, 0xB0, 0x17, 0x23, 0x42,
	0x20, 0xB0, 0x0A, 0x23, 0x42, 0x20, 0x20, 0x20, 0x46, 0x23, 0x47, 0xB0,
	0x01, 0x2B, 0x23, 0x61, 0x38, 0x2D, 0xB0, 0x3E, 0x2C, 0xB0, 0x00, 0x16,
	0xB0, 0x17, 0x23, 0x42, 0xB0, 0x03, 0x25, 0xB0, 0x02, 0x25, 0x47, 0x23,
	0x47, 0x23, 0x61, 0xB0, 0x00, 0x54, 0x58, 0x2E, 0x20, 0x3C, 0x23, 0x21,
	0x1B, 0xB0, 0x02, 0x25, 0xB0, 0x02, 0x25, 0x47, 0x23, 0x47, 0x23, 0x61,
	0x20, 0xB0, 0x05, 0x25, 0xB0, 0x04, 0x25, 0x47, 0x23, 0x47, 0x23, 0x61,
	0xB0, 0x06, 0x25, 0xB0, 0x05, 0x25, 0x49, 0xB0, 0x02, 0x25, 0x61, 0xB9,
	0x08, 0x00, 0x08, 0x00, 0x63, 0x63, 0x23, 0x20, 0x58, 0x62, 0x1B, 0x21,
	0x59, 0x63, 0xB8, 0x04, 0x00, 0x62, 0x20, 0xB0, 0x00, 0x50, 0x58, 0xB0,
	0x40, 0x60, 0x59, 0x66, 0xB0, 0x01, 0x63, 0x60, 0x23, 0x2E, 0x23, 0x20,
	0x20, 0x3C, 0x8A, 0x38, 0x23, 0x21, 0x59, 0x2D, 0xB0, 0x3F, 0x2C, 0xB0,
	0x00, 0x16, 0xB0, 0x17, 0x23, 0x42, 0x20, 0xB0, 0x0A, 0x43, 0x20, 0x2E,
	0x47, 0x23, 0x47, 0x23, 0x61, 0x20, 0x60, 0xB0, 0x20, 0x60, 0x66, 0xB0,
	0x02, 0x62, 0x20, 0xB0, 0x00, 0x50, 0x58, 0xB0, 0x40, 0x60, 0x59, 0x66,
	0xB0, 0x01, 0x63, 0x23, 0x20, 0x20, 0x3C, 0x8A, 0x38, 0x2D, 0xB0, 0x40,
	0x2C, 0x23, 0x20, 0x2E, 0x46, 0xB0, 0x02, 0x25, 0x46, 0xB0, 0x17, 0x43,
	0x58, 0x50, 0x1B, 0x52, 0x59, 0x58, 0x20, 0x3C, 0x59, 0x2E, 0xB1, 0x30,
	0x01, 0x14, 0x2B, 0x2D, 0xB0, 0x41, 0x2C, 0x23, 0x20, 0x2E, 0x46, 0xB0,
	0x02, 0x25, 0x46, 0xB0, 0x17, 0x43, 0x58, 0x52, 0x1B, 0x50, 0x59, 0x58,
	0x20, 0x3C, 0x59, 0x2E, 0xB1, 0x30, 0x01, 0x14, 0x2B, 0x2D, 0xB0, 0x42,
	0x2C, 0x23, 0x20, 0x2E, 0x46, 0xB0, 0x02, 0x25, 0x46, 0xB0, 0x17, 0x43,
	0x58, 0x50, 0x1B, 0x52, 0x59, 0x58, 0x20, 0x3C, 0x59, 0x23, 0x20, 0x2E,
	0x46, 0xB0, 0x02, 0x25, 0x46, 0xB0, 0x17, 0x43, 0x58, 0x52, 0x1B, 0x50,
	0x59, 0x58, 0x20, 0x3C, 0x59, 0x2E, 0xB1, 0x30, 0x01, 0x14, 0x2B, 0x2D,
	0xB0, 0x43, 0x2C, 0xB0, 0x3A, 0x2B, 0x23, 0x20, 0x2E, 0x46, 0xB0, 0x02,
	0x25, 0x46, 0xB0, 0x17, 0x43, 0x58, 0x50, 0x1B, 0x52, 0x59, 0x58, 0x20,
	0x3C, 0x59, 0x2E, 0xB1, 0x30, 0x01, 0x14, 0x2B, 0x2D, 0xB0, 0x44, 0x2C,
	0xB0, 0x3B, 0x2B, 0x8A, 0x20, 0x20, 0x3C, 0xB0, 0x06, 0x23, 0x42, 0x8A,
	0x38, 0x23, 0x20, 0x2E, 0x46, 0xB0, 0x02, 0x25, 0x46, 0xB0, 0x17, 0x43,
	0x58, 0x50, 0x1B, 0x52, 0x59, 0x58, 0x20, 0x3C, 0x59, 0x2E, 0xB1, 0x30,
	0x01, 0x14, 0x2B, 0xB0, 0x06, 0x43, 0x2E, 0xB0, 0x30, 0x2B, 0x2D, 0xB0,
	0x45, 0x2C, 0xB0, 0x00, 0x16, 0xB0, 0x04, 0x25, 0xB0, 0x04, 0x26, 0x20,
	0x20, 0x20, 0x46, 0x23, 0x47, 0x61, 0xB0, 0x0C, 0x23, 0x42, 0x2E, 0x47,
	0x23, 0x47, 0x23, 0x61, 0xB0, 0x0B, 0x43, 0x2B, 0x23, 0x20, 0x3C, 0x20,
	0x2E, 0x23, 0x38, 0xB1, 0x30, 0x01, 0x14, 0x2B, 0x2D, 0xB0, 0x46, 0x2C,
	0xB1, 0x0A, 0x04, 0x25, 0x42, 0xB0, 0x00, 0x16, 0xB0, 0x04, 0x25, 0xB0,
	0x04, 0x25, 0x20, 0x2E, 0x47, 0x23, 0x47, 0x23, 0x61, 0x20, 0xB0, 0x06,
	0x23, 0x42, 0xB1, 0x0C, 0x00, 0x42, 0xB0, 0x0B, 0x43, 0x2B, 0x20, 0xB0,
	0x60, 0x50, 0x58, 0x20, 0xB0, 0x40, 0x51, 0x58, 0xB3, 0x04, 0x20, 0x05,
	0x20, 0x1B, 0xB3, 0x04, 0x26, 0x05, 0x1A, 0x59, 0x42, 0x42, 0x23, 0x20,
	0x47, 0xB0, 0x06, 0x43, 0xB0, 0x02, 0x62, 0x20, 0xB0, 0x00, 0x50, 0x58,
	0xB0, 0x40, 0x60, 0x59, 0x66, 0xB0, 0x01, 0x63, 0x60, 0x20, 0xB0, 0x01,
	0x2B, 0x20, 0x8A, 0x8A, 0x61, 0x20, 0xB0, 0x04, 0x43, 0x60, 0x64, 0x23,
	0xB0, 0x05, 0x43, 0x61, 0x64, 0x50, 0x58, 0xB0, 0x04, 0x43, 0x61, 0x1B,
	0xB0, 0x05, 0x43, 0x60, 0x59, 0xB0, 0x03, 0x25, 0xB0, 0x02, 0x62, 0x20,
	0xB0, 0x00, 0x50, 0x58, 0xB0, 0x40, 0x60, 0x59, 0x66, 0xB0, 0x01, 0x63,
	0x61, 0xB0, 0x02, 0x25, 0x46, 0x61, 0x38, 0x23, 0x20, 0x3C, 0x23, 0x38,
	0x1B, 0x21, 0x20, 0x20, 0x46, 0x23, 0x47, 0xB0, 0x01, 0x2B, 0x23, 0x61,
	0x38, 0x21, 0x59, 0xB1, 0x30, 0x01, 0x14, 0x2B, 0x2D, 0xB0, 0x47, 0x2C,
	0xB1, 0x00, 0x3A, 0x2B, 0x2E, 0xB1, 0x30, 0x01, 0x14, 0x2B, 0x2D, 0xB0,
	0x48, 0x2C, 0xB1, 0x00, 0x3B, 0x2B, 0x21, 0x23, 0x20, 0x20, 0x3C, 0xB0,
	0x06, 0x23, 0x42, 0x23, 0x38, 0xB1, 0x30, 0x01, 0x14, 0x2B, 0xB0, 0x06,
	0x43, 0x2E, 0xB0, 0x30, 0x2B, 0x2D, 0xB0, 0x49, 0x2C, 0xB0, 0x00, 0x15,
	0x20, 0x47, 0xB0, 0x00, 0x23, 0x42, 0xB2, 0x00, 0x01, 0x01, 0x15, 0x14,
	0x13, 0x2E, 0xB0, 0x36, 0x2A, 0x2D, 0xB0, 0x4A, 0x2C, 0xB0, 0x00, 0x15,
	0x20, 0x47, 0xB0, 0x00, 0x23, 0x42, 0xB2, 0x00, 0x01, 0x01, 0x15, 0x14,
	0x13, 0x2E, 0xB0, 0x36, 0x2A, 0x2D, 0xB0, 0x4B, 0x2C, 0xB1, 0x00, 0x01,
	0x14, 0x13, 0xB0, 0x37, 0x2A, 0x2D, 0xB0, 0x4C, 0x2C, 0xB0, 0x39, 0x2A,
	0x2D, 0xB0, 0x4D, 0x2C, 0xB0, 0x00, 0x16, 0x45, 0x23, 0x20, 0x2E, 0x20,
	0x46, 0x8A, 0x23, 0x61, 0x38, 0xB1, 0x30, 0x01, 0x14, 0x2B, 0x2D, 0xB0,
	0x4E, 0x2C, 0xB0, 0x0A, 0x23, 0x42, 0xB0, 0x4D, 0x2B, 0x2D, 0xB0, 0x4F,
	0x2C, 0xB2, 0x00, 0x00, 0x46, 0x2B, 0x2D, 0xB0, 0x50, 0x2C, 0xB2, 0x00,
	0x01, 0x46, 0x2B, 0x2D, 0xB0, 0x51, 0x2C, 0xB2, 0x01, 0x00, 0x46, 0x2B,
	0x2D, 0xB0, 0x52, 0x2C, 0xB2, 0x01, 0x01, 0x46, 0x2B, 0x2D, 0xB0, 0x53,
	0x2C, 0xB2, 0x00, 0x00, 0x47, 0x2B, 0x2D, 0xB0, 0x54, 0x2C, 0xB2, 0x00,
	0x01, 0x47, 0x2B, 0x2D, 0xB0, 0x55, 0x2C, 0xB2, 0x01, 0x00, 0x47, 0x2B,
	0x2D, 0xB0, 0x56, 0x2C, 0xB2, 0x01, 0x01, 0x47, 0x2B, 0x2D, 0xB0, 0x57,
	0x2C, 0xB3, 0x00, 0x00, 0x00, 0x43, 0x2B, 0x2D, 0xB0, 0x58, 0x2C, 0xB3,
	0x00, 0x01, 0x00, 0x43, 0x2B, 0x2D, 0xB0, 0x59, 0x2C, 0xB3, 0x01, 0x00,
	0x00, 0x43, 0x2B, 0x2D, 0xB0, 0x5A, 0x2C, 0xB3, 0x01, 0x01, 0x00, 0x43,
	0x2B, 0x2D, 0xB0, 0x5B, 0x2C, 0xB3, 0x00, 0x00, 0x01, 0x43, 0x2B, 0x2D,
	0xB0, 0x5C, 0x2C, 0xB3, 0x00, 0x01, 0x01, 0x43, 0x2B, 0x2D, 0xB0, 0x5D,
	0x2C, 0xB3, 0x01, 0x00, 0x01, 0x43, 0x2B, 0x2D, 0xB0, 0x5E, 0x2C, 0xB3,
	0x01, 0x01, 0x01, 0x43, 0x2B, 0x2D, 0xB0, 0x5F, 0x2C, 0xB2, 0x00, 0x00,
	0x45, 0x2B, 0x2D, 0xB0, 0x60, 0x2C, 0xB2, 0x00, 0x01, 0x45, 0x2B, 0x2D,
	0xB0, 0x61, 0x2C, 0xB2, 0x01, 0x00, 0x45, 0x2B, 0x2D, 0xB0, 0x62, 0x2C,
	0xB2, 0x01, 0x01, 0x45, 0x2B, 0x2D, 0xB0, 0x63, 0x2C, 0xB2, 0x00, 0x00,
	0x48, 0x2B, 0x2D, 0xB0, 0x64, 0x2C, 0xB2, 0x00, 0x01, 0x48, 0x2B, 0x2D,
	0xB0, 0x65, 0x2C, 0xB2, 0x01, 0x00, 0x48, 0x2B, 0x2D, 0xB0, 0x66, 0x2C,
	0xB2, 0x01, 0x01, 0x48, 0x2B, 0x2D, 0xB0, 0x67, 0x2C, 0xB3, 0x00, 0x00,
	0x00, 0x44, 0x2B, 0x2D, 0xB0, 0x68, 0x2C, 0xB3, 0x00, 0x01, 0x00, 0x44,
	0x2B, 0x2D, 0xB0, 0x69, 0x2C, 0xB3, 0x01, 0x00, 0x00, 0x44, 0x2B, 0x2D,
	0xB0, 0x6A, 0x2C, 0xB3, 0x01, 0x01, 0x00, 0x44, 0x2B, 0x2D, 0xB0, 0x6B,
	0x2C, 0xB3, 0x00, 0x00, 0x01, 0x44, 0x2B, 0x2D, 0xB0, 0x6C, 0x2C, 0xB3,
	0x00, 0x01, 0x01, 0x44, 0x2B, 0x2D, 0xB0, 0x6D, 0x2C, 0xB3, 0x01, 0x00,
	0x01, 0x44, 0x2B, 0x2D, 0xB0, 0x6E, 0x2C, 0xB3, 0x01, 0x01, 0x01, 0x44,
	0x2B, 0x2D, 0xB0, 0x6F, 0x2C, 0xB1, 0x00, 0x3C, 0x2B, 0x2E, 0xB1, 0x30,
	0x01, 0x14, 0x2B, 0x2D, 0xB0, 0x70, 0x2C, 0xB1, 0x00, 0x3C, 0x2B, 0xB0,
	0x40, 0x2B, 0x2D, 0xB0, 0x71, 0x2C, 0xB1, 0x00, 0x3C, 0x2B, 0xB0, 0x41,
	0x2B, 0x2D, 0xB0, 0x72, 0x2C, 0xB0, 0x00, 0x16, 0xB1, 0x00, 0x3C, 0x2B,
	0xB0, 0x42, 0x2B, 0x2D, 0xB0, 0x73, 0x2C, 0xB1, 0x01, 0x3C, 0x2B, 0xB0,
	0x40, 0x2B, 0x2D, 0xB0, 0x74, 0x2C, 0xB1, 0x01, 0x3C, 0x2B, 0xB0, 0x41,
	0x2B, 0x2D, 0xB0, 0x75, 0x2C, 0xB0, 0x00, 0x16, 0xB1, 0x01, 0x3C, 0x2B,
	0xB0, 0x42, 0x2B, 0x2D, 0xB0, 0x76, 0x2C, 0xB1, 0x00, 0x3D, 0x2B, 0x2E,
	0xB1, 0x30, 0x01, 0x14, 0x2B, 0x2D, 0xB0, 0x77, 0x2C, 0xB1, 0x00, 0x3D,
	0x2B, 0xB0, 0x40, 0x2B, 0x2D, 0xB0, 0x78, 0x2C, 0xB1, 0x00, 0x3D, 0x2B,
	0xB0, 0x41, 0x2B, 0x2D, 0xB0, 0x79, 0x2C, 0xB1, 0x00, 0x3D, 0x2B, 0xB0,
	0x42, 0x2B, 0x2D, 0xB0, 0x7A, 0x2C, 0xB1, 0x01, 0x3D, 0x2B, 0xB0, 0x40,
	0x2B, 0x2D, 0xB0, 0x7B, 0x2C, 0xB1, 0x01, 0x3D, 0x2B, 0xB0, 0x41, 0x2B,
	0x2D, 0xB0, 0x7C, 0x2C, 0xB1, 0x01, 0x3D, 0x2B, 0xB0, 0x42, 0x2B, 0x2D,
	0xB0, 0x7D, 0x2C, 0xB1, 0x00, 0x3E, 0x2B, 0x2E, 0xB1, 0x30, 0x01, 0x14,
	0x2B, 0x2D, 0xB0, 0x7E, 0x2C, 0xB1, 0x00, 0x3E, 0x2B, 0xB0, 0x40, 0x2B,
	0x2D, 0xB0, 0x7F, 0x2C, 0xB1, 0x00, 0x3E, 0x2B, 0xB0, 0x41, 0x2B, 0x2D,
	0xB0, 0x80, 0x2C, 0xB1, 0x00, 0x3E, 0x2B, 0xB0, 0x42, 0x2B, 0x2D, 0xB0,
	0x81, 0x2C, 0xB1, 0x01, 0x3E, 0x2B, 0xB0, 0x40, 0x2B, 0x2D, 0xB0, 0x82,
	0x2C, 0xB1, 0x01, 0x3E, 0x2B, 0xB0, 0x41, 0x2B, 0x2D, 0xB0, 0x83, 0x2C,
	0xB1, 0x01, 0x3E, 0x2B, 0xB0, 0x42, 0x2B, 0x2D, 0xB0, 0x84, 0x2C, 0xB1,
	0x00, 0x3F, 0x2B, 0x2E, 0xB1, 0x30, 0x01, 0x14, 0x2B, 0x2D, 0xB0, 0x85,
	0x2C, 0xB1, 0x00, 0x3F, 0x2B, 0xB0, 0x40, 0x2B, 0x2D, 0xB0, 0x86, 0x2C,
	0xB1, 0x00, 0x3F, 0x2B, 0xB0, 0x41, 0x2B, 0x2D, 0xB0, 0x87, 0x2C, 0xB1,
	0x00, 0x3F, 0x2B, 0xB0, 0x42, 0x2B, 0x2D, 0xB0, 0x88, 0x2C, 0xB1, 0x01,
	0x3F, 0x2B, 0xB0, 0x40, 0x2B, 0x2D, 0xB0, 0x89, 0x2C, 0xB1, 0x01, 0x3F,
	0x2B, 0xB0, 0x41, 0x2B, 0x2D, 0xB0, 0x8A, 0x2C, 0xB1, 0x01, 0x3F, 0x2B,
	0xB0, 0x42, 0x2B, 0x2D, 0xB0, 0x8B, 0x2C, 0xB2, 0x0B, 0x00, 0x03, 0x45,
	0x50, 0x58, 0xB0, 0x06, 0x1B, 0xB2, 0x04, 0x02, 0x03, 0x45, 0x58, 0x23,
	0x21, 0x1B, 0x21, 0x59, 0x59, 0x42, 0x2B, 0xB0, 0x08, 0x65, 0xB0, 0x03,
	0x24, 0x50, 0x78, 0xB1, 0x05, 0x01, 0x15, 0x45, 0x58, 0x30, 0x59, 0x2D,
	0x00, 0x02, 0x00, 0x32, 0x00, 0x00, 0x02, 0x26, 0x02, 0xEE, 0x00, 0x03,
	0x00, 0x07, 0x00, 0x22, 0x40, 0x1F, 0x00, 0x00, 0x00, 0x03, 0x02, 0x00,
	0x03, 0x67, 0x00, 0x02, 0x01, 0x01, 0x02, 0x57, 0x00, 0x02, 0x02, 0x01,
	0x5F, 0x00, 0x01, 0x02, 0x01, 0x4F, 0x11, 0x11, 0x11, 0x10, 0x04, 0x06,
	0x1A, 0x2B, 0x13, 0x21, 0x11, 0x21, 0x37, 0x21, 0x11, 0x21, 0x32, 0x01,
	0xF4, 0xFE, 0x0C, 0x64, 0x01, 0x2C, 0xFE, 0xD4, 0x02, 0xEE, 0xFD, 0x12,
	0x64, 0x02, 0x26, 0x00, 0x00, 0x02, 0x00, 0x32, 0x00, 0x00, 0x02, 0x26,
	0x02, 0xEE, 0x00, 0x17, 0x00, 0x1F, 0x00, 0xDC, 0x4B, 0xB0, 0x10, 0x50,
	0x58, 0x40, 0x38, 0x08, 0x01, 0x04, 0x05, 0x03, 0x02, 0x04, 0x72, 0x09,
	0x01, 0x03, 0x0E, 0x02, 0x03, 0x70, 0x07, 0x01, 0x05, 0x0F, 0x01, 0x0D,
	0x0C, 0x05, 0x0D, 0x67, 0x00, 0x0C, 0x00, 0x00, 0x01, 0x0C, 0x00, 0x67,
	0x00, 0x0E, 0x0E, 0x06, 0x5F, 0x00, 0x06, 0x06, 0x16, 0x4D, 0x0A, 0x01,
	0x02, 0x02, 0x19, 0x4D, 0x0B, 0x01, 0x01, 0x01, 0x17, 0x01, 0x4E, 0x1B,
	0x4B, 0xB0, 0x21, 0x50, 0x58, 0x40, 0x39, 0x08, 0x01, 0x04, 0x05, 0x03,
	0x05, 0x04, 0x03, 0x80, 0x09, 0x01, 0x03, 0x0E, 0x02, 0x03, 0x70, 0x07,
	0x01, 0x05, 0x0F, 0x01, 0x0D, 0x0C, 0x05, 0x0D, 0x67, 0x00, 0x0C, 0x00,
	0x00, 0x01, 0x0C, 0x00, 0x67, 0x00, 0x0E, 0x0E, 0x06, 0x5F, 0x00, 0x06,
	0x06, 0x16, 0x4D, 0x0A, 0x01, 0x02, 0x02, 0x19, 0x4D, 0x0B, 0x01, 0x01,
	0x01, 0x17, 0x01, 0x4E, 0x1B, 0x40, 0x3A, 0x08, 0x01, 0x04, 0x05, 0x03,
	0x05, 0x04, 0x03, 0x80, 0x09, 0x01, 0x03, 0x0E, 0x05, 0x03, 0x0E, 0x7E,
	0x07, 0x01, 0x05, 0x0F, 0x01, 0x0D, 0x0C, 0x05, 0x0D, 0x67, 0x00, 0x0C,
	0x00, 0x00, 0x01, 0x0C, 0x00, 0x67, 0x00, 0x0E, 0x0E, 0x06, 0x5F, 0x00,
	0x06, 0x06, 0x16, 0x4D, 0x0A, 0x01, 0x02, 0x02, 0x19, 0x4D, 0x0B, 0x01,
	0x01, 0x01, 0x17, 0x01, 0x4E, 0x59, 0x59, 0x40, 0x1A, 0x1F, 0x1E, 0x1D,
	0x1C, 0x1B, 0x1A, 0x19, 0x18, 0x17, 0x16, 0x15, 0x14, 0x13, 0x12, 0x11,
	0x11, 0x11, 0x11, 0x11, 0x11, 0x11, 0x11, 0x10, 0x10, 0x07, 0x1F, 0x2B,
	0x25, 0x23, 0x15, 0x23, 0x11, 0x33, 0x35, 0x33, 0x35, 0x33, 0x35, 0x33,
	0x35, 0x33, 0x15, 0x33, 0x15, 0x33, 0x15, 0x33, 0x15, 0x33, 0x11, 0x23,
	0x03, 0x33, 0x35, 0x23, 0x35, 0x23, 0x15, 0x23, 0x01, 0x90, 0xC8, 0x96,
	0x32, 0x32, 0x32, 0x32, 0x64, 0x32, 0x32, 0x32, 0x32, 0x96, 0xC8, 0xC8,
	0x32, 0x64, 0x32, 0xC8, 0xC8, 0x02, 0x26, 0x32, 0x32, 0x32, 0x32, 0x32,
	0x32, 0x32, 0x32, 0xFD, 0xDA, 0x01, 0x5E, 0x96, 0x32, 0x32, 0x00, 0x03,
	0x00, 0x32, 0x00, 0x00, 0x02, 0x26, 0x03, 0xE8, 0x00, 0x0B, 0x00, 0x13,
	0x00, 0x2B, 0x01, 0x4F, 0x4B, 0xB0, 0x10, 0x50, 0x58, 0x40, 0x57, 0x00,
	0x04, 0x05, 0x00, 0x03, 0x04, 0x72, 0x00, 0x01, 0x03, 0x02, 0x00, 0x01,
	0x72, 0x12, 0x01, 0x0E, 0x0F, 0x0D, 0x0C, 0x0E, 0x72, 0x13, 0x01, 0x0D,
	0x08, 0x0C, 0x0D, 0x70, 0x16, 0x01, 0x05, 0x00, 0x00, 0x03, 0x05, 0x00,
	0x67, 0x00, 0x03, 0x00, 0x02, 0x10, 0x03, 0x02, 0x68, 0x11, 0x01, 0x0F,
	0x09, 0x01, 0x07, 0x06, 0x0F, 0x07, 0x67, 0x00, 0x06, 0x00, 0x0A, 0x0B,
	0x06, 0x0A, 0x67, 0x00, 0x08, 0x08, 0x10, 0x5F, 0x00, 0x10, 0x10, 0x16,
	0x4D, 0x14, 0x01, 0x0C, 0x0C, 0x19, 0x4D, 0x15, 0x01, 0x0B, 0x0B, 0x17,
	0x0B, 0x4E, 0x1B, 0x4B, 0xB0, 0x21, 0x50, 0x58, 0x40, 0x58, 0x00, 0x04,
	0x05, 0x00, 0x03, 0x04, 0x72, 0x00, 0x01, 0x03, 0x02, 0x00, 0x01, 0x72,
	0x12, 0x01, 0x0E, 0x0F, 0x0D, 0x0F, 0x0E, 0x0D, 0x80, 0x13, 0x01, 0x0D,
	0x08, 0x0C, 0x0D, 0x70, 0x16, 0x01, 0x05, 0x00, 0x00, 0x03, 0x05, 0x00,
	0x67, 0x00, 0x03, 0x00, 0x02, 0x10, 0x03, 0x02, 0x68, 0x11, 0x01, 0x0F,
	0x09, 0x01, 0x07, 0x06, 0x0F, 0x07, 0x67, 0x00, 0x06, 0x00, 0x0A, 0x0B,
	0x06, 0x0A, 0x67, 0x00, 0x08, 0x08, 0x10, 0x5F, 0x00, 0x10, 0x10, 0x16,
	0x4D, 0x14, 0x01, 0x0C, 0x0C, 0x19, 0x4D, 0x15, 0x01, 0x0B, 0x0B, 0x17,
	0x0B, 0x4E, 0x1B, 0x40, 0x5B, 0x00, 0x04, 0x05, 0x00, 0x05, 0x04, 0x00,
	0x80, 0x00, 0x01, 0x03, 0x02, 0x03, 0x01, 0x02, 0x80, 0x12, 0x01, 0x0E,
	0x0F, 0x0D, 0x0F, 0x0E, 0x0D, 0x80, 0x13, 0x01, 0x0D, 0x08, 0x0F, 0x0D,
	0x08, 0x7E, 0x16, 0x01, 0x05, 0x00, 0x00, 0x03, 0x05, 0x00, 0x67, 0x00,
	0x03, 0x00, 0x02, 0x10, 0x03, 0x02, 0x68, 0x11, 0x01, 0x0F, 0x09, 0x01,
	0x07, 0x06, 0x0F, 0x07, 0x67, 0x00, 0x06, 0x00, 0x0A, 0x0B, 0x06, 0x0A,
	0x67, 0x00, 0x08, 0x08, 0x10, 0x5F, 0x00, 0x10, 0x10, 0x16, 0x4D, 0x14,
	0x01, 0x0C, 0x0C, 0x19, 0x4D, 0x15, 0x01, 0x0B, 0x0B, 0x17, 0x0B, 0x4E,
	0x59, 0x59, 0x40, 0x2E, 0x00, 0x00, 0x2B, 0x2A, 0x29, 0x28, 0x27, 0x26,
	0x25, 0x24, 0x23, 0x22, 0x21, 0x20, 0x1F, 0x1E, 0x1D, 0x1C, 0x1B, 0x1A,
	0x19, 0x18, 0x17, 0x16, 0x15, 0x14, 0x13, 0x12, 0x11, 0x10, 0x0F, 0x0E,
	0x0D, 0x0C, 0x00, 0x0B, 0x00, 0x0B, 0x11, 0x11, 0x11, 0x11, 0x11, 0x17,
	0x07, 0x1B, 0x2B, 0x01, 0x15, 0x23, 0x15, 0x23, 0x15, 0x23, 0x35, 0x33,
	0x35, 0x33, 0x35, 0x03, 0x33, 0x35, 0x23, 0x35, 0x23, 0x15, 0x23, 0x13,
	0x23, 0x15, 0x23, 0x11, 0x33, 0x35, 0x33, 0x35, 0x33, 0x35, 0x33, 0x35,
	0x33, 0x15, 0x33, 0x15, 0x33, 0x15, 0x33, 0x15, 0x33, 0x11, 0x23, 0x01,
	0x90, 0x32, 0x32, 0x64, 0x32, 0x32, 0x64, 0xC8, 0x32, 0x64, 0x32, 0xC8,
	0xC8, 0x96, 0x32, 0x32, 0x32, 0x32, 0x64, 0x32, 0x32, 0x32, 0x32, 0x96,
	0x03, 0xE8, 0x64, 0x32, 0x32, 0x64, 0x32, 0x32, 0xFD, 0x76, 0x96, 0x32,
	0x32, 0xFE, 0xD4, 0xC8, 0x02, 0x26, 0x32, 0x32, 0x32, 0x32, 0x32, 0x32,
	0x32, 0x32, 0xFD, 0xDA, 0x00, 0x03, 0x00, 0x32, 0x00, 0x00, 0x02, 0x26,
	0x03, 0xE8, 0x00, 0x0B, 0x00, 0x13, 0x00, 0x2B, 0x01, 0x29, 0x4B, 0xB0,
	0x10, 0x50, 0x58, 0x40, 0x4B, 0x12, 0x01, 0x0E, 0x0F, 0x0D, 0x0C, 0x0E,
	0x72, 0x13, 0x01, 0x0D, 0x08, 0x0C, 0x0D, 0x70, 0x04, 0x01, 0x00, 0x03,
	0x01, 0x01, 0x02, 0x00, 0x01, 0x67, 0x16, 0x01, 0x05, 0x00, 0x02, 0x10,
	0x05, 0x02, 0x67, 0x11, 0x01, 0x0F, 0x09, 0x01, 0x07, 0x06, 0x0F, 0x07,
	0x67, 0x00, 0x06, 0x00, 0x0A, 0x0B, 0x06, 0x0A, 0x67, 0x00, 0x08, 0x08,
	0x10, 0x5F, 0x00, 0x10, 0x10, 0x16, 0x4D, 0x14, 0x01, 0x0C, 0x0C, 0x19,
	0x4D, 0x15, 0x01, 0x0B, 0x0B, 0x17, 0x0B, 0x4E, 0x1B, 0x4B, 0xB0, 0x21,
	0x50, 0x58, 0x40, 0x4C, 0x12, 0x01, 0x0E, 0x0F, 0x0D, 0x0F, 0x0E, 0x0D,
	0x80, 0x13, 0x01, 0x0D, 0x08, 0x0C, 0x0D, 0x70, 0x04, 0x01, 0x00, 0x03,
	0x01, 0x01, 0x02, 0x00, 0x01, 0x67, 0x16, 0x01, 0x05, 0x00, 0x02, 0x10,
	0x05, 0x02, 0x67, 0x11, 0x01, 0x0F, 0x09, 0x01, 0x07, 0x06, 0x0F, 0x07,
	0x67, 0x00, 0x06, 0x00, 0x0A, 0x0B, 0x06, 0x0A, 0x67, 0x00, 0x08, 0x08,
	0x10, 0x5F, 0x00, 0x10, 0x10, 0x16, 0x4D, 0x14, 0x01, 0x0C, 0x0C, 0x19,
	0x4D, 0x15, 0x01, 0x0B, 0x0B, 0x17, 0x0B, 0x4E, 0x1B, 0x40, 0x4D, 0x12,
	0x01, 0x0E, 0x0F, 0x0D, 0x0F, 0x0E, 0x0D, 0x80, 0x13, 0x01, 0x0D, 0x08,
	0x0F, 0x0D, 0x08, 0x7E, 0x04, 0x01, 0x00, 0x03, 0x01, 0x01, 0x02, 0x00,
	0x01, 0x67, 0x16, 0x01, 0x05, 0x00, 0x02, 0x10, 0x05, 0x02, 0x67, 0x11,
	0x01, 0x0F, 0x09, 0x01, 0x07, 0x06, 0x0F, 0x07, 0x67, 0x00, 0x06, 0x00,
	0x0A, 0x0B, 0x06, 0x0A, 0x67, 0x00, 0x08, 0x08, 0x10, 0x5F, 0x00, 0x10,
	0x10, 0x16, 0x4D, 0x14, 0x01, 0x0C, 0x0C, 0x19, 0x4D, 0x15, 0x01, 0x0B,
	0x0B, 0x17, 0x0B, 0x4E, 0x59, 0x59, 0x40, 0x2E, 0x00, 0x00, 0x2B, 0x2A,
	0x29, 0x28, 0x27, 0x26, 0x25, 0x24, 0x23, 0x22, 0x21, 0x20, 0x1F, 0x1E,
	0x1D, 0x1C, 0x1B, 0x1A, 0x19, 0x18, 0x17, 0x16, 0x15, 0x14, 0x13, 0x12,
	0x11, 0x10, 0x0F, 0x0E, 0x0D, 0x0C, 0x00, 0x0B, 0x00, 0x0B, 0x11, 0x11,
	0x11, 0x11, 0x11, 0x17, 0x07, 0x1B, 0x2B, 0x01, 0x35, 0x33, 0x15, 0x23,
	0x15, 0x23, 0x35, 0x23, 0x35, 0x33, 0x15, 0x03, 0x33, 0x35, 0x23, 0x35,
	0x23, 0x15, 0x23, 0x13, 0x23, 0x15, 0x23, 0x11, 0x33, 0x35, 0x33, 0x35,
	0x33, 0x35, 0x33, 0x35, 0x33, 0x15, 0x33, 0x15, 0x33, 0x15, 0x33, 0x15,
	0x33, 0x11, 0x23, 0x01, 0x5E, 0x64, 0x32, 0xC8, 0x32, 0x64, 0x32, 0xC8,
	0x32, 0x64, 0x32, 0xC8, 0xC8, 0x96, 0x32, 0x32, 0x32, 0x32, 0x64, 0x32,
	0x32, 0x32, 0x32, 0x96, 0x03, 0x84, 0x64, 0x96, 0x32, 0x32, 0x96, 0x64,
	0xFD, 0xDA, 0x96, 0x32, 0x32, 0xFE, 0xD4, 0xC8, 0x02, 0x26, 0x32, 0x32,
	0x32, 0x32, 0x32, 0x32, 0x32, 0x32, 0xFD, 0xDA, 0x00, 0x03, 0x00, 0x32,
	0x00, 0x00, 0x02, 0x26, 0x03, 0xE8, 0x00, 0x0F, 0x00, 0x17, 0x00, 0x2F,
	0x01, 0x3B, 0x4B, 0xB0, 0x10, 0x50, 0x58, 0x40, 0x52, 0x03, 0x01, 0x01,
	0x02, 0x00, 0x00, 0x01, 0x72, 0x14, 0x01, 0x10, 0x11, 0x0F, 0x0E, 0x10,
	0x72, 0x15, 0x01, 0x0F, 0x0A, 0x0E, 0x0F, 0x70, 0x00, 0x02, 0x00, 0x06,
	0x05, 0x02, 0x06, 0x67, 0x04, 0x01, 0x00, 0x07, 0x01, 0x05, 0x12, 0x00,
	0x05, 0x68, 0x13, 0x01, 0x11, 0x0B, 0x01, 0x09, 0x08, 0x11, 0x09, 0x67,
	0x00, 0x08, 0x00, 0x0C, 0x0D, 0x08, 0x0C, 0x67, 0x00, 0x0A, 0x0A, 0x12,
	0x5F, 0x00, 0x12, 0x12, 0x16, 0x4D, 0x16, 0x01, 0x0E, 0x0E, 0x19, 0x4D,
	0x17, 0x01, 0x0D, 0x0D, 0x17, 0x0D, 0x4E, 0x1B, 0x4B, 0xB0, 0x21, 0x50,
	0x58, 0x40, 0x53, 0x03, 0x01, 0x01, 0x02, 0x00, 0x00, 0x01, 0x72, 0x14,
	0x01, 0x10, 0x11, 0x0F, 0x11, 0x10, 0x0F, 0x80, 0x15, 0x01, 0x0F, 0x0A,
	0x0E, 0x0F, 0x70, 0x00, 0x02, 0x00, 0x06, 0x05, 0x02, 0x06, 0x67, 0x04,
	0x01, 0x00, 0x07, 0x01, 0x05, 0x12, 0x00, 0x05, 0x68, 0x13, 0x01, 0x11,
	0x0B, 0x01, 0x09, 0x08, 0x11, 0x09, 0x67, 0x00, 0x08, 0x00, 0x0C, 0x0D,
	0x08, 0x0C, 0x67, 0x00, 0x0A, 0x0A, 0x12, 0x5F, 0x00, 0x12, 0x12, 0x16,
	0x4D, 0x16, 0x01, 0x0E, 0x0E, 0x19, 0x4D, 0x17, 0x01, 0x0D, 0x0D, 0x17,
	0x0D, 0x4E, 0x1B, 0x40, 0x55, 0x03, 0x01, 0x01, 0x02, 0x00, 0x02, 0x01,
	0x00, 0x80, 0x14, 0x01, 0x10, 0x11, 0x0F, 0x11, 0x10, 0x0F, 0x80, 0x15,
	0x01, 0x0F, 0x0A, 0x11, 0x0F, 0x0A, 0x7E, 0x00, 0x02, 0x00, 0x06, 0x05,
	0x02, 0x06, 0x67, 0x04, 0x01, 0x00, 0x07, 0x01, 0x05, 0x12, 0x00, 0x05,
	0x68, 0x13, 0x01, 0x11, 0x0B, 0x01, 0x09, 0x08, 0x11, 0x09, 0x67, 0x00,
	0x08, 0x00, 0x0C, 0x0D, 0x08, 0x0C, 0x67, 0x00, 0x0A, 0x0A, 0x12, 0x5F,
	0x00, 0x12, 0x12, 0x16, 0x4D, 0x16, 0x01, 0x0E, 0x0E, 0x19, 0x4D, 0x17,
	0x01, 0x0D, 0x0D, 0x17, 0x0D, 0x4E, 0x59, 0x59, 0x40, 0x2A, 0x2F, 0x2E,
	0x2D, 0x2C, 0x2B, 0x2A, 0x29, 0x28, 0x27, 0x26, 0x25, 0x24, 0x23, 0x22,
	0x21, 0x20, 0x1F, 0x1E, 0x1D, 0x1C, 0x1B, 0x1A, 0x19, 0x18, 0x17, 0x16,
	0x15, 0x14, 0x13, 0x12, 0x11, 0x11, 0x11, 0x11, 0x11, 0x11, 0x11, 0x11,
	0x10, 0x18, 0x07, 0x1F, 0x2B, 0x13, 0x33, 0x35, 0x33, 0x35, 0x33, 0x15,
	0x33, 0x15, 0x33, 0x15, 0x23, 0x35, 0x23, 0x15, 0x23, 0x13, 0x33, 0x35,
	0x23, 0x35, 0x23, 0x15, 0x23, 0x13, 0x23, 0x15, 0x23, 0x11, 0x33, 0x35,
	0x33, 0x35, 0x33, 0x35, 0x33, 0x35, 0x33, 0x15, 0x33, 0x15, 0x33, 0x15,
	0x33, 0x15, 0x33, 0x11, 0x23, 0x96, 0x32, 0x32, 0x64, 0x32, 0x32, 0x64,
	0x64, 0x64, 0x32, 0xC8, 0x32, 0x64, 0x32, 0xC8, 0xC8, 0x96, 0x32, 0x32,
	0x32, 0x32, 0x64, 0x32, 0x32, 0x32, 0x32, 0x96, 0x03, 0x84, 0x32, 0x32,
	0x32, 0x32, 0x64, 0x32, 0x32, 0xFE, 0x3E, 0x96, 0x32, 0x32, 0xFE, 0xD4,
	0xC8, 0x02, 0x26, 0x32, 0x32, 0x32, 0x32, 0x32, 0x32, 0x32, 0x32, 0xFD,
	0xDA, 0x00, 0x00, 0x04, 0x00, 0x32, 0x00, 0x00, 0x02, 0x26, 0x03, 0xE8,
	0x00, 0x03, 0x00, 0x07, 0x00, 0x0F, 0x00, 0x27, 0x01, 0x02, 0x4B, 0xB0,
	0x10, 0x50, 0x58, 0x40, 0x42, 0x10, 0x01, 0x0C, 0x0D, 0x0B, 0x0A, 0x0C,
	0x72, 0x11, 0x01, 0x0B, 0x06, 0x0A, 0x0B, 0x70, 0x02, 0x01, 0x00, 0x03,
	0x01, 0x01, 0x0E, 0x00, 0x01, 0x67, 0x0F, 0x01, 0x0D, 0x07, 0x01, 0x05,
	0x04, 0x0D, 0x05, 0x67, 0x00, 0x04, 0x00, 0x08, 0x09, 0x04, 0x08, 0x67,
	0x00, 0x06, 0x06, 0x0E, 0x5F, 0x00, 0x0E, 0x0E, 0x16, 0x4D, 0x12, 0x01,
	0x0A, 0x0A, 0x19, 0x4D, 0x13, 0x01, 0x09, 0x09, 0x17, 0x09, 0x4E, 0x1B,
	0x4B, 0xB0, 0x21, 0x50, 0x58, 0x40, 0x43, 0x10, 0x01, 0x0C, 0x0D, 0x0B,
	0x0D, 0x0C, 0x0B, 0x80, 0x11, 0x01, 0x0B, 0x06, 0x0A, 0x0B, 0x70, 0x02,
	0x01, 0x00, 0x03, 0x01, 0x01, 0x0E, 0x00, 0x01, 0x67, 0x0F, 0x01, 0x0D,
	0x07, 0x01, 0x05, 0x04, 0x0D, 0x05, 0x67, 0x00, 0x04, 0x00, 0x08, 0x09,
	0x04, 0x08, 0x67, 0x00, 0x06, 0x06, 0x0E, 0x5F, 0x00, 0x0E, 0x0E, 0x16,
	0x4D, 0x12, 0x01, 0x0A, 0x0A, 0x19, 0x4D, 0x13, 0x01, 0x09, 0x09, 0x17,
	0x09, 0x4E, 0x1B, 0x40, 0x44, 0x10, 0x01, 0x0C, 0x0D, 0x0B, 0x0D, 0x0C,
	0x0B, 0x80, 0x11, 0x01, 0x0B, 0x06, 0x0D, 0x0B, 0x06, 0x7E, 0x02, 0x01,
	0x00, 0x03, 0x01, 0x01, 0x0E, 0x00, 0x01, 0x67, 0x0F, 0x01, 0x0D, 0x07,
	0x01, 0x05, 0x04, 0x0D, 0x05, 0x67, 0x00, 0x04, 0x00, 0x08, 0x09, 0x04,
	0x08, 0x67, 0x00, 0x06, 0x06, 0x0E, 0x5F, 0x00, 0x0E, 0x0E, 0x16, 0x4D,
	0x12, 0x01, 0x0A, 0x0A, 0x19, 0x4D, 0x13, 0x01, 0x09, 0x09, 0x17, 0x09,
	0x4E, 0x59, 0x59, 0x40, 0x22, 0x27, 0x26, 0x25, 0x24, 0x23, 0x22, 0x21,
	0x20, 0x1F, 0x1E, 0x1D, 0x1C, 0x1B, 0x1A, 0x19, 0x18, 0x17, 0x16, 0x15,
	0x14, 0x13, 0x12, 0x11, 0x11, 0x11, 0x11, 0x11, 0x11, 0x11, 0x11, 0x10,
	0x14, 0x07, 0x1F, 0x2B, 0x01, 0x33, 0x15, 0x23, 0x27, 0x33, 0x15, 0x23,
	0x13, 0x33, 0x35, 0x23, 0x35, 0x23, 0x15, 0x23, 0x13, 0x23, 0x15, 0x23,
	0x11, 0x33, 0x35, 0x33, 0x35, 0x33, 0x35, 0x33, 0x35, 0x33, 0x15, 0x33,
	0x15, 0x33, 0x15, 0x33, 0x15, 0x33, 0x11, 0x23, 0x01, 0x5E, 0x96, 0x96,
	0xFA, 0x96, 0x96, 0x64, 0xC8, 0x32, 0x64, 0x32, 0xC8, 0xC8, 0x96, 0x32,
	0x32, 0x32, 0x32, 0x64, 0x32, 0x32, 0x32, 0x32, 0x96, 0x03, 0xE8, 0x96,
	0x96, 0x96, 0xFE, 0x0C, 0x96, 0x32, 0x32, 0xFE, 0xD4, 0xC8, 0x02, 0x26,
	0x32, 0x32, 0x32, 0x32, 0x32, 0x32, 0x32, 0x32, 0xFD, 0xDA, 0x00, 0x03,
	0x00, 0x32, 0x00, 0x00, 0x02, 0x26, 0x03, 0xE8, 0x00, 0x0B, 0x00, 0x13,
	0x00, 0x2B, 0x01, 0x44, 0x4B, 0xB0, 0x10, 0x50, 0x58, 0x40, 0x56, 0x00,
	0x05, 0x04, 0x03, 0x00, 0x05, 0x72, 0x00, 0x02, 0x00, 0x01, 0x03, 0x02,
	0x72, 0x12, 0x01, 0x0E, 0x0F, 0x0D, 0x0C, 0x0E, 0x72, 0x13, 0x01, 0x0D,
	0x08, 0x0C, 0x0D, 0x70, 0x00, 0x04, 0x00, 0x03, 0x00, 0x04, 0x03, 0x67,
	0x00, 0x00, 0x00, 0x01, 0x10, 0x00, 0x01, 0x68, 0x11, 0x01, 0x0F, 0x09,
	0x01, 0x07, 0x06, 0x0F, 0x07, 0x67, 0x00, 0x06, 0x00, 0x0A, 0x0B, 0x06,
	0x0A, 0x67, 0x00, 0x08, 0x08, 0x10, 0x5F, 0x00, 0x10, 0x10, 0x16, 0x4D,
	0x14, 0x01, 0x0C, 0x0C, 0x19, 0x4D, 0x15, 0x01, 0x0B, 0x0B, 0x17, 0x0B,
	0x4E, 0x1B, 0x4B, 0xB0, 0x21, 0x50, 0x58, 0x40, 0x57, 0x00, 0x05, 0x04,
	0x03, 0x00, 0x05, 0x72, 0x00, 0x02, 0x00, 0x01, 0x03, 0x02, 0x72, 0x12,
	0x01, 0x0E, 0x0F, 0x0D, 0x0F, 0x0E, 0x0D, 0x80, 0x13, 0x01, 0x0D, 0x08,
	0x0C, 0x0D, 0x70, 0x00, 0x04, 0x00, 0x03, 0x00, 0x04, 0x03, 0x67, 0x00,
	0x00, 0x00, 0x01, 0x10, 0x00, 0x01, 0x68, 0x11, 0x01, 0x0F, 0x09, 0x01,
	0x07, 0x06, 0x0F, 0x07, 0x67, 0x00, 0x06, 0x00, 0x0A, 0x0B, 0x06, 0x0A,
	0x67, 0x00, 0x08, 0x08, 0x10, 0x5F, 0x00, 0x10, 0x10, 0x16, 0x4D, 0x14,
	0x01, 0x0C, 0x0C, 0x19, 0x4D, 0x15, 0x01, 0x0B, 0x0B, 0x17, 0x0B, 0x4E,
	0x1B, 0x40, 0x5A, 0x00, 0x05, 0x04, 0x03, 0x04, 0x05, 0x03, 0x80, 0x00,
	0x02, 0x00, 0x01, 0x00, 0x02, 0x01, 0x80, 0x12, 0x01, 0x0E, 0x0F, 0x0D,
	0x0F, 0x0E, 0x0D, 0x80, 0x13, 0x01, 0x0D, 0x08, 0x0F, 0x0D, 0x08, 0x7E,
	0x00, 0x04, 0x00, 0x03, 0x00, 0x04, 0x03, 0x67, 0x00, 0x00, 0x00, 0x01,
	0x10, 0x00, 0x01, 0x68, 0x11, 0x01, 0x0F, 0x09, 0x01, 0x07, 0x06, 0x0F,
	0x07, 0x67, 0x00, 0x06, 0x00, 0x0A, 0x0B, 0x06, 0x0A, 0x67, 0x00, 0x08,
	0x08, 0x10, 0x5F, 0x00, 0x10, 0x10, 0x16, 0x4D, 0x14, 0x01, 0x0C, 0x0C,
	0x19, 0x4D, 0x15, 0x01, 0x0B, 0x0B, 0x17, 0x0B, 0x4E, 0x59, 0x59, 0x40,
	0x26, 0x2B, 0x2A, 0x29, 0x28, 0x27, 0x26, 0x25, 0x24, 0x23, 0x22, 0x21,
	0x20, 0x1F, 0x1E, 0x1D, 0x1C, 0x1B, 0x1A, 0x19, 0x18, 0x17, 0x16, 0x15,
	0x14, 0x13, 0x12, 0x11, 0x11, 0x11, 0x11, 0x11, 0x11, 0x11, 0x11, 0x10,
	0x16, 0x07, 0x1F, 0x2B, 0x01, 0x33, 0x15, 0x23, 0x35, 0x23, 0x35, 0x23,
	0x35, 0x33, 0x15, 0x33, 0x03, 0x33, 0x35, 0x23, 0x35, 0x23, 0x15, 0x23,
	0x13, 0x23, 0x15, 0x23, 0x11, 0x33, 0x35, 0x33, 0x35, 0x33, 0x35, 0x33,
	0x35, 0x33, 0x15, 0x33, 0x15, 0x33, 0x15, 0x33, 0x15, 0x33, 0x11, 0x23,
	0x01, 0x5E, 0x32, 0x64, 0x32, 0x32, 0x64, 0x32, 0x96, 0xC8, 0x32, 0x64,
	0x32, 0xC8, 0xC8, 0x96, 0x32, 0x32, 0x32, 0x32, 0x64, 0x32, 0x32, 0x32,
	0x32, 0x96, 0x03, 0x84, 0x64, 0x32, 0x32, 0x64, 0x32, 0xFD, 0xA8, 0x96,
	0x32, 0x32, 0xFE, 0xD4, 0xC8, 0x02, 0x26, 0x32, 0x32, 0x32, 0x32, 0x32,
	0x32, 0x32, 0x32, 0xFD, 0xDA, 0x00, 0x00, 0x03, 0x00, 0x32, 0x00, 0x00,
	0x02, 0x26, 0x03, 0xB6, 0x00, 0x03, 0x00, 0x0B, 0x00, 0x23, 0x00, 0xF8,
	0x4B, 0xB0, 0x10, 0x50, 0x58, 0x40, 0x40, 0x0E, 0x01, 0x0A, 0x0B, 0x09,
	0x08, 0x0A, 0x72, 0x0F, 0x01, 0x09, 0x04, 0x08, 0x09, 0x70, 0x00, 0x00,
	0x00, 0x01, 0x0C, 0x00, 0x01, 0x67, 0x0D, 0x01, 0x0B, 0x05, 0x01, 0x03,
	0x02, 0x0B, 0x03, 0x67, 0x00, 0x02, 0x00, 0x06, 0x07, 0x02, 0x06, 0x67,
	0x00, 0x04, 0x04, 0x0C, 0x5F, 0x00, 0x0C, 0x0C, 0x16, 0x4D, 0x10, 0x01,
	0x08, 0x08, 0x19, 0x4D, 0x11, 0x01, 0x07, 0x07, 0x17, 0x07, 0x4E, 0x1B,
	0x4B, 0xB0, 0x21, 0x50, 0x58, 0x40, 0x41, 0x0E, 0x01, 0x0A, 0x0B, 0x09,
	0x0B, 0x0A, 0x09, 0x80, 0x0F, 0x01, 0x09, 0x04, 0x08, 0x09, 0x70, 0x00,
	0x00, 0x00, 0x01, 0x0C, 0x00, 0x01, 0x67, 0x0D, 0x01, 0x0B, 0x05, 0x01,
	0x03, 0x02, 0x0B, 0x03, 0x67, 0x00, 0x02, 0x00, 0x06, 0x07, 0x02, 0x06,
	0x67, 0x00, 0x04, 0x04, 0x0C, 0x5F, 0x00, 0x0C, 0x0C, 0x16, 0x4D, 0x10,
	0x01, 0x08, 0x08, 0x19, 0x4D, 0x11, 0x01, 0x07, 0x07, 0x17, 0x07, 0x4E,
	0x1B, 0x40, 0x42, 0x0E, 0x01, 0x0A, 0x0B, 0x09, 0x0B, 0x0A, 0x09, 0x80,
	0x0F, 0x01, 0x09, 0x04, 0x0B, 0x09, 0x04, 0x7E, 0x00, 0x00, 0x00, 0x01,
	0x0C, 0x00, 0x01, 0x67, 0x0D, 0x01, 0x0B, 0x05, 0x01, 0x03, 0x02, 0x0B,
	0x03, 0x67, 0x00, 0x02, 0x00, 0x06, 0x07, 0x02, 0x06, 0x67, 0x00, 0x04,
	0x04, 0x0C, 0x5F, 0x00, 0x0C, 0x0C, 0x16, 0x4D, 0x10, 0x01, 0x08, 0x08,
	0x19, 0x4D, 0x11, 0x01, 0x07, 0x07, 0x17, 0x07, 0x4E, 0x59, 0x59, 0x40,
	0x1E, 0x23, 0x22, 0x21, 0x20, 0x1F, 0x1E, 0x1D, 0x1C, 0x1B, 0x1A, 0x19,
	0x18, 0x17, 0x16, 0x15, 0x14, 0x13, 0x12, 0x11, 0x11, 0x11, 0x11, 0x11,
	0x11, 0x11, 0x11, 0x10, 0x12, 0x07, 0x1F, 0x2B, 0x13, 0x21, 0x15, 0x21,
	0x13, 0x33, 0x35, 0x23, 0x35, 0x23, 0x15, 0x23, 0x13, 0x23, 0x15, 0x23,
	0x11, 0x33, 0x35, 0x33, 0x35, 0x33, 0x35, 0x33, 0x35, 0x33, 0x15, 0x33,
	0x15, 0x33, 0x15, 0x33, 0x15, 0x33, 0x11, 0x23, 0x96, 0x01, 0x2C, 0xFE,
	0xD4, 0x32, 0xC8, 0x32, 0x64, 0x32, 0xC8, 0xC8, 0x96, 0x32, 0x32, 0x32,
	0x32, 0x64, 0x32, 0x32, 0x32, 0x32, 0x96, 0x03, 0xB6, 0x64, 0xFE, 0x0C,
	0x96, 0x32, 0x32, 0xFE, 0xD4, 0xC8, 0x02, 0x26, 0x32, 0x32, 0x32, 0x32,
	0x32, 0x32, 0x32, 0x32, 0xFD, 0xDA, 0x00, 0x02, 0x00, 0x32, 0xFF, 0x06,
	0x02, 0x26, 0x02, 0xEE, 0x00, 0x25, 0x00, 0x2D, 0x00, 0xE3, 0x4B, 0xB0,
	0x10, 0x50, 0x58, 0x40, 0x54, 0x00, 0x00, 0x0D, 0x0E, 0x0F, 0x00, 0x72,
	0x08, 0x01, 0x06, 0x16, 0x01, 0x14, 0x13, 0x06, 0x14, 0x67, 0x00, 0x13,
	0x00, 0x01, 0x02, 0x13, 0x01, 0x67, 0x0A, 0x01, 0x04, 0x00, 0x0D, 0x00,
	0x04, 0x0D, 0x67, 0x09, 0x01, 0x05, 0x00, 0x0E, 0x12, 0x05, 0x0E, 0x67,
	0x00, 0x0F, 0x00, 0x10, 0x0F, 0x10, 0x64, 0x00, 0x15, 0x15, 0x07, 0x5F,
	0x00, 0x07, 0x07, 0x16, 0x4D, 0x0B, 0x01, 0x03, 0x03, 0x19, 0x4D, 0x0C,
	0x01, 0x02, 0x02, 0x17, 0x4D, 0x17, 0x01, 0x12, 0x12, 0x11, 0x5F, 0x00,
	0x11, 0x11, 0x1B, 0x11, 0x4E, 0x1B, 0x40, 0x55, 0x00, 0x00, 0x0D, 0x0E,
	0x0D, 0x00, 0x0E, 0x80, 0x08, 0x01, 0x06, 0x16, 0x01, 0x14, 0x13, 0x06,
	0x14, 0x67, 0x00, 0x13, 0x00, 0x01, 0x02, 0x13, 0x01, 0x67, 0x0A, 0x01,
	0x04, 0x00, 0x0D, 0x00, 0x04, 0x0D, 0x67, 0x09, 0x01, 0x05, 0x00, 0x0E,
	0x12, 0x05, 0x0E, 0x67, 0x00, 0x0F, 0x00, 0x10, 0x0F, 0x10, 0x64, 0x00,
	0x15, 0x15, 0x07, 0x5F, 0x00, 0x07, 0x07, 0x16, 0x4D, 0x0B, 0x01, 0x03,
	0x03, 0x19, 0x4D, 0x0C, 0x01, 0x02, 0x02, 0x17, 0x4D, 0x17, 0x01, 0x12,
	0x12, 0x11, 0x5F, 0x00, 0x11, 0x11, 0x1B, 0x11, 0x4E, 0x59, 0x40, 0x2C,
	0x00, 0x00, 0x2D, 0x2C, 0x2B, 0x2A, 0x29, 0x28, 0x27, 0x26, 0x00, 0x25,
	0x00, 0x25, 0x24, 0x23, 0x22, 0x21, 0x20, 0x1F, 0x1E, 0x1D, 0x1C, 0x1B,
	0x1A, 0x19, 0x18, 0x17, 0x16, 0x15, 0x14, 0x13, 0x11, 0x11, 0x11, 0x11,
	0x11, 0x11, 0x11, 0x11, 0x11, 0x18, 0x07, 0x1F, 0x2B, 0x05, 0x35, 0x33,
	0x35, 0x23, 0x15, 0x23, 0x11, 0x33, 0x35, 0x33, 0x35, 0x33, 0x35, 0x33,
	0x35, 0x33, 0x15, 0x33, 0x15, 0x33, 0x15, 0x33, 0x15, 0x33, 0x11, 0x23,
	0x15, 0x23, 0x15, 0x23, 0x15, 0x33, 0x15, 0x23, 0x35, 0x23, 0x35, 0x03,
	0x33, 0x35, 0x23, 0x35, 0x23, 0x15, 0x23, 0x01, 0x5E, 0x32, 0xC8, 0x96,
	0x32, 0x32, 0x32, 0x32, 0x64, 0x32, 0x32, 0x32, 0x32, 0x32, 0x32, 0x32,
	0x96, 0xC8, 0x32, 0x64, 0xC8, 0x32, 0x64, 0x32, 0x64, 0x32, 0xFA, 0xC8,
	0x02, 0x26, 0x32, 0x32, 0x32, 0x32, 0x32, 0x32, 0x32, 0x32, 0xFD, 0xDA,
	0x32, 0x32, 0x32, 0x64, 0x32, 0x64, 0x01, 0xC2, 0x96, 0x32, 0x32, 0x00,
	0x00, 0x04, 0x00, 0x32, 0x00, 0x00, 0x02, 0x26, 0x04, 0x1A, 0x00, 0x03,
	0x00, 0x0B, 0x00, 0x1B, 0x00, 0x33, 0x01, 0xCC, 0x4B, 0xB0, 0x0B, 0x50,
	0x58, 0x40, 0x5B, 0x0A, 0x01, 0x08, 0x09, 0x00, 0x01, 0x08, 0x72, 0x16,
	0x01, 0x12, 0x13, 0x11, 0x10, 0x12, 0x72, 0x17, 0x01, 0x11, 0x04, 0x10,
	0x11, 0x70, 0x00, 0x09, 0x00, 0x00, 0x07, 0x09, 0x00, 0x67, 0x0B, 0x01,
	0x07, 0x0C, 0x01, 0x06, 0x01, 0x07, 0x06, 0x67, 0x1A, 0x01, 0x01, 0x00,
	0x0D, 0x14, 0x01, 0x0D, 0x68, 0x15, 0x01, 0x13, 0x05, 0x01, 0x03, 0x02,
	0x13, 0x03, 0x67, 0x00, 0x02, 0x00, 0x0E, 0x0F, 0x02, 0x0E, 0x67, 0x00,
	0x04, 0x04, 0x14, 0x5F, 0x00, 0x14, 0x14, 0x16, 0x4D, 0x18, 0x01, 0x10,
	0x10, 0x19, 0x4D, 0x19, 0x01, 0x0F, 0x0F, 0x17, 0x0F, 0x4E, 0x1B, 0x4B,
	0xB0, 0x10, 0x50, 0x58, 0x40, 0x5C, 0x0A, 0x01, 0x08, 0x09, 0x00, 0x09,
	0x08, 0x00, 0x80, 0x16, 0x01, 0x12, 0x13, 0x11, 0x10, 0x12, 0x72, 0x17,
	0x01, 0x11, 0x04, 0x10, 0x11, 0x70, 0x00, 0x09, 0x00, 0x00, 0x07, 0x09,
	0x00, 0x67, 0x0B, 0x01, 0x07, 0x0C, 0x01, 0x06, 0x01, 0x07, 0x06, 0x67,
	0x1A, 0x01, 0x01, 0x00, 0x0D, 0x14, 0x01, 0x0D, 0x68, 0x15, 0x01, 0x13,
	0x05, 0x01, 0x03, 0x02, 0x13, 0x03, 0x67, 0x00, 0x02, 0x00, 0x0E, 0x0F,
	0x02, 0x0E, 0x67, 0x00, 0x04, 0x04, 0x14, 0x5F, 0x00, 0x14, 0x14, 0x16,
	0x4D, 0x18, 0x01, 0x10, 0x10, 0x19, 0x4D, 0x19, 0x01, 0x0F, 0x0F, 0x17,
	0x0F, 0x4E, 0x1B, 0x4B, 0xB0, 0x21, 0x50, 0x58, 0x40, 0x5D, 0x0A, 0x01,
	0x08, 0x09, 0x00, 0x09, 0x08, 0x00, 0x80, 0x16, 0x01, 0x12, 0x13, 0x11,
	0x13, 0x12, 0x11, 0x80, 0x17, 0x01, 0x11, 0x04, 0x10, 0x11, 0x70, 0x00,
	0x09, 0x00, 0x00, 0x07, 0x09, 0x00, 0x67, 0x0B, 0x01, 0x07, 0x0C, 0x01,
	0x06, 0x01, 0x07, 0x06, 0x67, 0x1A, 0x01, 0x01, 0x00, 0x0D, 0x14, 0x01,
	0x0D, 0x68, 0x15, 0x01, 0x13, 0x05, 0x01, 0x03, 0x02, 0x13, 0x03, 0x67,
	0x00, 0x02, 0x00, 0x0E, 0x0F, 0x02, 0x0E, 0x67, 0x00, 0x04, 0x04, 0x14,
	0x5F, 0x00, 0x14, 0x14, 0x16, 0x4D, 0x18, 0x01, 0x10, 0x10, 0x19, 0x4D,
	0x19, 0x01, 0x0F, 0x0F, 0x17, 0x0F, 0x4E, 0x1B, 0x40, 0x5E, 0x0A, 0x01,
	0x08, 0x09, 0x00, 0x09, 0x08, 0x00, 0x80, 0x16, 0x01, 0x12, 0x13, 0x11,
	0x13, 0x12, 0x11, 0x80, 0x17, 0x01, 0x11, 0x04, 0x13, 0x11, 0x04, 0x7E,
	0x00, 0x09, 0x00, 0x00, 0x07, 0x09, 0x00, 0x67, 0x0B, 0x01, 0x07, 0x0C,
	0x01, 0x06, 0x01, 0x07, 0x06, 0x67, 0x1A, 0x01, 0x01, 0x00, 0x0D, 0x14,
	0x01, 0x0D, 0x68, 0x15, 0x01, 0x13, 0x05, 0x01, 0x03, 0x02, 0x13, 0x03,
	0x67, 0x00, 0x02, 0x00, 0x0E, 0x0F, 0x02, 0x0E, 0x67, 0x00, 0x04, 0x04,
	0x14, 0x5F, 0x00, 0x14, 0x14, 0x16, 0x4D, 0x18, 0x01, 0x10, 0x10, 0x19,
	0x4D, 0x19, 0x01, 0x0F, 0x0F, 0x17, 0x0F, 0x4E, 0x59, 0x59, 0x59, 0x40,
	0x3A, 0x00, 0x00, 0x33, 0x32, 0x31, 0x30, 0x2F, 0x2E, 0x2D, 0x2C, 0x2B,
	0x2A, 0x29, 0x28, 0x27, 0x26, 0x25, 0x24, 0x23, 0x22, 0x21, 0x20, 0x1F,
	0x1E, 0x1D, 0x1C, 0x1B, 0x1A, 0x19, 0x18, 0x17, 0x16, 0x15, 0x14, 0x13,
	0x12, 0x11, 0x10, 0x0F, 0x0E, 0x0D, 0x0C, 0x0B, 0x0A, 0x09, 0x08, 0x07,
	0x06, 0x05, 0x04, 0x00, 0x03, 0x00, 0x03, 0x11, 0x1B, 0x07, 0x17, 0x2B,
	0x01, 0x35, 0x23, 0x15, 0x03, 0x33, 0x35, 0x23, 0x35, 0x23, 0x15, 0x23,
	0x11, 0x23, 0x35, 0x33, 0x35, 0x33, 0x35, 0x33, 0x15, 0x33, 0x15, 0x33,
	0x15, 0x23, 0x15, 0x23, 0x13, 0x23, 0x15, 0x23, 0x11, 0x33, 0x35, 0x33,
	0x35, 0x33, 0x35, 0x33, 0x35, 0x33, 0x15, 0x33, 0x15, 0x33, 0x15, 0x33,
	0x15, 0x33, 0x11, 0x23, 0x01, 0x5E, 0x64, 0x32, 0xC8, 0x32, 0x64, 0x32,
	0x32, 0x32, 0x32, 0x64, 0x32, 0x32, 0x32, 0xC8, 0xC8, 0xC8, 0x96, 0x32,
	0x32, 0x32, 0x32, 0x64, 0x32, 0x32, 0x32, 0x32, 0x96, 0x03, 0x52, 0x64,
	0x64, 0xFE, 0x0C, 0x96, 0x32, 0x32, 0x01, 0x5E, 0x64, 0x32, 0x32, 0x32,
	0x32, 0x64, 0x32, 0xFD, 0xA8, 0xC8, 0x02, 0x26, 0x32, 0x32, 0x32, 0x32,
	0x32, 0x32, 0x32, 0x32, 0xFD, 0xDA, 0x00, 0x03, 0x00, 0x32, 0x00, 0x00,
	0x02, 0x26, 0x03, 0xE8, 0x00, 0x0F, 0x00, 0x17, 0x00, 0x2F, 0x01, 0x34,
	0x4B, 0xB0, 0x10, 0x50, 0x58, 0x40, 0x50, 0x14, 0x01, 0x10, 0x11, 0x0F,
	0x0E, 0x10, 0x72, 0x15, 0x01, 0x0F, 0x0A, 0x0E, 0x0F, 0x70, 0x05, 0x01,
	0x03, 0x02, 0x00, 0x03, 0x57, 0x06, 0x01, 0x00, 0x01, 0x02, 0x00, 0x58,
	0x04, 0x01, 0x02, 0x07, 0x01, 0x01, 0x12, 0x02, 0x01, 0x68, 0x13, 0x01,
	0x11, 0x0B, 0x01, 0x09, 0x08, 0x11, 0x09, 0x67, 0x00, 0x08, 0x00, 0x0C,
	0x0D, 0x08, 0x0C, 0x67, 0x00, 0x0A, 0x0A, 0x12, 0x5F, 0x00, 0x12, 0x12,
	0x16, 0x4D, 0x16, 0x01, 0x0E, 0x0E, 0x19, 0x4D, 0x17, 0x01, 0x0D, 0x0D,
	0x17, 0x0D, 0x4E, 0x1B, 0x4B, 0xB0, 0x21, 0x50, 0x58, 0x40, 0x51, 0x14,
	0x01, 0x10, 0x11, 0x0F, 0x11, 0x10, 0x0F, 0x80, 0x15, 0x01, 0x0F, 0x0A,
	0x0E, 0x0F, 0x70, 0x05, 0x01, 0x03, 0x02, 0x00, 0x03, 0x57, 0x06, 0x01,
	0x00, 0x01, 0x02, 0x00, 0x58, 0x04, 0x01, 0x02, 0x07, 0x01, 0x01, 0x12,
	0x02, 0x01, 0x68, 0x13, 0x01, 0x11, 0x0B, 0x01, 0x09, 0x08, 0x11, 0x09,
	0x67, 0x00, 0x08, 0x00, 0x0C, 0x0D, 0x08, 0x0C, 0x67, 0x00, 0x0A, 0x0A,
	0x12, 0x5F, 0x00, 0x12, 0x12, 0x16, 0x4D, 0x16, 0x01, 0x0E, 0x0E, 0x19,
	0x4D, 0x17, 0x01, 0x0D, 0x0D, 0x17, 0x0D, 0x4E, 0x1B, 0x40, 0x52, 0x14,
	0x01, 0x10, 0x11, 0x0F, 0x11, 0x10, 0x0F, 0x80, 0x15, 0x01, 0x0F, 0x0A,
	0x11, 0x0F, 0x0A, 0x7E, 0x05, 0x01, 0x03, 0x02, 0x00, 0x03, 0x57, 0x06,
	0x01, 0x00, 0x01, 0x02, 0x00, 0x58, 0x04, 0x01, 0x02, 0x07, 0x01, 0x01,
	0x12, 0x02, 0x01, 0x68, 0x13, 0x01, 0x11, 0x0B, 0x01, 0x09, 0x08, 0x11,
	0x09, 0x67, 0x00, 0x08, 0x00, 0x0C, 0x0D, 0x08, 0x0C, 0x67, 0x00, 0x0A,
	0x0A, 0x12, 0x5F, 0x00, 0x12, 0x12, 0x16, 0x4D, 0x16, 0x01, 0x0E, 0x0E,
	0x19, 0x4D, 0x17, 0x01, 0x0D, 0x0D, 0x17, 0x0D, 0x4E, 0x59, 0x59, 0x40,
	0x2A, 0x2F, 0x2E, 0x2D, 0x2C, 0x2B, 0x2A, 0x29, 0x28, 0x27, 0x26, 0x25,
	0x24, 0x23, 0x22, 0x21, 0x20, 0x1F, 0x1E, 0x1D, 0x1C, 0x1B, 0x1A, 0x19,
	0x18, 0x17, 0x16, 0x15, 0x14, 0x13, 0x12, 0x11, 0x11, 0x11, 0x11, 0x11,
	0x11, 0x11, 0x11, 0x10, 0x18, 0x07, 0x1F, 0x2B, 0x01, 0x23, 0x15, 0x23,
	0x35, 0x33, 0x35, 0x33, 0x15, 0x33, 0x35, 0x33, 0x15, 0x23, 0x15, 0x23,
	0x03, 0x33, 0x35, 0x23, 0x35, 0x23, 0x15, 0x23, 0x13, 0x23, 0x15, 0x23,
	0x11, 0x33, 0x35, 0x33, 0x35, 0x33, 0x35, 0x33, 0x35, 0x33, 0x15, 0x33,
	0x15, 0x33, 0x15, 0x33, 0x15, 0x33, 0x11, 0x23, 0x01, 0x5E, 0x96, 0x32,
	0x32, 0x32, 0x96, 0x32, 0x32, 0x32, 0x96, 0xC8, 0x32, 0x64, 0x32, 0xC8,
	0xC8, 0x96, 0x32, 0x32, 0x32, 0x32, 0x64, 0x32, 0x32, 0x32, 0x32, 0x96,
	0x03, 0x52, 0x32, 0x96, 0x32, 0x32, 0x32, 0x96, 0x32, 0xFE, 0x3E, 0x96,
	0x32, 0x32, 0xFE, 0xD4, 0xC8, 0x02, 0x26, 0x32, 0x32, 0x32, 0x32, 0x32,
	0x32, 0x32, 0x32, 0xFD, 0xDA, 0x00, 0x00, 0x02, 0x00, 0x32, 0x00, 0x00,
	0x03, 0x20, 0x02, 0xEE, 0x00, 0x07, 0x00, 0x25, 0x01, 0x2A, 0x4B, 0xB0,
	0x10, 0x50, 0x58, 0x40, 0x50, 0x0C, 0x01, 0x08, 0x09, 0x0E, 0x06, 0x08,
	0x72, 0x00, 0x07, 0x0E, 0x02, 0x06, 0x07, 0x72, 0x0B, 0x01, 0x09, 0x03,
	0x01, 0x01, 0x0F, 0x09, 0x01, 0x67, 0x00, 0x0F, 0x00, 0x10, 0x04, 0x0F,
	0x10, 0x67, 0x00, 0x00, 0x00, 0x04, 0x11, 0x00, 0x04, 0x67, 0x00, 0x0E,
	0x0E, 0x0A, 0x5F, 0x0D, 0x01, 0x0A, 0x0A, 0x16, 0x4D, 0x00, 0x02, 0x02,
	0x0A, 0x5F, 0x0D, 0x01, 0x0A, 0x0A, 0x16, 0x4D, 0x00, 0x06, 0x06, 0x19,
	0x4D, 0x00, 0x11, 0x11, 0x05, 0x5F, 0x12, 0x01, 0x05, 0x05, 0x17, 0x05,
	0x4E, 0x1B, 0x4B, 0xB0, 0x21, 0x50, 0x58, 0x40, 0x51, 0x0C, 0x01, 0x08,
	0x09, 0x0E, 0x09, 0x08, 0x0E, 0x80, 0x00, 0x07, 0x0E, 0x02, 0x06, 0x07,
	0x72, 0x0B, 0x01, 0x09, 0x03, 0x01, 0x01, 0x0F, 0x09, 0x01, 0x67, 0x00,
	0x0F, 0x00, 0x10, 0x04, 0x0F, 0x10, 0x67, 0x00, 0x00, 0x00, 0x04, 0x11,
	0x00, 0x04, 0x67, 0x00, 0x0E, 0x0E, 0x0A, 0x5F, 0x0D, 0x01, 0x0A, 0x0A,
	0x16, 0x4D, 0x00, 0x02, 0x02, 0x0A, 0x5F, 0x0D, 0x01, 0x0A, 0x0A, 0x16,
	0x4D, 0x00, 0x06, 0x06, 0x19, 0x4D, 0x00, 0x11, 0x11, 0x05, 0x5F, 0x12,
	0x01, 0x05, 0x05, 0x17, 0x05, 0x4E, 0x1B, 0x40, 0x52, 0x0C, 0x01, 0x08,
	0x09, 0x0E, 0x09, 0x08, 0x0E, 0x80, 0x00, 0x07, 0x0E, 0x02, 0x0E, 0x07,
	0x02, 0x80, 0x0B, 0x01, 0x09, 0x03, 0x01, 0x01, 0x0F, 0x09, 0x01, 0x67,
	0x00, 0x0F, 0x00, 0x10, 0x04, 0x0F, 0x10, 0x67, 0x00, 0x00, 0x00, 0x04,
	0x11, 0x00, 0x04, 0x67, 0x00, 0x0E, 0x0E, 0x0A, 0x5F, 0x0D, 0x01, 0x0A,
	0x0A, 0x16, 0x4D, 0x00, 0x02, 0x02, 0x0A, 0x5F, 0x0D, 0x01, 0x0A, 0x0A,
	0x16, 0x4D, 0x00, 0x06, 0x06, 0x19, 0x4D, 0x00, 0x11, 0x11, 0x05, 0x5F,
	0x12, 0x01, 0x05, 0x05, 0x17, 0x05, 0x4E, 0x59, 0x59, 0x40, 0x20, 0x25,
	0x24, 0x23, 0x22, 0x21, 0x20, 0x1F, 0x1E, 0x1D, 0x1C, 0x1B, 0x1A, 0x19,
	0x18, 0x17, 0x16, 0x15, 0x14, 0x13, 0x12, 0x11, 0x11, 0x11, 0x11, 0x11,
	0x11, 0x11, 0x11, 0x10, 0x13, 0x07, 0x1F, 0x2B, 0x13, 0x33, 0x35, 0x23,
	0x35, 0x23, 0x15, 0x23, 0x13, 0x23, 0x15, 0x23, 0x11, 0x33, 0x35, 0x33,
	0x35, 0x33, 0x35, 0x33, 0x35, 0x33, 0x15, 0x33, 0x15, 0x33, 0x35, 0x21,
	0x15, 0x23, 0x15, 0x33, 0x15, 0x23, 0x15, 0x33, 0x15, 0x21, 0xC8, 0xC8,
	0x32, 0x64, 0x32, 0xC8, 0xC8, 0x96, 0x32, 0x32, 0x32, 0x32, 0x64, 0x32,
	0x32, 0x01, 0x5E, 0xFA, 0xC8, 0xC8, 0xFA, 0xFE, 0x70, 0x01, 0x5E, 0x96,
	0x32, 0x32, 0xFE, 0xD4, 0xC8, 0x02, 0x26, 0x32, 0x32, 0x32, 0x32, 0x32,
	0x32, 0x64, 0x96, 0x96, 0x96, 0x96, 0x96, 0x00, 0x00, 0x03, 0x00, 0x32,
	0x00, 0x00, 0x02, 0x26, 0x02, 0xEE, 0x00, 0x07, 0x00, 0x0F, 0x00, 0x1F,
	0x00, 0xC0, 0x4B, 0xB0, 0x21, 0x50, 0x58, 0x40, 0x4B, 0x00, 0x01, 0x02,
	0x00, 0x02, 0x01, 0x72, 0x00, 0x05, 0x06, 0x04, 0x04, 0x05, 0x72, 0x00,
	0x0E, 0x00, 0x0F, 0x08, 0x0E, 0x0F, 0x67, 0x00, 0x03, 0x00, 0x07, 0x06,
	0x03, 0x07, 0x67, 0x00, 0x00, 0x00, 0x06, 0x05, 0x00, 0x06, 0x67, 0x00,
	0x08, 0x00, 0x09, 0x0A, 0x08, 0x09, 0x67, 0x00, 0x0D, 0x00, 0x0A, 0x0B,
	0x0D, 0x0A, 0x67, 0x00, 0x02, 0x02, 0x0C, 0x5F, 0x00, 0x0C, 0x0C, 0x16,
	0x4D, 0x00, 0x04, 0x04, 0x0B, 0x60, 0x00, 0x0B, 0x0B, 0x17, 0x0B, 0x4E,
	0x1B, 0x40, 0x4D, 0x00, 0x01, 0x02, 0x00, 0x02, 0x01, 0x00, 0x80, 0x00,
	0x05, 0x06, 0x04, 0x06, 0x05, 0x04, 0x80, 0x00, 0x0E, 0x00, 0x0F, 0x08,
	0x0E, 0x0F, 0x67, 0x00, 0x03, 0x00, 0x07, 0x06, 0x03, 0x07, 0x67, 0x00,
	0x00, 0x00, 0x06, 0x05, 0x00, 0x06, 0x67, 0x00, 0x08, 0x00, 0x09, 0x0A,
	0x08, 0x09, 0x67, 0x00, 0x0D, 0x00, 0x0A, 0x0B, 0x0D, 0x0A, 0x67, 0x00,
	0x02, 0x02, 0x0C, 0x5F, 0x00, 0x0C, 0x0C, 0x16, 0x4D, 0x00, 0x04, 0x04,
	0x0B, 0x60, 0x00, 0x0B, 0x0B, 0x17, 0x0B, 0x4E, 0x59, 0x40, 0x1A, 0x1F,
	0x1E, 0x1D, 0x1C, 0x1B, 0x1A, 0x19, 0x18, 0x17, 0x16, 0x15, 0x14, 0x13,
	0x12, 0x11, 0x11, 0x11, 0x11, 0x11, 0x11, 0x11, 0x11, 0x10, 0x10, 0x07,
	0x1F, 0x2B, 0x01, 0x33, 0x35, 0x23, 0x35, 0x23, 0x15, 0x33, 0x03, 0x33,
	0x35, 0x33, 0x35, 0x23, 0x35, 0x23, 0x25, 0x33, 0x15, 0x23, 0x15, 0x23,
	0x15, 0x21, 0x11, 0x21, 0x15, 0x33, 0x15, 0x33, 0x15, 0x23, 0x01, 0x5E,
	0x32, 0x32, 0x96, 0x96, 0x96, 0x96, 0x32, 0x32, 0x96, 0x01, 0x2C, 0x32,
	0x32, 0x32, 0xFE, 0x70, 0x01, 0x90, 0x32, 0x32, 0x32, 0x01, 0xF4, 0x32,
	0x32, 0x96, 0xFE, 0xD4, 0x32, 0x32, 0x32, 0x32, 0xFA, 0x32, 0x32, 0x02,
	0xEE, 0x32, 0x32, 0xFA, 0x00, 0x01, 0x00, 0x32, 0x00, 0x00, 0x02, 0x26,
	0x02, 0xEE, 0x00, 0x23, 0x00, 0xB0, 0x4B, 0xB0, 0x21, 0x50, 0x58, 0x40,
	0x41, 0x0F, 0x01, 0x0D, 0x0E, 0x0C, 0x0E, 0x0D, 0x72, 0x10, 0x01, 0x00,
	0x01, 0x11, 0x11, 0x00, 0x72, 0x0B, 0x01, 0x07, 0x00, 0x0C, 0x01, 0x07,
	0x0C, 0x68, 0x00, 0x01, 0x06, 0x01, 0x02, 0x03, 0x01, 0x02, 0x67, 0x0A,
	0x01, 0x08, 0x05, 0x01, 0x03, 0x04, 0x08, 0x03, 0x67, 0x00, 0x0E, 0x0E,
	0x09, 0x5F, 0x00, 0x09, 0x09, 0x16, 0x4D, 0x00, 0x11, 0x11, 0x04, 0x60,
	0x00, 0x04, 0x04, 0x17, 0x04, 0x4E, 0x1B, 0x40, 0x43, 0x0F, 0x01, 0x0D,
	0x0E, 0x0C, 0x0E, 0x0D, 0x0C, 0x80, 0x10, 0x01, 0x00, 0x01, 0x11, 0x01,
	0x00, 0x11, 0x80, 0x0B, 0x01, 0x07, 0x00, 0x0C, 0x01, 0x07, 0x0C, 0x68,
	0x00, 0x01, 0x06, 0x01, 0x02, 0x03, 0x01, 0x02, 0x67, 0x0A, 0x01, 0x08,
	0x05, 0x01, 0x03, 0x04, 0x08, 0x03, 0x67, 0x00, 0x0E, 0x0E, 0x09, 0x5F,
	0x00, 0x09, 0x09, 0x16, 0x4D, 0x00, 0x11, 0x11, 0x04, 0x60, 0x00, 0x04,
	0x04, 0x17, 0x04, 0x4E, 0x59, 0x40, 0x1E, 0x23, 0x22, 0x21, 0x20, 0x1F,
	0x1E, 0x1D, 0x1C, 0x1B, 0x1A, 0x19, 0x18, 0x17, 0x16, 0x15, 0x14, 0x13,
	0x12, 0x11, 0x11, 0x11, 0x11, 0x11, 0x11, 0x11, 0x11, 0x10, 0x12, 0x07,
	0x1F, 0x2B, 0x25, 0x33, 0x35, 0x33, 0x15, 0x23, 0x15, 0x23, 0x15, 0x21,
	0x35, 0x23, 0x35, 0x23, 0x11, 0x33, 0x35, 0x33, 0x35, 0x21, 0x15, 0x33,
	0x15, 0x33, 0x15, 0x23, 0x35, 0x23, 0x35, 0x23, 0x15, 0x23, 0x11, 0x33,
	0x15, 0x33, 0x01, 0x5E, 0x32, 0x96, 0x32, 0x32, 0xFE, 0xD4, 0x32, 0x32,
	0x32, 0x32, 0x01, 0x2C, 0x32, 0x32, 0x96, 0x32, 0x64, 0x32, 0x32, 0x64,
	0xC8, 0x32, 0x96, 0x32, 0x32, 0x32, 0x32, 0x02, 0x26, 0x32, 0x32, 0x32,
	0x32, 0x96, 0x32, 0x32, 0x32, 0xFE, 0xA2, 0x32, 0x00, 0x02, 0x00, 0x32,
	0x00, 0x00, 0x02, 0x26, 0x03, 0xE8, 0x00, 0x0B, 0x00, 0x2F, 0x01, 0x04,
	0x4B, 0xB0, 0x21, 0x50, 0x58, 0x40, 0x60, 0x00, 0x04, 0x05, 0x00, 0x03,
	0x04, 0x72, 0x00, 0x01, 0x03, 0x02, 0x00, 0x01, 0x72, 0x15, 0x01, 0x13,
	0x14, 0x12, 0x14, 0x13, 0x72, 0x16, 0x01, 0x06, 0x07, 0x17, 0x17, 0x06,
	0x72, 0x18, 0x01, 0x05, 0x00, 0x00, 0x03, 0x05, 0x00, 0x67, 0x00, 0x03,
	0x00, 0x02, 0x0F, 0x03, 0x02, 0x68, 0x11, 0x01, 0x0D, 0x00, 0x12, 0x07,
	0x0D, 0x12, 0x68, 0x00, 0x07, 0x0C, 0x01, 0x08, 0x09, 0x07, 0x08, 0x67,
	0x10, 0x01, 0x0E, 0x0B, 0x01, 0x09, 0x0A, 0x0E, 0x09, 0x67, 0x00, 0x14,
	0x14, 0x0F, 0x5F, 0x00, 0x0F, 0x0F, 0x16, 0x4D, 0x00, 0x17, 0x17, 0x0A,
	0x60, 0x00, 0x0A, 0x0A, 0x17, 0x0A, 0x4E, 0x1B, 0x40, 0x64, 0x00, 0x04,
	0x05, 0x00, 0x05, 0x04, 0x00, 0x80, 0x00, 0x01, 0x03, 0x02, 0x03, 0x01,
	0x02, 0x80, 0x15, 0x01, 0x13, 0x14, 0x12, 0x14, 0x13, 0x12, 0x80, 0x16,
	0x01, 0x06, 0x07, 0x17, 0x07, 0x06, 0x17, 0x80, 0x18, 0x01, 0x05, 0x00,
	0x00, 0x03, 0x05, 0x00, 0x67, 0x00, 0x03, 0x00, 0x02, 0x0F, 0x03, 0x02,
	0x68, 0x11, 0x01, 0x0D, 0x00, 0x12, 0x07, 0x0D, 0x12, 0x68, 0x00, 0x07,
	0x0C, 0x01, 0x08, 0x09, 0x07, 0x08, 0x67, 0x10, 0x01, 0x0E, 0x0B, 0x01,
	0x09, 0x0A, 0x0E, 0x09, 0x67, 0x00, 0x14, 0x14, 0x0F, 0x5F, 0x00, 0x0F,
	0x0F, 0x16, 0x4D, 0x00, 0x17, 0x17, 0x0A, 0x60, 0x00, 0x0A, 0x0A, 0x17,
	0x0A, 0x4E, 0x59, 0x40, 0x32, 0x00, 0x00, 0x2F, 0x2E, 0x2D, 0x2C, 0x2B,
	0x2A, 0x29, 0x28, 0x27, 0x26, 0x25, 0x24, 0x23, 0x22, 0x21, 0x20, 0x1F,
	0x1E, 0x1D, 0x1C, 0x1B, 0x1A, 0x19, 0x18, 0x17, 0x16, 0x15, 0x14, 0x13,
	0x12, 0x11, 0x10, 0x0F, 0x0E, 0x0D, 0x0C, 0x00, 0x0B, 0x00, 0x0B, 0x11,
	0x11, 0x11, 0x11, 0x11, 0x19, 0x07, 0x1B, 0x2B, 0x01, 0x15, 0x23, 0x15,
	0x23, 0x15, 0x23, 0x35, 0x33, 0x35, 0x33, 0x35, 0x13, 0x33, 0x35, 0x33,
	0x15, 0x23, 0x15, 0x23, 0x15, 0x21, 0x35, 0x23, 0x35, 0x23, 0x11, 0x33,
	0x35, 0x33, 0x35, 0x21, 0x15, 0x33, 0x15, 0x33, 0x15, 0x23, 0x35, 0x23,
	0x35, 0x23, 0x15, 0x23, 0x11, 0x33, 0x15, 0x33, 0x01, 0x90, 0x32, 0x32,
	0x64, 0x32, 0x32, 0x32, 0x32, 0x96, 0x32, 0x32, 0xFE, 0xD4, 0x32, 0x32,
	0x32, 0x32, 0x01, 0x2C, 0x32, 0x32, 0x96, 0x32, 0x64, 0x32, 0x32, 0x64,
	0x03, 0xE8, 0x64, 0x32, 0x32, 0x64, 0x32, 0x32, 0xFC, 0xE0, 0x32, 0x96,
	0x32, 0x32, 0x32, 0x32, 0x02, 0x26, 0x32, 0x32, 0x32, 0x32, 0x96, 0x32,
	0x32, 0x32, 0xFE, 0xA2, 0x32, 0x00, 0x00, 0x02, 0x00, 0x32, 0x00, 0x00,
	0x02, 0x26, 0x03, 0xE8, 0x00, 0x0F, 0x00, 0x33, 0x00, 0xF5, 0x4B, 0xB0,
	0x21, 0x50, 0x58, 0x40, 0x5B, 0x06, 0x01, 0x00, 0x01, 0x07, 0x01, 0x00,
	0x72, 0x17, 0x01, 0x15, 0x16, 0x14, 0x16, 0x15, 0x72, 0x18, 0x01, 0x08,
	0x09, 0x19, 0x19, 0x08, 0x72, 0x04, 0x01, 0x02, 0x05, 0x01, 0x01, 0x00,
	0x02, 0x01, 0x67, 0x00, 0x03, 0x00, 0x07, 0x11, 0x03, 0x07, 0x67, 0x13,
	0x01, 0x0F, 0x00, 0x14, 0x09, 0x0F, 0x14, 0x68, 0x00, 0x09, 0x0E, 0x01,
	0x0A, 0x0B, 0x09, 0x0A, 0x67, 0x12, 0x01, 0x10, 0x0D, 0x01, 0x0B, 0x0C,
	0x10, 0x0B, 0x67, 0x00, 0x16, 0x16, 0x11, 0x5F, 0x00, 0x11, 0x11, 0x16,
	0x4D, 0x00, 0x19, 0x19, 0x0C, 0x60, 0x00, 0x0C, 0x0C, 0x17, 0x0C, 0x4E,
	0x1B, 0x40, 0x5E, 0x06, 0x01, 0x00, 0x01, 0x07, 0x01, 0x00, 0x07, 0x80,
	0x17, 0x01, 0x15, 0x16, 0x14, 0x16, 0x15, 0x14, 0x80, 0x18, 0x01, 0x08,
	0x09, 0x19, 0x09, 0x08, 0x19, 0x80, 0x04, 0x01, 0x02, 0x05, 0x01, 0x01,
	0x00, 0x02, 0x01, 0x67, 0x00, 0x03, 0x00, 0x07, 0x11, 0x03, 0x07, 0x67,
	0x13, 0x01, 0x0F, 0x00, 0x14, 0x09, 0x0F, 0x14, 0x68, 0x00, 0x09, 0x0E,
	0x01, 0x0A, 0x0B, 0x09, 0x0A, 0x67, 0x12, 0x01, 0x10, 0x0D, 0x01, 0x0B,
	0x0C, 0x10, 0x0B, 0x67, 0x00, 0x16, 0x16, 0x11, 0x5F, 0x00, 0x11, 0x11,
	0x16, 0x4D, 0x00, 0x19, 0x19, 0x0C, 0x60, 0x00, 0x0C, 0x0C, 0x17, 0x0C,
	0x4E, 0x59, 0x40, 0x2E, 0x33, 0x32, 0x31, 0x30, 0x2F, 0x2E, 0x2D, 0x2C,
	0x2B, 0x2A, 0x29, 0x28, 0x27, 0x26, 0x25, 0x24, 0x23, 0x22, 0x21, 0x20,
	0x1F, 0x1E, 0x1D, 0x1C, 0x1B, 0x1A, 0x19, 0x18, 0x17, 0x16, 0x15, 0x14,
	0x13, 0x12, 0x11, 0x11, 0x11, 0x11, 0x11, 0x11, 0x11, 0x11, 0x10, 0x1A,
	0x07, 0x1F, 0x2B, 0x13, 0x23, 0x35, 0x23, 0x35, 0x33, 0x15, 0x33, 0x35,
	0x33, 0x15, 0x23, 0x15, 0x23, 0x15, 0x23, 0x13, 0x33, 0x35, 0x33, 0x15,
	0x23, 0x15, 0x23, 0x15, 0x21, 0x35, 0x23, 0x35, 0x23, 0x11, 0x33, 0x35,
	0x33, 0x35, 0x21, 0x15, 0x33, 0x15, 0x33, 0x15, 0x23, 0x35, 0x23, 0x35,
	0x23, 0x15, 0x23, 0x11, 0x33, 0x15, 0x33, 0xFA, 0x32, 0x32, 0x64, 0x64,
	0x64, 0x32, 0x32, 0x64, 0x64, 0x32, 0x96, 0x32, 0x32, 0xFE, 0xD4, 0x32,
	0x32, 0x32, 0x32, 0x01, 0x2C, 0x32, 0x32, 0x96, 0x32, 0x64, 0x32, 0x32,
	0x64, 0x03, 0x52, 0x32, 0x64, 0x32, 0x32, 0x64, 0x32, 0x32, 0xFD, 0xA8,
	0x32, 0x96, 0x32, 0x32, 0x32, 0x32, 0x02, 0x26, 0x32, 0x32, 0x32, 0x32,
	0x96, 0x32, 0x32, 0x32, 0xFE, 0xA2, 0x32, 0x00, 0x00, 0x01, 0x00, 0x32,
	0xFF, 0x06, 0x02, 0x26, 0x02, 0xEE, 0x00, 0x31, 0x01, 0x57, 0x4B, 0xB0,
	0x10, 0x50, 0x58, 0x40, 0x5B, 0x0B, 0x01, 0x09, 0x0A, 0x08, 0x0A, 0x09,
	0x72, 0x00, 0x13, 0x00, 0x18, 0x17, 0x13, 0x72, 0x07, 0x01, 0x03, 0x00,
	0x08, 0x0F, 0x03, 0x08, 0x68, 0x00, 0x0F, 0x10, 0x01, 0x02, 0x01, 0x0F,
	0x02, 0x67, 0x06, 0x01, 0x04, 0x11, 0x01, 0x01, 0x00, 0x04, 0x01, 0x67,
	0x00, 0x0D, 0x00, 0x18, 0x14, 0x0D, 0x18, 0x67, 0x00, 0x17, 0x00, 0x16,
	0x17, 0x16, 0x64, 0x00, 0x0A, 0x0A, 0x05, 0x5F, 0x00, 0x05, 0x05, 0x16,
	0x4D, 0x0E, 0x01, 0x0C, 0x0C, 0x00, 0x5F, 0x12, 0x01, 0x00, 0x00, 0x17,
	0x4D, 0x00, 0x14, 0x14, 0x15, 0x5F, 0x00, 0x15, 0x15, 0x1B, 0x15, 0x4E,
	0x1B, 0x4B, 0xB0, 0x21, 0x50, 0x58, 0x40, 0x5C, 0x0B, 0x01, 0x09, 0x0A,
	0x08, 0x0A, 0x09, 0x72, 0x00, 0x13, 0x00, 0x18, 0x00, 0x13, 0x18, 0x80,
	0x07, 0x01, 0x03, 0x00, 0x08, 0x0F, 0x03, 0x08, 0x68, 0x00, 0x0F, 0x10,
	0x01, 0x02, 0x01, 0x0F, 0x02, 0x67, 0x06, 0x01, 0x04, 0x11, 0x01, 0x01,
	0x00, 0x04, 0x01, 0x67, 0x00, 0x0D, 0x00, 0x18, 0x14, 0x0D, 0x18, 0x67,
	0x00, 0x17, 0x00, 0x16, 0x17, 0x16, 0x64, 0x00, 0x0A, 0x0A, 0x05, 0x5F,
	0x00, 0x05, 0x05, 0x16, 0x4D, 0x0E, 0x01, 0x0C, 0x0C, 0x00, 0x5F, 0x12,
	0x01, 0x00, 0x00, 0x17, 0x4D, 0x00, 0x14, 0x14, 0x15, 0x5F, 0x00, 0x15,
	0x15, 0x1B, 0x15, 0x4E, 0x1B, 0x40, 0x5D, 0x0B, 0x01, 0x09, 0x0A, 0x08,
	0x0A, 0x09, 0x08, 0x80, 0x00, 0x13, 0x00, 0x18, 0x00, 0x13, 0x18, 0x80,
	0x07, 0x01, 0x03, 0x00, 0x08, 0x0F, 0x03, 0x08, 0x68, 0x00, 0x0F, 0x10,
	0x01, 0x02, 0x01, 0x0F, 0x02, 0x67, 0x06, 0x01, 0x04, 0x11, 0x01, 0x01,
	0x00, 0x04, 0x01, 0x67, 0x00, 0x0D, 0x00, 0x18, 0x14, 0x0D, 0x18, 0x67,
	0x00, 0x17, 0x00, 0x16, 0x17, 0x16, 0x64, 0x00, 0x0A, 0x0A, 0x05, 0x5F,
	0x00, 0x05, 0x05, 0x16, 0x4D, 0x0E, 0x01, 0x0C, 0x0C, 0x00, 0x5F, 0x12,
	0x01, 0x00, 0x00, 0x17, 0x4D, 0x00, 0x14, 0x14, 0x15, 0x5F, 0x00, 0x15,
	0x15, 0x1B, 0x15, 0x4E, 0x59, 0x59, 0x40, 0x2C, 0x31, 0x30, 0x2F, 0x2E,
	0x2D, 0x2C, 0x2B, 0x2A, 0x29, 0x28, 0x27, 0x26, 0x25, 0x24, 0x23, 0x22,
	0x21, 0x20, 0x1F, 0x1E, 0x1D, 0x1C, 0x1B, 0x1A, 0x19, 0x18, 0x17, 0x16,
	0x15, 0x14, 0x13, 0x12, 0x11, 0x11, 0x11, 0x11, 0x11, 0x11, 0x11, 0x11,
	0x10, 0x19, 0x07, 0x1F, 0x2B, 0x33, 0x23, 0x35, 0x23, 0x35, 0x23, 0x11,
	0x33, 0x35, 0x33, 0x35, 0x21, 0x15, 0x33, 0x15, 0x33, 0x15, 0x23, 0x35,
	0x23, 0x35, 0x23, 0x15, 0x23, 0x11, 0x33, 0x15, 0x33, 0x35, 0x33, 0x35,
	0x33, 0x15, 0x23, 0x15, 0x23, 0x15, 0x23, 0x15, 0x33, 0x15, 0x33, 0x15,
	0x23, 0x15, 0x23, 0x35, 0x33, 0x35, 0x23, 0xFA, 0x64, 0x32, 0x32, 0x32,
	0x32, 0x01, 0x2C, 0x32, 0x32, 0x96, 0x32, 0x64, 0x32, 0x32, 0x64, 0x32,
	0x96, 0x32, 0x32, 0x64, 0x32, 0x32, 0x32, 0xC8, 0x96, 0x64, 0x32, 0x32,
	0x02, 0x26, 0x32, 0x32, 0x32, 0x32, 0x96, 0x32, 0x32, 0x32, 0xFE, 0xA2,
	0x32, 0x32, 0x32, 0x96, 0x32, 0x32, 0x32, 0x32, 0x64, 0x32, 0x64, 0x32,
	0x00, 0x02, 0x00, 0x32, 0x00, 0x00, 0x02, 0x26, 0x03, 0xE8, 0x00, 0x03,
	0x00, 0x27, 0x00, 0xC4, 0x4B, 0xB0, 0x21, 0x50, 0x58, 0x40, 0x49, 0x11,
	0x01, 0x0F, 0x10, 0x0E, 0x10, 0x0F, 0x72, 0x12, 0x01, 0x02, 0x03, 0x13,
	0x13, 0x02, 0x72, 0x00, 0x00, 0x00, 0x01, 0x0B, 0x00, 0x01, 0x67, 0x0D,
	0x01, 0x09, 0x00, 0x0E, 0x03, 0x09, 0x0E, 0x68, 0x00, 0x03, 0x08, 0x01,
	0x04, 0x05, 0x03, 0x04, 0x67, 0x0C, 0x01, 0x0A, 0x07, 0x01, 0x05, 0x06,
	0x0A, 0x05, 0x67, 0x00, 0x10, 0x10, 0x0B, 0x5F, 0x00, 0x0B, 0x0B, 0x16,
	0x4D, 0x00, 0x13, 0x13, 0x06, 0x60, 0x00, 0x06, 0x06, 0x17, 0x06, 0x4E,
	0x1B, 0x40, 0x4B, 0x11, 0x01, 0x0F, 0x10, 0x0E, 0x10, 0x0F, 0x0E, 0x80,
	0x12, 0x01, 0x02, 0x03, 0x13, 0x03, 0x02, 0x13, 0x80, 0x00, 0x00, 0x00,
	0x01, 0x0B, 0x00, 0x01, 0x67, 0x0D, 0x01, 0x09, 0x00, 0x0E, 0x03, 0x09,
	0x0E, 0x68, 0x00, 0x03, 0x08, 0x01, 0x04, 0x05, 0x03, 0x04, 0x67, 0x0C,
	0x01, 0x0A, 0x07, 0x01, 0x05, 0x06, 0x0A, 0x05, 0x67, 0x00, 0x10, 0x10,
	0x0B, 0x5F, 0x00, 0x0B, 0x0B, 0x16, 0x4D, 0x00, 0x13, 0x13, 0x06, 0x60,
	0x00, 0x06, 0x06, 0x17, 0x06, 0x4E, 0x59, 0x40, 0x22, 0x27, 0x26, 0x25,
	0x24, 0x23, 0x22, 0x21, 0x20, 0x1F, 0x1E, 0x1D, 0x1C, 0x1B, 0x1A, 0x19,
	0x18, 0x17, 0x16, 0x15, 0x14, 0x13, 0x12, 0x11, 0x11, 0x11, 0x11, 0x11,
	0x11, 0x11, 0x11, 0x10, 0x14, 0x07, 0x1F, 0x2B, 0x13, 0x33, 0x15, 0x23,
	0x13, 0x33, 0x35, 0x33, 0x15, 0x23, 0x15, 0x23, 0x15, 0x21, 0x35, 0x23,
	0x35, 0x23, 0x11, 0x33, 0x35, 0x33, 0x35, 0x21, 0x15, 0x33, 0x15, 0x33,
	0x15, 0x23, 0x35, 0x23, 0x35, 0x23, 0x15, 0x23, 0x11, 0x33, 0x15, 0x33,
	0xC8, 0x96, 0x96, 0x96, 0x32, 0x96, 0x32, 0x32, 0xFE, 0xD4, 0x32, 0x32,
	0x32, 0x32, 0x01, 0x2C, 0x32, 0x32, 0x96, 0x32, 0x64, 0x32, 0x32, 0x64,
	0x03, 0xE8, 0x96, 0xFD, 0x76, 0x32, 0x96, 0x32, 0x32, 0x32, 0x32, 0x02,
	0x26, 0x32, 0x32, 0x32, 0x32, 0x96, 0x32, 0x32, 0x32, 0xFE, 0xA2, 0x32,
	0x00, 0x02, 0x00, 0x32, 0x00, 0x00, 0x02, 0x26, 0x02, 0xEE, 0x00, 0x0B,
	0x00, 0x13, 0x00, 0x82, 0x4B, 0xB0, 0x21, 0x50, 0x58, 0x40, 0x32, 0x00,
	0x07, 0x08, 0x06, 0x08, 0x07, 0x72, 0x00, 0x06, 0x09, 0x09, 0x06, 0x70,
	0x00, 0x02, 0x00, 0x03, 0x04, 0x02, 0x03, 0x67, 0x00, 0x01, 0x00, 0x04,
	0x05, 0x01, 0x04, 0x67, 0x00, 0x08, 0x08, 0x00, 0x5F, 0x00, 0x00, 0x00,
	0x16, 0x4D, 0x00, 0x09, 0x09, 0x05, 0x60, 0x00, 0x05, 0x05, 0x17, 0x05,
	0x4E, 0x1B, 0x40, 0x34, 0x00, 0x07, 0x08, 0x06, 0x08, 0x07, 0x06, 0x80,
	0x00, 0x06, 0x09, 0x08, 0x06, 0x09, 0x7E, 0x00, 0x02, 0x00, 0x03, 0x04,
	0x02, 0x03, 0x67, 0x00, 0x01, 0x00, 0x04, 0x05, 0x01, 0x04, 0x67, 0x00,
	0x08, 0x08, 0x00, 0x5F, 0x00, 0x00, 0x00, 0x16, 0x4D, 0x00, 0x09, 0x09,
	0x05, 0x60, 0x00, 0x05, 0x05, 0x17, 0x05, 0x4E, 0x59, 0x40, 0x0E, 0x13,
	0x12, 0x11, 0x11, 0x11, 0x11, 0x11, 0x11, 0x11, 0x11, 0x10, 0x0A, 0x07,
	0x1F, 0x2B, 0x13, 0x21, 0x15, 0x33, 0x15, 0x33, 0x11, 0x23, 0x15, 0x23,
	0x15, 0x21, 0x25, 0x33, 0x11, 0x23, 0x35, 0x23, 0x11, 0x33, 0x32, 0x01,
	0x90, 0x32, 0x32, 0x32, 0x32, 0xFE, 0x70, 0x01, 0x2C, 0x32, 0x32, 0x96,
	0x96, 0x02, 0xEE, 0x32, 0x32, 0xFD, 0xDA, 0x32, 0x32, 0xC8, 0x01, 0x5E,
	0x32, 0xFE, 0x3E, 0x00, 0x00, 0x02, 0x00, 0x00, 0x00, 0x00, 0x02, 0x58,
	0x02, 0xEE, 0x00, 0x0B, 0x00, 0x1B, 0x00, 0xA0, 0x4B, 0xB0, 0x21, 0x50,
	0x58, 0x40, 0x3D, 0x00, 0x01, 0x02, 0x03, 0x02, 0x01, 0x72, 0x00, 0x00,
	0x04, 0x05, 0x05, 0x00, 0x72, 0x06, 0x01, 0x03, 0x0D, 0x01, 0x04, 0x00,
	0x03, 0x04, 0x67, 0x00, 0x09, 0x00, 0x0A, 0x0B, 0x09, 0x0A, 0x67, 0x00,
	0x08, 0x00, 0x0B, 0x0C, 0x08, 0x0B, 0x67, 0x00, 0x02, 0x02, 0x07, 0x5F,
	0x00, 0x07, 0x07, 0x16, 0x4D, 0x00, 0x05, 0x05, 0x0C, 0x60, 0x00, 0x0C,
	0x0C, 0x17, 0x0C, 0x4E, 0x1B, 0x40, 0x3F, 0x00, 0x01, 0x02, 0x03, 0x02,
	0x01, 0x03, 0x80, 0x00, 0x00, 0x04, 0x05, 0x04, 0x00, 0x05, 0x80, 0x06,
	0x01, 0x03, 0x0D, 0x01, 0x04, 0x00, 0x03, 0x04, 0x67, 0x00, 0x09, 0x00,
	0x0A, 0x0B, 0x09, 0x0A, 0x67, 0x00, 0x08, 0x00, 0x0B, 0x0C, 0x08, 0x0B,
	0x67, 0x00, 0x02, 0x02, 0x07, 0x5F, 0x00, 0x07, 0x07, 0x16, 0x4D, 0x00,
	0x05, 0x05, 0x0C, 0x60, 0x00, 0x0C, 0x0C, 0x17, 0x0C, 0x4E, 0x59, 0x40,
	0x16, 0x1B, 0x1A, 0x19, 0x18, 0x17, 0x16, 0x15, 0x14, 0x13, 0x12, 0x11,
	0x11, 0x11, 0x11, 0x11, 0x11, 0x11, 0x11, 0x10, 0x0E, 0x07, 0x1F, 0x2B,
	0x25, 0x33, 0x11, 0x23, 0x35, 0x23, 0x15, 0x33, 0x15, 0x23, 0x15, 0x33,
	0x01, 0x33, 0x11, 0x21, 0x15, 0x33, 0x15, 0x33, 0x11, 0x23, 0x15, 0x23,
	0x15, 0x21, 0x11, 0x23, 0x01, 0x90, 0x32, 0x32, 0x96, 0x96, 0x96, 0x96,
	0xFE, 0x70, 0x64, 0x01, 0x90, 0x32, 0x32, 0x32, 0x32, 0xFE, 0x70, 0x64,
	0xC8, 0x01, 0x5E, 0x32, 0x96, 0x64, 0xC8, 0x01, 0x2C, 0x01, 0x2C, 0x32,
	0x32, 0xFD, 0xDA, 0x32, 0x32, 0x01, 0x5E, 0x00, 0x00, 0x03, 0x00, 0x32,
	0x00, 0x00, 0x02, 0x26, 0x03, 0xE8, 0x00, 0x0F, 0x00, 0x1B, 0x00, 0x23,
	0x00, 0xC7, 0x4B, 0xB0, 0x21, 0x50, 0x58, 0x40, 0x4C, 0x06, 0x01, 0x00,
	0x01, 0x07, 0x01, 0x00, 0x72, 0x00, 0x0F, 0x10, 0x0E, 0x10, 0x0F, 0x72,
	0x00, 0x0E, 0x11, 0x11, 0x0E, 0x70, 0x04, 0x01, 0x02, 0x05, 0x01, 0x01,
	0x00, 0x02, 0x01, 0x67, 0x00, 0x03, 0x00, 0x07, 0x08, 0x03, 0x07, 0x67,
	0x00, 0x0A, 0x00, 0x0B, 0x0C, 0x0A, 0x0B, 0x67, 0x00, 0x09, 0x00, 0x0C,
	0x0D, 0x09, 0x0C, 0x67, 0x00, 0x10, 0x10, 0x08, 0x5F, 0x00, 0x08, 0x08,
	0x16, 0x4D, 0x00, 0x11, 0x11, 0x0D, 0x60, 0x00, 0x0D, 0x0D, 0x17, 0x0D,
	0x4E, 0x1B, 0x40, 0x4F, 0x06, 0x01, 0x00, 0x01, 0x07, 0x01, 0x00, 0x07,
	0x80, 0x00, 0x0F, 0x10, 0x0E, 0x10, 0x0F, 0x0E, 0x80, 0x00, 0x0E, 0x11,
	0x10, 0x0E, 0x11, 0x7E, 0x04, 0x01, 0x02, 0x05, 0x01, 0x01, 0x00, 0x02,
	0x01, 0x67, 0x00, 0x03, 0x00, 0x07, 0x08, 0x03, 0x07, 0x67, 0x00, 0x0A,
	0x00, 0x0B, 0x0C, 0x0A, 0x0B, 0x67, 0x00, 0x09, 0x00, 0x0C, 0x0D, 0x09,
	0x0C, 0x67, 0x00, 0x10, 0x10, 0x08, 0x5F, 0x00, 0x08, 0x08, 0x16, 0x4D,
	0x00, 0x11, 0x11, 0x0D, 0x60, 0x00, 0x0D, 0x0D, 0x17, 0x0D, 0x4E, 0x59,
	0x40, 0x1E, 0x23, 0x22, 0x21, 0x20, 0x1F, 0x1E, 0x1D, 0x1C, 0x1B, 0x1A,
	0x19, 0x18, 0x17, 0x16, 0x15, 0x14, 0x13, 0x12, 0x11, 0x11, 0x11, 0x11,
	0x11, 0x11, 0x11, 0x11, 0x10, 0x12, 0x07, 0x1F, 0x2B, 0x13, 0x23, 0x35,
	0x23, 0x35, 0x33, 0x15, 0x33, 0x35, 0x33, 0x15, 0x23, 0x15, 0x23, 0x15,
	0x23, 0x07, 0x21, 0x15, 0x33, 0x15, 0x33, 0x11, 0x23, 0x15, 0x23, 0x15,
	0x21, 0x25, 0x33, 0x11, 0x23, 0x35, 0x23, 0x11, 0x33, 0xC8, 0x32, 0x32,
	0x64, 0x64, 0x64, 0x32, 0x32, 0x64, 0x96, 0x01, 0x90, 0x32, 0x32, 0x32,
	0x32, 0xFE, 0x70, 0x01, 0x2C, 0x32, 0x32, 0x96, 0x96, 0x03, 0x52, 0x32,
	0x64, 0x32, 0x32, 0x64, 0x32, 0x32, 0x32, 0x32, 0x32, 0xFD, 0xDA, 0x32,
	0x32, 0xC8, 0x01, 0x5E, 0x32, 0xFE, 0x3E, 0x00, 0x00, 0x02, 0x00, 0x00,
	0x00, 0x00, 0x02, 0x58, 0x02, 0xEE, 0x00, 0x0B, 0x00, 0x1B, 0x00, 0xA0,
	0x4B, 0xB0, 0x21, 0x50, 0x58, 0x40, 0x3D, 0x00, 0x01, 0x02, 0x03, 0x02,
	0x01, 0x72, 0x00, 0x00, 0x04, 0x05, 0x05, 0x00, 0x72, 0x06, 0x01, 0x03,
	0x0D, 0x01, 0x04, 0x00, 0x03, 0x04, 0x67, 0x00, 0x09, 0x00, 0x0A, 0x0B,
	0x09, 0x0A, 0x67, 0x00, 0x08, 0x00, 0x0B, 0x0C, 0x08, 0x0B, 0x67, 0x00,
	0x02, 0x02, 0x07, 0x5F, 0x00, 0x07, 0x07, 0x16, 0x4D, 0x00, 0x05, 0x05,
	0x0C, 0x60, 0x00, 0x0C, 0x0C, 0x17, 0x0C, 0x4E, 0x1B, 0x40, 0x3F, 0x00,
	0x01, 0x02, 0x03, 0x02, 0x01, 0x03, 0x80, 0x00, 0x00, 0x04, 0x05, 0x04,
	0x00, 0x05, 0x80, 0x06, 0x01, 0x03, 0x0D, 0x01, 0x04, 0x00, 0x03, 0x04,
	0x67, 0x00, 0x09, 0x00, 0x0A, 0x0B, 0x09, 0x0A, 0x67, 0x00, 0x08, 0x00,
	0x0B, 0x0C, 0x08, 0x0B, 0x67, 0x00, 0x02, 0x02, 0x07, 0x5F, 0x00, 0x07,
	0x07, 0x16, 0x4D, 0x00, 0x05, 0x05, 0x0C, 0x60, 0x00, 0x0C, 0x0C, 0x17,
	0x0C, 0x4E, 0x59, 0x40, 0x16, 0x1B, 0x1A, 0x19, 0x18, 0x17, 0x16, 0x15,
	0x14, 0x13, 0x12, 0x11, 0x11, 0x11, 0x11, 0x11, 0x11, 0x11, 0x11, 0x10,
	0x0E, 0x07, 0x1F, 0x2B, 0x25, 0x33, 0x11, 0x23, 0x35, 0x23, 0x15, 0x33,
	0x15, 0x23, 0x15, 0x33, 0x01, 0x33, 0x11, 0x21, 0x15, 0x33, 0x15, 0x33,
	0x11, 0x23, 0x15, 0x23, 0x15, 0x21, 0x11, 0x23, 0x01, 0x90, 0x32, 0x32,
	0x96, 0x96, 0x96, 0x96, 0xFE, 0x70, 0x64, 0x01, 0x90, 0x32, 0x32, 0x32,
	0x32, 0xFE, 0x70, 0x64, 0xC8, 0x01, 0x5E, 0x32, 0x96, 0x64, 0xC8, 0x01,
	0x2C, 0x01, 0x2C, 0x32, 0x32, 0xFD, 0xDA, 0x32, 0x32, 0x01, 0x5E, 0x00,
	0x00, 0x01, 0x00, 0x32, 0x00, 0x00, 0x01, 0xF4, 0x02, 0xEE, 0x00, 0x0B,
	0x00, 0x29, 0x40, 0x26, 0x00, 0x04, 0x00, 0x05, 0x00, 0x04, 0x05, 0x67,
	0x00, 0x03, 0x03, 0x02, 0x5F, 0x00, 0x02, 0x02, 0x16, 0x4D, 0x00, 0x00,
	0x00, 0x01, 0x5F, 0x00, 0x01, 0x01, 0x17, 0x01, 0x4E, 0x11, 0x11, 0x11,
	0x11, 0x11, 0x10, 0x06, 0x07, 0x1C, 0x2B, 0x37, 0x21, 0x15, 0x21, 0x11,
	0x21, 0x15, 0x21, 0x15, 0x33, 0x15, 0x23, 0xC8, 0x01, 0x2C, 0xFE, 0x3E,
	0x01, 0xC2, 0xFE, 0xD4, 0xFA, 0xFA, 0x96, 0x96, 0x02, 0xEE, 0x96, 0x96,
	0x96, 0x00, 0x00, 0x02, 0x00, 0x32, 0x00, 0x00, 0x01, 0xF4, 0x03, 0xE8,
	0x00, 0x0B, 0x00, 0x17, 0x00, 0xA2, 0x4B, 0xB0, 0x21, 0x50, 0x58, 0x40,
	0x3C, 0x00, 0x04, 0x05, 0x00, 0x03, 0x04, 0x72, 0x00, 0x01, 0x03, 0x02,
	0x00, 0x01, 0x72, 0x0C, 0x01, 0x05, 0x00, 0x00, 0x03, 0x05, 0x00, 0x67,
	0x00, 0x03, 0x00, 0x02, 0x08, 0x03, 0x02, 0x68, 0x00, 0x0A, 0x00, 0x0B,
	0x06, 0x0A, 0x0B, 0x67, 0x00, 0x09, 0x09, 0x08, 0x5F, 0x00, 0x08, 0x08,
	0x16, 0x4D, 0x00, 0x06, 0x06, 0x07, 0x5F, 0x00, 0x07, 0x07, 0x17, 0x07,
	0x4E, 0x1B, 0x40, 0x3E, 0x00, 0x04, 0x05, 0x00, 0x05, 0x04, 0x00, 0x80,
	0x00, 0x01, 0x03, 0x02, 0x03, 0x01, 0x02, 0x80, 0x0C, 0x01, 0x05, 0x00,
	0x00, 0x03, 0x05, 0x00, 0x67, 0x00, 0x03, 0x00, 0x02, 0x08, 0x03, 0x02,
	0x68, 0x00, 0x0A, 0x00, 0x0B, 0x06, 0x0A, 0x0B, 0x67, 0x00, 0x09, 0x09,
	0x08, 0x5F, 0x00, 0x08, 0x08, 0x16, 0x4D, 0x00, 0x06, 0x06, 0x07, 0x5F,
	0x00, 0x07, 0x07, 0x17, 0x07, 0x4E, 0x59, 0x40, 0x1A, 0x00, 0x00, 0x17,
	0x16, 0x15, 0x14, 0x13, 0x12, 0x11, 0x10, 0x0F, 0x0E, 0x0D, 0x0C, 0x00,
	0x0B, 0x00, 0x0B, 0x11, 0x11, 0x11, 0x11, 0x11, 0x0D, 0x07, 0x1B, 0x2B,
	0x01, 0x15, 0x23, 0x15, 0x23, 0x15, 0x23, 0x35, 0x33, 0x35, 0x33, 0x35,
	0x03, 0x21, 0x15, 0x21, 0x11, 0x21, 0x15, 0x21, 0x15, 0x33, 0x15, 0x23,
	0x01, 0x90, 0x32, 0x32, 0x64, 0x32, 0x32, 0x64, 0x01, 0x2C, 0xFE, 0x3E,
	0x01, 0xC2, 0xFE, 0xD4, 0xFA, 0xFA, 0x03, 0xE8, 0x64, 0x32, 0x32, 0x64,
	0x32, 0x32, 0xFC, 0xAE, 0x96, 0x02, 0xEE, 0x96, 0x96, 0x96, 0x00, 0x02,
	0x00, 0x32, 0x00, 0x00, 0x01, 0xF4, 0x03, 0xE8, 0x00, 0x0F, 0x00, 0x1B,
	0x00, 0x93, 0x4B, 0xB0, 0x21, 0x50, 0x58, 0x40, 0x37, 0x06, 0x01, 0x00,
	0x01, 0x07, 0x01, 0x00, 0x72, 0x04, 0x01, 0x02, 0x05, 0x01, 0x01, 0x00,
	0x02, 0x01, 0x67, 0x00, 0x03, 0x00, 0x07, 0x0A, 0x03, 0x07, 0x67, 0x00,
	0x0C, 0x00, 0x0D, 0x08, 0x0C, 0x0D, 0x67, 0x00, 0x0B, 0x0B, 0x0A, 0x5F,
	0x00, 0x0A, 0x0A, 0x16, 0x4D, 0x00, 0x08, 0x08, 0x09, 0x5F, 0x00, 0x09,
	0x09, 0x17, 0x09, 0x4E, 0x1B, 0x40, 0x38, 0x06, 0x01, 0x00, 0x01, 0x07,
	0x01, 0x00, 0x07, 0x80, 0x04, 0x01, 0x02, 0x05, 0x01, 0x01, 0x00, 0x02,
	0x01, 0x67, 0x00, 0x03, 0x00, 0x07, 0x0A, 0x03, 0x07, 0x67, 0x00, 0x0C,
	0x00, 0x0D, 0x08, 0x0C, 0x0D, 0x67, 0x00, 0x0B, 0x0B, 0x0A, 0x5F, 0x00,
	0x0A, 0x0A, 0x16, 0x4D, 0x00, 0x08, 0x08, 0x09, 0x5F, 0x00, 0x09, 0x09,
	0x17, 0x09, 0x4E, 0x59, 0x40, 0x16, 0x1B, 0x1A, 0x19, 0x18, 0x17, 0x16,
	0x15, 0x14, 0x13, 0x12, 0x11, 0x11, 0x11, 0x11, 0x11, 0x11, 0x11, 0x11,
	0x10, 0x0E, 0x07, 0x1F, 0x2B, 0x13, 0x23, 0x35, 0x23, 0x35, 0x33, 0x15,
	0x33, 0x35, 0x33, 0x15, 0x23, 0x15, 0x23, 0x15, 0x23, 0x03, 0x21, 0x15,
	0x21, 0x11, 0x21, 0x15, 0x21, 0x15, 0x33, 0x15, 0x23, 0xFA, 0x32, 0x32,
	0x64, 0x64, 0x64, 0x32, 0x32, 0x64, 0x32, 0x01, 0x2C, 0xFE, 0x3E, 0x01,
	0xC2, 0xFE, 0xD4, 0xFA, 0xFA, 0x03, 0x52, 0x32, 0x64, 0x32, 0x32, 0x64,
	0x32, 0x32, 0xFD, 0x76, 0x96, 0x02, 0xEE, 0x96, 0x96, 0x96, 0x00, 0x02,
	0x00, 0x32, 0x00, 0x00, 0x01, 0xF4, 0x03, 0xE8, 0x00, 0x0F, 0x00, 0x1B,
	0x00, 0x93, 0x4B, 0xB0, 0x21, 0x50, 0x58, 0x40, 0x37, 0x03, 0x01, 0x01,
	0x02, 0x00, 0x00, 0x01, 0x72, 0x00, 0x02, 0x00, 0x06, 0x05, 0x02, 0x06,
	0x67, 0x04, 0x01, 0x00, 0x07, 0x01, 0x05, 0x0A, 0x00, 0x05, 0x68, 0x00,
	0x0C, 0x00, 0x0D, 0x08, 0x0C, 0x0D, 0x67, 0x00, 0x0B, 0x0B, 0x0A, 0x5F,
	0x00, 0x0A, 0x0A, 0x16, 0x4D, 0x00, 0x08, 0x08, 0x09, 0x5F, 0x00, 0x09,
	0x09, 0x17, 0x09, 0x4E, 0x1B, 0x40, 0x38, 0x03, 0x01, 0x01, 0x02, 0x00,
	0x02, 0x01, 0x00, 0x80, 0x00, 0x02, 0x00, 0x06, 0x05, 0x02, 0x06, 0x67,
	0x04, 0x01, 0x00, 0x07, 0x01, 0x05, 0x0A, 0x00, 0x05, 0x68, 0x00, 0x0C,
	0x00, 0x0D, 0x08, 0x0C, 0x0D, 0x67, 0x00, 0x0B, 0x0B, 0x0A, 0x5F, 0x00,
	0x0A, 0x0A, 0x16, 0x4D, 0x00, 0x08, 0x08, 0x09, 0x5F, 0x00, 0x09, 0x09,
	0x17, 0x09, 0x4E, 0x59, 0x40, 0x16, 0x1B, 0x1A, 0x19, 0x18, 0x17, 0x16,
	0x15, 0x14, 0x13, 0x12, 0x11, 0x11, 0x11, 0x11, 0x11, 0x11, 0x11, 0x11,
	0x10, 0x0E, 0x07, 0x1F, 0x2B, 0x13, 0x33, 0x35, 0x33, 0x35, 0x33, 0x15,
	0x33, 0x15, 0x33, 0x15, 0x23, 0x35, 0x23, 0x15, 0x23, 0x13, 0x21, 0x15,
	0x21, 0x11, 0x21, 0x15, 0x21, 0x15, 0x33, 0x15, 0x23, 0x96, 0x32, 0x32,
	0x64, 0x32, 0x32, 0x64, 0x64, 0x64, 0x32, 0x01, 0x2C, 0xFE, 0x3E, 0x01,
	0xC2, 0xFE, 0xD4, 0xFA, 0xFA, 0x03, 0x84, 0x32, 0x32, 0x32, 0x32, 0x64,
	0x32, 0x32, 0xFD, 0x76, 0x96, 0x02, 0xEE, 0x96, 0x96, 0x96, 0x00, 0x03,
	0x00, 0x32, 0x00, 0x00, 0x01, 0xF4, 0x03, 0xE8, 0x00, 0x03, 0x00, 0x07,
	0x00, 0x13, 0x00, 0x38, 0x40, 0x35, 0x02, 0x01, 0x00, 0x03, 0x01, 0x01,
	0x06, 0x00, 0x01, 0x67, 0x00, 0x08, 0x00, 0x09, 0x04, 0x08, 0x09, 0x67,
	0x00, 0x07, 0x07, 0x06, 0x5F, 0x00, 0x06, 0x06, 0x16, 0x4D, 0x00, 0x04,
	0x04, 0x05, 0x5F, 0x00, 0x05, 0x05, 0x17, 0x05, 0x4E, 0x13, 0x12, 0x11,
	0x11, 0x11, 0x11, 0x11, 0x11, 0x11, 0x11, 0x10, 0x0A, 0x07, 0x1F, 0x2B,
	0x01, 0x33, 0x15, 0x23, 0x27, 0x33, 0x15, 0x23, 0x13, 0x21, 0x15, 0x21,
	0x11, 0x21, 0x15, 0x21, 0x15, 0x33, 0x15, 0x23, 0x01, 0x5E, 0x96, 0x96,
	0xFA, 0x96, 0x96, 0x64, 0x01, 0x2C, 0xFE, 0x3E, 0x01, 0xC2, 0xFE, 0xD4,
	0xFA, 0xFA, 0x03, 0xE8, 0x96, 0x96, 0x96, 0xFD, 0x44, 0x96, 0x02, 0xEE,
	0x96, 0x96, 0x96, 0x00, 0x00, 0x02, 0x00, 0x32, 0x00, 0x00, 0x01, 0xF4,
	0x03, 0xE8, 0x00, 0x03, 0x00, 0x0F, 0x00, 0x33, 0x40, 0x30, 0x00, 0x00,
	0x00, 0x01, 0x04, 0x00, 0x01, 0x67, 0x00, 0x06, 0x00, 0x07, 0x02, 0x06,
	0x07, 0x67, 0x00, 0x05, 0x05, 0x04, 0x5F, 0x00, 0x04, 0x04, 0x16, 0x4D,
	0x00, 0x02, 0x02, 0x03, 0x5F, 0x00, 0x03, 0x03, 0x17, 0x03, 0x4E, 0x11,
	0x11, 0x11, 0x11, 0x11, 0x11, 0x11, 0x10, 0x08, 0x07, 0x1E, 0x2B, 0x13,
	0x33, 0x15, 0x23, 0x11, 0x21, 0x15, 0x21, 0x11, 0x21, 0x15, 0x21, 0x15,
	0x33, 0x15, 0x23, 0xC8, 0x96, 0x96, 0x01, 0x2C, 0xFE, 0x3E, 0x01, 0xC2,
	0xFE, 0xD4, 0xFA, 0xFA, 0x03, 0xE8, 0x96, 0xFD, 0x44, 0x96, 0x02, 0xEE,
	0x96, 0x96, 0x96, 0x00, 0x00, 0x02, 0x00, 0x32, 0x00, 0x00, 0x01, 0xF4,
	0x03, 0xE8, 0x00, 0x0B, 0x00, 0x17, 0x00, 0x98, 0x4B, 0xB0, 0x21, 0x50,
	0x58, 0x40, 0x3B, 0x00, 0x05, 0x04, 0x03, 0x00, 0x05, 0x72, 0x00, 0x02,
	0x00, 0x01, 0x03, 0x02, 0x72, 0x00, 0x04, 0x00, 0x03, 0x00, 0x04, 0x03,
	0x67, 0x00, 0x00, 0x00, 0x01, 0x08, 0x00, 0x01, 0x68, 0x00, 0x0A, 0x00,
	0x0B, 0x06, 0x0A, 0x0B, 0x67, 0x00, 0x09, 0x09, 0x08, 0x5F, 0x00, 0x08,
	0x08, 0x16, 0x4D, 0x00, 0x06, 0x06, 0x07, 0x5F, 0x00, 0x07, 0x07, 0x17,
	0x07, 0x4E, 0x1B, 0x40, 0x3D, 0x00, 0x05, 0x04, 0x03, 0x04, 0x05, 0x03,
	0x80, 0x00, 0x02, 0x00, 0x01, 0x00, 0x02, 0x01, 0x80, 0x00, 0x04, 0x00,
	0x03, 0x00, 0x04, 0x03, 0x67, 0x00, 0x00, 0x00, 0x01, 0x08, 0x00, 0x01,
	0x68, 0x00, 0x0A, 0x00, 0x0B, 0x06, 0x0A, 0x0B, 0x67, 0x00, 0x09, 0x09,
	0x08, 0x5F, 0x00, 0x08, 0x08, 0x16, 0x4D, 0x00, 0x06, 0x06, 0x07, 0x5F,
	0x00, 0x07, 0x07, 0x17, 0x07, 0x4E, 0x59, 0x40, 0x12, 0x17, 0x16, 0x15,
	0x14, 0x13, 0x12, 0x11, 0x11, 0x11, 0x11, 0x11, 0x11, 0x11, 0x11, 0x10,
	0x0C, 0x07, 0x1F, 0x2B, 0x01, 0x33, 0x15, 0x23, 0x35, 0x23, 0x35, 0x23,
	0x35, 0x33, 0x15, 0x33, 0x03, 0x21, 0x15, 0x21, 0x11, 0x21, 0x15, 0x21,
	0x15, 0x33, 0x15, 0x23, 0x01, 0x5E, 0x32, 0x64, 0x32, 0x32, 0x64, 0x32,
	0x96, 0x01, 0x2C, 0xFE, 0x3E, 0x01, 0xC2, 0xFE, 0xD4, 0xFA, 0xFA, 0x03,
	0x84, 0x64, 0x32, 0x32, 0x64, 0x32, 0xFC, 0xE0, 0x96, 0x02, 0xEE, 0x96,
	0x96, 0x96, 0x00, 0x02, 0x00, 0x32, 0x00, 0x00, 0x01, 0xF4, 0x03, 0xB6,
	0x00, 0x03, 0x00, 0x0F, 0x00, 0x33, 0x40, 0x30, 0x00, 0x00, 0x00, 0x01,
	0x04, 0x00, 0x01, 0x67, 0x00, 0x06, 0x00, 0x07, 0x02, 0x06, 0x07, 0x67,
	0x00, 0x05, 0x05, 0x04, 0x5F, 0x00, 0x04, 0x04, 0x16, 0x4D, 0x00, 0x02,
	0x02, 0x03, 0x5F, 0x00, 0x03, 0x03, 0x17, 0x03, 0x4E, 0x11, 0x11, 0x11,
	0x11, 0x11, 0x11, 0x11, 0x10, 0x08, 0x07, 0x1E, 0x2B, 0x13, 0x21, 0x15,
	0x21, 0x13, 0x21, 0x15, 0x21, 0x11, 0x21, 0x15, 0x21, 0x15, 0x33, 0x15,
	0x23, 0x96, 0x01, 0x2C, 0xFE, 0xD4, 0x32, 0x01, 0x2C, 0xFE, 0x3E, 0x01,
	0xC2, 0xFE, 0xD4, 0xFA, 0xFA, 0x03, 0xB6, 0x64, 0xFD, 0x44, 0x96, 0x02,
	0xEE, 0x96, 0x96, 0x96, 0x00, 0x01, 0x00, 0x32, 0xFF, 0x06, 0x01, 0xF4,
	0x02, 0xEE, 0x00, 0x1B, 0x00, 0xF8, 0x4B, 0xB0, 0x10, 0x50, 0x58, 0x40,
	0x42, 0x00, 0x02, 0x01, 0x08, 0x01, 0x02, 0x72, 0x00, 0x08, 0x03, 0x04,
	0x08, 0x70, 0x00, 0x03, 0x07, 0x01, 0x03, 0x70, 0x00, 0x0C, 0x00, 0x0D,
	0x00, 0x0C, 0x0D, 0x67, 0x00, 0x04, 0x00, 0x05, 0x04, 0x05, 0x64, 0x00,
	0x0B, 0x0B, 0x0A, 0x5F, 0x00, 0x0A, 0x0A, 0x16, 0x4D, 0x00, 0x00, 0x00,
	0x01, 0x5F, 0x09, 0x01, 0x01, 0x01, 0x17, 0x4D, 0x00, 0x07, 0x07, 0x06,
	0x5F, 0x00, 0x06, 0x06, 0x1B, 0x06, 0x4E, 0x1B, 0x4B, 0xB0, 0x21, 0x50,
	0x58, 0x40, 0x44, 0x00, 0x02, 0x01, 0x08, 0x01, 0x02, 0x72, 0x00, 0x08,
	0x03, 0x01, 0x08, 0x03, 0x7E, 0x00, 0x03, 0x07, 0x01, 0x03, 0x07, 0x7E,
	0x00, 0x0C, 0x00, 0x0D, 0x00, 0x0C, 0x0D, 0x67, 0x00, 0x04, 0x00, 0x05,
	0x04, 0x05, 0x64, 0x00, 0x0B, 0x0B, 0x0A, 0x5F, 0x00, 0x0A, 0x0A, 0x16,
	0x4D, 0x00, 0x00, 0x00, 0x01, 0x5F, 0x09, 0x01, 0x01, 0x01, 0x17, 0x4D,
	0x00, 0x07, 0x07, 0x06, 0x5F, 0x00, 0x06, 0x06, 0x1B, 0x06, 0x4E, 0x1B,
	0x40, 0x45, 0x00, 0x02, 0x01, 0x08, 0x01, 0x02, 0x08, 0x80, 0x00, 0x08,
	0x03, 0x01, 0x08, 0x03, 0x7E, 0x00, 0x03, 0x07, 0x01, 0x03, 0x07, 0x7E,
	0x00, 0x0C, 0x00, 0x0D, 0x00, 0x0C, 0x0D, 0x67, 0x00, 0x04, 0x00, 0x05,
	0x04, 0x05, 0x64, 0x00, 0x0B, 0x0B, 0x0A, 0x5F, 0x00, 0x0A, 0x0A, 0x16,
	0x4D, 0x00, 0x00, 0x00, 0x01, 0x5F, 0x09, 0x01, 0x01, 0x01, 0x17, 0x4D,
	0x00, 0x07, 0x07, 0x06, 0x5F, 0x00, 0x06, 0x06, 0x1B, 0x06, 0x4E, 0x59,
	0x59, 0x40, 0x16, 0x1B, 0x1A, 0x19, 0x18, 0x17, 0x16, 0x15, 0x14, 0x13,
	0x12, 0x11, 0x11, 0x11, 0x11, 0x11, 0x11, 0x11, 0x11, 0x10, 0x0E, 0x07,
	0x1F, 0x2B, 0x37, 0x21, 0x15, 0x23, 0x15, 0x23, 0x15, 0x23, 0x15, 0x33,
	0x15, 0x23, 0x35, 0x23, 0x35, 0x33, 0x35, 0x33, 0x35, 0x21, 0x11, 0x21,
	0x15, 0x21, 0x15, 0x33, 0x15, 0x23, 0xC8, 0x01, 0x2C, 0x32, 0x32, 0x32,
	0x96, 0xC8, 0x32, 0x32, 0x32, 0xFE, 0xD4, 0x01, 0xC2, 0xFE, 0xD4, 0xFA,
	0xFA, 0x96, 0x96, 0x32, 0x32, 0x32, 0x64, 0x32, 0x64, 0x32, 0x32, 0x02,
	0xEE, 0x96, 0x96, 0x96, 0x00, 0x01, 0x00, 0x32, 0x00, 0x00, 0x01, 0xF4,
	0x02, 0xEE, 0x00, 0x09, 0x00, 0x23, 0x40, 0x20, 0x00, 0x00, 0x00, 0x01,
	0x02, 0x00, 0x01, 0x67, 0x00, 0x04, 0x04, 0x03, 0x5F, 0x00, 0x03, 0x03,
	0x16, 0x4D, 0x00, 0x02, 0x02, 0x17, 0x02, 0x4E, 0x11, 0x11, 0x11, 0x11,
	0x10, 0x05, 0x07, 0x1B, 0x2B, 0x13, 0x33, 0x15, 0x23, 0x11, 0x23, 0x11,
	0x21, 0x15, 0x21, 0xC8, 0xFA, 0xFA, 0x96, 0x01, 0xC2, 0xFE, 0xD4, 0x01,
	0xC2, 0x96, 0xFE, 0xD4, 0x02, 0xEE, 0x96, 0x00, 0x00, 0x01, 0x00, 0x32,
	0x00, 0x00, 0x02, 0x26, 0x02, 0xEE, 0x00, 0x23, 0x00, 0xAD, 0x4B, 0xB0,
	0x21, 0x50, 0x58, 0x40, 0x40, 0x10, 0x01, 0x00, 0x01, 0x11, 0x11, 0x00,
	0x72, 0x0F, 0x01, 0x0D, 0x02, 0x08, 0x0D, 0x58, 0x00, 0x02, 0x00, 0x01,
	0x00, 0x02, 0x01, 0x67, 0x0C, 0x01, 0x08, 0x07, 0x01, 0x03, 0x04, 0x08,
	0x03, 0x68, 0x0B, 0x01, 0x09, 0x06, 0x01, 0x04, 0x05, 0x09, 0x04, 0x67,
	0x00, 0x0E, 0x0E, 0x0A, 0x5F, 0x00, 0x0A, 0x0A, 0x16, 0x4D, 0x00, 0x11,
	0x11, 0x05, 0x60, 0x00, 0x05, 0x05, 0x17, 0x05, 0x4E, 0x1B, 0x40, 0x41,
	0x10, 0x01, 0x00, 0x01, 0x11, 0x01, 0x00, 0x11, 0x80, 0x0F, 0x01, 0x0D,
	0x02, 0x08, 0x0D, 0x58, 0x00, 0x02, 0x00, 0x01, 0x00, 0x02, 0x01, 0x67,
	0x0C, 0x01, 0x08, 0x07, 0x01, 0x03, 0x04, 0x08, 0x03, 0x68, 0x0B, 0x01,
	0x09, 0x06, 0x01, 0x04, 0x05, 0x09, 0x04, 0x67, 0x00, 0x0E, 0x0E, 0x0A,
	0x5F, 0x00, 0x0A, 0x0A, 0x16, 0x4D, 0x00, 0x11, 0x11, 0x05, 0x60, 0x00,
	0x05, 0x05, 0x17, 0x05, 0x4E, 0x59, 0x40, 0x1E, 0x23, 0x22, 0x21, 0x20,
	0x1F, 0x1E, 0x1D, 0x1C, 0x1B, 0x1A, 0x19, 0x18, 0x17, 0x16, 0x15, 0x14,
	0x13, 0x12, 0x11, 0x11, 0x11, 0x11, 0x11, 0x11, 0x11, 0x11, 0x10, 0x12,
	0x07, 0x1F, 0x2B, 0x25, 0x33, 0x35, 0x23, 0x35, 0x33, 0x11, 0x23, 0x15,
	0x23, 0x15, 0x21, 0x35, 0x23, 0x35, 0x23, 0x11, 0x33, 0x35, 0x33, 0x35,
	0x21, 0x15, 0x33, 0x15, 0x33, 0x15, 0x23, 0x35, 0x23, 0x15, 0x23, 0x11,
	0x33, 0x15, 0x33, 0x01, 0x5E, 0x32, 0x64, 0xFA, 0x32, 0x32, 0xFE, 0xD4,
	0x32, 0x32, 0x32, 0x32, 0x01, 0x2C, 0x32, 0x32, 0x96, 0x96, 0x32, 0x32,
	0x64, 0xC8, 0x64, 0x96, 0xFE, 0xA2, 0x32, 0x32, 0x32, 0x32, 0x02, 0x26,
	0x32, 0x32, 0x32, 0x32, 0x64, 0x32, 0x32, 0xFE, 0xA2, 0x32, 0x00, 0x02,
	0x00, 0x32, 0x00, 0x00, 0x02, 0x26, 0x03, 0xE8, 0x00, 0x0B, 0x00, 0x2F,
	0x00, 0xE7, 0x4B, 0xB0, 0x21, 0x50, 0x58, 0x40, 0x53, 0x16, 0x01, 0x06,
	0x07, 0x17, 0x17, 0x06, 0x72, 0x04, 0x01, 0x00, 0x03, 0x01, 0x01, 0x02,
	0x00, 0x01, 0x67, 0x18, 0x01, 0x05, 0x00, 0x02, 0x10, 0x05, 0x02, 0x67,
	0x15, 0x01, 0x13, 0x08, 0x0E, 0x13, 0x58, 0x00, 0x08, 0x00, 0x07, 0x06,
	0x08, 0x07, 0x67, 0x12, 0x01, 0x0E, 0x0D, 0x01, 0x09, 0x0A, 0x0E, 0x09,
	0x68, 0x11, 0x01, 0x0F, 0x0C, 0x01, 0x0A, 0x0B, 0x0F, 0x0A, 0x67, 0x00,
	0x14, 0x14, 0x10, 0x5F, 0x00, 0x10, 0x10, 0x16, 0x4D, 0x00, 0x17, 0x17,
	0x0B, 0x60, 0x00, 0x0B, 0x0B, 0x17, 0x0B, 0x4E, 0x1B, 0x40, 0x54, 0x16,
	0x01, 0x06, 0x07, 0x17, 0x07, 0x06, 0x17, 0x80, 0x04, 0x01, 0x00, 0x03,
	0x01, 0x01, 0x02, 0x00, 0x01, 0x67, 0x18, 0x01, 0x05, 0x00, 0x02, 0x10,
	0x05, 0x02, 0x67, 0x15, 0x01, 0x13, 0x08, 0x0E, 0x13, 0x58, 0x00, 0x08,
	0x00, 0x07, 0x06, 0x08, 0x07, 0x67, 0x12, 0x01, 0x0E, 0x0D, 0x01, 0x09,
	0x0A, 0x0E, 0x09, 0x68, 0x11, 0x01, 0x0F, 0x0C, 0x01, 0x0A, 0x0B, 0x0F,
	0x0A, 0x67, 0x00, 0x14, 0x14, 0x10, 0x5F, 0x00, 0x10, 0x10, 0x16, 0x4D,
	0x00, 0x17, 0x17, 0x0B, 0x60, 0x00, 0x0B, 0x0B, 0x17, 0x0B, 0x4E, 0x59,
	0x40, 0x32, 0x00, 0x00, 0x2F, 0x2E, 0x2D, 0x2C, 0x2B, 0x2A, 0x29, 0x28,
	0x27, 0x26, 0x25, 0x24, 0x23, 0x22, 0x21, 0x20, 0x1F, 0x1E, 0x1D, 0x1C,
	0x1B, 0x1A, 0x19, 0x18, 0x17, 0x16, 0x15, 0x14, 0x13, 0x12, 0x11, 0x10,
	0x0F, 0x0E, 0x0D, 0x0C, 0x00, 0x0B, 0x00, 0x0B, 0x11, 0x11, 0x11, 0x11,
	0x11, 0x19, 0x07, 0x1B, 0x2B, 0x01, 0x35, 0x33, 0x15, 0x23, 0x15, 0x23,
	0x35, 0x23, 0x35, 0x33, 0x15, 0x13, 0x33, 0x35, 0x23, 0x35, 0x33, 0x11,
	0x23, 0x15, 0x23, 0x15, 0x21, 0x35, 0x23, 0x35, 0x23, 0x11, 0x33, 0x35,
	0x33, 0x35, 0x21, 0x15, 0x33, 0x15, 0x33, 0x15, 0x23, 0x35, 0x23, 0x15,
	0x23, 0x11, 0x33, 0x15, 0x33, 0x01, 0x5E, 0x64, 0x32, 0xC8, 0x32, 0x64,
	0x64, 0x32, 0x64, 0xFA, 0x32, 0x32, 0xFE, 0xD4, 0x32, 0x32, 0x32, 0x32,
	0x01, 0x2C, 0x32, 0x32, 0x96, 0x96, 0x32, 0x32, 0x64, 0x03, 0x84, 0x64,
	0x96, 0x32, 0x32, 0x96, 0x64, 0xFD, 0x44, 0x64, 0x96, 0xFE, 0xA2, 0x32,
	0x32, 0x32, 0x32, 0x02, 0x26, 0x32, 0x32, 0x32, 0x32, 0x64, 0x32, 0x32,
	0xFE, 0xA2, 0x32, 0x00, 0x00, 0x02, 0x00, 0x32, 0xFE, 0xD4, 0x02, 0x26,
	0x02, 0xEE, 0x00, 0x23, 0x00, 0x2D, 0x00, 0xE8, 0x4B, 0xB0, 0x21, 0x50,
	0x58, 0x40, 0x58, 0x10, 0x01, 0x00, 0x01, 0x11, 0x11, 0x00, 0x72, 0x00,
	0x13, 0x16, 0x15, 0x16, 0x13, 0x72, 0x0F, 0x01, 0x0D, 0x02, 0x08, 0x0D,
	0x58, 0x00, 0x02, 0x00, 0x01, 0x00, 0x02, 0x01, 0x67, 0x0C, 0x01, 0x08,
	0x07, 0x01, 0x03, 0x04, 0x08, 0x03, 0x68, 0x0B, 0x01, 0x09, 0x06, 0x01,
	0x04, 0x05, 0x09, 0x04, 0x67, 0x00, 0x15, 0x00, 0x14, 0x15, 0x14, 0x63,
	0x00, 0x0E, 0x0E, 0x0A, 0x5F, 0x00, 0x0A, 0x0A, 0x16, 0x4D, 0x00, 0x11,
	0x11, 0x05, 0x60, 0x00, 0x05, 0x05, 0x17, 0x4D, 0x00, 0x12, 0x12, 0x16,
	0x5F, 0x00, 0x16, 0x16, 0x1B, 0x16, 0x4E, 0x1B, 0x40, 0x5A, 0x10, 0x01,
	0x00, 0x01, 0x11, 0x01, 0x00, 0x11, 0x80, 0x00, 0x13, 0x16, 0x15, 0x16,
	0x13, 0x15, 0x80, 0x0F, 0x01, 0x0D, 0x02, 0x08, 0x0D, 0x58, 0x00, 0x02,
	0x00, 0x01, 0x00, 0x02, 0x01, 0x67, 0x0C, 0x01, 0x08, 0x07, 0x01, 0x03,
	0x04, 0x08, 0x03, 0x68, 0x0B, 0x01, 0x09, 0x06, 0x01, 0x04, 0x05, 0x09,
	0x04, 0x67, 0x00, 0x15, 0x00, 0x14, 0x15, 0x14, 0x63, 0x00, 0x0E, 0x0E,
	0x0A, 0x5F, 0x00, 0x0A, 0x0A, 0x16, 0x4D, 0x00, 0x11, 0x11, 0x05, 0x60,
	0x00, 0x05, 0x05, 0x17, 0x4D, 0x00, 0x12, 0x12, 0x16, 0x5F, 0x00, 0x16,
	0x16, 0x1B, 0x16, 0x4E, 0x59, 0x40, 0x28, 0x2D, 0x2C, 0x2B, 0x2A, 0x29,
	0x28, 0x27, 0x26, 0x25, 0x24, 0x23, 0x22, 0x21, 0x20, 0x1F, 0x1E, 0x1D,
	0x1C, 0x1B, 0x1A, 0x19, 0x18, 0x17, 0x16, 0x15, 0x14, 0x13, 0x12, 0x11,
	0x11, 0x11, 0x11, 0x11, 0x11, 0x11, 0x11, 0x10, 0x17, 0x07, 0x1F, 0x2B,
	0x25, 0x33, 0x35, 0x23, 0x35, 0x33, 0x11, 0x23, 0x15, 0x23, 0x15, 0x21,
	0x35, 0x23, 0x35, 0x23, 0x11, 0x33, 0x35, 0x33, 0x35, 0x21, 0x15, 0x33,
	0x15, 0x33, 0x15, 0x23, 0x35, 0x23, 0x15, 0x23, 0x11, 0x33, 0x15, 0x33,
	0x07, 0x33, 0x15, 0x23, 0x15, 0x23, 0x35, 0x33, 0x35, 0x23, 0x01, 0x5E,
	0x32, 0x64, 0xFA, 0x32, 0x32, 0xFE, 0xD4, 0x32, 0x32, 0x32, 0x32, 0x01,
	0x2C, 0x32, 0x32, 0x96, 0x96, 0x32, 0x32, 0x64, 0x64, 0x96, 0x32, 0x64,
	0x32, 0x32, 0xC8, 0x64, 0x96, 0xFE, 0xA2, 0x32, 0x32, 0x32, 0x32, 0x02,
	0x26, 0x32, 0x32, 0x32, 0x32, 0x64, 0x32, 0x32, 0xFE, 0xA2, 0x32, 0xFA,
	0x96, 0x32, 0x32, 0x32, 0x00, 0x02, 0x00, 0x32, 0x00, 0x00, 0x02, 0x26,
	0x03, 0xE8, 0x00, 0x03, 0x00, 0x27, 0x00, 0xC1, 0x4B, 0xB0, 0x21, 0x50,
	0x58, 0x40, 0x48, 0x12, 0x01, 0x02, 0x03, 0x13, 0x13, 0x02, 0x72, 0x00,
	0x00, 0x00, 0x01, 0x0C, 0x00, 0x01, 0x67, 0x11, 0x01, 0x0F, 0x04, 0x0A,
	0x0F, 0x58, 0x00, 0x04, 0x00, 0x03, 0x02, 0x04, 0x03, 0x67, 0x0E, 0x01,
	0x0A, 0x09, 0x01, 0x05, 0x06, 0x0A, 0x05, 0x68, 0x0D, 0x01, 0x0B, 0x08,
	0x01, 0x06, 0x07, 0x0B, 0x06, 0x67, 0x00, 0x10, 0x10, 0x0C, 0x5F, 0x00,
	0x0C, 0x0C, 0x16, 0x4D, 0x00, 0x13, 0x13, 0x07, 0x60, 0x00, 0x07, 0x07,
	0x17, 0x07, 0x4E, 0x1B, 0x40, 0x49, 0x12, 0x01, 0x02, 0x03, 0x13, 0x03,
	0x02, 0x13, 0x80, 0x00, 0x00, 0x00, 0x01, 0x0C, 0x00, 0x01, 0x67, 0x11,
	0x01, 0x0F, 0x04, 0x0A, 0x0F, 0x58, 0x00, 0x04, 0x00, 0x03, 0x02, 0x04,
	0x03, 0x67, 0x0E, 0x01, 0x0A, 0x09, 0x01, 0x05, 0x06, 0x0A, 0x05, 0x68,
	0x0D, 0x01, 0x0B, 0x08, 0x01, 0x06, 0x07, 0x0B, 0x06, 0x67, 0x00, 0x10,
	0x10, 0x0C, 0x5F, 0x00, 0x0C, 0x0C, 0x16, 0x4D, 0x00, 0x13, 0x13, 0x07,
	0x60, 0x00, 0x07, 0x07, 0x17, 0x07, 0x4E, 0x59, 0x40, 0x22, 0x27, 0x26,
	0x25, 0x24, 0x23, 0x22, 0x21, 0x20, 0x1F, 0x1E, 0x1D, 0x1C, 0x1B, 0x1A,
	0x19, 0x18, 0x17, 0x16, 0x15, 0x14, 0x13, 0x12, 0x11, 0x11, 0x11, 0x11,
	0x11, 0x11, 0x11, 0x11, 0x10, 0x14, 0x07, 0x1F, 0x2B, 0x13, 0x33, 0x15,
	0x23, 0x13, 0x33, 0x35, 0x23, 0x35, 0x33, 0x11, 0x23, 0x15, 0x23, 0x15,
	0x21, 0x35, 0x23, 0x35, 0x23, 0x11, 0x33, 0x35, 0x33, 0x35, 0x21, 0x15,
	0x33, 0x15, 0x33, 0x15, 0x23, 0x35, 0x23, 0x15, 0x23, 0x11, 0x33, 0x15,
	0x33, 0xC8, 0x96, 0x96, 0x96, 0x32, 0x64, 0xFA, 0x32, 0x32, 0xFE, 0xD4,
	0x32, 0x32, 0x32, 0x32, 0x01, 0x2C, 0x32, 0x32, 0x96, 0x96, 0x32, 0x32,
	0x64, 0x03, 0xE8, 0x96, 0xFD, 0x76, 0x64, 0x96, 0xFE, 0xA2, 0x32, 0x32,
	0x32, 0x32, 0x02, 0x26, 0x32, 0x32, 0x32, 0x32, 0x64, 0x32, 0x32, 0xFE,
	0xA2, 0x32, 0x00, 0x01, 0x00, 0x32, 0x00, 0x00, 0x02, 0x26, 0x02, 0xEE,
	0x00, 0x0B, 0x00, 0x21, 0x40, 0x1E, 0x00, 0x03, 0x00, 0x00, 0x01, 0x03,
	0x00, 0x67, 0x04, 0x01, 0x02, 0x02, 0x16, 0x4D, 0x05, 0x01, 0x01, 0x01,
	0x17, 0x01, 0x4E, 0x11, 0x11, 0x11, 0x11, 0x11, 0x10, 0x06, 0x07, 0x1C,
	0x2B, 0x01, 0x23, 0x11, 0x23, 0x11, 0x33, 0x11, 0x33, 0x11, 0x33, 0x11,
	0x23, 0x01, 0x90, 0xC8, 0x96, 0x96, 0xC8, 0x96, 0x96, 0x01, 0x2C, 0xFE,
	0xD4, 0x02, 0xEE, 0xFE, 0xD4, 0x01, 0x2C, 0xFD, 0x12, 0x00, 0x00, 0x02,
	0x00, 0x00, 0x00, 0x00, 0x02, 0xBC, 0x02, 0xEE, 0x00, 0x03, 0x00, 0x17,
	0x00, 0x43, 0x40, 0x40, 0x09, 0x07, 0x02, 0x05, 0x0A, 0x04, 0x02, 0x00,
	0x01, 0x05, 0x00, 0x67, 0x0C, 0x01, 0x01, 0x00, 0x02, 0x03, 0x01, 0x02,
	0x67, 0x08, 0x01, 0x06, 0x06, 0x16, 0x4D, 0x0B, 0x01, 0x03, 0x03, 0x17,
	0x03, 0x4E, 0x00, 0x00, 0x17, 0x16, 0x15, 0x14, 0x13, 0x12, 0x11, 0x10,
	0x0F, 0x0E, 0x0D, 0x0C, 0x0B, 0x0A, 0x09, 0x08, 0x07, 0x06, 0x05, 0x04,
	0x00, 0x03, 0x00, 0x03, 0x11, 0x0D, 0x07, 0x17, 0x2B, 0x01, 0x35, 0x23,
	0x15, 0x17, 0x23, 0x11, 0x23, 0x11, 0x23, 0x35, 0x33, 0x35, 0x33, 0x15,
	0x33, 0x35, 0x33, 0x15, 0x33, 0x15, 0x23, 0x11, 0x23, 0x01, 0xC2, 0xC8,
	0xC8, 0xC8, 0x96, 0x64, 0x64, 0x96, 0xC8, 0x96, 0x64, 0x64, 0x96, 0x01,
	0xC2, 0x64, 0x64, 0x96, 0xFE, 0xD4, 0x02, 0x26, 0x64, 0x64, 0x64, 0x64,
	0x64, 0x64, 0xFD, 0xDA, 0x00, 0x01, 0x00, 0x32, 0x00, 0x00, 0x00, 0xC8,
	0x02, 0xEE, 0x00, 0x03, 0x00, 0x13, 0x40, 0x10, 0x00, 0x00, 0x00, 0x16,
	0x4D, 0x00, 0x01, 0x01, 0x17, 0x01, 0x4E, 0x11, 0x10, 0x02, 0x07, 0x18,
	0x2B, 0x13, 0x33, 0x11, 0x23, 0x32, 0x96, 0x96, 0x02, 0xEE, 0xFD, 0x12,
	0x00, 0x02, 0x00, 0x32, 0x00, 0x00, 0x02, 0xEE, 0x02, 0xEE, 0x00, 0x03,
	0x00, 0x17, 0x00, 0x7E, 0x4B, 0xB0, 0x21, 0x50, 0x58, 0x40, 0x2E, 0x05,
	0x01, 0x03, 0x02, 0x04, 0x04, 0x03, 0x72, 0x0A, 0x01, 0x08, 0x07, 0x01,
	0x07, 0x08, 0x72, 0x00, 0x02, 0x03, 0x07, 0x02, 0x57, 0x0B, 0x01, 0x07,
	0x07, 0x00, 0x5F, 0x06, 0x01, 0x00, 0x00, 0x16, 0x4D, 0x00, 0x04, 0x04,
	0x01, 0x60, 0x09, 0x01, 0x01, 0x01, 0x17, 0x01, 0x4E, 0x1B, 0x40, 0x30,
	0x05, 0x01, 0x03, 0x02, 0x04, 0x02, 0x03, 0x04, 0x80, 0x0A, 0x01, 0x08,
	0x07, 0x01, 0x07, 0x08, 0x01, 0x80, 0x00, 0x02, 0x03, 0x07, 0x02, 0x57,
	0x0B, 0x01, 0x07, 0x07, 0x00, 0x5F, 0x06, 0x01, 0x00, 0x00, 0x16, 0x4D,
	0x00, 0x04, 0x04, 0x01, 0x60, 0x09, 0x01, 0x01, 0x01, 0x17, 0x01, 0x4E,
	0x59, 0x40, 0x12, 0x17, 0x16, 0x15, 0x14, 0x13, 0x12, 0x11, 0x11, 0x11,
	0x11, 0x11, 0x11, 0x11, 0x11, 0x10, 0x0C, 0x07, 0x1F, 0x2B, 0x13, 0x33,
	0x11, 0x23, 0x37, 0x33, 0x15, 0x33, 0x15, 0x33, 0x35, 0x33, 0x11, 0x33,
	0x11, 0x23, 0x15, 0x23, 0x15, 0x23, 0x35, 0x23, 0x35, 0x23, 0x32, 0x96,
	0x96, 0xFA, 0x96, 0x32, 0x32, 0x32, 0x96, 0x32, 0x32, 0xFA, 0x32, 0x32,
	0x02, 0xEE, 0xFD, 0x12, 0xFA, 0x32, 0x32, 0x32, 0x02, 0x26, 0xFD, 0x76,
	0x32, 0x32, 0x32, 0x32, 0x00, 0x02, 0x00, 0x32, 0x00, 0x00, 0x00, 0xFA,
	0x03, 0xE8, 0x00, 0x0B, 0x00, 0x0F, 0x00, 0x76, 0x4B, 0xB0, 0x21, 0x50,
	0x58, 0x40, 0x2A, 0x00, 0x04, 0x05, 0x00, 0x03, 0x04, 0x72, 0x00, 0x01,
	0x03, 0x02, 0x00, 0x01, 0x72, 0x08, 0x01, 0x05, 0x00, 0x00, 0x03, 0x05,
	0x00, 0x67, 0x00, 0x03, 0x00, 0x02, 0x06, 0x03, 0x02, 0x68, 0x00, 0x06,
	0x06, 0x16, 0x4D, 0x00, 0x07, 0x07, 0x17, 0x07, 0x4E, 0x1B, 0x40, 0x2C,
	0x00, 0x04, 0x05, 0x00, 0x05, 0x04, 0x00, 0x80, 0x00, 0x01, 0x03, 0x02,
	0x03, 0x01, 0x02, 0x80, 0x08, 0x01, 0x05, 0x00, 0x00, 0x03, 0x05, 0x00,
	0x67, 0x00, 0x03, 0x00, 0x02, 0x06, 0x03, 0x02, 0x68, 0x00, 0x06, 0x06,
	0x16, 0x4D, 0x00, 0x07, 0x07, 0x17, 0x07, 0x4E, 0x59, 0x40, 0x12, 0x00,
	0x00, 0x0F, 0x0E, 0x0D, 0x0C, 0x00, 0x0B, 0x00, 0x0B, 0x11, 0x11, 0x11,
	0x11, 0x11, 0x09, 0x07, 0x1B, 0x2B, 0x13, 0x15, 0x23, 0x15, 0x23, 0x15,
	0x23, 0x35, 0x33, 0x35, 0x33, 0x35, 0x07, 0x33, 0x11, 0x23, 0xFA, 0x32,
	0x32, 0x64, 0x32, 0x32, 0x64, 0x96, 0x96, 0x03, 0xE8, 0x64, 0x32, 0x32,
	0x64, 0x32, 0x32, 0xFA, 0xFD, 0x12, 0x00, 0x02, 0xFF, 0xCE, 0x00, 0x00,
	0x01, 0x2C, 0x04, 0x1A, 0x00, 0x13, 0x00, 0x17, 0x00, 0x7C, 0x4B, 0xB0,
	0x21, 0x50, 0x58, 0x40, 0x2D, 0x03, 0x01, 0x01, 0x02, 0x07, 0x00, 0x01,
	0x72, 0x08, 0x01, 0x06, 0x00, 0x05, 0x07, 0x06, 0x72, 0x00, 0x02, 0x00,
	0x07, 0x00, 0x02, 0x07, 0x67, 0x04, 0x01, 0x00, 0x09, 0x01, 0x05, 0x0A,
	0x00, 0x05, 0x68, 0x00, 0x0A, 0x0A, 0x16, 0x4D, 0x00, 0x0B, 0x0B, 0x17,
	0x0B, 0x4E, 0x1B, 0x40, 0x2F, 0x03, 0x01, 0x01, 0x02, 0x07, 0x02, 0x01,
	0x07, 0x80, 0x08, 0x01, 0x06, 0x00, 0x05, 0x00, 0x06, 0x05, 0x80, 0x00,
	0x02, 0x00, 0x07, 0x00, 0x02, 0x07, 0x67, 0x04, 0x01, 0x00, 0x09, 0x01,
	0x05, 0x0A, 0x00, 0x05, 0x68, 0x00, 0x0A, 0x0A, 0x16, 0x4D, 0x00, 0x0B,
	0x0B, 0x17, 0x0B, 0x4E, 0x59, 0x40, 0x12, 0x17, 0x16, 0x15, 0x14, 0x13,
	0x12, 0x11, 0x11, 0x11, 0x11, 0x11, 0x11, 0x11, 0x11, 0x10, 0x0C, 0x07,
	0x1F, 0x2B, 0x03, 0x33, 0x35, 0x33, 0x35, 0x33, 0x15, 0x33, 0x15, 0x33,
	0x15, 0x23, 0x35, 0x23, 0x35, 0x23, 0x15, 0x23, 0x15, 0x23, 0x17, 0x33,
	0x11, 0x23, 0x32, 0x32, 0x32, 0x96, 0x32, 0x32, 0x64, 0x32, 0x32, 0x32,
	0x64, 0x64, 0x96, 0x96, 0x03, 0xB6, 0x32, 0x32, 0x32, 0x32, 0x64, 0x32,
	0x32, 0x32, 0x32, 0x64, 0xFD, 0x12, 0x00, 0x03, 0xFF, 0xCE, 0x00, 0x00,
	0x01, 0x2C, 0x03, 0xB6, 0x00, 0x03, 0x00, 0x07, 0x00, 0x0B, 0x00, 0x21,
	0x40, 0x1E, 0x02, 0x01, 0x00, 0x03, 0x01, 0x01, 0x04, 0x00, 0x01, 0x67,
	0x00, 0x04, 0x04, 0x16, 0x4D, 0x00, 0x05, 0x05, 0x17, 0x05, 0x4E, 0x11,
	0x11, 0x11, 0x11, 0x11, 0x10, 0x06, 0x07, 0x1C, 0x2B, 0x13, 0x33, 0x15,
	0x23, 0x27, 0x33, 0x15, 0x23, 0x17, 0x33, 0x11, 0x23, 0x96, 0x96, 0x96,
	0xC8, 0x96, 0x96, 0x64, 0x96, 0x96, 0x03, 0xB6, 0x96, 0x96, 0x96, 0x32,
	0xFD, 0x12, 0x00, 0x02, 0x00, 0x32, 0x00, 0x00, 0x00, 0xC8, 0x03, 0xE8,
	0x00, 0x03, 0x00, 0x07, 0x00, 0x1D, 0x40, 0x1A, 0x00, 0x00, 0x00, 0x01,
	0x02, 0x00, 0x01, 0x67, 0x00, 0x02, 0x02, 0x16, 0x4D, 0x00, 0x03, 0x03,
	0x17, 0x03, 0x4E, 0x11, 0x11, 0x11, 0x10, 0x04, 0x07, 0x1A, 0x2B, 0x13,
	0x33, 0x15, 0x23, 0x15, 0x33, 0x11, 0x23, 0x32, 0x96, 0x96, 0x96, 0x96,
	0x03, 0xE8, 0x96, 0x64, 0xFD, 0x12, 0x00, 0x02, 0x00, 0x32, 0x00, 0x00,
	0x00, 0xFA, 0x03, 0xE8, 0x00, 0x0B, 0x00, 0x0F, 0x00, 0x6D, 0x4B, 0xB0,
	0x21, 0x50, 0x58, 0x40, 0x29, 0x00, 0x05, 0x04, 0x03, 0x00, 0x05, 0x72,
	0x00, 0x02, 0x00, 0x01, 0x03, 0x02, 0x72, 0x00, 0x04, 0x00, 0x03, 0x00,
	0x04, 0x03, 0x67, 0x00, 0x00, 0x00, 0x01, 0x06, 0x00, 0x01, 0x68, 0x00,
	0x06, 0x06, 0x16, 0x4D, 0x00, 0x07, 0x07, 0x17, 0x07, 0x4E, 0x1B, 0x40,
	0x2B, 0x00, 0x05, 0x04, 0x03, 0x04, 0x05, 0x03, 0x80, 0x00, 0x02, 0x00,
	0x01, 0x00, 0x02, 0x01, 0x80, 0x00, 0x04, 0x00, 0x03, 0x00, 0x04, 0x03,
	0x67, 0x00, 0x00, 0x00, 0x01, 0x06, 0x00, 0x01, 0x68, 0x00, 0x06, 0x06,
	0x16, 0x4D, 0x00, 0x07, 0x07, 0x17, 0x07, 0x4E, 0x59, 0x40, 0x0B, 0x11,
	0x11, 0x11, 0x11, 0x11, 0x11, 0x11, 0x10, 0x08, 0x07, 0x1E, 0x2B, 0x13,
	0x33, 0x15, 0x23, 0x35, 0x23, 0x35, 0x23, 0x35, 0x33, 0x15, 0x33, 0x07,
	0x33, 0x11, 0x23, 0xC8, 0x32, 0x64, 0x32, 0x32, 0x64, 0x32, 0x96, 0x96,
	0x96, 0x03, 0x84, 0x64, 0x32, 0x32, 0x64, 0x32, 0xC8, 0xFD, 0x12, 0x00,
	0x00, 0x02, 0x00, 0x00, 0x00, 0x00, 0x00, 0xFA, 0x03, 0xB6, 0x00, 0x03,
	0x00, 0x07, 0x00, 0x1D, 0x40, 0x1A, 0x00, 0x00, 0x00, 0x01, 0x02, 0x00,
	0x01, 0x67, 0x00, 0x02, 0x02, 0x16, 0x4D, 0x00, 0x03, 0x03, 0x17, 0x03,
	0x4E, 0x11, 0x11, 0x11, 0x10, 0x04, 0x07, 0x1A, 0x2B, 0x11, 0x33, 0x15,
	0x23, 0x17, 0x33, 0x11, 0x23, 0xFA, 0xFA, 0x32, 0x96, 0x96, 0x03, 0xB6,
	0x64, 0x64, 0xFD, 0x12, 0x00, 0x01, 0x00, 0x00, 0xFF, 0x06, 0x00, 0xFA,
	0x02, 0xEE, 0x00, 0x11, 0x00, 0x84, 0x4B, 0xB0, 0x10, 0x50, 0x58, 0x40,
	0x32, 0x00, 0x02, 0x00, 0x08, 0x00, 0x02, 0x08, 0x80, 0x09, 0x01, 0x08,
	0x03, 0x04, 0x08, 0x70, 0x00, 0x03, 0x07, 0x00, 0x03, 0x07, 0x7E, 0x00,
	0x04, 0x00, 0x05, 0x04, 0x05, 0x64, 0x00, 0x01, 0x01, 0x16, 0x4D, 0x00,
	0x00, 0x00, 0x17, 0x4D, 0x00, 0x07, 0x07, 0x06, 0x5F, 0x00, 0x06, 0x06,
	0x1B, 0x06, 0x4E, 0x1B, 0x40, 0x33, 0x00, 0x02, 0x00, 0x08, 0x00, 0x02,
	0x08, 0x80, 0x09, 0x01, 0x08, 0x03, 0x00, 0x08, 0x03, 0x7E, 0x00, 0x03,
	0x07, 0x00, 0x03, 0x07, 0x7E, 0x00, 0x04, 0x00, 0x05, 0x04, 0x05, 0x64,
	0x00, 0x01, 0x01, 0x16, 0x4D, 0x00, 0x00, 0x00, 0x17, 0x4D, 0x00, 0x07,
	0x07, 0x06, 0x5F, 0x00, 0x06, 0x06, 0x1B, 0x06, 0x4E, 0x59, 0x40, 0x11,
	0x00, 0x00, 0x00, 0x11, 0x00, 0x11, 0x11, 0x11, 0x11, 0x11, 0x11, 0x11,
	0x11, 0x11, 0x0A, 0x07, 0x1E, 0x2B, 0x17, 0x35, 0x23, 0x11, 0x33, 0x11,
	0x23, 0x15, 0x23, 0x15, 0x33, 0x15, 0x23, 0x35, 0x23, 0x35, 0x33, 0x35,
	0x64, 0x32, 0x96, 0x32, 0x32, 0x96, 0xC8, 0x32, 0x32, 0x32, 0x32, 0x02,
	0xEE, 0xFC, 0xE0, 0x32, 0x32, 0x64, 0x32, 0x64, 0x32, 0x00, 0x00, 0x01,
	0x00, 0x32, 0x00, 0x00, 0x01, 0xF4, 0x02, 0xEE, 0x00, 0x13, 0x00, 0x76,
	0x4B, 0xB0, 0x21, 0x50, 0x58, 0x40, 0x2C, 0x03, 0x01, 0x01, 0x00, 0x02,
	0x02, 0x01, 0x72, 0x08, 0x01, 0x06, 0x05, 0x07, 0x05, 0x06, 0x72, 0x00,
	0x00, 0x01, 0x05, 0x00, 0x57, 0x09, 0x01, 0x05, 0x05, 0x04, 0x5F, 0x00,
	0x04, 0x04, 0x16, 0x4D, 0x00, 0x02, 0x02, 0x07, 0x60, 0x00, 0x07, 0x07,
	0x17, 0x07, 0x4E, 0x1B, 0x40, 0x2E, 0x03, 0x01, 0x01, 0x00, 0x02, 0x00,
	0x01, 0x02, 0x80, 0x08, 0x01, 0x06, 0x05, 0x07, 0x05, 0x06, 0x07, 0x80,
	0x00, 0x00, 0x01, 0x05, 0x00, 0x57, 0x09, 0x01, 0x05, 0x05, 0x04, 0x5F,
	0x00, 0x04, 0x04, 0x16, 0x4D, 0x00, 0x02, 0x02, 0x07, 0x60, 0x00, 0x07,
	0x07, 0x17, 0x07, 0x4E, 0x59, 0x40, 0x0E, 0x13, 0x12, 0x11, 0x11, 0x11,
	0x11, 0x11, 0x11, 0x11, 0x11, 0x10, 0x0A, 0x07, 0x1F, 0x2B, 0x37, 0x33,
	0x15, 0x33, 0x15, 0x33, 0x35, 0x33, 0x11, 0x33, 0x11, 0x23, 0x15, 0x23,
	0x15, 0x23, 0x35, 0x23, 0x35, 0x23, 0x32, 0x96, 0x32, 0x32, 0x32, 0x96,
	0x32, 0x32, 0xFA, 0x32, 0x32, 0xFA, 0x32, 0x32, 0x32, 0x02, 0x26, 0xFD,
	0x76, 0x32, 0x32, 0x32, 0x32, 0x00, 0x00, 0x02, 0x00, 0x32, 0x00, 0x00,
	0x02, 0x26, 0x03, 0xE8, 0x00, 0x0B, 0x00, 0x1F, 0x00, 0xCA, 0x4B, 0xB0,
	0x21, 0x50, 0x58, 0x40, 0x4B, 0x00, 0x04, 0x05, 0x00, 0x03, 0x04, 0x72,
	0x00, 0x01, 0x03, 0x02, 0x00, 0x01, 0x72, 0x09, 0x01, 0x07, 0x06, 0x08,
	0x08, 0x07, 0x72, 0x0E, 0x01, 0x0C, 0x0B, 0x0D, 0x0B, 0x0C, 0x72, 0x10,
	0x01, 0x05, 0x00, 0x00, 0x03, 0x05, 0x00, 0x67, 0x00, 0x03, 0x00, 0x02,
	0x0A, 0x03, 0x02, 0x68, 0x00, 0x06, 0x07, 0x0B, 0x06, 0x57, 0x0F, 0x01,
	0x0B, 0x0B, 0x0A, 0x5F, 0x00, 0x0A, 0x0A, 0x16, 0x4D, 0x00, 0x08, 0x08,
	0x0D, 0x60, 0x00, 0x0D, 0x0D, 0x17, 0x0D, 0x4E, 0x1B, 0x40, 0x4F, 0x00,
	0x04, 0x05, 0x00, 0x05, 0x04, 0x00, 0x80, 0x00, 0x01, 0x03, 0x02, 0x03,
	0x01, 0x02, 0x80, 0x09, 0x01, 0x07, 0x06, 0x08, 0x06, 0x07, 0x08, 0x80,
	0x0E, 0x01, 0x0C, 0x0B, 0x0D, 0x0B, 0x0C, 0x0D, 0x80, 0x10, 0x01, 0x05,
	0x00, 0x00, 0x03, 0x05, 0x00, 0x67, 0x00, 0x03, 0x00, 0x02, 0x0A, 0x03,
	0x02, 0x68, 0x00, 0x06, 0x07, 0x0B, 0x06, 0x57, 0x0F, 0x01, 0x0B, 0x0B,
	0x0A, 0x5F, 0x00, 0x0A, 0x0A, 0x16, 0x4D, 0x00, 0x08, 0x08, 0x0D, 0x60,
	0x00, 0x0D, 0x0D, 0x17, 0x0D, 0x4E, 0x59, 0x40, 0x22, 0x00, 0x00, 0x1F,
	0x1E, 0x1D, 0x1C, 0x1B, 0x1A, 0x19, 0x18, 0x17, 0x16, 0x15, 0x14, 0x13,
	0x12, 0x11, 0x10, 0x0F, 0x0E, 0x0D, 0x0C, 0x00, 0x0B, 0x00, 0x0B, 0x11,
	0x11, 0x11, 0x11, 0x11, 0x11, 0x07, 0x1B, 0x2B, 0x01, 0x15, 0x23, 0x15,
	0x23, 0x15, 0x23, 0x35, 0x33, 0x35, 0x33, 0x35, 0x01, 0x33, 0x15, 0x33,
	0x15, 0x33, 0x35, 0x33, 0x11, 0x33, 0x11, 0x23, 0x15, 0x23, 0x15, 0x23,
	0x35, 0x23, 0x35, 0x23, 0x02, 0x26, 0x32, 0x32, 0x64, 0x32, 0x32, 0xFE,
	0x70, 0x96, 0x32, 0x32, 0x32, 0x96, 0x32, 0x32, 0xFA, 0x32, 0x32, 0x03,
	0xE8, 0x64, 0x32, 0x32, 0x64, 0x32, 0x32, 0xFD, 0x12, 0x32, 0x32, 0x32,
	0x02, 0x26, 0xFD, 0x76, 0x32, 0x32, 0x32, 0x32, 0x00, 0x01, 0x00, 0x32,
	0x00, 0x00, 0x01, 0xF4, 0x02, 0xEE, 0x00, 0x17, 0x00, 0x8A, 0x4B, 0xB0,
	0x21, 0x50, 0x58, 0x40, 0x34, 0x00, 0x03, 0x0B, 0x04, 0x02, 0x03, 0x72,
	0x00, 0x04, 0x08, 0x05, 0x04, 0x70, 0x00, 0x0B, 0x00, 0x08, 0x05, 0x0B,
	0x08, 0x67, 0x00, 0x00, 0x00, 0x07, 0x06, 0x00, 0x07, 0x67, 0x00, 0x02,
	0x02, 0x01, 0x5F, 0x0A, 0x01, 0x01, 0x01, 0x16, 0x4D, 0x00, 0x05, 0x05,
	0x06, 0x60, 0x09, 0x01, 0x06, 0x06, 0x17, 0x06, 0x4E, 0x1B, 0x40, 0x36,
	0x00, 0x03, 0x0B, 0x04, 0x0B, 0x03, 0x04, 0x80, 0x00, 0x04, 0x08, 0x0B,
	0x04, 0x08, 0x7E, 0x00, 0x0B, 0x00, 0x08, 0x05, 0x0B, 0x08, 0x67, 0x00,
	0x00, 0x00, 0x07, 0x06, 0x00, 0x07, 0x67, 0x00, 0x02, 0x02, 0x01, 0x5F,
	0x0A, 0x01, 0x01, 0x01, 0x16, 0x4D, 0x00, 0x05, 0x05, 0x06, 0x60, 0x09,
	0x01, 0x06, 0x06, 0x17, 0x06, 0x4E, 0x59, 0x40, 0x12, 0x17, 0x16, 0x15,
	0x14, 0x13, 0x12, 0x11, 0x11, 0x11, 0x11, 0x11, 0x11, 0x11, 0x11, 0x10,
	0x0C, 0x07, 0x1F, 0x2B, 0x01, 0x33, 0x35, 0x33, 0x11, 0x23, 0x15, 0x23,
	0x15, 0x33, 0x15, 0x33, 0x11, 0x23, 0x35, 0x23, 0x35, 0x23, 0x11, 0x23,
	0x11, 0x33, 0x11, 0x33, 0x01, 0x2C, 0x32, 0x96, 0x32, 0x32, 0x32, 0x32,
	0x96, 0x32, 0x64, 0x96, 0x96, 0x64, 0x01, 0xF4, 0xFA, 0xFE, 0xD4, 0x32,
	0x32, 0x32, 0xFE, 0xD4, 0xFA, 0x32, 0xFE, 0xD4, 0x02, 0xEE, 0xFE, 0xD4,
	0x00, 0x02, 0x00, 0x32, 0xFE, 0xD4, 0x01, 0xF4, 0x02, 0xEE, 0x00, 0x17,
	0x00, 0x21, 0x00, 0xC5, 0x4B, 0xB0, 0x21, 0x50, 0x58, 0x40, 0x4C, 0x00,
	0x03, 0x0B, 0x04, 0x02, 0x03, 0x72, 0x00, 0x04, 0x08, 0x05, 0x04, 0x70,
	0x00, 0x0D, 0x10, 0x0F, 0x10, 0x0D, 0x72, 0x00, 0x0B, 0x00, 0x08, 0x05,
	0x0B, 0x08, 0x67, 0x00, 0x00, 0x00, 0x07, 0x06, 0x00, 0x07, 0x67, 0x00,
	0x0F, 0x00, 0x0E, 0x0F, 0x0E, 0x63, 0x00, 0x02, 0x02, 0x01, 0x5F, 0x0A,
	0x01, 0x01, 0x01, 0x16, 0x4D, 0x00, 0x05, 0x05, 0x06, 0x60, 0x09, 0x01,
	0x06, 0x06, 0x17, 0x4D, 0x00, 0x0C, 0x0C, 0x10, 0x5F, 0x00, 0x10, 0x10,
	0x1B, 0x10, 0x4E, 0x1B, 0x40, 0x4F, 0x00, 0x03, 0x0B, 0x04, 0x0B, 0x03,
	0x04, 0x80, 0x00, 0x04, 0x08, 0x0B, 0x04, 0x08, 0x7E, 0x00, 0x0D, 0x10,
	0x0F, 0x10, 0x0D, 0x0F, 0x80, 0x00, 0x0B, 0x00, 0x08, 0x05, 0x0B, 0x08,
	0x67, 0x00, 0x00, 0x00, 0x07, 0x06, 0x00, 0x07, 0x67, 0x00, 0x0F, 0x00,
	0x0E, 0x0F, 0x0E, 0x63, 0x00, 0x02, 0x02, 0x01, 0x5F, 0x0A, 0x01, 0x01,
	0x01, 0x16, 0x4D, 0x00, 0x05, 0x05, 0x06, 0x60, 0x09, 0x01, 0x06, 0x06,
	0x17, 0x4D, 0x00, 0x0C, 0x0C, 0x10, 0x5F, 0x00, 0x10, 0x10, 0x1B, 0x10,
	0x4E, 0x59, 0x40, 0x1C, 0x21, 0x20, 0x1F, 0x1E, 0x1D, 0x1C, 0x1B, 0x1A,
	0x19, 0x18, 0x17, 0x16, 0x15, 0x14, 0x13, 0x12, 0x11, 0x11, 0x11, 0x11,
	0x11, 0x11, 0x11, 0x11, 0x10, 0x11, 0x07, 0x1F, 0x2B, 0x01, 0x33, 0x35,
	0x33, 0x11, 0x23, 0x15, 0x23, 0x15, 0x33, 0x15, 0x33, 0x11, 0x23, 0x35,
	0x23, 0x35, 0x23, 0x11, 0x23, 0x11, 0x33, 0x11, 0x33, 0x03, 0x33, 0x15,
	0x23, 0x15, 0x23, 0x35, 0x33, 0x35, 0x23, 0x01, 0x2C, 0x32, 0x96, 0x32,
	0x32, 0x32, 0x32, 0x96, 0x32, 0x64, 0x96, 0x96, 0x64, 0x64, 0x96, 0x32,
	0x64, 0x32, 0x32, 0x01, 0xF4, 0xFA, 0xFE, 0xD4, 0x32, 0x32, 0x32, 0xFE,
	0xD4, 0xFA, 0x32, 0xFE, 0xD4, 0x02, 0xEE, 0xFE, 0xD4, 0xFD, 0xDA, 0x96,
	0x32, 0x32, 0x32, 0x00, 0x00, 0x01, 0x00, 0x32, 0x00, 0x00, 0x01, 0xC2,
	0x02, 0xEE, 0x00, 0x05, 0x00, 0x19, 0x40, 0x16, 0x00, 0x02, 0x02, 0x16,
	0x4D, 0x00, 0x00, 0x00, 0x01, 0x60, 0x00, 0x01, 0x01, 0x17, 0x01, 0x4E,
	0x11, 0x11, 0x10, 0x03, 0x07, 0x19, 0x2B, 0x37, 0x33, 0x15, 0x21, 0x11,
	0x33, 0xC8, 0xFA, 0xFE, 0x70, 0x96, 0x96, 0x96, 0x02, 0xEE, 0x00, 0x02,
	0x00, 0x32, 0x00, 0x00, 0x01, 0xC2, 0x03, 0xE8, 0x00, 0x0B, 0x00, 0x11,
	0x00, 0x82, 0x4B, 0xB0, 0x21, 0x50, 0x58, 0x40, 0x2F, 0x00, 0x04, 0x05,
	0x00, 0x03, 0x04, 0x72, 0x00, 0x01, 0x03, 0x02, 0x00, 0x01, 0x72, 0x09,
	0x01, 0x05, 0x00, 0x00, 0x03, 0x05, 0x00, 0x67, 0x00, 0x03, 0x00, 0x02,
	0x08, 0x03, 0x02, 0x68, 0x00, 0x08, 0x08, 0x16, 0x4D, 0x00, 0x06, 0x06,
	0x07, 0x60, 0x00, 0x07, 0x07, 0x17, 0x07, 0x4E, 0x1B, 0x40, 0x31, 0x00,
	0x04, 0x05, 0x00, 0x05, 0x04, 0x00, 0x80, 0x00, 0x01, 0x03, 0x02, 0x03,
	0x01, 0x02, 0x80, 0x09, 0x01, 0x05, 0x00, 0x00, 0x03, 0x05, 0x00, 0x67,
	0x00, 0x03, 0x00, 0x02, 0x08, 0x03, 0x02, 0x68, 0x00, 0x08, 0x08, 0x16,
	0x4D, 0x00, 0x06, 0x06, 0x07, 0x60, 0x00, 0x07, 0x07, 0x17, 0x07, 0x4E,
	0x59, 0x40, 0x14, 0x00, 0x00, 0x11, 0x10, 0x0F, 0x0E, 0x0D, 0x0C, 0x00,
	0x0B, 0x00, 0x0B, 0x11, 0x11, 0x11, 0x11, 0x11, 0x0A, 0x07, 0x1B, 0x2B,
	0x01, 0x15, 0x23, 0x15, 0x23, 0x15, 0x23, 0x35, 0x33, 0x35, 0x33, 0x35,
	0x11, 0x33, 0x15, 0x21, 0x11, 0x33, 0x01, 0x2C, 0x32, 0x32, 0x64, 0x32,
	0x32, 0xFA, 0xFE, 0x70, 0x96, 0x03, 0xE8, 0x64, 0x32, 0x32, 0x64, 0x32,
	0x32, 0xFC, 0xAE, 0x96, 0x02, 0xEE, 0x00, 0x02, 0x00, 0x32, 0x00, 0x00,
	0x01, 0xC2, 0x03, 0x20, 0x00, 0x09, 0x00, 0x0F, 0x00, 0x68, 0x4B, 0xB0,
	0x21, 0x50, 0x58, 0x40, 0x27, 0x00, 0x03, 0x01, 0x00, 0x01, 0x03, 0x72,
	0x00, 0x02, 0x00, 0x01, 0x03, 0x02, 0x01, 0x67, 0x00, 0x00, 0x00, 0x04,
	0x05, 0x00, 0x04, 0x67, 0x00, 0x07, 0x07, 0x16, 0x4D, 0x00, 0x05, 0x05,
	0x06, 0x60, 0x00, 0x06, 0x06, 0x17, 0x06, 0x4E, 0x1B, 0x40, 0x28, 0x00,
	0x03, 0x01, 0x00, 0x01, 0x03, 0x00, 0x80, 0x00, 0x02, 0x00, 0x01, 0x03,
	0x02, 0x01, 0x67, 0x00, 0x00, 0x00, 0x04, 0x05, 0x00, 0x04, 0x67, 0x00,
	0x07, 0x07, 0x16, 0x4D, 0x00, 0x05, 0x05, 0x06, 0x60, 0x00, 0x06, 0x06,
	0x17, 0x06, 0x4E, 0x59, 0x40, 0x0B, 0x11, 0x11, 0x11, 0x11, 0x11, 0x11,
	0x11, 0x10, 0x08, 0x07, 0x1E, 0x2B, 0x01, 0x33, 0x35, 0x23, 0x35, 0x33,
	0x15, 0x23, 0x15, 0x23, 0x03, 0x33, 0x15, 0x21, 0x11, 0x33, 0x01, 0x2C,
	0x32, 0x32, 0x96, 0x32, 0x64, 0x64, 0xFA, 0xFE, 0x70, 0x96, 0x02, 0x8A,
	0x32, 0x64, 0x96, 0x32, 0xFE, 0x3E, 0x96, 0x02, 0xEE, 0x00, 0x00, 0x02,
	0x00, 0x32, 0xFE, 0xD4, 0x01, 0xC2, 0x02, 0xEE, 0x00, 0x05, 0x00, 0x0F,
	0x00, 0x6A, 0x4B, 0xB0, 0x21, 0x50, 0x58, 0x40, 0x28, 0x00, 0x04, 0x07,
	0x06, 0x07, 0x04, 0x72, 0x00, 0x06, 0x00, 0x05, 0x06, 0x05, 0x63, 0x00,
	0x02, 0x02, 0x16, 0x4D, 0x00, 0x00, 0x00, 0x01, 0x60, 0x00, 0x01, 0x01,
	0x17, 0x4D, 0x00, 0x03, 0x03, 0x07, 0x5F, 0x00, 0x07, 0x07, 0x1B, 0x07,
	0x4E, 0x1B, 0x40, 0x29, 0x00, 0x04, 0x07, 0x06, 0x07, 0x04, 0x06, 0x80,
	0x00, 0x06, 0x00, 0x05, 0x06, 0x05, 0x63, 0x00, 0x02, 0x02, 0x16, 0x4D,
	0x00, 0x00, 0x00, 0x01, 0x60, 0x00, 0x01, 0x01, 0x17, 0x4D, 0x00, 0x03,
	0x03, 0x07, 0x5F, 0x00, 0x07, 0x07, 0x1B, 0x07, 0x4E, 0x59, 0x40, 0x0B,
	0x11, 0x11, 0x11, 0x11, 0x11, 0x11, 0x11, 0x10, 0x08, 0x07, 0x1E, 0x2B,
	0x37, 0x33, 0x15, 0x21, 0x11, 0x33, 0x03, 0x33, 0x15, 0x23, 0x15, 0x23,
	0x35, 0x33, 0x35, 0x23, 0xC8, 0xFA, 0xFE, 0x70, 0x96, 0x32, 0x96, 0x32,
	0x64, 0x32, 0x32, 0x96, 0x96, 0x02, 0xEE, 0xFC, 0xAE, 0x96, 0x32, 0x32,
	0x32, 0x00, 0x00, 0x01, 0x00, 0x00, 0x00, 0x00, 0x01, 0xF4, 0x02, 0xEE,
	0x00, 0x15, 0x00, 0x8E, 0x4B, 0xB0, 0x21, 0x50, 0x58, 0x40, 0x37, 0x00,
	0x07, 0x06, 0x02, 0x06, 0x07, 0x72, 0x00, 0x02, 0x08, 0x01, 0x02, 0x70,
	0x00, 0x04, 0x00, 0x08, 0x01, 0x04, 0x08, 0x67, 0x00, 0x01, 0x00, 0x00,
	0x09, 0x01, 0x00, 0x68, 0x00, 0x03, 0x03, 0x16, 0x4D, 0x00, 0x06, 0x06,
	0x05, 0x5F, 0x00, 0x05, 0x05, 0x19, 0x4D, 0x00, 0x09, 0x09, 0x0A, 0x60,
	0x00, 0x0A, 0x0A, 0x17, 0x0A, 0x4E, 0x1B, 0x40, 0x39, 0x00, 0x07, 0x06,
	0x02, 0x06, 0x07, 0x02, 0x80, 0x00, 0x02, 0x08, 0x06, 0x02, 0x08, 0x7E,
	0x00, 0x04, 0x00, 0x08, 0x01, 0x04, 0x08, 0x67, 0x00, 0x01, 0x00, 0x00,
	0x09, 0x01, 0x00, 0x68, 0x00, 0x03, 0x03, 0x16, 0x4D, 0x00, 0x06, 0x06,
	0x05, 0x5F, 0x00, 0x05, 0x05, 0x19, 0x4D, 0x00, 0x09, 0x09, 0x0A, 0x60,
	0x00, 0x0A, 0x0A, 0x17, 0x0A, 0x4E, 0x59, 0x40, 0x10, 0x15, 0x14, 0x13,
	0x12, 0x11, 0x11, 0x11, 0x11, 0x11, 0x11, 0x11, 0x11, 0x10, 0x0B, 0x07,
	0x1F, 0x2B, 0x37, 0x23, 0x35, 0x33, 0x35, 0x33, 0x11, 0x33, 0x15, 0x33,
	0x35, 0x33, 0x15, 0x23, 0x15, 0x23, 0x15, 0x23, 0x15, 0x33, 0x15, 0x21,
	0x64, 0x64, 0x32, 0x32, 0x96, 0x32, 0x64, 0x32, 0x32, 0x32, 0xFA, 0xFE,
	0x70, 0xFA, 0x64, 0x32, 0x01, 0x5E, 0xFA, 0x32, 0x64, 0x32, 0x32, 0xC8,
	0x96, 0x00, 0x00, 0x01, 0x00, 0x32, 0x00, 0x00, 0x03, 0x20, 0x02, 0xEE,
	0x00, 0x2B, 0x00, 0x68, 0x40, 0x65, 0x0D, 0x01, 0x05, 0x10, 0x01, 0x02,
	0x01, 0x05, 0x02, 0x67, 0x0C, 0x01, 0x06, 0x11, 0x01, 0x01, 0x00, 0x06,
	0x01, 0x67, 0x0B, 0x01, 0x07, 0x12, 0x01, 0x00, 0x13, 0x07, 0x00, 0x67,
	0x00, 0x09, 0x00, 0x14, 0x03, 0x09, 0x14, 0x67, 0x0E, 0x01, 0x04, 0x04,
	0x16, 0x4D, 0x15, 0x01, 0x13, 0x13, 0x08, 0x5F, 0x0A, 0x01, 0x08, 0x08,
	0x19, 0x4D, 0x0F, 0x01, 0x03, 0x03, 0x17, 0x03, 0x4E, 0x2B, 0x2A, 0x29,
	0x28, 0x27, 0x26, 0x25, 0x24, 0x23, 0x22, 0x21, 0x20, 0x1F, 0x1E, 0x1D,
	0x1C, 0x1B, 0x1A, 0x19, 0x18, 0x17, 0x16, 0x15, 0x14, 0x13, 0x12, 0x11,
	0x11, 0x11, 0x11, 0x11, 0x11, 0x11, 0x11, 0x10, 0x16, 0x07, 0x1F, 0x2B,
	0x01, 0x23, 0x35, 0x23, 0x35, 0x23, 0x11, 0x23, 0x11, 0x33, 0x15, 0x33,
	0x15, 0x33, 0x15, 0x33, 0x15, 0x33, 0x15, 0x33, 0x35, 0x33, 0x35, 0x33,
	0x35, 0x33, 0x35, 0x33, 0x35, 0x33, 0x11, 0x23, 0x11, 0x23, 0x15, 0x23,
	0x15, 0x23, 0x15, 0x23, 0x15, 0x23, 0x35, 0x23, 0x01, 0x5E, 0x32, 0x32,
	0x32, 0x96, 0x96, 0x32, 0x32, 0x32, 0x32, 0x32, 0x32, 0x32, 0x32, 0x32,
	0x96, 0x96, 0x32, 0x32, 0x32, 0x32, 0x32, 0x32, 0x01, 0x5E, 0x32, 0x32,
	0xFE, 0x3E, 0x02, 0xEE, 0x32, 0x32, 0x32, 0x32, 0x32, 0x32, 0x32, 0x32,
	0x32, 0x32, 0xFD, 0x12, 0x01, 0xC2, 0x32, 0x32, 0x32, 0x32, 0x32, 0x00,
	0x00, 0x01, 0x00, 0x32, 0x00, 0x00, 0x02, 0x58, 0x02, 0xEE, 0x00, 0x17,
	0x00, 0x46, 0x40, 0x43, 0x00, 0x05, 0x00, 0x01, 0x00, 0x05, 0x01, 0x67,
	0x00, 0x07, 0x00, 0x0B, 0x03, 0x07, 0x0B, 0x67, 0x00, 0x02, 0x02, 0x04,
	0x5F, 0x09, 0x01, 0x04, 0x04, 0x16, 0x4D, 0x00, 0x00, 0x00, 0x06, 0x5F,
	0x00, 0x06, 0x06, 0x19, 0x4D, 0x00, 0x08, 0x08, 0x03, 0x60, 0x0A, 0x01,
	0x03, 0x03, 0x17, 0x03, 0x4E, 0x17, 0x16, 0x15, 0x14, 0x13, 0x12, 0x11,
	0x11, 0x11, 0x11, 0x11, 0x11, 0x11, 0x11, 0x10, 0x0C, 0x07, 0x1F, 0x2B,
	0x25, 0x23, 0x35, 0x23, 0x35, 0x23, 0x11, 0x23, 0x11, 0x33, 0x15, 0x33,
	0x15, 0x33, 0x15, 0x33, 0x15, 0x33, 0x11, 0x33, 0x11, 0x23, 0x35, 0x23,
	0x01, 0x5E, 0x32, 0x32, 0x32, 0x96, 0xC8, 0x32, 0x32, 0x32, 0x32, 0x96,
	0xC8, 0x32, 0xC8, 0x64, 0x64, 0xFE, 0x70, 0x02, 0xEE, 0x64, 0x64, 0x64,
	0x64, 0x01, 0x90, 0xFD, 0x12, 0x64, 0x00, 0x02, 0x00, 0x32, 0x00, 0x00,
	0x02, 0x58, 0x03, 0xE8, 0x00, 0x0B, 0x00, 0x23, 0x00, 0xD6, 0x4B, 0xB0,
	0x21, 0x50, 0x58, 0x40, 0x50, 0x00, 0x04, 0x05, 0x00, 0x03, 0x04, 0x72,
	0x00, 0x01, 0x03, 0x02, 0x00, 0x01, 0x72, 0x12, 0x01, 0x05, 0x00, 0x00,
	0x03, 0x05, 0x00, 0x67, 0x00, 0x03, 0x00, 0x02, 0x0A, 0x03, 0x02, 0x68,
	0x00, 0x0B, 0x00, 0x07, 0x06, 0x0B, 0x07, 0x67, 0x00, 0x0D, 0x00, 0x11,
	0x09, 0x0D, 0x11, 0x67, 0x00, 0x08, 0x08, 0x0A, 0x5F, 0x0F, 0x01, 0x0A,
	0x0A, 0x16, 0x4D, 0x00, 0x06, 0x06, 0x0C, 0x5F, 0x00, 0x0C, 0x0C, 0x19,
	0x4D, 0x00, 0x0E, 0x0E, 0x09, 0x60, 0x10, 0x01, 0x09, 0x09, 0x17, 0x09,
	0x4E, 0x1B, 0x40, 0x52, 0x00, 0x04, 0x05, 0x00, 0x05, 0x04, 0x00, 0x80,
	0x00, 0x01, 0x03, 0x02, 0x03, 0x01, 0x02, 0x80, 0x12, 0x01, 0x05, 0x00,
	0x00, 0x03, 0x05, 0x00, 0x67, 0x00, 0x03, 0x00, 0x02, 0x0A, 0x03, 0x02,
	0x68, 0x00, 0x0B, 0x00, 0x07, 0x06, 0x0B, 0x07, 0x67, 0x00, 0x0D, 0x00,
	0x11, 0x09, 0x0D, 0x11, 0x67, 0x00, 0x08, 0x08, 0x0A, 0x5F, 0x0F, 0x01,
	0x0A, 0x0A, 0x16, 0x4D, 0x00, 0x06, 0x06, 0x0C, 0x5F, 0x00, 0x0C, 0x0C,
	0x19, 0x4D, 0x00, 0x0E, 0x0E, 0x09, 0x60, 0x10, 0x01, 0x09, 0x09, 0x17,
	0x09, 0x4E, 0x59, 0x40, 0x26, 0x00, 0x00, 0x23, 0x22, 0x21, 0x20, 0x1F,
	0x1E, 0x1D, 0x1C, 0x1B, 0x1A, 0x19, 0x18, 0x17, 0x16, 0x15, 0x14, 0x13,
	0x12, 0x11, 0x10, 0x0F, 0x0E, 0x0D, 0x0C, 0x00, 0x0B, 0x00, 0x0B, 0x11,
	0x11, 0x11, 0x11, 0x11, 0x13, 0x07, 0x1B, 0x2B, 0x01, 0x15, 0x23, 0x15,
	0x23, 0x15, 0x23, 0x35, 0x33, 0x35, 0x33, 0x35, 0x11, 0x23, 0x35, 0x23,
	0x35, 0x23, 0x11, 0x23, 0x11, 0x33, 0x15, 0x33, 0x15, 0x33, 0x15, 0x33,
	0x15, 0x33, 0x11, 0x33, 0x11, 0x23, 0x35, 0x23, 0x01, 0xC2, 0x32, 0x32,
	0x64, 0x32, 0x32, 0x32, 0x32, 0x32, 0x96, 0xC8, 0x32, 0x32, 0x32, 0x32,
	0x96, 0xC8, 0x32, 0x03, 0xE8, 0x64, 0x32, 0x32, 0x64, 0x32, 0x32, 0xFC,
	0xE0, 0x64, 0x64, 0xFE, 0x70, 0x02, 0xEE, 0x64, 0x64, 0x64, 0x64, 0x01,
	0x90, 0xFD, 0x12, 0x64, 0x00, 0x02, 0x00, 0x32, 0x00, 0x00, 0x02, 0x58,
	0x03, 0xE8, 0x00, 0x0F, 0x00, 0x27, 0x00, 0xC7, 0x4B, 0xB0, 0x21, 0x50,
	0x58, 0x40, 0x4B, 0x06, 0x01, 0x00, 0x01, 0x07, 0x01, 0x00, 0x72, 0x04,
	0x01, 0x02, 0x05, 0x01, 0x01, 0x00, 0x02, 0x01, 0x67, 0x00, 0x03, 0x00,
	0x07, 0x0C, 0x03, 0x07, 0x67, 0x00, 0x0D, 0x00, 0x09, 0x08, 0x0D, 0x09,
	0x67, 0x00, 0x0F, 0x00, 0x13, 0x0B, 0x0F, 0x13, 0x67, 0x00, 0x0A, 0x0A,
	0x0C, 0x5F, 0x11, 0x01, 0x0C, 0x0C, 0x16, 0x4D, 0x00, 0x08, 0x08, 0x0E,
	0x5F, 0x00, 0x0E, 0x0E, 0x19, 0x4D, 0x00, 0x10, 0x10, 0x0B, 0x60, 0x12,
	0x01, 0x0B, 0x0B, 0x17, 0x0B, 0x4E, 0x1B, 0x40, 0x4C, 0x06, 0x01, 0x00,
	0x01, 0x07, 0x01, 0x00, 0x07, 0x80, 0x04, 0x01, 0x02, 0x05, 0x01, 0x01,
	0x00, 0x02, 0x01, 0x67, 0x00, 0x03, 0x00, 0x07, 0x0C, 0x03, 0x07, 0x67,
	0x00, 0x0D, 0x00, 0x09, 0x08, 0x0D, 0x09, 0x67, 0x00, 0x0F, 0x00, 0x13,
	0x0B, 0x0F, 0x13, 0x67, 0x00, 0x0A, 0x0A, 0x0C, 0x5F, 0x11, 0x01, 0x0C,
	0x0C, 0x16, 0x4D, 0x00, 0x08, 0x08, 0x0E, 0x5F, 0x00, 0x0E, 0x0E, 0x19,
	0x4D, 0x00, 0x10, 0x10, 0x0B, 0x60, 0x12, 0x01, 0x0B, 0x0B, 0x17, 0x0B,
	0x4E, 0x59, 0x40, 0x22, 0x27, 0x26, 0x25, 0x24, 0x23, 0x22, 0x21, 0x20,
	0x1F, 0x1E, 0x1D, 0x1C, 0x1B, 0x1A, 0x19, 0x18, 0x17, 0x16, 0x15, 0x14,
	0x13, 0x12, 0x11, 0x11, 0x11, 0x11, 0x11, 0x11, 0x11, 0x11, 0x10, 0x14,
	0x07, 0x1F, 0x2B, 0x01, 0x23, 0x35, 0x23, 0x35, 0x33, 0x15, 0x33, 0x35,
	0x33, 0x15, 0x23, 0x15, 0x23, 0x15, 0x23, 0x13, 0x23, 0x35, 0x23, 0x35,
	0x23, 0x11, 0x23, 0x11, 0x33, 0x15, 0x33, 0x15, 0x33, 0x15, 0x33, 0x15,
	0x33, 0x11, 0x33, 0x11, 0x23, 0x35, 0x23, 0x01, 0x2C, 0x32, 0x32, 0x64,
	0x64, 0x64, 0x32, 0x32, 0x64, 0x32, 0x32, 0x32, 0x32, 0x96, 0xC8, 0x32,
	0x32, 0x32, 0x32, 0x96, 0xC8, 0x32, 0x03, 0x52, 0x32, 0x64, 0x32, 0x32,
	0x64, 0x32, 0x32, 0xFD, 0xA8, 0x64, 0x64, 0xFE, 0x70, 0x02, 0xEE, 0x64,
	0x64, 0x64, 0x64, 0x01, 0x90, 0xFD, 0x12, 0x64, 0x00, 0x02, 0x00, 0x32,
	0xFE, 0xD4, 0x02, 0x58, 0x02, 0xEE, 0x00, 0x17, 0x00, 0x21, 0x00, 0xBD,
	0x4B, 0xB0, 0x21, 0x50, 0x58, 0x40, 0x49, 0x00, 0x0D, 0x10, 0x0F, 0x10,
	0x0D, 0x72, 0x00, 0x05, 0x00, 0x01, 0x00, 0x05, 0x01, 0x67, 0x00, 0x07,
	0x00, 0x0B, 0x03, 0x07, 0x0B, 0x67, 0x00, 0x0F, 0x00, 0x0E, 0x0F, 0x0E,
	0x63, 0x00, 0x02, 0x02, 0x04, 0x5F, 0x09, 0x01, 0x04, 0x04, 0x16, 0x4D,
	0x00, 0x00, 0x00, 0x06, 0x5F, 0x00, 0x06, 0x06, 0x19, 0x4D, 0x00, 0x08,
	0x08, 0x03, 0x60, 0x0A, 0x01, 0x03, 0x03, 0x17, 0x4D, 0x00, 0x0C, 0x0C,
	0x10, 0x5F, 0x00, 0x10, 0x10, 0x1B, 0x10, 0x4E, 0x1B, 0x40, 0x4A, 0x00,
	0x0D, 0x10, 0x0F, 0x10, 0x0D, 0x0F, 0x80, 0x00, 0x05, 0x00, 0x01, 0x00,
	0x05, 0x01, 0x67, 0x00, 0x07, 0x00, 0x0B, 0x03, 0x07, 0x0B, 0x67, 0x00,
	0x0F, 0x00, 0x0E, 0x0F, 0x0E, 0x63, 0x00, 0x02, 0x02, 0x04, 0x5F, 0x09,
	0x01, 0x04, 0x04, 0x16, 0x4D, 0x00, 0x00, 0x00, 0x06, 0x5F, 0x00, 0x06,
	0x06, 0x19, 0x4D, 0x00, 0x08, 0x08, 0x03, 0x60, 0x0A, 0x01, 0x03, 0x03,
	0x17, 0x4D, 0x00, 0x0C, 0x0C, 0x10, 0x5F, 0x00, 0x10, 0x10, 0x1B, 0x10,
	0x4E, 0x59, 0x40, 0x1C, 0x21, 0x20, 0x1F, 0x1E, 0x1D, 0x1C, 0x1B, 0x1A,
	0x19, 0x18, 0x17, 0x16, 0x15, 0x14, 0x13, 0x12, 0x11, 0x11, 0x11, 0x11,
	0x11, 0x11, 0x11, 0x11, 0x10, 0x11, 0x07, 0x1F, 0x2B, 0x25, 0x23, 0x35,
	0x23, 0x35, 0x23, 0x11, 0x23, 0x11, 0x33, 0x15, 0x33, 0x15, 0x33, 0x15,
	0x33, 0x15, 0x33, 0x11, 0x33, 0x11, 0x23, 0x35, 0x23, 0x07, 0x33, 0x15,
	0x23, 0x15, 0x23, 0x35, 0x33, 0x35, 0x23, 0x01, 0x5E, 0x32, 0x32, 0x32,
	0x96, 0xC8, 0x32, 0x32, 0x32, 0x32, 0x96, 0xC8, 0x32, 0x32, 0x96, 0x32,
	0x64, 0x32, 0x32, 0xC8, 0x64, 0x64, 0xFE, 0x70, 0x02, 0xEE, 0x64, 0x64,
	0x64, 0x64, 0x01, 0x90, 0xFD, 0x12, 0x64, 0xC8, 0x96, 0x32, 0x32, 0x32,
	0x00, 0x02, 0x00, 0x32, 0x00, 0x00, 0x02, 0x58, 0x03, 0xE8, 0x00, 0x0F,
	0x00, 0x27, 0x00, 0x6E, 0x40, 0x6B, 0x05, 0x01, 0x03, 0x02, 0x00, 0x03,
	0x57, 0x06, 0x01, 0x00, 0x01, 0x02, 0x00, 0x58, 0x04, 0x01, 0x02, 0x07,
	0x01, 0x01, 0x0C, 0x02, 0x01, 0x68, 0x00, 0x0D, 0x00, 0x09, 0x08, 0x0D,
	0x09, 0x67, 0x00, 0x0F, 0x00, 0x13, 0x0B, 0x0F, 0x13, 0x67, 0x00, 0x0A,
	0x0A, 0x0C, 0x5F, 0x11, 0x01, 0x0C, 0x0C, 0x16, 0x4D, 0x00, 0x08, 0x08,
	0x0E, 0x5F, 0x00, 0x0E, 0x0E, 0x19, 0x4D, 0x00, 0x10, 0x10, 0x0B, 0x60,
	0x12, 0x01, 0x0B, 0x0B, 0x17, 0x0B, 0x4E, 0x27, 0x26, 0x25, 0x24, 0x23,
	0x22, 0x21, 0x20, 0x1F, 0x1E, 0x1D, 0x1C, 0x1B, 0x1A, 0x19, 0x18, 0x17,
	0x16, 0x15, 0x14, 0x13, 0x12, 0x11, 0x11, 0x11, 0x11, 0x11, 0x11, 0x11,
	0x11, 0x10, 0x14, 0x07, 0x1F, 0x2B, 0x01, 0x23, 0x15, 0x23, 0x35, 0x33,
	0x35, 0x33, 0x15, 0x33, 0x35, 0x33, 0x15, 0x23, 0x15, 0x23, 0x03, 0x23,
	0x35, 0x23, 0x35, 0x23, 0x11, 0x23, 0x11, 0x33, 0x15, 0x33, 0x15, 0x33,
	0x15, 0x33, 0x15, 0x33, 0x11, 0x33, 0x11, 0x23, 0x35, 0x23, 0x01, 0x90,
	0x96, 0x32, 0x32, 0x32, 0x96, 0x32, 0x32, 0x32, 0x32, 0x32, 0x32, 0x32,
	0x96, 0xC8, 0x32, 0x32, 0x32, 0x32, 0x96, 0xC8, 0x32, 0x03, 0x52, 0x32,
	0x96, 0x32, 0x32, 0x32, 0x96, 0x32, 0xFD, 0xA8, 0x64, 0x64, 0xFE, 0x70,
	0x02, 0xEE, 0x64, 0x64, 0x64, 0x64, 0x01, 0x90, 0xFD, 0x12, 0x64, 0x00,
	0x00, 0x01, 0x00, 0x32, 0xFF, 0x38, 0x02, 0x58, 0x02, 0xEE, 0x00, 0x21,
	0x00, 0xCB, 0x4B, 0xB0, 0x21, 0x50, 0x58, 0x40, 0x50, 0x00, 0x0E, 0x02,
	0x01, 0x02, 0x0E, 0x01, 0x80, 0x00, 0x01, 0x0F, 0x00, 0x01, 0x70, 0x00,
	0x0F, 0x00, 0x02, 0x0F, 0x00, 0x7E, 0x00, 0x09, 0x00, 0x05, 0x04, 0x09,
	0x05, 0x67, 0x00, 0x0B, 0x00, 0x03, 0x02, 0x0B, 0x03, 0x67, 0x00, 0x06,
	0x06, 0x08, 0x5F, 0x0D, 0x01, 0x08, 0x08, 0x16, 0x4D, 0x00, 0x04, 0x04,
	0x0A, 0x5F, 0x00, 0x0A, 0x0A, 0x19, 0x4D, 0x00, 0x0C, 0x0C, 0x02, 0x5F,
	0x07, 0x01, 0x02, 0x02, 0x17, 0x4D, 0x00, 0x00, 0x00, 0x10, 0x60, 0x00,
	0x10, 0x10, 0x1B, 0x10, 0x4E, 0x1B, 0x40, 0x51, 0x00, 0x0E, 0x02, 0x01,
	0x02, 0x0E, 0x01, 0x80, 0x00, 0x01, 0x0F, 0x02, 0x01, 0x0F, 0x7E, 0x00,
	0x0F, 0x00, 0x02, 0x0F, 0x00, 0x7E, 0x00, 0x09, 0x00, 0x05, 0x04, 0x09,
	0x05, 0x67, 0x00, 0x0B, 0x00, 0x03, 0x02, 0x0B, 0x03, 0x67, 0x00, 0x06,
	0x06, 0x08, 0x5F, 0x0D, 0x01, 0x08, 0x08, 0x16, 0x4D, 0x00, 0x04, 0x04,
	0x0A, 0x5F, 0x00, 0x0A, 0x0A, 0x19, 0x4D, 0x00, 0x0C, 0x0C, 0x02, 0x5F,
	0x07, 0x01, 0x02, 0x02, 0x17, 0x4D, 0x00, 0x00, 0x00, 0x10, 0x60, 0x00,
	0x10, 0x10, 0x1B, 0x10, 0x4E, 0x59, 0x40, 0x1C, 0x21, 0x20, 0x1F, 0x1E,
	0x1D, 0x1C, 0x1B, 0x1A, 0x19, 0x18, 0x17, 0x16, 0x15, 0x14, 0x13, 0x12,
	0x11, 0x11, 0x11, 0x11, 0x11, 0x11, 0x11, 0x11, 0x10, 0x11, 0x07, 0x1F,
	0x2B, 0x05, 0x33, 0x35, 0x33, 0x35, 0x23, 0x35, 0x23, 0x35, 0x23, 0x35,
	0x23, 0x35, 0x23, 0x11, 0x23, 0x11, 0x33, 0x15, 0x33, 0x15, 0x33, 0x15,
	0x33, 0x15, 0x33, 0x11, 0x33, 0x11, 0x23, 0x15, 0x23, 0x15, 0x23, 0x01,
	0x5E, 0x32, 0x32, 0x32, 0x32, 0x32, 0x32, 0x32, 0x96, 0xC8, 0x32, 0x32,
	0x32, 0x32, 0x96, 0x32, 0x32, 0x96, 0x96, 0x32, 0x64, 0x64, 0x64, 0x64,
	0x64, 0xFE, 0x70, 0x02, 0xEE, 0x64, 0x64, 0x64, 0x64, 0x01, 0x90, 0xFC,
	0xAE, 0x32, 0x32, 0x00, 0x00, 0x02, 0x00, 0x32, 0x00, 0x00, 0x02, 0x26,
	0x02, 0xEE, 0x00, 0x13, 0x00, 0x1F, 0x00, 0x9A, 0x4B, 0xB0, 0x21, 0x50,
	0x58, 0x40, 0x38, 0x0D, 0x01, 0x0B, 0x0C, 0x0A, 0x0C, 0x0B, 0x72, 0x0E,
	0x01, 0x0A, 0x0F, 0x0F, 0x0A, 0x70, 0x04, 0x01, 0x00, 0x09, 0x01, 0x05,
	0x06, 0x00, 0x05, 0x67, 0x03, 0x01, 0x01, 0x08, 0x01, 0x06, 0x07, 0x01,
	0x06, 0x67, 0x00, 0x0C, 0x0C, 0x02, 0x5F, 0x00, 0x02, 0x02, 0x16, 0x4D,
	0x00, 0x0F, 0x0F, 0x07, 0x60, 0x00, 0x07, 0x07, 0x17, 0x07, 0x4E, 0x1B,
	0x40, 0x3A, 0x0D, 0x01, 0x0B, 0x0C, 0x0A, 0x0C, 0x0B, 0x0A, 0x80, 0x0E,
	0x01, 0x0A, 0x0F, 0x0C, 0x0A, 0x0F, 0x7E, 0x04, 0x01, 0x00, 0x09, 0x01,
	0x05, 0x06, 0x00, 0x05, 0x67, 0x03, 0x01, 0x01, 0x08, 0x01, 0x06, 0x07,
	0x01, 0x06, 0x67, 0x00, 0x0C, 0x0C, 0x02, 0x5F, 0x00, 0x02, 0x02, 0x16,
	0x4D, 0x00, 0x0F, 0x0F, 0x07, 0x60, 0x00, 0x07, 0x07, 0x17, 0x07, 0x4E,
	0x59, 0x40, 0x1A, 0x1F, 0x1E, 0x1D, 0x1C, 0x1B, 0x1A, 0x19, 0x18, 0x17,
	0x16, 0x15, 0x14, 0x13, 0x12, 0x11, 0x11, 0x11, 0x11, 0x11, 0x11, 0x11,
	0x11, 0x10, 0x10, 0x07, 0x1F, 0x2B, 0x13, 0x33, 0x35, 0x33, 0x35, 0x21,
	0x15, 0x33, 0x15, 0x33, 0x11, 0x23, 0x15, 0x23, 0x15, 0x21, 0x35, 0x23,
	0x35, 0x23, 0x25, 0x33, 0x11, 0x23, 0x35, 0x23, 0x15, 0x23, 0x11, 0x33,
	0x15, 0x33, 0x32, 0x32, 0x32, 0x01, 0x2C, 0x32, 0x32, 0x32, 0x32, 0xFE,
	0xD4, 0x32, 0x32, 0x01, 0x2C, 0x32, 0x32, 0x64, 0x32, 0x32, 0x64, 0x02,
	0x8A, 0x32, 0x32, 0x32, 0x32, 0xFD, 0xDA, 0x32, 0x32, 0x32, 0x32, 0x64,
	0x01, 0x5E, 0x32, 0x32, 0xFE, 0xA2, 0x32, 0x00, 0x00, 0x03, 0x00, 0x32,
	0x00, 0x00, 0x02, 0x26, 0x03, 0xE8, 0x00, 0x0B, 0x00, 0x1F, 0x00, 0x2B,
	0x00, 0xEE, 0x4B, 0xB0, 0x21, 0x50, 0x58, 0x40, 0x57, 0x00, 0x04, 0x05,
	0x00, 0x03, 0x04, 0x72, 0x00, 0x01, 0x03, 0x02, 0x00, 0x01, 0x72, 0x13,
	0x01, 0x11, 0x12, 0x10, 0x12, 0x11, 0x72, 0x14, 0x01, 0x10, 0x15, 0x15,
	0x10, 0x70, 0x16, 0x01, 0x05, 0x00, 0x00, 0x03, 0x05, 0x00, 0x67, 0x00,
	0x03, 0x00, 0x02, 0x08, 0x03, 0x02, 0x68, 0x0A, 0x01, 0x06, 0x0F, 0x01,
	0x0B, 0x0C, 0x06, 0x0B, 0x67, 0x09, 0x01, 0x07, 0x0E, 0x01, 0x0C, 0x0D,
	0x07, 0x0C, 0x67, 0x00, 0x12, 0x12, 0x08, 0x5F, 0x00, 0x08, 0x08, 0x16,
	0x4D, 0x00, 0x15, 0x15, 0x0D, 0x60, 0x00, 0x0D, 0x0D, 0x17, 0x0D, 0x4E,
	0x1B, 0x40, 0x5B, 0x00, 0x04, 0x05, 0x00, 0x05, 0x04, 0x00, 0x80, 0x00,
	0x01, 0x03, 0x02, 0x03, 0x01, 0x02, 0x80, 0x13, 0x01, 0x11, 0x12, 0x10,
	0x12, 0x11, 0x10, 0x80, 0x14, 0x01, 0x10, 0x15, 0x12, 0x10, 0x15, 0x7E,
	0x16, 0x01, 0x05, 0x00, 0x00, 0x03, 0x05, 0x00, 0x67, 0x00, 0x03, 0x00,
	0x02, 0x08, 0x03, 0x02, 0x68, 0x0A, 0x01, 0x06, 0x0F, 0x01, 0x0B, 0x0C,
	0x06, 0x0B, 0x67, 0x09, 0x01, 0x07, 0x0E, 0x01, 0x0C, 0x0D, 0x07, 0x0C,
	0x67, 0x00, 0x12, 0x12, 0x08, 0x5F, 0x00, 0x08, 0x08, 0x16, 0x4D, 0x00,
	0x15, 0x15, 0x0D, 0x60, 0x00, 0x0D, 0x0D, 0x17, 0x0D, 0x4E, 0x59, 0x40,
	0x2E, 0x00, 0x00, 0x2B, 0x2A, 0x29, 0x28, 0x27, 0x26, 0x25, 0x24, 0x23,
	0x22, 0x21, 0x20, 0x1F, 0x1E, 0x1D, 0x1C, 0x1B, 0x1A, 0x19, 0x18, 0x17,
	0x16, 0x15, 0x14, 0x13, 0x12, 0x11, 0x10, 0x0F, 0x0E, 0x0D, 0x0C, 0x00,
	0x0B, 0x00, 0x0B, 0x11, 0x11, 0x11, 0x11, 0x11, 0x17, 0x07, 0x1B, 0x2B,
	0x01, 0x15, 0x23, 0x15, 0x23, 0x15, 0x23, 0x35, 0x33, 0x35, 0x33, 0x35,
	0x03, 0x33, 0x35, 0x33, 0x35, 0x21, 0x15, 0x33, 0x15, 0x33, 0x11, 0x23,
	0x15, 0x23, 0x15, 0x21, 0x35, 0x23, 0x35, 0x23, 0x25, 0x33, 0x11, 0x23,
	0x35, 0x23, 0x15, 0x23, 0x11, 0x33, 0x15, 0x33, 0x01, 0x90, 0x32, 0x32,
	0x64, 0x32, 0x32, 0xFA, 0x32, 0x32, 0x01, 0x2C, 0x32, 0x32, 0x32, 0x32,
	0xFE, 0xD4, 0x32, 0x32, 0x01, 0x2C, 0x32, 0x32, 0x64, 0x32, 0x32, 0x64,
	0x03, 0xE8, 0x64, 0x32, 0x32, 0x64, 0x32, 0x32, 0xFE, 0xA2, 0x32, 0x32,
	0x32, 0x32, 0xFD, 0xDA, 0x32, 0x32, 0x32, 0x32, 0x64, 0x01, 0x5E, 0x32,
	0x32, 0xFE, 0xA2, 0x32, 0x00, 0x03, 0x00, 0x32, 0x00, 0x00, 0x02, 0x26,
	0x03, 0xE8, 0x00, 0x0F, 0x00, 0x23, 0x00, 0x2F, 0x00, 0xDF, 0x4B, 0xB0,
	0x21, 0x50, 0x58, 0x40, 0x52, 0x03, 0x01, 0x01, 0x02, 0x00, 0x00, 0x01,
	0x72, 0x15, 0x01, 0x13, 0x14, 0x12, 0x14, 0x13, 0x72, 0x16, 0x01, 0x12,
	0x17, 0x17, 0x12, 0x70, 0x00, 0x02, 0x00, 0x06, 0x05, 0x02, 0x06, 0x67,
	0x04, 0x01, 0x00, 0x07, 0x01, 0x05, 0x0A, 0x00, 0x05, 0x68, 0x0C, 0x01,
	0x08, 0x11, 0x01, 0x0D, 0x0E, 0x08, 0x0D, 0x67, 0x0B, 0x01, 0x09, 0x10,
	0x01, 0x0E, 0x0F, 0x09, 0x0E, 0x67, 0x00, 0x14, 0x14, 0x0A, 0x5F, 0x00,
	0x0A, 0x0A, 0x16, 0x4D, 0x00, 0x17, 0x17, 0x0F, 0x60, 0x00, 0x0F, 0x0F,
	0x17, 0x0F, 0x4E, 0x1B, 0x40, 0x55, 0x03, 0x01, 0x01, 0x02, 0x00, 0x02,
	0x01, 0x00, 0x80, 0x15, 0x01, 0x13, 0x14, 0x12, 0x14, 0x13, 0x12, 0x80,
	0x16, 0x01, 0x12, 0x17, 0x14, 0x12, 0x17, 0x7E, 0x00, 0x02, 0x00, 0x06,
	0x05, 0x02, 0x06, 0x67, 0x04, 0x01, 0x00, 0x07, 0x01, 0x05, 0x0A, 0x00,
	0x05, 0x68, 0x0C, 0x01, 0x08, 0x11, 0x01, 0x0D, 0x0E, 0x08, 0x0D, 0x67,
	0x0B, 0x01, 0x09, 0x10, 0x01, 0x0E, 0x0F, 0x09, 0x0E, 0x67, 0x00, 0x14,
	0x14, 0x0A, 0x5F, 0x00, 0x0A, 0x0A, 0x16, 0x4D, 0x00, 0x17, 0x17, 0x0F,
	0x60, 0x00, 0x0F, 0x0F, 0x17, 0x0F, 0x4E, 0x59, 0x40, 0x2A, 0x2F, 0x2E,
	0x2D, 0x2C, 0x2B, 0x2A, 0x29, 0x28, 0x27, 0x26, 0x25, 0x24, 0x23, 0x22,
	0x21, 0x20, 0x1F, 0x1E, 0x1D, 0x1C, 0x1B, 0x1A, 0x19, 0x18, 0x17, 0x16,
	0x15, 0x14, 0x13, 0x12, 0x11, 0x11, 0x11, 0x11, 0x11, 0x11, 0x11, 0x11,
	0x10, 0x18, 0x07, 0x1F, 0x2B, 0x13, 0x33, 0x35, 0x33, 0x35, 0x33, 0x15,
	0x33, 0x15, 0x33, 0x15, 0x23, 0x35, 0x23, 0x15, 0x23, 0x07, 0x33, 0x35,
	0x33, 0x35, 0x21, 0x15, 0x33, 0x15, 0x33, 0x11, 0x23, 0x15, 0x23, 0x15,
	0x21, 0x35, 0x23, 0x35, 0x23, 0x25, 0x33, 0x11, 0x23, 0x35, 0x23, 0x15,
	0x23, 0x11, 0x33, 0x15, 0x33, 0x96, 0x32, 0x32, 0x64, 0x32, 0x32, 0x64,
	0x64, 0x64, 0x64, 0x32, 0x32, 0x01, 0x2C, 0x32, 0x32, 0x32, 0x32, 0xFE,
	0xD4, 0x32, 0x32, 0x01, 0x2C, 0x32, 0x32, 0x64, 0x32, 0x32, 0x64, 0x03,
	0x84, 0x32, 0x32, 0x32, 0x32, 0x64, 0x32, 0x32, 0x96, 0x32, 0x32, 0x32,
	0x32, 0xFD, 0xDA, 0x32, 0x32, 0x32, 0x32, 0x64, 0x01, 0x5E, 0x32, 0x32,
	0xFE, 0xA2, 0x32, 0x00, 0x00, 0x04, 0x00, 0x32, 0x00, 0x00, 0x02, 0x26,
	0x03, 0xE8, 0x00, 0x03, 0x00, 0x07, 0x00, 0x1B, 0x00, 0x27, 0x00, 0xB6,
	0x4B, 0xB0, 0x21, 0x50, 0x58, 0x40, 0x42, 0x11, 0x01, 0x0F, 0x10, 0x0E,
	0x10, 0x0F, 0x72, 0x12, 0x01, 0x0E, 0x13, 0x13, 0x0E, 0x70, 0x02, 0x01,
	0x00, 0x03, 0x01, 0x01, 0x06, 0x00, 0x01, 0x67, 0x08, 0x01, 0x04, 0x0D,
	0x01, 0x09, 0x0A, 0x04, 0x09, 0x67, 0x07, 0x01, 0x05, 0x0C, 0x01, 0x0A,
	0x0B, 0x05, 0x0A, 0x67, 0x00, 0x10, 0x10, 0x06, 0x5F, 0x00, 0x06, 0x06,
	0x16, 0x4D, 0x00, 0x13, 0x13, 0x0B, 0x60, 0x00, 0x0B, 0x0B, 0x17, 0x0B,
	0x4E, 0x1B, 0x40, 0x44, 0x11, 0x01, 0x0F, 0x10, 0x0E, 0x10, 0x0F, 0x0E,
	0x80, 0x12, 0x01, 0x0E, 0x13, 0x10, 0x0E, 0x13, 0x7E, 0x02, 0x01, 0x00,
	0x03, 0x01, 0x01, 0x06, 0x00, 0x01, 0x67, 0x08, 0x01, 0x04, 0x0D, 0x01,
	0x09, 0x0A, 0x04, 0x09, 0x67, 0x07, 0x01, 0x05, 0x0C, 0x01, 0x0A, 0x0B,
	0x05, 0x0A, 0x67, 0x00, 0x10, 0x10, 0x06, 0x5F, 0x00, 0x06, 0x06, 0x16,
	0x4D, 0x00, 0x13, 0x13, 0x0B, 0x60, 0x00, 0x0B, 0x0B, 0x17, 0x0B, 0x4E,
	0x59, 0x40, 0x22, 0x27, 0x26, 0x25, 0x24, 0x23, 0x22, 0x21, 0x20, 0x1F,
	0x1E, 0x1D, 0x1C, 0x1B, 0x1A, 0x19, 0x18, 0x17, 0x16, 0x15, 0x14, 0x13,
	0x12, 0x11, 0x11, 0x11, 0x11, 0x11, 0x11, 0x11, 0x11, 0x10, 0x14, 0x07,
	0x1F, 0x2B, 0x01, 0x33, 0x15, 0x23, 0x27, 0x33, 0x15, 0x23, 0x07, 0x33,
	0x35, 0x33, 0x35, 0x21, 0x15, 0x33, 0x15, 0x33, 0x11, 0x23, 0x15, 0x23,
	0x15, 0x21, 0x35, 0x23, 0x35, 0x23, 0x25, 0x33, 0x11, 0x23, 0x35, 0x23,
	0x15, 0x23, 0x11, 0x33, 0x15, 0x33, 0x01, 0x5E, 0x96, 0x96, 0xFA, 0x96,
	0x96, 0x32, 0x32, 0x32, 0x01, 0x2C, 0x32, 0x32, 0x32, 0x32, 0xFE, 0xD4,
	0x32, 0x32, 0x01, 0x2C, 0x32, 0x32, 0x64, 0x32, 0x32, 0x64, 0x03, 0xE8,
	0x96, 0x96, 0x96, 0xC8, 0x32, 0x32, 0x32, 0x32, 0xFD, 0xDA, 0x32, 0x32,
	0x32, 0x32, 0x64, 0x01, 0x5E, 0x32, 0x32, 0xFE, 0xA2, 0x32, 0x00, 0x03,
	0x00, 0x32, 0x00, 0x00, 0x02, 0x26, 0x03, 0xE8, 0x00, 0x0B, 0x00, 0x1F,
	0x00, 0x2B, 0x00, 0xE4, 0x4B, 0xB0, 0x21, 0x50, 0x58, 0x40, 0x56, 0x00,
	0x05, 0x04, 0x03, 0x00, 0x05, 0x72, 0x00, 0x02, 0x00, 0x01, 0x03, 0x02,
	0x72, 0x13, 0x01, 0x11, 0x12, 0x10, 0x12, 0x11, 0x72, 0x14, 0x01, 0x10,
	0x15, 0x15, 0x10, 0x70, 0x00, 0x04, 0x00, 0x03, 0x00, 0x04, 0x03, 0x67,
	0x00, 0x00, 0x00, 0x01, 0x08, 0x00, 0x01, 0x68, 0x0A, 0x01, 0x06, 0x0F,
	0x01, 0x0B, 0x0C, 0x06, 0x0B, 0x67, 0x09, 0x01, 0x07, 0x0E, 0x01, 0x0C,
	0x0D, 0x07, 0x0C, 0x67, 0x00, 0x12, 0x12, 0x08, 0x5F, 0x00, 0x08, 0x08,
	0x16, 0x4D, 0x00, 0x15, 0x15, 0x0D, 0x60, 0x00, 0x0D, 0x0D, 0x17, 0x0D,
	0x4E, 0x1B, 0x40, 0x5A, 0x00, 0x05, 0x04, 0x03, 0x04, 0x05, 0x03, 0x80,
	0x00, 0x02, 0x00, 0x01, 0x00, 0x02, 0x01, 0x80, 0x13, 0x01, 0x11, 0x12,
	0x10, 0x12, 0x11, 0x10, 0x80, 0x14, 0x01, 0x10, 0x15, 0x12, 0x10, 0x15,
	0x7E, 0x00, 0x04, 0x00, 0x03, 0x00, 0x04, 0x03, 0x67, 0x00, 0x00, 0x00,
	0x01, 0x08, 0x00, 0x01, 0x68, 0x0A, 0x01, 0x06, 0x0F, 0x01, 0x0B, 0x0C,
	0x06, 0x0B, 0x67, 0x09, 0x01, 0x07, 0x0E, 0x01, 0x0C, 0x0D, 0x07, 0x0C,
	0x67, 0x00, 0x12, 0x12, 0x08, 0x5F, 0x00, 0x08, 0x08, 0x16, 0x4D, 0x00,
	0x15, 0x15, 0x0D, 0x60, 0x00, 0x0D, 0x0D, 0x17, 0x0D, 0x4E, 0x59, 0x40,
	0x26, 0x2B, 0x2A, 0x29, 0x28, 0x27, 0x26, 0x25, 0x24, 0x23, 0x22, 0x21,
	0x20, 0x1F, 0x1E, 0x1D, 0x1C, 0x1B, 0x1A, 0x19, 0x18, 0x17, 0x16, 0x15,
	0x14, 0x13, 0x12, 0x11, 0x11, 0x11, 0x11, 0x11, 0x11, 0x11, 0x11, 0x10,
	0x16, 0x07, 0x1F, 0x2B, 0x01, 0x33, 0x15, 0x23, 0x35, 0x23, 0x35, 0x23,
	0x35, 0x33, 0x15, 0x33, 0x01, 0x33, 0x35, 0x33, 0x35, 0x21, 0x15, 0x33,
	0x15, 0x33, 0x11, 0x23, 0x15, 0x23, 0x15, 0x21, 0x35, 0x23, 0x35, 0x23,
	0x25, 0x33, 0x11, 0x23, 0x35, 0x23, 0x15, 0x23, 0x11, 0x33, 0x15, 0x33,
	0x01, 0x5E, 0x32, 0x64, 0x32, 0x32, 0x64, 0x32, 0xFE, 0xD4, 0x32, 0x32,
	0x01, 0x2C, 0x32, 0x32, 0x32, 0x32, 0xFE, 0xD4, 0x32, 0x32, 0x01, 0x2C,
	0x32, 0x32, 0x64, 0x32, 0x32, 0x64, 0x03, 0x84, 0x64, 0x32, 0x32, 0x64,
	0x32, 0xFE, 0xD4, 0x32, 0x32, 0x32, 0x32, 0xFD, 0xDA, 0x32, 0x32, 0x32,
	0x32, 0x64, 0x01, 0x5E, 0x32, 0x32, 0xFE, 0xA2, 0x32, 0x00, 0x00, 0x04,
	0x00, 0x32, 0x00, 0x00, 0x02, 0x26, 0x03, 0xE8, 0x00, 0x0B, 0x00, 0x17,
	0x00, 0x2B, 0x00, 0x37, 0x01, 0x0C, 0x4B, 0xB0, 0x21, 0x50, 0x58, 0x40,
	0x5E, 0x0A, 0x01, 0x04, 0x05, 0x00, 0x03, 0x04, 0x72, 0x07, 0x01, 0x01,
	0x03, 0x02, 0x00, 0x01, 0x72, 0x19, 0x01, 0x17, 0x18, 0x16, 0x18, 0x17,
	0x72, 0x1A, 0x01, 0x16, 0x1B, 0x1B, 0x16, 0x70, 0x1D, 0x0B, 0x1C, 0x03,
	0x05, 0x06, 0x01, 0x00, 0x03, 0x05, 0x00, 0x67, 0x09, 0x01, 0x03, 0x08,
	0x01, 0x02, 0x0E, 0x03, 0x02, 0x68, 0x10, 0x01, 0x0C, 0x15, 0x01, 0x11,
	0x12, 0x0C, 0x11, 0x67, 0x0F, 0x01, 0x0D, 0x14, 0x01, 0x12, 0x13, 0x0D,
	0x12, 0x67, 0x00, 0x18, 0x18, 0x0E, 0x5F, 0x00, 0x0E, 0x0E, 0x16, 0x4D,
	0x00, 0x1B, 0x1B, 0x13, 0x60, 0x00, 0x13, 0x13, 0x17, 0x13, 0x4E, 0x1B,
	0x40, 0x62, 0x0A, 0x01, 0x04, 0x05, 0x00, 0x05, 0x04, 0x00, 0x80, 0x07,
	0x01, 0x01, 0x03, 0x02, 0x03, 0x01, 0x02, 0x80, 0x19, 0x01, 0x17, 0x18,
	0x16, 0x18, 0x17, 0x16, 0x80, 0x1A, 0x01, 0x16, 0x1B, 0x18, 0x16, 0x1B,
	0x7E, 0x1D, 0x0B, 0x1C, 0x03, 0x05, 0x06, 0x01, 0x00, 0x03, 0x05, 0x00,
	0x67, 0x09, 0x01, 0x03, 0x08, 0x01, 0x02, 0x0E, 0x03, 0x02, 0x68, 0x10,
	0x01, 0x0C, 0x15, 0x01, 0x11, 0x12, 0x0C, 0x11, 0x67, 0x0F, 0x01, 0x0D,
	0x14, 0x01, 0x12, 0x13, 0x0D, 0x12, 0x67, 0x00, 0x18, 0x18, 0x0E, 0x5F,
	0x00, 0x0E, 0x0E, 0x16, 0x4D, 0x00, 0x1B, 0x1B, 0x13, 0x60, 0x00, 0x13,
	0x13, 0x17, 0x13, 0x4E, 0x59, 0x40, 0x3E, 0x0C, 0x0C, 0x00, 0x00, 0x37,
	0x36, 0x35, 0x34, 0x33, 0x32, 0x31, 0x30, 0x2F, 0x2E, 0x2D, 0x2C, 0x2B,
	0x2A, 0x29, 0x28, 0x27, 0x26, 0x25, 0x24, 0x23, 0x22, 0x21, 0x20, 0x1F,
	0x1E, 0x1D, 0x1C, 0x1B, 0x1A, 0x19, 0x18, 0x0C, 0x17, 0x0C, 0x17, 0x16,
	0x15, 0x14, 0x13, 0x12, 0x11, 0x10, 0x0F, 0x0E, 0x0D, 0x00, 0x0B, 0x00,
	0x0B, 0x11, 0x11, 0x11, 0x11, 0x11, 0x1E, 0x07, 0x1B, 0x2B, 0x01, 0x15,
	0x23, 0x15, 0x23, 0x15, 0x23, 0x35, 0x33, 0x35, 0x33, 0x35, 0x23, 0x15,
	0x23, 0x15, 0x23, 0x15, 0x23, 0x35, 0x33, 0x35, 0x33, 0x35, 0x03, 0x33,
	0x35, 0x33, 0x35, 0x21, 0x15, 0x33, 0x15, 0x33, 0x11, 0x23, 0x15, 0x23,
	0x15, 0x21, 0x35, 0x23, 0x35, 0x23, 0x25, 0x33, 0x11, 0x23, 0x35, 0x23,
	0x15, 0x23, 0x11, 0x33, 0x15, 0x33, 0x01, 0xF4, 0x32, 0x32, 0x64, 0x32,
	0x32, 0x64, 0x32, 0x32, 0x64, 0x32, 0x32, 0x96, 0x32, 0x32, 0x01, 0x2C,
	0x32, 0x32, 0x32, 0x32, 0xFE, 0xD4, 0x32, 0x32, 0x01, 0x2C, 0x32, 0x32,
	0x64, 0x32, 0x32, 0x64, 0x03, 0xE8, 0x64, 0x32, 0x32, 0x64, 0x32, 0x32,
	0x64, 0x32, 0x32, 0x64, 0x32, 0x32, 0xFE, 0xA2, 0x32, 0x32, 0x32, 0x32,
	0xFD, 0xDA, 0x32, 0x32, 0x32, 0x32, 0x64, 0x01, 0x5E, 0x32, 0x32, 0xFE,
	0xA2, 0x32, 0x00, 0x03, 0x00, 0x32, 0x00, 0x00, 0x02, 0x26, 0x03, 0xB6,
	0x00, 0x03, 0x00, 0x17, 0x00, 0x23, 0x00, 0xAE, 0x4B, 0xB0, 0x21, 0x50,
	0x58, 0x40, 0x40, 0x0F, 0x01, 0x0D, 0x0E, 0x0C, 0x0E, 0x0D, 0x72, 0x10,
	0x01, 0x0C, 0x11, 0x11, 0x0C, 0x70, 0x00, 0x00, 0x00, 0x01, 0x04, 0x00,
	0x01, 0x67, 0x06, 0x01, 0x02, 0x0B, 0x01, 0x07, 0x08, 0x02, 0x07, 0x67,
	0x05, 0x01, 0x03, 0x0A, 0x01, 0x08, 0x09, 0x03, 0x08, 0x67, 0x00, 0x0E,
	0x0E, 0x04, 0x5F, 0x00, 0x04, 0x04, 0x16, 0x4D, 0x00, 0x11, 0x11, 0x09,
	0x60, 0x00, 0x09, 0x09, 0x17, 0x09, 0x4E, 0x1B, 0x40, 0x42, 0x0F, 0x01,
	0x0D, 0x0E, 0x0C, 0x0E, 0x0D, 0x0C, 0x80, 0x10, 0x01, 0x0C, 0x11, 0x0E,
	0x0C, 0x11, 0x7E, 0x00, 0x00, 0x00, 0x01, 0x04, 0x00, 0x01, 0x67, 0x06,
	0x01, 0x02, 0x0B, 0x01, 0x07, 0x08, 0x02, 0x07, 0x67, 0x05, 0x01, 0x03,
	0x0A, 0x01, 0x08, 0x09, 0x03, 0x08, 0x67, 0x00, 0x0E, 0x0E, 0x04, 0x5F,
	0x00, 0x04, 0x04, 0x16, 0x4D, 0x00, 0x11, 0x11, 0x09, 0x60, 0x00, 0x09,
	0x09, 0x17, 0x09, 0x4E, 0x59, 0x40, 0x1E, 0x23, 0x22, 0x21, 0x20, 0x1F,
	0x1E, 0x1D, 0x1C, 0x1B, 0x1A, 0x19, 0x18, 0x17, 0x16, 0x15, 0x14, 0x13,
	0x12, 0x11, 0x11, 0x11, 0x11, 0x11, 0x11, 0x11, 0x11, 0x10, 0x12, 0x07,
	0x1F, 0x2B, 0x13, 0x21, 0x15, 0x21, 0x07, 0x33, 0x35, 0x33, 0x35, 0x21,
	0x15, 0x33, 0x15, 0x33, 0x11, 0x23, 0x15, 0x23, 0x15, 0x21, 0x35, 0x23,
	0x35, 0x23, 0x25, 0x33, 0x11, 0x23, 0x35, 0x23, 0x15, 0x23, 0x11, 0x33,
	0x15, 0x33, 0x96, 0x01, 0x2C, 0xFE, 0xD4, 0x64, 0x32, 0x32, 0x01, 0x2C,
	0x32, 0x32, 0x32, 0x32, 0xFE, 0xD4, 0x32, 0x32, 0x01, 0x2C, 0x32, 0x32,
	0x64, 0x32, 0x32, 0x64, 0x03, 0xB6, 0x64, 0xC8, 0x32, 0x32, 0x32, 0x32,
	0xFD, 0xDA, 0x32, 0x32, 0x32, 0x32, 0x64, 0x01, 0x5E, 0x32, 0x32, 0xFE,
	0xA2, 0x32, 0x00, 0x03, 0x00, 0x00, 0x00, 0x00, 0x02, 0xBC, 0x02, 0xEE,
	0x00, 0x1B, 0x00, 0x27, 0x00, 0x35, 0x01, 0x24, 0x4B, 0xB0, 0x21, 0x50,
	0x58, 0x40, 0x72, 0x00, 0x13, 0x08, 0x11, 0x08, 0x13, 0x72, 0x19, 0x01,
	0x14, 0x18, 0x01, 0x01, 0x14, 0x72, 0x00, 0x10, 0x00, 0x16, 0x17, 0x10,
	0x16, 0x67, 0x00, 0x0F, 0x00, 0x17, 0x18, 0x0F, 0x17, 0x67, 0x00, 0x0E,
	0x00, 0x18, 0x14, 0x0E, 0x18, 0x67, 0x05, 0x01, 0x03, 0x00, 0x09, 0x00,
	0x03, 0x09, 0x67, 0x00, 0x02, 0x0C, 0x01, 0x0A, 0x0B, 0x02, 0x0A, 0x68,
	0x00, 0x07, 0x07, 0x04, 0x5F, 0x06, 0x01, 0x04, 0x04, 0x16, 0x4D, 0x12,
	0x01, 0x08, 0x08, 0x04, 0x5F, 0x06, 0x01, 0x04, 0x04, 0x16, 0x4D, 0x00,
	0x15, 0x15, 0x11, 0x5F, 0x00, 0x11, 0x11, 0x19, 0x4D, 0x1A, 0x01, 0x01,
	0x01, 0x0B, 0x60, 0x0D, 0x01, 0x0B, 0x0B, 0x17, 0x4D, 0x00, 0x00, 0x00,
	0x0B, 0x60, 0x0D, 0x01, 0x0B, 0x0B, 0x17, 0x0B, 0x4E, 0x1B, 0x40, 0x74,
	0x00, 0x13, 0x08, 0x11, 0x08, 0x13, 0x11, 0x80, 0x19, 0x01, 0x14, 0x18,
	0x01, 0x18, 0x14, 0x01, 0x80, 0x00, 0x10, 0x00, 0x16, 0x17, 0x10, 0x16,
	0x67, 0x00, 0x0F, 0x00, 0x17, 0x18, 0x0F, 0x17, 0x67, 0x00, 0x0E, 0x00,
	0x18, 0x14, 0x0E, 0x18, 0x67, 0x05, 0x01, 0x03, 0x00, 0x09, 0x00, 0x03,
	0x09, 0x67, 0x00, 0x02, 0x0C, 0x01, 0x0A, 0x0B, 0x02, 0x0A, 0x68, 0x00,
	0x07, 0x07, 0x04, 0x5F, 0x06, 0x01, 0x04, 0x04, 0x16, 0x4D, 0x12, 0x01,
	0x08, 0x08, 0x04, 0x5F, 0x06, 0x01, 0x04, 0x04, 0x16, 0x4D, 0x00, 0x15,
	0x15, 0x11, 0x5F, 0x00, 0x11, 0x11, 0x19, 0x4D, 0x1A, 0x01, 0x01, 0x01,
	0x0B, 0x60, 0x0D, 0x01, 0x0B, 0x0B, 0x17, 0x4D, 0x00, 0x00, 0x00, 0x0B,
	0x60, 0x0D, 0x01, 0x0B, 0x0B, 0x17, 0x0B, 0x4E, 0x59, 0x40, 0x30, 0x35,
	0x34, 0x33, 0x32, 0x31, 0x30, 0x2F, 0x2E, 0x2D, 0x2C, 0x2B, 0x2A, 0x29,
	0x28, 0x27, 0x26, 0x25, 0x24, 0x23, 0x22, 0x21, 0x20, 0x1F, 0x1E, 0x1D,
	0x1C, 0x1B, 0x1A, 0x19, 0x18, 0x17, 0x16, 0x15, 0x14, 0x13, 0x12, 0x11,
	0x11, 0x11, 0x11, 0x11, 0x11, 0x11, 0x11, 0x10, 0x1B, 0x07, 0x1F, 0x2B,
	0x35, 0x33, 0x35, 0x33, 0x11, 0x33, 0x35, 0x33, 0x35, 0x21, 0x15, 0x33,
	0x35, 0x33, 0x15, 0x23, 0x15, 0x23, 0x11, 0x23, 0x15, 0x23, 0x15, 0x21,
	0x35, 0x23, 0x15, 0x23, 0x13, 0x33, 0x35, 0x33, 0x35, 0x33, 0x35, 0x33,
	0x35, 0x23, 0x15, 0x23, 0x13, 0x33, 0x35, 0x23, 0x15, 0x23, 0x15, 0x23,
	0x15, 0x23, 0x15, 0x33, 0x15, 0x33, 0x32, 0x32, 0x32, 0x32, 0x01, 0x2C,
	0x64, 0x64, 0x32, 0x32, 0x32, 0x32, 0xFE, 0xD4, 0x64, 0x64, 0xFA, 0x32,
	0x32, 0x32, 0x32, 0x96, 0x32, 0x96, 0x32, 0x32, 0x32, 0x32, 0x32, 0x32,
	0x64, 0x64, 0x32, 0x01, 0xF4, 0x32, 0x32, 0x32, 0x32, 0x64, 0x32, 0xFE,
	0x0C, 0x32, 0x32, 0x32, 0x32, 0x01, 0x90, 0x32, 0x32, 0x32, 0x32, 0x32,
	0xFE, 0xA2, 0xC8, 0x32, 0x32, 0x32, 0x32, 0x32, 0x00, 0x03, 0x00, 0x32,
	0x00, 0x00, 0x02, 0x26, 0x03, 0xE8, 0x00, 0x0F, 0x00, 0x23, 0x00, 0x2F,
	0x00, 0xDA, 0x4B, 0xB0, 0x21, 0x50, 0x58, 0x40, 0x50, 0x15, 0x01, 0x13,
	0x14, 0x12, 0x14, 0x13, 0x72, 0x16, 0x01, 0x12, 0x17, 0x17, 0x12, 0x70,
	0x05, 0x01, 0x03, 0x02, 0x00, 0x03, 0x57, 0x06, 0x01, 0x00, 0x01, 0x02,
	0x00, 0x58, 0x04, 0x01, 0x02, 0x07, 0x01, 0x01, 0x0A, 0x02, 0x01, 0x68,
	0x0C, 0x01, 0x08, 0x11, 0x01, 0x0D, 0x0E, 0x08, 0x0D, 0x67, 0x0B, 0x01,
	0x09, 0x10, 0x01, 0x0E, 0x0F, 0x09, 0x0E, 0x67, 0x00, 0x14, 0x14, 0x0A,
	0x5F, 0x00, 0x0A, 0x0A, 0x16, 0x4D, 0x00, 0x17, 0x17, 0x0F, 0x60, 0x00,
	0x0F, 0x0F, 0x17, 0x0F, 0x4E, 0x1B, 0x40, 0x52, 0x15, 0x01, 0x13, 0x14,
	0x12, 0x14, 0x13, 0x12, 0x80, 0x16, 0x01, 0x12, 0x17, 0x14, 0x12, 0x17,
	0x7E, 0x05, 0x01, 0x03, 0x02, 0x00, 0x03, 0x57, 0x06, 0x01, 0x00, 0x01,
	0x02, 0x00, 0x58, 0x04, 0x01, 0x02, 0x07, 0x01, 0x01, 0x0A, 0x02, 0x01,
	0x68, 0x0C, 0x01, 0x08, 0x11, 0x01, 0x0D, 0x0E, 0x08, 0x0D, 0x67, 0x0B,
	0x01, 0x09, 0x10, 0x01, 0x0E, 0x0F, 0x09, 0x0E, 0x67, 0x00, 0x14, 0x14,
	0x0A, 0x5F, 0x00, 0x0A, 0x0A, 0x16, 0x4D, 0x00, 0x17, 0x17, 0x0F, 0x60,
	0x00, 0x0F, 0x0F, 0x17, 0x0F, 0x4E, 0x59, 0x40, 0x2A, 0x2F, 0x2E, 0x2D,
	0x2C, 0x2B, 0x2A, 0x29, 0x28, 0x27, 0x26, 0x25, 0x24, 0x23, 0x22, 0x21,
	0x20, 0x1F, 0x1E, 0x1D, 0x1C, 0x1B, 0x1A, 0x19, 0x18, 0x17, 0x16, 0x15,
	0x14, 0x13, 0x12, 0x11, 0x11, 0x11, 0x11, 0x11, 0x11, 0x11, 0x11, 0x10,
	0x18, 0x07, 0x1F, 0x2B, 0x01, 0x23, 0x15, 0x23, 0x35, 0x33, 0x35, 0x33,
	0x15, 0x33, 0x35, 0x33, 0x15, 0x23, 0x15, 0x23, 0x05, 0x33, 0x35, 0x33,
	0x35, 0x21, 0x15, 0x33, 0x15, 0x33, 0x11, 0x23, 0x15, 0x23, 0x15, 0x21,
	0x35, 0x23, 0x35, 0x23, 0x25, 0x33, 0x11, 0x23, 0x35, 0x23, 0x15, 0x23,
	0x11, 0x33, 0x15, 0x33, 0x01, 0x5E, 0x96, 0x32, 0x32, 0x32, 0x96, 0x32,
	0x32, 0x32, 0xFE, 0xD4, 0x32, 0x32, 0x01, 0x2C, 0x32, 0x32, 0x32, 0x32,
	0xFE, 0xD4, 0x32, 0x32, 0x01, 0x2C, 0x32, 0x32, 0x64, 0x32, 0x32, 0x64,
	0x03, 0x52, 0x32, 0x96, 0x32, 0x32, 0x32, 0x96, 0x32, 0x96, 0x32, 0x32,
	0x32, 0x32, 0xFD, 0xDA, 0x32, 0x32, 0x32, 0x32, 0x64, 0x01, 0x5E, 0x32,
	0x32, 0xFE, 0xA2, 0x32, 0x00, 0x02, 0x00, 0x32, 0x00, 0x00, 0x03, 0x20,
	0x02, 0xEE, 0x00, 0x0B, 0x00, 0x1F, 0x00, 0xA8, 0x4B, 0xB0, 0x21, 0x50,
	0x58, 0x40, 0x3F, 0x03, 0x01, 0x01, 0x02, 0x0A, 0x02, 0x01, 0x72, 0x04,
	0x01, 0x00, 0x0B, 0x05, 0x05, 0x00, 0x72, 0x00, 0x0A, 0x00, 0x0B, 0x00,
	0x0A, 0x0B, 0x67, 0x00, 0x06, 0x00, 0x0F, 0x0E, 0x06, 0x0F, 0x67, 0x00,
	0x07, 0x00, 0x0E, 0x0D, 0x07, 0x0E, 0x67, 0x09, 0x01, 0x02, 0x02, 0x08,
	0x5F, 0x00, 0x08, 0x08, 0x16, 0x4D, 0x0C, 0x01, 0x05, 0x05, 0x0D, 0x60,
	0x00, 0x0D, 0x0D, 0x17, 0x0D, 0x4E, 0x1B, 0x40, 0x41, 0x03, 0x01, 0x01,
	0x02, 0x0A, 0x02, 0x01, 0x0A, 0x80, 0x04, 0x01, 0x00, 0x0B, 0x05, 0x0B,
	0x00, 0x05, 0x80, 0x00, 0x0A, 0x00, 0x0B, 0x00, 0x0A, 0x0B, 0x67, 0x00,
	0x06, 0x00, 0x0F, 0x0E, 0x06, 0x0F, 0x67, 0x00, 0x07, 0x00, 0x0E, 0x0D,
	0x07, 0x0E, 0x67, 0x09, 0x01, 0x02, 0x02, 0x08, 0x5F, 0x00, 0x08, 0x08,
	0x16, 0x4D, 0x0C, 0x01, 0x05, 0x05, 0x0D, 0x60, 0x00, 0x0D, 0x0D, 0x17,
	0x0D, 0x4E, 0x59, 0x40, 0x1A, 0x1F, 0x1E, 0x1D, 0x1C, 0x1B, 0x1A, 0x19,
	0x18, 0x17, 0x16, 0x15, 0x14, 0x13, 0x12, 0x11, 0x11, 0x11, 0x11, 0x11,
	0x11, 0x11, 0x11, 0x10, 0x10, 0x07, 0x1F, 0x2B, 0x25, 0x33, 0x11, 0x23,
	0x35, 0x23, 0x15, 0x23, 0x11, 0x33, 0x15, 0x33, 0x01, 0x33, 0x35, 0x33,
	0x35, 0x21, 0x15, 0x23, 0x15, 0x33, 0x15, 0x23, 0x15, 0x33, 0x15, 0x21,
	0x35, 0x23, 0x35, 0x23, 0x01, 0x5E, 0x32, 0x32, 0x64, 0x32, 0x32, 0x64,
	0xFE, 0xD4, 0x32, 0x32, 0x02, 0x8A, 0xFA, 0xC8, 0xC8, 0xFA, 0xFD, 0x76,
	0x32, 0x32, 0xC8, 0x01, 0x5E, 0x32, 0x32, 0xFE, 0xA2, 0x32, 0x01, 0xF4,
	0x32, 0x32, 0x96, 0x96, 0x96, 0x96, 0x96, 0x32, 0x32, 0x00, 0x00, 0x02,
	0x00, 0x32, 0x00, 0x00, 0x02, 0x26, 0x02, 0xEE, 0x00, 0x0D, 0x00, 0x15,
	0x00, 0x8A, 0x4B, 0xB0, 0x21, 0x50, 0x58, 0x40, 0x35, 0x00, 0x08, 0x09,
	0x07, 0x09, 0x08, 0x72, 0x00, 0x07, 0x0A, 0x0A, 0x07, 0x70, 0x00, 0x02,
	0x00, 0x03, 0x04, 0x02, 0x03, 0x67, 0x00, 0x01, 0x00, 0x04, 0x05, 0x01,
	0x04, 0x67, 0x00, 0x0A, 0x00, 0x05, 0x06, 0x0A, 0x05, 0x68, 0x00, 0x09,
	0x09, 0x00, 0x5F, 0x00, 0x00, 0x00, 0x16, 0x4D, 0x00, 0x06, 0x06, 0x17,
	0x06, 0x4E, 0x1B, 0x40, 0x37, 0x00, 0x08, 0x09, 0x07, 0x09, 0x08, 0x07,
	0x80, 0x00, 0x07, 0x0A, 0x09, 0x07, 0x0A, 0x7E, 0x00, 0x02, 0x00, 0x03,
	0x04, 0x02, 0x03, 0x67, 0x00, 0x01, 0x00, 0x04, 0x05, 0x01, 0x04, 0x67,
	0x00, 0x0A, 0x00, 0x05, 0x06, 0x0A, 0x05, 0x68, 0x00, 0x09, 0x09, 0x00,
	0x5F, 0x00, 0x00, 0x00, 0x16, 0x4D, 0x00, 0x06, 0x06, 0x17, 0x06, 0x4E,
	0x59, 0x40, 0x10, 0x15, 0x14, 0x13, 0x12, 0x11, 0x11, 0x11, 0x11, 0x11,
	0x11, 0x11, 0x11, 0x10, 0x0B, 0x07, 0x1F, 0x2B, 0x13, 0x21, 0x15, 0x33,
	0x15, 0x33, 0x11, 0x23, 0x15, 0x23, 0x15, 0x23, 0x15, 0x23, 0x01, 0x33,
	0x35, 0x23, 0x35, 0x23, 0x15, 0x33, 0x32, 0x01, 0x90, 0x32, 0x32, 0x32,
	0x32, 0xFA, 0x96, 0x01, 0x2C, 0x32, 0x32, 0x96, 0x96, 0x02, 0xEE, 0x32,
	0x32, 0xFE, 0xD4, 0x32, 0x32, 0xFA, 0x01, 0xC2, 0x64, 0x32, 0xC8, 0x00,
	0x00, 0x02, 0x00, 0x32, 0x00, 0x00, 0x02, 0x26, 0x02, 0xEE, 0x00, 0x07,
	0x00, 0x17, 0x00, 0x96, 0x4B, 0xB0, 0x21, 0x50, 0x58, 0x40, 0x3A, 0x00,
	0x01, 0x02, 0x00, 0x02, 0x01, 0x72, 0x00, 0x00, 0x03, 0x03, 0x00, 0x70,
	0x00, 0x0A, 0x00, 0x02, 0x01, 0x0A, 0x02, 0x67, 0x00, 0x04, 0x00, 0x05,
	0x06, 0x04, 0x05, 0x67, 0x00, 0x03, 0x00, 0x07, 0x08, 0x03, 0x07, 0x68,
	0x00, 0x09, 0x09, 0x16, 0x4D, 0x00, 0x06, 0x06, 0x0B, 0x5F, 0x00, 0x0B,
	0x0B, 0x19, 0x4D, 0x00, 0x08, 0x08, 0x17, 0x08, 0x4E, 0x1B, 0x40, 0x3C,
	0x00, 0x01, 0x02, 0x00, 0x02, 0x01, 0x00, 0x80, 0x00, 0x00, 0x03, 0x02,
	0x00, 0x03, 0x7E, 0x00, 0x0A, 0x00, 0x02, 0x01, 0x0A, 0x02, 0x67, 0x00,
	0x04, 0x00, 0x05, 0x06, 0x04, 0x05, 0x67, 0x00, 0x03, 0x00, 0x07, 0x08,
	0x03, 0x07, 0x68, 0x00, 0x09, 0x09, 0x16, 0x4D, 0x00, 0x06, 0x06, 0x0B,
	0x5F, 0x00, 0x0B, 0x0B, 0x19, 0x4D, 0x00, 0x08, 0x08, 0x17, 0x08, 0x4E,
	0x59, 0x40, 0x12, 0x17, 0x16, 0x15, 0x14, 0x13, 0x12, 0x11, 0x11, 0x11,
	0x11, 0x11, 0x11, 0x11, 0x11, 0x10, 0x0C, 0x07, 0x1F, 0x2B, 0x01, 0x33,
	0x35, 0x23, 0x35, 0x23, 0x15, 0x33, 0x37, 0x33, 0x15, 0x23, 0x15, 0x23,
	0x15, 0x23, 0x15, 0x23, 0x11, 0x33, 0x15, 0x33, 0x15, 0x33, 0x01, 0x5E,
	0x32, 0x32, 0x96, 0x96, 0x96, 0x32, 0x32, 0x32, 0xFA, 0x96, 0x96, 0xFA,
	0x32, 0x01, 0x5E, 0x32, 0x32, 0x96, 0xC8, 0xFA, 0x32, 0x32, 0x96, 0x02,
	0xEE, 0x96, 0x32, 0x00, 0x00, 0x02, 0x00, 0x32, 0xFF, 0x9C, 0x02, 0x26,
	0x02, 0xEE, 0x00, 0x0B, 0x00, 0x23, 0x00, 0xB9, 0x4B, 0xB0, 0x21, 0x50,
	0x58, 0x40, 0x45, 0x03, 0x01, 0x01, 0x02, 0x00, 0x02, 0x01, 0x72, 0x04,
	0x01, 0x00, 0x05, 0x05, 0x00, 0x70, 0x00, 0x11, 0x06, 0x10, 0x06, 0x11,
	0x72, 0x0D, 0x01, 0x09, 0x0E, 0x01, 0x08, 0x07, 0x09, 0x08, 0x68, 0x0C,
	0x01, 0x0A, 0x00, 0x07, 0x0F, 0x0A, 0x07, 0x67, 0x00, 0x0F, 0x00, 0x10,
	0x0F, 0x10, 0x64, 0x00, 0x02, 0x02, 0x0B, 0x5F, 0x00, 0x0B, 0x0B, 0x16,
	0x4D, 0x00, 0x05, 0x05, 0x06, 0x60, 0x00, 0x06, 0x06, 0x17, 0x06, 0x4E,
	0x1B, 0x40, 0x48, 0x03, 0x01, 0x01, 0x02, 0x00, 0x02, 0x01, 0x00, 0x80,
	0x04, 0x01, 0x00, 0x05, 0x02, 0x00, 0x05, 0x7E, 0x00, 0x11, 0x06, 0x10,
	0x06, 0x11, 0x10, 0x80, 0x0D, 0x01, 0x09, 0x0E, 0x01, 0x08, 0x07, 0x09,
	0x08, 0x68, 0x0C, 0x01, 0x0A, 0x00, 0x07, 0x0F, 0x0A, 0x07, 0x67, 0x00,
	0x0F, 0x00, 0x10, 0x0F, 0x10, 0x64, 0x00, 0x02, 0x02, 0x0B, 0x5F, 0x00,
	0x0B, 0x0B, 0x16, 0x4D, 0x00, 0x05, 0x05, 0x06, 0x60, 0x00, 0x06, 0x06,
	0x17, 0x06, 0x4E, 0x59, 0x40, 0x1E, 0x23, 0x22, 0x21, 0x20, 0x1F, 0x1E,
	0x1D, 0x1C, 0x1B, 0x1A, 0x19, 0x18, 0x17, 0x16, 0x15, 0x14, 0x13, 0x12,
	0x11, 0x11, 0x11, 0x11, 0x11, 0x11, 0x11, 0x11, 0x10, 0x12, 0x07, 0x1F,
	0x2B, 0x25, 0x33, 0x11, 0x23, 0x35, 0x23, 0x15, 0x23, 0x11, 0x33, 0x15,
	0x33, 0x07, 0x23, 0x35, 0x23, 0x35, 0x23, 0x11, 0x33, 0x35, 0x33, 0x35,
	0x21, 0x15, 0x33, 0x15, 0x33, 0x11, 0x23, 0x15, 0x33, 0x15, 0x23, 0x35,
	0x23, 0x01, 0x5E, 0x32, 0x32, 0x64, 0x32, 0x32, 0x64, 0x32, 0x96, 0x32,
	0x32, 0x32, 0x32, 0x01, 0x2C, 0x32, 0x32, 0x64, 0x64, 0xC8, 0x32, 0xC8,
	0x01, 0x5E, 0x32, 0x32, 0xFE, 0xA2, 0x32, 0x96, 0x32, 0x32, 0x02, 0x26,
	0x32, 0x32, 0x32, 0x32, 0xFD, 0xDA, 0x32, 0x96, 0x32, 0x00, 0x00, 0x02,
	0x00, 0x32, 0x00, 0x00, 0x02, 0x26, 0x02, 0xEE, 0x00, 0x11, 0x00, 0x19,
	0x00, 0x9D, 0x4B, 0xB0, 0x21, 0x50, 0x58, 0x40, 0x3D, 0x00, 0x03, 0x02,
	0x04, 0x02, 0x03, 0x04, 0x80, 0x00, 0x0A, 0x0B, 0x09, 0x0B, 0x0A, 0x72,
	0x00, 0x04, 0x00, 0x05, 0x00, 0x04, 0x05, 0x67, 0x00, 0x0C, 0x00, 0x00,
	0x06, 0x0C, 0x00, 0x67, 0x00, 0x09, 0x00, 0x08, 0x01, 0x09, 0x08, 0x67,
	0x00, 0x0B, 0x0B, 0x02, 0x5F, 0x00, 0x02, 0x02, 0x16, 0x4D, 0x00, 0x06,
	0x06, 0x01, 0x60, 0x07, 0x01, 0x01, 0x01, 0x17, 0x01, 0x4E, 0x1B, 0x40,
	0x3E, 0x00, 0x03, 0x02, 0x04, 0x02, 0x03, 0x04, 0x80, 0x00, 0x0A, 0x0B,
	0x09, 0x0B, 0x0A, 0x09, 0x80, 0x00, 0x04, 0x00, 0x05, 0x00, 0x04, 0x05,
	0x67, 0x00, 0x0C, 0x00, 0x00, 0x06, 0x0C, 0x00, 0x67, 0x00, 0x09, 0x00,
	0x08, 0x01, 0x09, 0x08, 0x67, 0x00, 0x0B, 0x0B, 0x02, 0x5F, 0x00, 0x02,
	0x02, 0x16, 0x4D, 0x00, 0x06, 0x06, 0x01, 0x60, 0x07, 0x01, 0x01, 0x01,
	0x17, 0x01, 0x4E, 0x59, 0x40, 0x14, 0x19, 0x18, 0x17, 0x16, 0x15, 0x14,
	0x13, 0x12, 0x11, 0x11, 0x11, 0x11, 0x11, 0x11, 0x11, 0x11, 0x10, 0x0D,
	0x07, 0x1F, 0x2B, 0x25, 0x23, 0x15, 0x23, 0x11, 0x21, 0x15, 0x33, 0x15,
	0x33, 0x11, 0x23, 0x15, 0x33, 0x15, 0x23, 0x35, 0x23, 0x35, 0x33, 0x35,
	0x23, 0x35, 0x23, 0x15, 0x33, 0x01, 0x5E, 0x96, 0x96, 0x01, 0x90, 0x32,
	0x32, 0x32, 0x32, 0x96, 0x32, 0x32, 0x32, 0x96, 0x96, 0xFA, 0xFA, 0x02,
	0xEE, 0x32, 0x32, 0xFE, 0xD4, 0x64, 0xFA, 0xC8, 0xFA, 0x64, 0x32, 0xC8,
	0x00, 0x03, 0x00, 0x32, 0x00, 0x00, 0x02, 0x26, 0x03, 0xE8, 0x00, 0x0B,
	0x00, 0x13, 0x00, 0x25, 0x00, 0xF1, 0x4B, 0xB0, 0x21, 0x50, 0x58, 0x40,
	0x5C, 0x00, 0x04, 0x05, 0x00, 0x03, 0x04, 0x72, 0x00, 0x01, 0x03, 0x02,
	0x00, 0x01, 0x72, 0x00, 0x0D, 0x0C, 0x0E, 0x0C, 0x0D, 0x0E, 0x80, 0x00,
	0x07, 0x08, 0x06, 0x08, 0x07, 0x72, 0x13, 0x01, 0x05, 0x00, 0x00, 0x03,
	0x05, 0x00, 0x67, 0x00, 0x03, 0x00, 0x02, 0x0C, 0x03, 0x02, 0x68, 0x00,
	0x0E, 0x00, 0x0F, 0x0A, 0x0E, 0x0F, 0x67, 0x00, 0x09, 0x00, 0x0A, 0x10,
	0x09, 0x0A, 0x67, 0x00, 0x06, 0x00, 0x12, 0x0B, 0x06, 0x12, 0x67, 0x00,
	0x08, 0x08, 0x0C, 0x5F, 0x00, 0x0C, 0x0C, 0x16, 0x4D, 0x00, 0x10, 0x10,
	0x0B, 0x60, 0x11, 0x01, 0x0B, 0x0B, 0x17, 0x0B, 0x4E, 0x1B, 0x40, 0x5F,
	0x00, 0x04, 0x05, 0x00, 0x05, 0x04, 0x00, 0x80, 0x00, 0x01, 0x03, 0x02,
	0x03, 0x01, 0x02, 0x80, 0x00, 0x0D, 0x0C, 0x0E, 0x0C, 0x0D, 0x0E, 0x80,
	0x00, 0x07, 0x08, 0x06, 0x08, 0x07, 0x06, 0x80, 0x13, 0x01, 0x05, 0x00,
	0x00, 0x03, 0x05, 0x00, 0x67, 0x00, 0x03, 0x00, 0x02, 0x0C, 0x03, 0x02,
	0x68, 0x00, 0x0E, 0x00, 0x0F, 0x0A, 0x0E, 0x0F, 0x67, 0x00, 0x09, 0x00,
	0x0A, 0x10, 0x09, 0x0A, 0x67, 0x00, 0x06, 0x00, 0x12, 0x0B, 0x06, 0x12,
	0x67, 0x00, 0x08, 0x08, 0x0C, 0x5F, 0x00, 0x0C, 0x0C, 0x16, 0x4D, 0x00,
	0x10, 0x10, 0x0B, 0x60, 0x11, 0x01, 0x0B, 0x0B, 0x17, 0x0B, 0x4E, 0x59,
	0x40, 0x28, 0x00, 0x00, 0x25, 0x24, 0x23, 0x22, 0x21, 0x20, 0x1F, 0x1E,
	0x1D, 0x1C, 0x1B, 0x1A, 0x19, 0x18, 0x17, 0x16, 0x15, 0x14, 0x13, 0x12,
	0x11, 0x10, 0x0F, 0x0E, 0x0D, 0x0C, 0x00, 0x0B, 0x00, 0x0B, 0x11, 0x11,
	0x11, 0x11, 0x11, 0x14, 0x07, 0x1B, 0x2B, 0x01, 0x15, 0x23, 0x15, 0x23,
	0x15, 0x23, 0x35, 0x33, 0x35, 0x33, 0x35, 0x13, 0x33, 0x35, 0x23, 0x35,
	0x23, 0x15, 0x33, 0x15, 0x23, 0x15, 0x23, 0x11, 0x21, 0x15, 0x33, 0x15,
	0x33, 0x11, 0x23, 0x15, 0x33, 0x15, 0x23, 0x35, 0x23, 0x01, 0x90, 0x32,
	0x32, 0x64, 0x32, 0x32, 0x32, 0x32, 0x32, 0x96, 0x96, 0x96, 0x96, 0x01,
	0x90, 0x32, 0x32, 0x32, 0x32, 0x96, 0x32, 0x03, 0xE8, 0x64, 0x32, 0x32,
	0x64, 0x32, 0x32, 0xFD, 0xDA, 0x64, 0x32, 0xC8, 0x96, 0xFA, 0x02, 0xEE,
	0x32, 0x32, 0xFE, 0xD4, 0x64, 0xFA, 0xC8, 0x00, 0x00, 0x03, 0x00, 0x32,
	0x00, 0x00, 0x02, 0x26, 0x03, 0xE8, 0x00, 0x0F, 0x00, 0x21, 0x00, 0x29,
	0x00, 0xE2, 0x4B, 0xB0, 0x21, 0x50, 0x58, 0x40, 0x57, 0x06, 0x01, 0x00,
	0x01, 0x07, 0x01, 0x00, 0x72, 0x00, 0x0B, 0x0A, 0x0C, 0x0A, 0x0B, 0x0C,
	0x80, 0x00, 0x12, 0x13, 0x11, 0x13, 0x12, 0x72, 0x04, 0x01, 0x02, 0x05,
	0x01, 0x01, 0x00, 0x02, 0x01, 0x67, 0x00, 0x03, 0x00, 0x07, 0x0A, 0x03,
	0x07, 0x67, 0x00, 0x0C, 0x00, 0x0D, 0x08, 0x0C, 0x0D, 0x67, 0x00, 0x14,
	0x00, 0x08, 0x0E, 0x14, 0x08, 0x67, 0x00, 0x11, 0x00, 0x10, 0x09, 0x11,
	0x10, 0x67, 0x00, 0x13, 0x13, 0x0A, 0x5F, 0x00, 0x0A, 0x0A, 0x16, 0x4D,
	0x00, 0x0E, 0x0E, 0x09, 0x60, 0x0F, 0x01, 0x09, 0x09, 0x17, 0x09, 0x4E,
	0x1B, 0x40, 0x59, 0x06, 0x01, 0x00, 0x01, 0x07, 0x01, 0x00, 0x07, 0x80,
	0x00, 0x0B, 0x0A, 0x0C, 0x0A, 0x0B, 0x0C, 0x80, 0x00, 0x12, 0x13, 0x11,
	0x13, 0x12, 0x11, 0x80, 0x04, 0x01, 0x02, 0x05, 0x01, 0x01, 0x00, 0x02,
	0x01, 0x67, 0x00, 0x03, 0x00, 0x07, 0x0A, 0x03, 0x07, 0x67, 0x00, 0x0C,
	0x00, 0x0D, 0x08, 0x0C, 0x0D, 0x67, 0x00, 0x14, 0x00, 0x08, 0x0E, 0x14,
	0x08, 0x67, 0x00, 0x11, 0x00, 0x10, 0x09, 0x11, 0x10, 0x67, 0x00, 0x13,
	0x13, 0x0A, 0x5F, 0x00, 0x0A, 0x0A, 0x16, 0x4D, 0x00, 0x0E, 0x0E, 0x09,
	0x60, 0x0F, 0x01, 0x09, 0x09, 0x17, 0x09, 0x4E, 0x59, 0x40, 0x24, 0x29,
	0x28, 0x27, 0x26, 0x25, 0x24, 0x23, 0x22, 0x21, 0x20, 0x1F, 0x1E, 0x1D,
	0x1C, 0x1B, 0x1A, 0x19, 0x18, 0x17, 0x16, 0x15, 0x14, 0x13, 0x12, 0x11,
	0x11, 0x11, 0x11, 0x11, 0x11, 0x11, 0x11, 0x10, 0x15, 0x07, 0x1F, 0x2B,
	0x13, 0x23, 0x35, 0x23, 0x35, 0x33, 0x15, 0x33, 0x35, 0x33, 0x15, 0x23,
	0x15, 0x23, 0x15, 0x23, 0x13, 0x23, 0x15, 0x23, 0x11, 0x21, 0x15, 0x33,
	0x15, 0x33, 0x11, 0x23, 0x15, 0x33, 0x15, 0x23, 0x35, 0x23, 0x35, 0x33,
	0x35, 0x23, 0x35, 0x23, 0x15, 0x33, 0xFA, 0x32, 0x32, 0x64, 0x64, 0x64,
	0x32, 0x32, 0x64, 0x64, 0x96, 0x96, 0x01, 0x90, 0x32, 0x32, 0x32, 0x32,
	0x96, 0x32, 0x32, 0x32, 0x96, 0x96, 0x03, 0x52, 0x32, 0x64, 0x32, 0x32,
	0x64, 0x32, 0x32, 0xFD, 0xDA, 0xFA, 0x02, 0xEE, 0x32, 0x32, 0xFE, 0xD4,
	0x64, 0xFA, 0xC8, 0xFA, 0x64, 0x32, 0xC8, 0x00, 0x00, 0x03, 0x00, 0x32,
	0xFE, 0xD4, 0x02, 0x26, 0x02, 0xEE, 0x00, 0x07, 0x00, 0x11, 0x00, 0x23,
	0x00, 0xD8, 0x4B, 0xB0, 0x21, 0x50, 0x58, 0x40, 0x55, 0x00, 0x0C, 0x0B,
	0x0D, 0x0B, 0x0C, 0x0D, 0x80, 0x00, 0x01, 0x02, 0x00, 0x02, 0x01, 0x72,
	0x00, 0x05, 0x08, 0x07, 0x08, 0x05, 0x72, 0x00, 0x0D, 0x00, 0x0E, 0x09,
	0x0D, 0x0E, 0x67, 0x00, 0x03, 0x00, 0x09, 0x0F, 0x03, 0x09, 0x67, 0x00,
	0x00, 0x00, 0x11, 0x0A, 0x00, 0x11, 0x67, 0x00, 0x07, 0x00, 0x06, 0x07,
	0x06, 0x63, 0x00, 0x02, 0x02, 0x0B, 0x5F, 0x00, 0x0B, 0x0B, 0x16, 0x4D,
	0x00, 0x0F, 0x0F, 0x0A, 0x60, 0x10, 0x01, 0x0A, 0x0A, 0x17, 0x4D, 0x00,
	0x04, 0x04, 0x08, 0x5F, 0x00, 0x08, 0x08, 0x1B, 0x08, 0x4E, 0x1B, 0x40,
	0x57, 0x00, 0x0C, 0x0B, 0x0D, 0x0B, 0x0C, 0x0D, 0x80, 0x00, 0x01, 0x02,
	0x00, 0x02, 0x01, 0x00, 0x80, 0x00, 0x05, 0x08, 0x07, 0x08, 0x05, 0x07,
	0x80, 0x00, 0x0D, 0x00, 0x0E, 0x09, 0x0D, 0x0E, 0x67, 0x00, 0x03, 0x00,
	0x09, 0x0F, 0x03, 0x09, 0x67, 0x00, 0x00, 0x00, 0x11, 0x0A, 0x00, 0x11,
	0x67, 0x00, 0x07, 0x00, 0x06, 0x07, 0x06, 0x63, 0x00, 0x02, 0x02, 0x0B,
	0x5F, 0x00, 0x0B, 0x0B, 0x16, 0x4D, 0x00, 0x0F, 0x0F, 0x0A, 0x60, 0x10,
	0x01, 0x0A, 0x0A, 0x17, 0x4D, 0x00, 0x04, 0x04, 0x08, 0x5F, 0x00, 0x08,
	0x08, 0x1B, 0x08, 0x4E, 0x59, 0x40, 0x1E, 0x23, 0x22, 0x21, 0x20, 0x1F,
	0x1E, 0x1D, 0x1C, 0x1B, 0x1A, 0x19, 0x18, 0x17, 0x16, 0x15, 0x14, 0x13,
	0x12, 0x11, 0x11, 0x11, 0x11, 0x11, 0x11, 0x11, 0x11, 0x10, 0x12, 0x07,
	0x1F, 0x2B, 0x01, 0x33, 0x35, 0x23, 0x35, 0x23, 0x15, 0x33, 0x03, 0x33,
	0x15, 0x23, 0x15, 0x23, 0x35, 0x33, 0x35, 0x23, 0x13, 0x23, 0x15, 0x23,
	0x11, 0x21, 0x15, 0x33, 0x15, 0x33, 0x11, 0x23, 0x15, 0x33, 0x15, 0x23,
	0x35, 0x23, 0x01, 0x5E, 0x32, 0x32, 0x96, 0x96, 0x96, 0x96, 0x32, 0x64,
	0x32, 0x32, 0x96, 0x96, 0x96, 0x01, 0x90, 0x32, 0x32, 0x32, 0x32, 0x96,
	0x32, 0x01, 0xC2, 0x64, 0x32, 0xC8, 0xFE, 0x0C, 0x96, 0x32, 0x32, 0x32,
	0x01, 0xC2, 0xFA, 0x02, 0xEE, 0x32, 0x32, 0xFE, 0xD4, 0x64, 0xFA, 0xC8,
	0x00, 0x01, 0x00, 0x32, 0x00, 0x00, 0x02, 0x58, 0x02, 0xEE, 0x00, 0x33,
	0x01, 0x16, 0x4B, 0xB0, 0x21, 0x50, 0x58, 0x40, 0x6B, 0x11, 0x01, 0x0F,
	0x10, 0x0E, 0x10, 0x0F, 0x72, 0x00, 0x12, 0x0E, 0x13, 0x13, 0x12, 0x72,
	0x00, 0x05, 0x06, 0x01, 0x06, 0x05, 0x72, 0x04, 0x01, 0x02, 0x01, 0x03,
	0x03, 0x02, 0x72, 0x00, 0x0E, 0x12, 0x09, 0x0E, 0x58, 0x0D, 0x01, 0x09,
	0x00, 0x08, 0x14, 0x09, 0x08, 0x68, 0x0C, 0x01, 0x0A, 0x00, 0x07, 0x15,
	0x0A, 0x07, 0x67, 0x00, 0x15, 0x06, 0x00, 0x15, 0x57, 0x00, 0x13, 0x00,
	0x06, 0x05, 0x13, 0x06, 0x68, 0x00, 0x01, 0x16, 0x01, 0x00, 0x17, 0x01,
	0x00, 0x67, 0x00, 0x14, 0x19, 0x01, 0x17, 0x18, 0x14, 0x17, 0x67, 0x00,
	0x10, 0x10, 0x0B, 0x5F, 0x00, 0x0B, 0x0B, 0x16, 0x4D, 0x00, 0x03, 0x03,
	0x18, 0x60, 0x00, 0x18, 0x18, 0x17, 0x18, 0x4E, 0x1B, 0x40, 0x6F, 0x11,
	0x01, 0x0F, 0x10, 0x0E, 0x10, 0x0F, 0x0E, 0x80, 0x00, 0x12, 0x0E, 0x13,
	0x0E, 0x12, 0x13, 0x80, 0x00, 0x05, 0x06, 0x01, 0x06, 0x05, 0x01, 0x80,
	0x04, 0x01, 0x02, 0x01, 0x03, 0x01, 0x02, 0x03, 0x80, 0x00, 0x0E, 0x12,
	0x09, 0x0E, 0x58, 0x0D, 0x01, 0x09, 0x00, 0x08, 0x14, 0x09, 0x08, 0x68,
	0x0C, 0x01, 0x0A, 0x00, 0x07, 0x15, 0x0A, 0x07, 0x67, 0x00, 0x15, 0x06,
	0x00, 0x15, 0x57, 0x00, 0x13, 0x00, 0x06, 0x05, 0x13, 0x06, 0x68, 0x00,
	0x01, 0x16, 0x01, 0x00, 0x17, 0x01, 0x00, 0x67, 0x00, 0x14, 0x19, 0x01,
	0x17, 0x18, 0x14, 0x17, 0x67, 0x00, 0x10, 0x10, 0x0B, 0x5F, 0x00, 0x0B,
	0x0B, 0x16, 0x4D, 0x00, 0x03, 0x03, 0x18, 0x60, 0x00, 0x18, 0x18, 0x17,
	0x18, 0x4E, 0x59, 0x40, 0x2E, 0x33, 0x32, 0x31, 0x30, 0x2F, 0x2E, 0x2D,
	0x2C, 0x2B, 0x2A, 0x29, 0x28, 0x27, 0x26, 0x25, 0x24, 0x23, 0x22, 0x21,
	0x20, 0x1F, 0x1E, 0x1D, 0x1C, 0x1B, 0x1A, 0x19, 0x18, 0x17, 0x16, 0x15,
	0x14, 0x13, 0x12, 0x11, 0x11, 0x11, 0x11, 0x11, 0x11, 0x11, 0x11, 0x10,
	0x1A, 0x07, 0x1F, 0x2B, 0x37, 0x23, 0x35, 0x33, 0x15, 0x33, 0x15, 0x33,
	0x35, 0x33, 0x35, 0x23, 0x35, 0x23, 0x35, 0x23, 0x35, 0x23, 0x35, 0x33,
	0x35, 0x33, 0x35, 0x21, 0x15, 0x33, 0x15, 0x33, 0x15, 0x23, 0x35, 0x23,
	0x35, 0x23, 0x15, 0x23, 0x15, 0x33, 0x15, 0x33, 0x15, 0x33, 0x15, 0x33,
	0x15, 0x23, 0x15, 0x23, 0x15, 0x21, 0x35, 0x23, 0x64, 0x32, 0x96, 0x32,
	0x96, 0x32, 0x32, 0xFA, 0x32, 0x32, 0x32, 0x32, 0x01, 0x5E, 0x32, 0x32,
	0x96, 0x32, 0x96, 0x32, 0x32, 0xFA, 0x32, 0x32, 0x32, 0x32, 0xFE, 0xA2,
	0x32, 0x64, 0x96, 0x32, 0x32, 0x32, 0x32, 0x32, 0x32, 0x32, 0xFA, 0x32,
	0x32, 0x32, 0x32, 0x96, 0x32, 0x32, 0x32, 0x32, 0x32, 0x32, 0x32, 0xFA,
	0x32, 0x32, 0x32, 0x00, 0x00, 0x02, 0x00, 0x32, 0x00, 0x00, 0x02, 0x58,
	0x03, 0xE8, 0x00, 0x0B, 0x00, 0x3F, 0x01, 0x6A, 0x4B, 0xB0, 0x21, 0x50,
	0x58, 0x40, 0x8A, 0x00, 0x04, 0x05, 0x00, 0x03, 0x04, 0x72, 0x00, 0x01,
	0x03, 0x02, 0x00, 0x01, 0x72, 0x17, 0x01, 0x15, 0x16, 0x14, 0x16, 0x15,
	0x72, 0x00, 0x18, 0x14, 0x19, 0x19, 0x18, 0x72, 0x00, 0x0B, 0x0C, 0x07,
	0x0C, 0x0B, 0x72, 0x0A, 0x01, 0x08, 0x07, 0x09, 0x09, 0x08, 0x72, 0x20,
	0x01, 0x05, 0x00, 0x00, 0x03, 0x05, 0x00, 0x67, 0x00, 0x03, 0x00, 0x02,
	0x11, 0x03, 0x02, 0x68, 0x00, 0x14, 0x18, 0x0F, 0x14, 0x58, 0x13, 0x01,
	0x0F, 0x00, 0x0E, 0x1A, 0x0F, 0x0E, 0x68, 0x12, 0x01, 0x10, 0x00, 0x0D,
	0x1B, 0x10, 0x0D, 0x67, 0x00, 0x1B, 0x0C, 0x06, 0x1B, 0x57, 0x00, 0x19,
	0x00, 0x0C, 0x0B, 0x19, 0x0C, 0x68, 0x00, 0x07, 0x1C, 0x01, 0x06, 0x1D,
	0x07, 0x06, 0x67, 0x00, 0x1A, 0x1F, 0x01, 0x1D, 0x1E, 0x1A, 0x1D, 0x67,
	0x00, 0x16, 0x16, 0x11, 0x5F, 0x00, 0x11, 0x11, 0x16, 0x4D, 0x00, 0x09,
	0x09, 0x1E, 0x60, 0x00, 0x1E, 0x1E, 0x17, 0x1E, 0x4E, 0x1B, 0x40, 0x90,
	0x00, 0x04, 0x05, 0x00, 0x05, 0x04, 0x00, 0x80, 0x00, 0x01, 0x03, 0x02,
	0x03, 0x01, 0x02, 0x80, 0x17, 0x01, 0x15, 0x16, 0x14, 0x16, 0x15, 0x14,
	0x80, 0x00, 0x18, 0x14, 0x19, 0x14, 0x18, 0x19, 0x80, 0x00, 0x0B, 0x0C,
	0x07, 0x0C, 0x0B, 0x07, 0x80, 0x0A, 0x01, 0x08, 0x07, 0x09, 0x07, 0x08,
	0x09, 0x80, 0x20, 0x01, 0x05, 0x00, 0x00, 0x03, 0x05, 0x00, 0x67, 0x00,
	0x03, 0x00, 0x02, 0x11, 0x03, 0x02, 0x68, 0x00, 0x14, 0x18, 0x0F, 0x14,
	0x58, 0x13, 0x01, 0x0F, 0x00, 0x0E, 0x1A, 0x0F, 0x0E, 0x68, 0x12, 0x01,
	0x10, 0x00, 0x0D, 0x1B, 0x10, 0x0D, 0x67, 0x00, 0x1B, 0x0C, 0x06, 0x1B,
	0x57, 0x00, 0x19, 0x00, 0x0C, 0x0B, 0x19, 0x0C, 0x68, 0x00, 0x07, 0x1C,
	0x01, 0x06, 0x1D, 0x07, 0x06, 0x67, 0x00, 0x1A, 0x1F, 0x01, 0x1D, 0x1E,
	0x1A, 0x1D, 0x67, 0x00, 0x16, 0x16, 0x11, 0x5F, 0x00, 0x11, 0x11, 0x16,
	0x4D, 0x00, 0x09, 0x09, 0x1E, 0x60, 0x00, 0x1E, 0x1E, 0x17, 0x1E, 0x4E,
	0x59, 0x40, 0x42, 0x00, 0x00, 0x3F, 0x3E, 0x3D, 0x3C, 0x3B, 0x3A, 0x39,
	0x38, 0x37, 0x36, 0x35, 0x34, 0x33, 0x32, 0x31, 0x30, 0x2F, 0x2E, 0x2D,
	0x2C, 0x2B, 0x2A, 0x29, 0x28, 0x27, 0x26, 0x25, 0x24, 0x23, 0x22, 0x21,
	0x20, 0x1F, 0x1E, 0x1D, 0x1C, 0x1B, 0x1A, 0x19, 0x18, 0x17, 0x16, 0x15,
	0x14, 0x13, 0x12, 0x11, 0x10, 0x0F, 0x0E, 0x0D, 0x0C, 0x00, 0x0B, 0x00,
	0x0B, 0x11, 0x11, 0x11, 0x11, 0x11, 0x21, 0x07, 0x1B, 0x2B, 0x01, 0x15,
	0x23, 0x15, 0x23, 0x15, 0x23, 0x35, 0x33, 0x35, 0x33, 0x35, 0x03, 0x23,
	0x35, 0x33, 0x15, 0x33, 0x15, 0x33, 0x35, 0x33, 0x35, 0x23, 0x35, 0x23,
	0x35, 0x23, 0x35, 0x23, 0x35, 0x33, 0x35, 0x33, 0x35, 0x21, 0x15, 0x33,
	0x15, 0x33, 0x15, 0x23, 0x35, 0x23, 0x35, 0x23, 0x15, 0x23, 0x15, 0x33,
	0x15, 0x33, 0x15, 0x33, 0x15, 0x33, 0x15, 0x23, 0x15, 0x23, 0x15, 0x21,
	0x35, 0x23, 0x01, 0xC2, 0x32, 0x32, 0x64, 0x32, 0x32, 0xFA, 0x32, 0x96,
	0x32, 0x96, 0x32, 0x32, 0xFA, 0x32, 0x32, 0x32, 0x32, 0x01, 0x5E, 0x32,
	0x32, 0x96, 0x32, 0x96, 0x32, 0x32, 0xFA, 0x32, 0x32, 0x32, 0x32, 0xFE,
	0xA2, 0x32, 0x03, 0xE8, 0x64, 0x32, 0x32, 0x64, 0x32, 0x32, 0xFC, 0x7C,
	0x96, 0x32, 0x32, 0x32, 0x32, 0x32, 0x32, 0x32, 0xFA, 0x32, 0x32, 0x32,
	0x32, 0x96, 0x32, 0x32, 0x32, 0x32, 0x32, 0x32, 0x32, 0xFA, 0x32, 0x32,
	0x32, 0x00, 0x00, 0x02, 0x00, 0x32, 0x00, 0x00, 0x02, 0x58, 0x03, 0xE8,
	0x00, 0x13, 0x00, 0x47, 0x01, 0x70, 0x4B, 0xB0, 0x21, 0x50, 0x58, 0x40,
	0x8D, 0x04, 0x01, 0x02, 0x01, 0x00, 0x03, 0x02, 0x72, 0x09, 0x01, 0x07,
	0x03, 0x08, 0x00, 0x07, 0x72, 0x1B, 0x01, 0x19, 0x1A, 0x18, 0x1A, 0x19,
	0x72, 0x00, 0x1C, 0x18, 0x1D, 0x1D, 0x1C, 0x72, 0x00, 0x0F, 0x10, 0x0B,
	0x10, 0x0F, 0x72, 0x0E, 0x01, 0x0C, 0x0B, 0x0D, 0x0D, 0x0C, 0x72, 0x05,
	0x01, 0x01, 0x06, 0x01, 0x00, 0x03, 0x01, 0x00, 0x67, 0x00, 0x03, 0x00,
	0x08, 0x15, 0x03, 0x08, 0x68, 0x00, 0x18, 0x1C, 0x13, 0x18, 0x58, 0x17,
	0x01, 0x13, 0x00, 0x12, 0x1E, 0x13, 0x12, 0x68, 0x16, 0x01, 0x14, 0x00,
	0x11, 0x1F, 0x14, 0x11, 0x67, 0x00, 0x1F, 0x10, 0x0A, 0x1F, 0x57, 0x00,
	0x1D, 0x00, 0x10, 0x0F, 0x1D, 0x10, 0x68, 0x00, 0x0B, 0x20, 0x01, 0x0A,
	0x21, 0x0B, 0x0A, 0x67, 0x00, 0x1E, 0x23, 0x01, 0x21, 0x22, 0x1E, 0x21,
	0x67, 0x00, 0x1A, 0x1A, 0x15, 0x5F, 0x00, 0x15, 0x15, 0x16, 0x4D, 0x00,
	0x0D, 0x0D, 0x22, 0x60, 0x00, 0x22, 0x22, 0x17, 0x22, 0x4E, 0x1B, 0x40,
	0x93, 0x04, 0x01, 0x02, 0x01, 0x00, 0x01, 0x02, 0x00, 0x80, 0x09, 0x01,
	0x07, 0x03, 0x08, 0x03, 0x07, 0x08, 0x80, 0x1B, 0x01, 0x19, 0x1A, 0x18,
	0x1A, 0x19, 0x18, 0x80, 0x00, 0x1C, 0x18, 0x1D, 0x18, 0x1C, 0x1D, 0x80,
	0x00, 0x0F, 0x10, 0x0B, 0x10, 0x0F, 0x0B, 0x80, 0x0E, 0x01, 0x0C, 0x0B,
	0x0D, 0x0B, 0x0C, 0x0D, 0x80, 0x05, 0x01, 0x01, 0x06, 0x01, 0x00, 0x03,
	0x01, 0x00, 0x67, 0x00, 0x03, 0x00, 0x08, 0x15, 0x03, 0x08, 0x68, 0x00,
	0x18, 0x1C, 0x13, 0x18, 0x58, 0x17, 0x01, 0x13, 0x00, 0x12, 0x1E, 0x13,
	0x12, 0x68, 0x16, 0x01, 0x14, 0x00, 0x11, 0x1F, 0x14, 0x11, 0x67, 0x00,
	0x1F, 0x10, 0x0A, 0x1F, 0x57, 0x00, 0x1D, 0x00, 0x10, 0x0F, 0x1D, 0x10,
	0x68, 0x00, 0x0B, 0x20, 0x01, 0x0A, 0x21, 0x0B, 0x0A, 0x67, 0x00, 0x1E,
	0x23, 0x01, 0x21, 0x22, 0x1E, 0x21, 0x67, 0x00, 0x1A, 0x1A, 0x15, 0x5F,
	0x00, 0x15, 0x15, 0x16, 0x4D, 0x00, 0x0D, 0x0D, 0x22, 0x60, 0x00, 0x22,
	0x22, 0x17, 0x22, 0x4E, 0x59, 0x40, 0x42, 0x47, 0x46, 0x45, 0x44, 0x43,
	0x42, 0x41, 0x40, 0x3F, 0x3E, 0x3D, 0x3C, 0x3B, 0x3A, 0x39, 0x38, 0x37,
	0x36, 0x35, 0x34, 0x33, 0x32, 0x31, 0x30, 0x2F, 0x2E, 0x2D, 0x2C, 0x2B,
	0x2A, 0x29, 0x28, 0x27, 0x26, 0x25, 0x24, 0x23, 0x22, 0x21, 0x20, 0x1F,
	0x1E, 0x1D, 0x1C, 0x1B, 0x1A, 0x19, 0x18, 0x17, 0x16, 0x15, 0x14, 0x13,
	0x12, 0x11, 0x11, 0x11, 0x11, 0x11, 0x11, 0x11, 0x11, 0x10, 0x24, 0x07,
	0x1F, 0x2B, 0x13, 0x23, 0x35, 0x33, 0x15, 0x33, 0x15, 0x33, 0x35, 0x33,
	0x35, 0x33, 0x15, 0x23, 0x15, 0x23, 0x15, 0x23, 0x35, 0x23, 0x03, 0x23,
	0x35, 0x33, 0x15, 0x33, 0x15, 0x33, 0x35, 0x33, 0x35, 0x23, 0x35, 0x23,
	0x35, 0x23, 0x35, 0x23, 0x35, 0x33, 0x35, 0x33, 0x35, 0x21, 0x15, 0x33,
	0x15, 0x33, 0x15, 0x23, 0x35, 0x23, 0x35, 0x23, 0x15, 0x23, 0x15, 0x33,
	0x15, 0x33, 0x15, 0x33, 0x15, 0x33, 0x15, 0x23, 0x15, 0x23, 0x15, 0x21,
	0x35, 0x23, 0xC8, 0x32, 0x64, 0x32, 0x32, 0x32, 0x64, 0x32, 0x32, 0x96,
	0x32, 0x64, 0x32, 0x96, 0x32, 0x96, 0x32, 0x32, 0xFA, 0x32, 0x32, 0x32,
	0x32, 0x01, 0x5E, 0x32, 0x32, 0x96, 0x32, 0x96, 0x32, 0x32, 0xFA, 0x32,
	0x32, 0x32, 0x32, 0xFE, 0xA2, 0x32, 0x03, 0x84, 0x64, 0x32, 0x32, 0x32,
	0x32, 0x64, 0x32, 0x32, 0x32, 0xFD, 0x12, 0x96, 0x32, 0x32, 0x32, 0x32,
	0x32, 0x32, 0x32, 0xFA, 0x32, 0x32, 0x32, 0x32, 0x96, 0x32, 0x32, 0x32,
	0x32, 0x32, 0x32, 0x32, 0xFA, 0x32, 0x32, 0x32, 0x00, 0x01, 0x00, 0x32,
	0xFF, 0x06, 0x02, 0x58, 0x02, 0xEE, 0x00, 0x41, 0x02, 0x04, 0x4B, 0xB0,
	0x10, 0x50, 0x58, 0x40, 0x8E, 0x11, 0x01, 0x0F, 0x10, 0x0E, 0x10, 0x0F,
	0x72, 0x00, 0x12, 0x0E, 0x13, 0x13, 0x12, 0x72, 0x00, 0x05, 0x06, 0x01,
	0x06, 0x05, 0x72, 0x00, 0x19, 0x18, 0x1E, 0x1D, 0x19, 0x72, 0x00, 0x1E,
	0x1A, 0x18, 0x1E, 0x70, 0x00, 0x0E, 0x12, 0x09, 0x0E, 0x58, 0x0D, 0x01,
	0x09, 0x00, 0x08, 0x14, 0x09, 0x08, 0x68, 0x0C, 0x01, 0x0A, 0x00, 0x07,
	0x15, 0x0A, 0x07, 0x67, 0x00, 0x15, 0x06, 0x00, 0x15, 0x57, 0x00, 0x13,
	0x00, 0x06, 0x05, 0x13, 0x06, 0x68, 0x00, 0x01, 0x16, 0x01, 0x00, 0x17,
	0x01, 0x00, 0x67, 0x00, 0x14, 0x20, 0x01, 0x17, 0x18, 0x14, 0x17, 0x67,
	0x00, 0x1D, 0x00, 0x1C, 0x1D, 0x1C, 0x64, 0x00, 0x10, 0x10, 0x0B, 0x5F,
	0x00, 0x0B, 0x0B, 0x16, 0x4D, 0x04, 0x01, 0x02, 0x02, 0x18, 0x5F, 0x1F,
	0x01, 0x18, 0x18, 0x17, 0x4D, 0x00, 0x03, 0x03, 0x18, 0x60, 0x1F, 0x01,
	0x18, 0x18, 0x17, 0x4D, 0x00, 0x1A, 0x1A, 0x1B, 0x5F, 0x00, 0x1B, 0x1B,
	0x1B, 0x1B, 0x4E, 0x1B, 0x4B, 0xB0, 0x21, 0x50, 0x58, 0x40, 0x90, 0x11,
	0x01, 0x0F, 0x10, 0x0E, 0x10, 0x0F, 0x72, 0x00, 0x12, 0x0E, 0x13, 0x13,
	0x12, 0x72, 0x00, 0x05, 0x06, 0x01, 0x06, 0x05, 0x72, 0x00, 0x19, 0x18,
	0x1E, 0x18, 0x19, 0x1E, 0x80, 0x00, 0x1E, 0x1A, 0x18, 0x1E, 0x1A, 0x7E,
	0x00, 0x0E, 0x12, 0x09, 0x0E, 0x58, 0x0D, 0x01, 0x09, 0x00, 0x08, 0x14,
	0x09, 0x08, 0x68, 0x0C, 0x01, 0x0A, 0x00, 0x07, 0x15, 0x0A, 0x07, 0x67,
	0x00, 0x15, 0x06, 0x00, 0x15, 0x57, 0x00, 0x13, 0x00, 0x06, 0x05, 0x13,
	0x06, 0x68, 0x00, 0x01, 0x16, 0x01, 0x00, 0x17, 0x01, 0x00, 0x67, 0x00,
	0x14, 0x20, 0x01, 0x17, 0x18, 0x14, 0x17, 0x67, 0x00, 0x1D, 0x00, 0x1C,
	0x1D, 0x1C, 0x64, 0x00, 0x10, 0x10, 0x0B, 0x5F, 0x00, 0x0B, 0x0B, 0x16,
	0x4D, 0x04, 0x01, 0x02, 0x02, 0x18, 0x5F, 0x1F, 0x01, 0x18, 0x18, 0x17,
	0x4D, 0x00, 0x03, 0x03, 0x18, 0x60, 0x1F, 0x01, 0x18, 0x18, 0x17, 0x4D,
	0x00, 0x1A, 0x1A, 0x1B, 0x5F, 0x00, 0x1B, 0x1B, 0x1B, 0x1B, 0x4E, 0x1B,
	0x40, 0x93, 0x11, 0x01, 0x0F, 0x10, 0x0E, 0x10, 0x0F, 0x0E, 0x80, 0x00,
	0x12, 0x0E, 0x13, 0x0E, 0x12, 0x13, 0x80, 0x00, 0x05, 0x06, 0x01, 0x06,
	0x05, 0x01, 0x80, 0x00, 0x19, 0x18, 0x1E, 0x18, 0x19, 0x1E, 0x80, 0x00,
	0x1E, 0x1A, 0x18, 0x1E, 0x1A, 0x7E, 0x00, 0x0E, 0x12, 0x09, 0x0E, 0x58,
	0x0D, 0x01, 0x09, 0x00, 0x08, 0x14, 0x09, 0x08, 0x68, 0x0C, 0x01, 0x0A,
	0x00, 0x07, 0x15, 0x0A, 0x07, 0x67, 0x00, 0x15, 0x06, 0x00, 0x15, 0x57,
	0x00, 0x13, 0x00, 0x06, 0x05, 0x13, 0x06, 0x68, 0x00, 0x01, 0x16, 0x01,
	0x00, 0x17, 0x01, 0x00, 0x67, 0x00, 0x14, 0x20, 0x01, 0x17, 0x18, 0x14,
	0x17, 0x67, 0x00, 0x1D, 0x00, 0x1C, 0x1D, 0x1C, 0x64, 0x00, 0x10, 0x10,
	0x0B, 0x5F, 0x00, 0x0B, 0x0B, 0x16, 0x4D, 0x04, 0x01, 0x02, 0x02, 0x18,
	0x5F, 0x1F, 0x01, 0x18, 0x18, 0x17, 0x4D, 0x00, 0x03, 0x03, 0x18, 0x60,
	0x1F, 0x01, 0x18, 0x18, 0x17, 0x4D, 0x00, 0x1A, 0x1A, 0x1B, 0x5F, 0x00,
	0x1B, 0x1B, 0x1B, 0x1B, 0x4E, 0x59, 0x59, 0x40, 0x3C, 0x41, 0x40, 0x3F,
	0x3E, 0x3D, 0x3C, 0x3B, 0x3A, 0x39, 0x38, 0x37, 0x36, 0x35, 0x34, 0x33,
	0x32, 0x31, 0x30, 0x2F, 0x2E, 0x2D, 0x2C, 0x2B, 0x2A, 0x29, 0x28, 0x27,
	0x26, 0x25, 0x24, 0x23, 0x22, 0x21, 0x20, 0x1F, 0x1E, 0x1D, 0x1C, 0x1B,
	0x1A, 0x19, 0x18, 0x17, 0x16, 0x15, 0x14, 0x13, 0x12, 0x11, 0x11, 0x11,
	0x11, 0x11, 0x11, 0x11, 0x11, 0x10, 0x21, 0x07, 0x1F, 0x2B, 0x37, 0x23,
	0x35, 0x33, 0x15, 0x33, 0x15, 0x33, 0x35, 0x33, 0x35, 0x23, 0x35, 0x23,
	0x35, 0x23, 0x35, 0x23, 0x35, 0x33, 0x35, 0x33, 0x35, 0x21, 0x15, 0x33,
	0x15, 0x33, 0x15, 0x23, 0x35, 0x23, 0x35, 0x23, 0x15, 0x23, 0x15, 0x33,
	0x15, 0x33, 0x15, 0x33, 0x15, 0x33, 0x15, 0x23, 0x15, 0x23, 0x15, 0x23,
	0x15, 0x33, 0x15, 0x33, 0x15, 0x23, 0x15, 0x23, 0x35, 0x33, 0x35, 0x23,
	0x35, 0x23, 0x35, 0x23, 0x64, 0x32, 0x96, 0x32, 0x96, 0x32, 0x32, 0xFA,
	0x32, 0x32, 0x32, 0x32, 0x01, 0x5E, 0x32, 0x32, 0x96, 0x32, 0x96, 0x32,
	0x32, 0xFA, 0x32, 0x32, 0x32, 0x32, 0x96, 0x32, 0x32, 0x32, 0xC8, 0x96,
	0x64, 0x64, 0x32, 0x64, 0x96, 0x32, 0x32, 0x32, 0x32, 0x32, 0x32, 0x32,
	0xFA, 0x32, 0x32, 0x32, 0x32, 0x96, 0x32, 0x32, 0x32, 0x32, 0x32, 0x32,
	0x32, 0xFA, 0x32, 0x32, 0x32, 0x32, 0x64, 0x32, 0x64, 0x32, 0x64, 0x32,
	0x00, 0x02, 0x00, 0x32, 0xFE, 0xD4, 0x02, 0x58, 0x02, 0xEE, 0x00, 0x33,
	0x00, 0x3D, 0x01, 0x51, 0x4B, 0xB0, 0x21, 0x50, 0x58, 0x40, 0x83, 0x11,
	0x01, 0x0F, 0x10, 0x0E, 0x10, 0x0F, 0x72, 0x00, 0x12, 0x0E, 0x13, 0x13,
	0x12, 0x72, 0x00, 0x05, 0x06, 0x01, 0x06, 0x05, 0x72, 0x04, 0x01, 0x02,
	0x01, 0x03, 0x03, 0x02, 0x72, 0x00, 0x1B, 0x1E, 0x1D, 0x1E, 0x1B, 0x72,
	0x00, 0x0E, 0x12, 0x09, 0x0E, 0x58, 0x0D, 0x01, 0x09, 0x00, 0x08, 0x14,
	0x09, 0x08, 0x68, 0x0C, 0x01, 0x0A, 0x00, 0x07, 0x15, 0x0A, 0x07, 0x67,
	0x00, 0x15, 0x06, 0x00, 0x15, 0x57, 0x00, 0x13, 0x00, 0x06, 0x05, 0x13,
	0x06, 0x68, 0x00, 0x01, 0x16, 0x01, 0x00, 0x17, 0x01, 0x00, 0x67, 0x00,
	0x14, 0x19, 0x01, 0x17, 0x18, 0x14, 0x17, 0x67, 0x00, 0x1D, 0x00, 0x1C,
	0x1D, 0x1C, 0x63, 0x00, 0x10, 0x10, 0x0B, 0x5F, 0x00, 0x0B, 0x0B, 0x16,
	0x4D, 0x00, 0x03, 0x03, 0x18, 0x60, 0x00, 0x18, 0x18, 0x17, 0x4D, 0x00,
	0x1A, 0x1A, 0x1E, 0x5F, 0x00, 0x1E, 0x1E, 0x1B, 0x1E, 0x4E, 0x1B, 0x40,
	0x88, 0x11, 0x01, 0x0F, 0x10, 0x0E, 0x10, 0x0F, 0x0E, 0x80, 0x00, 0x12,
	0x0E, 0x13, 0x0E, 0x12, 0x13, 0x80, 0x00, 0x05, 0x06, 0x01, 0x06, 0x05,
	0x01, 0x80, 0x04, 0x01, 0x02, 0x01, 0x03, 0x01, 0x02, 0x03, 0x80, 0x00,
	0x1B, 0x1E, 0x1D, 0x1E, 0x1B, 0x1D, 0x80, 0x00, 0x0E, 0x12, 0x09, 0x0E,
	0x58, 0x0D, 0x01, 0x09, 0x00, 0x08, 0x14, 0x09, 0x08, 0x68, 0x0C, 0x01,
	0x0A, 0x00, 0x07, 0x15, 0x0A, 0x07, 0x67, 0x00, 0x15, 0x06, 0x00, 0x15,
	0x57, 0x00, 0x13, 0x00, 0x06, 0x05, 0x13, 0x06, 0x68, 0x00, 0x01, 0x16,
	0x01, 0x00, 0x17, 0x01, 0x00, 0x67, 0x00, 0x14, 0x19, 0x01, 0x17, 0x18,
	0x14, 0x17, 0x67, 0x00, 0x1D, 0x00, 0x1C, 0x1D, 0x1C, 0x63, 0x00, 0x10,
	0x10, 0x0B, 0x5F, 0x00, 0x0B, 0x0B, 0x16, 0x4D, 0x00, 0x03, 0x03, 0x18,
	0x60, 0x00, 0x18, 0x18, 0x17, 0x4D, 0x00, 0x1A, 0x1A, 0x1E, 0x5F, 0x00,
	0x1E, 0x1E, 0x1B, 0x1E, 0x4E, 0x59, 0x40, 0x38, 0x3D, 0x3C, 0x3B, 0x3A,
	0x39, 0x38, 0x37, 0x36, 0x35, 0x34, 0x33, 0x32, 0x31, 0x30, 0x2F, 0x2E,
	0x2D, 0x2C, 0x2B, 0x2A, 0x29, 0x28, 0x27, 0x26, 0x25, 0x24, 0x23, 0x22,
	0x21, 0x20, 0x1F, 0x1E, 0x1D, 0x1C, 0x1B, 0x1A, 0x19, 0x18, 0x17, 0x16,
	0x15, 0x14, 0x13, 0x12, 0x11, 0x11, 0x11, 0x11, 0x11, 0x11, 0x11, 0x11,
	0x10, 0x1F, 0x07, 0x1F, 0x2B, 0x37, 0x23, 0x35, 0x33, 0x15, 0x33, 0x15,
	0x33, 0x35, 0x33, 0x35, 0x23, 0x35, 0x23, 0x35, 0x23, 0x35, 0x23, 0x35,
	0x33, 0x35, 0x33, 0x35, 0x21, 0x15, 0x33, 0x15, 0x33, 0x15, 0x23, 0x35,
	0x23, 0x35, 0x23, 0x15, 0x23, 0x15, 0x33, 0x15, 0x33, 0x15, 0x33, 0x15,
	0x33, 0x15, 0x23, 0x15, 0x23, 0x15, 0x21, 0x35, 0x23, 0x17, 0x33, 0x15,
	0x23, 0x15, 0x23, 0x35, 0x33, 0x35, 0x23, 0x64, 0x32, 0x96, 0x32, 0x96,
	0x32, 0x32, 0xFA, 0x32, 0x32, 0x32, 0x32, 0x01, 0x5E, 0x32, 0x32, 0x96,
	0x32, 0x96, 0x32, 0x32, 0xFA, 0x32, 0x32, 0x32, 0x32, 0xFE, 0xA2, 0x32,
	0x96, 0x96, 0x32, 0x64, 0x32, 0x32, 0x64, 0x96, 0x32, 0x32, 0x32, 0x32,
	0x32, 0x32, 0x32, 0xFA, 0x32, 0x32, 0x32, 0x32, 0x96, 0x32, 0x32, 0x32,
	0x32, 0x32, 0x32, 0x32, 0xFA, 0x32, 0x32, 0x32, 0x96, 0x96, 0x32, 0x32,
	0x32, 0x00, 0x00, 0x01, 0x00, 0x32, 0x00, 0x00, 0x02, 0x58, 0x02, 0xEE,
	0x00, 0x21, 0x01, 0x26, 0x4B, 0xB0, 0x10, 0x50, 0x58, 0x40, 0x50, 0x00,
	0x09, 0x06, 0x05, 0x06, 0x09, 0x72, 0x00, 0x0A, 0x05, 0x04, 0x06, 0x0A,
	0x72, 0x00, 0x02, 0x0C, 0x00, 0x0C, 0x02, 0x00, 0x80, 0x00, 0x0B, 0x03,
	0x0E, 0x0B, 0x57, 0x00, 0x04, 0x00, 0x03, 0x0C, 0x04, 0x03, 0x68, 0x00,
	0x0C, 0x00, 0x0D, 0x0E, 0x0C, 0x0D, 0x67, 0x00, 0x00, 0x10, 0x01, 0x0E,
	0x07, 0x00, 0x0E, 0x67, 0x00, 0x06, 0x06, 0x08, 0x5F, 0x00, 0x08, 0x08,
	0x16, 0x4D, 0x00, 0x05, 0x05, 0x19, 0x4D, 0x00, 0x01, 0x01, 0x07, 0x5F,
	0x0F, 0x01, 0x07, 0x07, 0x17, 0x07, 0x4E, 0x1B, 0x4B, 0xB0, 0x21, 0x50,
	0x58, 0x40, 0x51, 0x00, 0x09, 0x06, 0x05, 0x06, 0x09, 0x72, 0x00, 0x0A,
	0x05, 0x04, 0x05, 0x0A, 0x04, 0x80, 0x00, 0x02, 0x0C, 0x00, 0x0C, 0x02,
	0x00, 0x80, 0x00, 0x0B, 0x03, 0x0E, 0x0B, 0x57, 0x00, 0x04, 0x00, 0x03,
	0x0C, 0x04, 0x03, 0x68, 0x00, 0x0C, 0x00, 0x0D, 0x0E, 0x0C, 0x0D, 0x67,
	0x00, 0x00, 0x10, 0x01, 0x0E, 0x07, 0x00, 0x0E, 0x67, 0x00, 0x06, 0x06,
	0x08, 0x5F, 0x00, 0x08, 0x08, 0x16, 0x4D, 0x00, 0x05, 0x05, 0x19, 0x4D,
	0x00, 0x01, 0x01, 0x07, 0x5F, 0x0F, 0x01, 0x07, 0x07, 0x17, 0x07, 0x4E,
	0x1B, 0x40, 0x52, 0x00, 0x09, 0x06, 0x05, 0x06, 0x09, 0x05, 0x80, 0x00,
	0x0A, 0x05, 0x04, 0x05, 0x0A, 0x04, 0x80, 0x00, 0x02, 0x0C, 0x00, 0x0C,
	0x02, 0x00, 0x80, 0x00, 0x0B, 0x03, 0x0E, 0x0B, 0x57, 0x00, 0x04, 0x00,
	0x03, 0x0C, 0x04, 0x03, 0x68, 0x00, 0x0C, 0x00, 0x0D, 0x0E, 0x0C, 0x0D,
	0x67, 0x00, 0x00, 0x10, 0x01, 0x0E, 0x07, 0x00, 0x0E, 0x67, 0x00, 0x06,
	0x06, 0x08, 0x5F, 0x00, 0x08, 0x08, 0x16, 0x4D, 0x00, 0x05, 0x05, 0x19,
	0x4D, 0x00, 0x01, 0x01, 0x07, 0x5F, 0x0F, 0x01, 0x07, 0x07, 0x17, 0x07,
	0x4E, 0x59, 0x59, 0x40, 0x1C, 0x21, 0x20, 0x1F, 0x1E, 0x1D, 0x1C, 0x1B,
	0x1A, 0x19, 0x18, 0x17, 0x16, 0x15, 0x14, 0x13, 0x12, 0x11, 0x11, 0x11,
	0x11, 0x11, 0x11, 0x11, 0x11, 0x10, 0x11, 0x07, 0x1F, 0x2B, 0x37, 0x33,
	0x15, 0x33, 0x35, 0x23, 0x35, 0x23, 0x35, 0x33, 0x35, 0x33, 0x35, 0x23,
	0x11, 0x23, 0x11, 0x21, 0x15, 0x23, 0x15, 0x23, 0x15, 0x33, 0x15, 0x33,
	0x15, 0x23, 0x15, 0x23, 0x15, 0x23, 0x35, 0x23, 0xFA, 0x64, 0x64, 0x32,
	0x64, 0x32, 0x32, 0xC8, 0x96, 0x02, 0x26, 0x32, 0x32, 0x32, 0x32, 0x32,
	0x32, 0xC8, 0x32, 0xC8, 0x32, 0x96, 0x32, 0x96, 0x32, 0x32, 0xFD, 0xA8,
	0x02, 0xEE, 0xC8, 0x32, 0x64, 0x32, 0xFA, 0x32, 0x32, 0x32, 0x00, 0x01,
	0x00, 0x32, 0x00, 0x00, 0x01, 0xF4, 0x02, 0xEE, 0x00, 0x07, 0x00, 0x1B,
	0x40, 0x18, 0x03, 0x01, 0x01, 0x01, 0x00, 0x5F, 0x00, 0x00, 0x00, 0x16,
	0x4D, 0x00, 0x02, 0x02, 0x17, 0x02, 0x4E, 0x11, 0x11, 0x11, 0x10, 0x04,
	0x07, 0x1A, 0x2B, 0x13, 0x21, 0x15, 0x23, 0x11, 0x23, 0x11, 0x23, 0x32,
	0x01, 0xC2, 0x96, 0x96, 0x96, 0x02, 0xEE, 0x96, 0xFD, 0xA8, 0x02, 0x58,
	0x00, 0x02, 0x00, 0x32, 0x00, 0x00, 0x01, 0xF4, 0x03, 0xE8, 0x00, 0x13,
	0x00, 0x1B, 0x00, 0x8C, 0x4B, 0xB0, 0x21, 0x50, 0x58, 0x40, 0x33, 0x02,
	0x01, 0x00, 0x03, 0x04, 0x01, 0x00, 0x72, 0x07, 0x01, 0x05, 0x01, 0x06,
	0x04, 0x05, 0x72, 0x09, 0x01, 0x03, 0x08, 0x01, 0x04, 0x01, 0x03, 0x04,
	0x67, 0x00, 0x01, 0x00, 0x06, 0x0A, 0x01, 0x06, 0x68, 0x0D, 0x01, 0x0B,
	0x0B, 0x0A, 0x5F, 0x00, 0x0A, 0x0A, 0x16, 0x4D, 0x00, 0x0C, 0x0C, 0x17,
	0x0C, 0x4E, 0x1B, 0x40, 0x35, 0x02, 0x01, 0x00, 0x03, 0x04, 0x03, 0x00,
	0x04, 0x80, 0x07, 0x01, 0x05, 0x01, 0x06, 0x01, 0x05, 0x06, 0x80, 0x09,
	0x01, 0x03, 0x08, 0x01, 0x04, 0x01, 0x03, 0x04, 0x67, 0x00, 0x01, 0x00,
	0x06, 0x0A, 0x01, 0x06, 0x68, 0x0D, 0x01, 0x0B, 0x0B, 0x0A, 0x5F, 0x00,
	0x0A, 0x0A, 0x16, 0x4D, 0x00, 0x0C, 0x0C, 0x17, 0x0C, 0x4E, 0x59, 0x40,
	0x16, 0x1B, 0x1A, 0x19, 0x18, 0x17, 0x16, 0x15, 0x14, 0x13, 0x12, 0x11,
	0x11, 0x11, 0x11, 0x11, 0x11, 0x11, 0x11, 0x10, 0x0E, 0x07, 0x1F, 0x2B,
	0x13, 0x33, 0x15, 0x33, 0x35, 0x33, 0x35, 0x33, 0x15, 0x23, 0x15, 0x23,
	0x15, 0x23, 0x35, 0x23, 0x35, 0x23, 0x35, 0x33, 0x07, 0x21, 0x15, 0x23,
	0x11, 0x23, 0x11, 0x23, 0xC8, 0x32, 0x32, 0x32, 0x64, 0x32, 0x32, 0x96,
	0x32, 0x32, 0x64, 0x96, 0x01, 0xC2, 0x96, 0x96, 0x96, 0x03, 0xB6, 0x32,
	0x32, 0x32, 0x64, 0x32, 0x32, 0x32, 0x32, 0x64, 0xFA, 0x96, 0xFD, 0xA8,
	0x02, 0x58, 0x00, 0x02, 0x00, 0x32, 0xFE, 0xD4, 0x01, 0xF4, 0x02, 0xEE,
	0x00, 0x07, 0x00, 0x11, 0x00, 0x6D, 0x4B, 0xB0, 0x21, 0x50, 0x58, 0x40,
	0x29, 0x00, 0x05, 0x08, 0x07, 0x08, 0x05, 0x72, 0x00, 0x07, 0x00, 0x06,
	0x07, 0x06, 0x63, 0x03, 0x01, 0x01, 0x01, 0x00, 0x5F, 0x00, 0x00, 0x00,
	0x16, 0x4D, 0x00, 0x02, 0x02, 0x17, 0x4D, 0x00, 0x04, 0x04, 0x08, 0x5F,
	0x00, 0x08, 0x08, 0x1B, 0x08, 0x4E, 0x1B, 0x40, 0x2A, 0x00, 0x05, 0x08,
	0x07, 0x08, 0x05, 0x07, 0x80, 0x00, 0x07, 0x00, 0x06, 0x07, 0x06, 0x63,
	0x03, 0x01, 0x01, 0x01, 0x00, 0x5F, 0x00, 0x00, 0x00, 0x16, 0x4D, 0x00,
	0x02, 0x02, 0x17, 0x4D, 0x00, 0x04, 0x04, 0x08, 0x5F, 0x00, 0x08, 0x08,
	0x1B, 0x08, 0x4E, 0x59, 0x40, 0x0C, 0x11, 0x11, 0x11, 0x11, 0x11, 0x11,
	0x11, 0x11, 0x10, 0x09, 0x07, 0x1F, 0x2B, 0x13, 0x21, 0x15, 0x23, 0x11,
	0x23, 0x11, 0x23, 0x13, 0x33, 0x15, 0x23, 0x15, 0x23, 0x35, 0x33, 0x35,
	0x23, 0x32, 0x01, 0xC2, 0x96, 0x96, 0x96, 0x96, 0x96, 0x32, 0x64, 0x32,
	0x32, 0x02, 0xEE, 0x96, 0xFD, 0xA8, 0x02, 0x58, 0xFD, 0x44, 0x96, 0x32,
	0x32, 0x32, 0x00, 0x01, 0x00, 0x32, 0x00, 0x00, 0x02, 0x26, 0x02, 0xEE,
	0x00, 0x13, 0x00, 0x6C, 0x4B, 0xB0, 0x21, 0x50, 0x58, 0x40, 0x27, 0x08,
	0x01, 0x00, 0x01, 0x09, 0x09, 0x00, 0x72, 0x05, 0x01, 0x03, 0x02, 0x04,
	0x02, 0x03, 0x72, 0x06, 0x01, 0x02, 0x02, 0x01, 0x5F, 0x07, 0x01, 0x01,
	0x01, 0x16, 0x4D, 0x00, 0x09, 0x09, 0x04, 0x60, 0x00, 0x04, 0x04, 0x17,
	0x04, 0x4E, 0x1B, 0x40, 0x29, 0x08, 0x01, 0x00, 0x01, 0x09, 0x01, 0x00,
	0x09, 0x80, 0x05, 0x01, 0x03, 0x02, 0x04, 0x02, 0x03, 0x04, 0x80, 0x06,
	0x01, 0x02, 0x02, 0x01, 0x5F, 0x07, 0x01, 0x01, 0x01, 0x16, 0x4D, 0x00,
	0x09, 0x09, 0x04, 0x60, 0x00, 0x04, 0x04, 0x17, 0x04, 0x4E, 0x59, 0x40,
	0x0E, 0x13, 0x12, 0x11, 0x11, 0x11, 0x11, 0x11, 0x11, 0x11, 0x11, 0x10,
	0x0A, 0x07, 0x1F, 0x2B, 0x25, 0x33, 0x11, 0x33, 0x11, 0x23, 0x15, 0x23,
	0x15, 0x21, 0x35, 0x23, 0x35, 0x23, 0x11, 0x33, 0x11, 0x33, 0x15, 0x33,
	0x01, 0x5E, 0x32, 0x96, 0x32, 0x32, 0xFE, 0xD4, 0x32, 0x32, 0x96, 0x32,
	0x64, 0xC8, 0x02, 0x26, 0xFD, 0x76, 0x32, 0x32, 0x32, 0x32, 0x02, 0x8A,
	0xFD, 0xDA, 0x32, 0x00, 0x00, 0x02, 0x00, 0x32, 0x00, 0x00, 0x02, 0x26,
	0x03, 0xE8, 0x00, 0x0B, 0x00, 0x1F, 0x00, 0xC0, 0x4B, 0xB0, 0x21, 0x50,
	0x58, 0x40, 0x46, 0x00, 0x04, 0x05, 0x00, 0x03, 0x04, 0x72, 0x00, 0x01,
	0x03, 0x02, 0x00, 0x01, 0x72, 0x0E, 0x01, 0x06, 0x07, 0x0F, 0x0F, 0x06,
	0x72, 0x0B, 0x01, 0x09, 0x08, 0x0A, 0x08, 0x09, 0x72, 0x10, 0x01, 0x05,
	0x00, 0x00, 0x03, 0x05, 0x00, 0x67, 0x00, 0x03, 0x00, 0x02, 0x07, 0x03,
	0x02, 0x68, 0x0C, 0x01, 0x08, 0x08, 0x07, 0x5F, 0x0D, 0x01, 0x07, 0x07,
	0x16, 0x4D, 0x00, 0x0F, 0x0F, 0x0A, 0x60, 0x00, 0x0A, 0x0A, 0x17, 0x0A,
	0x4E, 0x1B, 0x40, 0x4A, 0x00, 0x04, 0x05, 0x00, 0x05, 0x04, 0x00, 0x80,
	0x00, 0x01, 0x03, 0x02, 0x03, 0x01, 0x02, 0x80, 0x0E, 0x01, 0x06, 0x07,
	0x0F, 0x07, 0x06, 0x0F, 0x80, 0x0B, 0x01, 0x09, 0x08, 0x0A, 0x08, 0x09,
	0x0A, 0x80, 0x10, 0x01, 0x05, 0x00, 0x00, 0x03, 0x05, 0x00, 0x67, 0x00,
	0x03, 0x00, 0x02, 0x07, 0x03, 0x02, 0x68, 0x0C, 0x01, 0x08, 0x08, 0x07,
	0x5F, 0x0D, 0x01, 0x07, 0x07, 0x16, 0x4D, 0x00, 0x0F, 0x0F, 0x0A, 0x60,
	0x00, 0x0A, 0x0A, 0x17, 0x0A, 0x4E, 0x59, 0x40, 0x22, 0x00, 0x00, 0x1F,
	0x1E, 0x1D, 0x1C, 0x1B, 0x1A, 0x19, 0x18, 0x17, 0x16, 0x15, 0x14, 0x13,
	0x12, 0x11, 0x10, 0x0F, 0x0E, 0x0D, 0x0C, 0x00, 0x0B, 0x00, 0x0B, 0x11,
	0x11, 0x11, 0x11, 0x11, 0x11, 0x07, 0x1B, 0x2B, 0x01, 0x15, 0x23, 0x15,
	0x23, 0x15, 0x23, 0x35, 0x33, 0x35, 0x33, 0x35, 0x13, 0x33, 0x11, 0x33,
	0x11, 0x23, 0x15, 0x23, 0x15, 0x21, 0x35, 0x23, 0x35, 0x23, 0x11, 0x33,
	0x11, 0x33, 0x15, 0x33, 0x01, 0x90, 0x32, 0x32, 0x64, 0x32, 0x32, 0x32,
	0x32, 0x96, 0x32, 0x32, 0xFE, 0xD4, 0x32, 0x32, 0x96, 0x32, 0x64, 0x03,
	0xE8, 0x64, 0x32, 0x32, 0x64, 0x32, 0x32, 0xFC, 0xE0, 0x02, 0x26, 0xFD,
	0x76, 0x32, 0x32, 0x32, 0x32, 0x02, 0x8A, 0xFD, 0xDA, 0x32, 0x00, 0x02,
	0x00, 0x32, 0x00, 0x00, 0x02, 0x26, 0x03, 0xE8, 0x00, 0x0B, 0x00, 0x1F,
	0x00, 0xA6, 0x4B, 0xB0, 0x21, 0x50, 0x58, 0x40, 0x3A, 0x0E, 0x01, 0x06,
	0x07, 0x0F, 0x0F, 0x06, 0x72, 0x0B, 0x01, 0x09, 0x08, 0x0A, 0x08, 0x09,
	0x72, 0x04, 0x01, 0x00, 0x03, 0x01, 0x01, 0x02, 0x00, 0x01, 0x67, 0x10,
	0x01, 0x05, 0x00, 0x02, 0x07, 0x05, 0x02, 0x67, 0x0C, 0x01, 0x08, 0x08,
	0x07, 0x5F, 0x0D, 0x01, 0x07, 0x07, 0x16, 0x4D, 0x00, 0x0F, 0x0F, 0x0A,
	0x60, 0x00, 0x0A, 0x0A, 0x17, 0x0A, 0x4E, 0x1B, 0x40, 0x3C, 0x0E, 0x01,
	0x06, 0x07, 0x0F, 0x07, 0x06, 0x0F, 0x80, 0x0B, 0x01, 0x09, 0x08, 0x0A,
	0x08, 0x09, 0x0A, 0x80, 0x04, 0x01, 0x00, 0x03, 0x01, 0x01, 0x02, 0x00,
	0x01, 0x67, 0x10, 0x01, 0x05, 0x00, 0x02, 0x07, 0x05, 0x02, 0x67, 0x0C,
	0x01, 0x08, 0x08, 0x07, 0x5F, 0x0D, 0x01, 0x07, 0x07, 0x16, 0x4D, 0x00,
	0x0F, 0x0F, 0x0A, 0x60, 0x00, 0x0A, 0x0A, 0x17, 0x0A, 0x4E, 0x59, 0x40,
	0x22, 0x00, 0x00, 0x1F, 0x1E, 0x1D, 0x1C, 0x1B, 0x1A, 0x19, 0x18, 0x17,
	0x16, 0x15, 0x14, 0x13, 0x12, 0x11, 0x10, 0x0F, 0x0E, 0x0D, 0x0C, 0x00,
	0x0B, 0x00, 0x0B, 0x11, 0x11, 0x11, 0x11, 0x11, 0x11, 0x07, 0x1B, 0x2B,
	0x01, 0x35, 0x33, 0x15, 0x23, 0x15, 0x23, 0x35, 0x23, 0x35, 0x33, 0x15,
	0x13, 0x33, 0x11, 0x33, 0x11, 0x23, 0x15, 0x23, 0x15, 0x21, 0x35, 0x23,
	0x35, 0x23, 0x11, 0x33, 0x11, 0x33, 0x15, 0x33, 0x01, 0x5E, 0x64, 0x32,
	0xC8, 0x32, 0x64, 0x64, 0x32, 0x96, 0x32, 0x32, 0xFE, 0xD4, 0x32, 0x32,
	0x96, 0x32, 0x64, 0x03, 0x84, 0x64, 0x96, 0x32, 0x32, 0x96, 0x64, 0xFD,
	0x44, 0x02, 0x26, 0xFD, 0x76, 0x32, 0x32, 0x32, 0x32, 0x02, 0x8A, 0xFD,
	0xDA, 0x32, 0x00, 0x02, 0x00, 0x32, 0x00, 0x00, 0x02, 0x26, 0x03, 0xE8,
	0x00, 0x0F, 0x00, 0x23, 0x00, 0xB1, 0x4B, 0xB0, 0x21, 0x50, 0x58, 0x40,
	0x41, 0x03, 0x01, 0x01, 0x02, 0x00, 0x00, 0x01, 0x72, 0x10, 0x01, 0x08,
	0x09, 0x11, 0x11, 0x08, 0x72, 0x0D, 0x01, 0x0B, 0x0A, 0x0C, 0x0A, 0x0B,
	0x72, 0x00, 0x02, 0x00, 0x06, 0x05, 0x02, 0x06, 0x67, 0x04, 0x01, 0x00,
	0x07, 0x01, 0x05, 0x09, 0x00, 0x05, 0x68, 0x0E, 0x01, 0x0A, 0x0A, 0x09,
	0x5F, 0x0F, 0x01, 0x09, 0x09, 0x16, 0x4D, 0x00, 0x11, 0x11, 0x0C, 0x60,
	0x00, 0x0C, 0x0C, 0x17, 0x0C, 0x4E, 0x1B, 0x40, 0x44, 0x03, 0x01, 0x01,
	0x02, 0x00, 0x02, 0x01, 0x00, 0x80, 0x10, 0x01, 0x08, 0x09, 0x11, 0x09,
	0x08, 0x11, 0x80, 0x0D, 0x01, 0x0B, 0x0A, 0x0C, 0x0A, 0x0B, 0x0C, 0x80,
	0x00, 0x02, 0x00, 0x06, 0x05, 0x02, 0x06, 0x67, 0x04, 0x01, 0x00, 0x07,
	0x01, 0x05, 0x09, 0x00, 0x05, 0x68, 0x0E, 0x01, 0x0A, 0x0A, 0x09, 0x5F,
	0x0F, 0x01, 0x09, 0x09, 0x16, 0x4D, 0x00, 0x11, 0x11, 0x0C, 0x60, 0x00,
	0x0C, 0x0C, 0x17, 0x0C, 0x4E, 0x59, 0x40, 0x1E, 0x23, 0x22, 0x21, 0x20,
	0x1F, 0x1E, 0x1D, 0x1C, 0x1B, 0x1A, 0x19, 0x18, 0x17, 0x16, 0x15, 0x14,
	0x13, 0x12, 0x11, 0x11, 0x11, 0x11, 0x11, 0x11, 0x11, 0x11, 0x10, 0x12,
	0x07, 0x1F, 0x2B, 0x13, 0x33, 0x35, 0x33, 0x35, 0x33, 0x15, 0x33, 0x15,
	0x33, 0x15, 0x23, 0x35, 0x23, 0x15, 0x23, 0x13, 0x33, 0x11, 0x33, 0x11,
	0x23, 0x15, 0x23, 0x15, 0x21, 0x35, 0x23, 0x35, 0x23, 0x11, 0x33, 0x11,
	0x33, 0x15, 0x33, 0x96, 0x32, 0x32, 0x64, 0x32, 0x32, 0x64, 0x64, 0x64,
	0xC8, 0x32, 0x96, 0x32, 0x32, 0xFE, 0xD4, 0x32, 0x32, 0x96, 0x32, 0x64,
	0x03, 0x84, 0x32, 0x32, 0x32, 0x32, 0x64, 0x32, 0x32, 0xFD, 0xA8, 0x02,
	0x26, 0xFD, 0x76, 0x32, 0x32, 0x32, 0x32, 0x02, 0x8A, 0xFD, 0xDA, 0x32,
	0x00, 0x03, 0x00, 0x32, 0x00, 0x00, 0x02, 0x26, 0x03, 0xE8, 0x00, 0x03,
	0x00, 0x07, 0x00, 0x1B, 0x00, 0x88, 0x4B, 0xB0, 0x21, 0x50, 0x58, 0x40,
	0x31, 0x0C, 0x01, 0x04, 0x05, 0x0D, 0x0D, 0x04, 0x72, 0x09, 0x01, 0x07,
	0x06, 0x08, 0x06, 0x07, 0x72, 0x02, 0x01, 0x00, 0x03, 0x01, 0x01, 0x05,
	0x00, 0x01, 0x67, 0x0A, 0x01, 0x06, 0x06, 0x05, 0x5F, 0x0B, 0x01, 0x05,
	0x05, 0x16, 0x4D, 0x00, 0x0D, 0x0D, 0x08, 0x60, 0x00, 0x08, 0x08, 0x17,
	0x08, 0x4E, 0x1B, 0x40, 0x33, 0x0C, 0x01, 0x04, 0x05, 0x0D, 0x05, 0x04,
	0x0D, 0x80, 0x09, 0x01, 0x07, 0x06, 0x08, 0x06, 0x07, 0x08, 0x80, 0x02,
	0x01, 0x00, 0x03, 0x01, 0x01, 0x05, 0x00, 0x01, 0x67, 0x0A, 0x01, 0x06,
	0x06, 0x05, 0x5F, 0x0B, 0x01, 0x05, 0x05, 0x16, 0x4D, 0x00, 0x0D, 0x0D,
	0x08, 0x60, 0x00, 0x08, 0x08, 0x17, 0x08, 0x4E, 0x59, 0x40, 0x16, 0x1B,
	0x1A, 0x19, 0x18, 0x17, 0x16, 0x15, 0x14, 0x13, 0x12, 0x11, 0x11, 0x11,
	0x11, 0x11, 0x11, 0x11, 0x11, 0x10, 0x0E, 0x07, 0x1F, 0x2B, 0x01, 0x33,
	0x15, 0x23, 0x27, 0x33, 0x15, 0x23, 0x13, 0x33, 0x11, 0x33, 0x11, 0x23,
	0x15, 0x23, 0x15, 0x21, 0x35, 0x23, 0x35, 0x23, 0x11, 0x33, 0x11, 0x33,
	0x15, 0x33, 0x01, 0x5E, 0x96, 0x96, 0xFA, 0x96, 0x96, 0xFA, 0x32, 0x96,
	0x32, 0x32, 0xFE, 0xD4, 0x32, 0x32, 0x96, 0x32, 0x64, 0x03, 0xE8, 0x96,
	0x96, 0x96, 0xFD, 0x76, 0x02, 0x26, 0xFD, 0x76, 0x32, 0x32, 0x32, 0x32,
	0x02, 0x8A, 0xFD, 0xDA, 0x32, 0x00, 0x00, 0x02, 0x00, 0x32, 0x00, 0x00,
	0x02, 0x26, 0x03, 0xE8, 0x00, 0x0B, 0x00, 0x1F, 0x00, 0xB6, 0x4B, 0xB0,
	0x21, 0x50, 0x58, 0x40, 0x45, 0x00, 0x05, 0x04, 0x03, 0x00, 0x05, 0x72,
	0x00, 0x02, 0x00, 0x01, 0x03, 0x02, 0x72, 0x0E, 0x01, 0x06, 0x07, 0x0F,
	0x0F, 0x06, 0x72, 0x0B, 0x01, 0x09, 0x08, 0x0A, 0x08, 0x09, 0x72, 0x00,
	0x04, 0x00, 0x03, 0x00, 0x04, 0x03, 0x67, 0x00, 0x00, 0x00, 0x01, 0x07,
	0x00, 0x01, 0x68, 0x0C, 0x01, 0x08, 0x08, 0x07, 0x5F, 0x0D, 0x01, 0x07,
	0x07, 0x16, 0x4D, 0x00, 0x0F, 0x0F, 0x0A, 0x60, 0x00, 0x0A, 0x0A, 0x17,
	0x0A, 0x4E, 0x1B, 0x40, 0x49, 0x00, 0x05, 0x04, 0x03, 0x04, 0x05, 0x03,
	0x80, 0x00, 0x02, 0x00, 0x01, 0x00, 0x02, 0x01, 0x80, 0x0E, 0x01, 0x06,
	0x07, 0x0F, 0x07, 0x06, 0x0F, 0x80, 0x0B, 0x01, 0x09, 0x08, 0x0A, 0x08,
	0x09, 0x0A, 0x80, 0x00, 0x04, 0x00, 0x03, 0x00, 0x04, 0x03, 0x67, 0x00,
	0x00, 0x00, 0x01, 0x07, 0x00, 0x01, 0x68, 0x0C, 0x01, 0x08, 0x08, 0x07,
	0x5F, 0x0D, 0x01, 0x07, 0x07, 0x16, 0x4D, 0x00, 0x0F, 0x0F, 0x0A, 0x60,
	0x00, 0x0A, 0x0A, 0x17, 0x0A, 0x4E, 0x59, 0x40, 0x1A, 0x1F, 0x1E, 0x1D,
	0x1C, 0x1B, 0x1A, 0x19, 0x18, 0x17, 0x16, 0x15, 0x14, 0x13, 0x12, 0x11,
	0x11, 0x11, 0x11, 0x11, 0x11, 0x11, 0x11, 0x10, 0x10, 0x07, 0x1F, 0x2B,
	0x01, 0x33, 0x15, 0x23, 0x35, 0x23, 0x35, 0x23, 0x35, 0x33, 0x15, 0x33,
	0x11, 0x33, 0x11, 0x33, 0x11, 0x23, 0x15, 0x23, 0x15, 0x21, 0x35, 0x23,
	0x35, 0x23, 0x11, 0x33, 0x11, 0x33, 0x15, 0x33, 0x01, 0x5E, 0x32, 0x64,
	0x32, 0x32, 0x64, 0x32, 0x32, 0x96, 0x32, 0x32, 0xFE, 0xD4, 0x32, 0x32,
	0x96, 0x32, 0x64, 0x03, 0x84, 0x64, 0x32, 0x32, 0x64, 0x32, 0xFD, 0x12,
	0x02, 0x26, 0xFD, 0x76, 0x32, 0x32, 0x32, 0x32, 0x02, 0x8A, 0xFD, 0xDA,
	0x32, 0x00, 0x00, 0x03, 0x00, 0x32, 0x00, 0x00, 0x02, 0x26, 0x03, 0xE8,
	0x00, 0x0B, 0x00, 0x17, 0x00, 0x2B, 0x00, 0xDE, 0x4B, 0xB0, 0x21, 0x50,
	0x58, 0x40, 0x4D, 0x0A, 0x01, 0x04, 0x05, 0x00, 0x03, 0x04, 0x72, 0x07,
	0x01, 0x01, 0x03, 0x02, 0x00, 0x01, 0x72, 0x14, 0x01, 0x0C, 0x0D, 0x15,
	0x15, 0x0C, 0x72, 0x11, 0x01, 0x0F, 0x0E, 0x10, 0x0E, 0x0F, 0x72, 0x17,
	0x0B, 0x16, 0x03, 0x05, 0x06, 0x01, 0x00, 0x03, 0x05, 0x00, 0x67, 0x09,
	0x01, 0x03, 0x08, 0x01, 0x02, 0x0D, 0x03, 0x02, 0x68, 0x12, 0x01, 0x0E,
	0x0E, 0x0D, 0x5F, 0x13, 0x01, 0x0D, 0x0D, 0x16, 0x4D, 0x00, 0x15, 0x15,
	0x10, 0x60, 0x00, 0x10, 0x10, 0x17, 0x10, 0x4E, 0x1B, 0x40, 0x51, 0x0A,
	0x01, 0x04, 0x05, 0x00, 0x05, 0x04, 0x00, 0x80, 0x07, 0x01, 0x01, 0x03,
	0x02, 0x03, 0x01, 0x02, 0x80, 0x14, 0x01, 0x0C, 0x0D, 0x15, 0x0D, 0x0C,
	0x15, 0x80, 0x11, 0x01, 0x0F, 0x0E, 0x10, 0x0E, 0x0F, 0x10, 0x80, 0x17,
	0x0B, 0x16, 0x03, 0x05, 0x06, 0x01, 0x00, 0x03, 0x05, 0x00, 0x67, 0x09,
	0x01, 0x03, 0x08, 0x01, 0x02, 0x0D, 0x03, 0x02, 0x68, 0x12, 0x01, 0x0E,
	0x0E, 0x0D, 0x5F, 0x13, 0x01, 0x0D, 0x0D, 0x16, 0x4D, 0x00, 0x15, 0x15,
	0x10, 0x60, 0x00, 0x10, 0x10, 0x17, 0x10, 0x4E, 0x59, 0x40, 0x32, 0x0C,
	0x0C, 0x00, 0x00, 0x2B, 0x2A, 0x29, 0x28, 0x27, 0x26, 0x25, 0x24, 0x23,
	0x22, 0x21, 0x20, 0x1F, 0x1E, 0x1D, 0x1C, 0x1B, 0x1A, 0x19, 0x18, 0x0C,
	0x17, 0x0C, 0x17, 0x16, 0x15, 0x14, 0x13, 0x12, 0x11, 0x10, 0x0F, 0x0E,
	0x0D, 0x00, 0x0B, 0x00, 0x0B, 0x11, 0x11, 0x11, 0x11, 0x11, 0x18, 0x07,
	0x1B, 0x2B, 0x01, 0x15, 0x23, 0x15, 0x23, 0x15, 0x23, 0x35, 0x33, 0x35,
	0x33, 0x35, 0x23, 0x15, 0x23, 0x15, 0x23, 0x15, 0x23, 0x35, 0x33, 0x35,
	0x33, 0x35, 0x13, 0x33, 0x11, 0x33, 0x11, 0x23, 0x15, 0x23, 0x15, 0x21,
	0x35, 0x23, 0x35, 0x23, 0x11, 0x33, 0x11, 0x33, 0x15, 0x33, 0x01, 0xF4,
	0x32, 0x32, 0x64, 0x32, 0x32, 0x64, 0x32, 0x32, 0x64, 0x32, 0x32, 0x96,
	0x32, 0x96, 0x32, 0x32, 0xFE, 0xD4, 0x32, 0x32, 0x96, 0x32, 0x64, 0x03,
	0xE8, 0x64, 0x32, 0x32, 0x64, 0x32, 0x32, 0x64, 0x32, 0x32, 0x64, 0x32,
	0x32, 0xFC, 0xE0, 0x02, 0x26, 0xFD, 0x76, 0x32, 0x32, 0x32, 0x32, 0x02,
	0x8A, 0xFD, 0xDA, 0x32, 0x00, 0x02, 0x00, 0x32, 0x00, 0x00, 0x02, 0x26,
	0x03, 0xB6, 0x00, 0x03, 0x00, 0x17, 0x00, 0x80, 0x4B, 0xB0, 0x21, 0x50,
	0x58, 0x40, 0x2F, 0x0A, 0x01, 0x02, 0x03, 0x0B, 0x0B, 0x02, 0x72, 0x07,
	0x01, 0x05, 0x04, 0x06, 0x04, 0x05, 0x72, 0x00, 0x00, 0x00, 0x01, 0x03,
	0x00, 0x01, 0x67, 0x08, 0x01, 0x04, 0x04, 0x03, 0x5F, 0x09, 0x01, 0x03,
	0x03, 0x16, 0x4D, 0x00, 0x0B, 0x0B, 0x06, 0x60, 0x00, 0x06, 0x06, 0x17,
	0x06, 0x4E, 0x1B, 0x40, 0x31, 0x0A, 0x01, 0x02, 0x03, 0x0B, 0x03, 0x02,
	0x0B, 0x80, 0x07, 0x01, 0x05, 0x04, 0x06, 0x04, 0x05, 0x06, 0x80, 0x00,
	0x00, 0x00, 0x01, 0x03, 0x00, 0x01, 0x67, 0x08, 0x01, 0x04, 0x04, 0x03,
	0x5F, 0x09, 0x01, 0x03, 0x03, 0x16, 0x4D, 0x00, 0x0B, 0x0B, 0x06, 0x60,
	0x00, 0x06, 0x06, 0x17, 0x06, 0x4E, 0x59, 0x40, 0x12, 0x17, 0x16, 0x15,
	0x14, 0x13, 0x12, 0x11, 0x11, 0x11, 0x11, 0x11, 0x11, 0x11, 0x11, 0x10,
	0x0C, 0x07, 0x1F, 0x2B, 0x13, 0x21, 0x15, 0x21, 0x13, 0x33, 0x11, 0x33,
	0x11, 0x23, 0x15, 0x23, 0x15, 0x21, 0x35, 0x23, 0x35, 0x23, 0x11, 0x33,
	0x11, 0x33, 0x15, 0x33, 0x96, 0x01, 0x2C, 0xFE, 0xD4, 0xC8, 0x32, 0x96,
	0x32, 0x32, 0xFE, 0xD4, 0x32, 0x32, 0x96, 0x32, 0x64, 0x03, 0xB6, 0x64,
	0xFD, 0x76, 0x02, 0x26, 0xFD, 0x76, 0x32, 0x32, 0x32, 0x32, 0x02, 0x8A,
	0xFD, 0xDA, 0x32, 0x00, 0x00, 0x01, 0x00, 0x32, 0xFF, 0x06, 0x02, 0x26,
	0x02, 0xEE, 0x00, 0x23, 0x01, 0x16, 0x4B, 0xB0, 0x10, 0x50, 0x58, 0x40,
	0x48, 0x0A, 0x01, 0x02, 0x03, 0x01, 0x03, 0x02, 0x72, 0x00, 0x00, 0x0C,
	0x0D, 0x0E, 0x00, 0x72, 0x00, 0x0D, 0x11, 0x01, 0x0D, 0x70, 0x07, 0x01,
	0x05, 0x00, 0x0C, 0x00, 0x05, 0x0C, 0x67, 0x00, 0x0E, 0x00, 0x0F, 0x0E,
	0x0F, 0x64, 0x09, 0x01, 0x03, 0x03, 0x04, 0x5F, 0x08, 0x01, 0x04, 0x04,
	0x16, 0x4D, 0x00, 0x06, 0x06, 0x01, 0x60, 0x0B, 0x01, 0x01, 0x01, 0x17,
	0x4D, 0x12, 0x01, 0x11, 0x11, 0x10, 0x5F, 0x00, 0x10, 0x10, 0x1B, 0x10,
	0x4E, 0x1B, 0x4B, 0xB0, 0x21, 0x50, 0x58, 0x40, 0x4A, 0x0A, 0x01, 0x02,
	0x03, 0x01, 0x03, 0x02, 0x72, 0x00, 0x00, 0x0C, 0x0D, 0x0C, 0x00, 0x0D,
	0x80, 0x00, 0x0D, 0x11, 0x0C, 0x0D, 0x11, 0x7E, 0x07, 0x01, 0x05, 0x00,
	0x0C, 0x00, 0x05, 0x0C, 0x67, 0x00, 0x0E, 0x00, 0x0F, 0x0E, 0x0F, 0x64,
	0x09, 0x01, 0x03, 0x03, 0x04, 0x5F, 0x08, 0x01, 0x04, 0x04, 0x16, 0x4D,
	0x00, 0x06, 0x06, 0x01, 0x60, 0x0B, 0x01, 0x01, 0x01, 0x17, 0x4D, 0x12,
	0x01, 0x11, 0x11, 0x10, 0x5F, 0x00, 0x10, 0x10, 0x1B, 0x10, 0x4E, 0x1B,
	0x40, 0x4B, 0x0A, 0x01, 0x02, 0x03, 0x01, 0x03, 0x02, 0x01, 0x80, 0x00,
	0x00, 0x0C, 0x0D, 0x0C, 0x00, 0x0D, 0x80, 0x00, 0x0D, 0x11, 0x0C, 0x0D,
	0x11, 0x7E, 0x07, 0x01, 0x05, 0x00, 0x0C, 0x00, 0x05, 0x0C, 0x67, 0x00,
	0x0E, 0x00, 0x0F, 0x0E, 0x0F, 0x64, 0x09, 0x01, 0x03, 0x03, 0x04, 0x5F,
	0x08, 0x01, 0x04, 0x04, 0x16, 0x4D, 0x00, 0x06, 0x06, 0x01, 0x60, 0x0B,
	0x01, 0x01, 0x01, 0x17, 0x4D, 0x12, 0x01, 0x11, 0x11, 0x10, 0x5F, 0x00,
	0x10, 0x10, 0x1B, 0x10, 0x4E, 0x59, 0x59, 0x40, 0x22, 0x00, 0x00, 0x00,
	0x23, 0x00, 0x23, 0x22, 0x21, 0x20, 0x1F, 0x1E, 0x1D, 0x1C, 0x1B, 0x1A,
	0x19, 0x18, 0x17, 0x16, 0x15, 0x14, 0x13, 0x11, 0x11, 0x11, 0x11, 0x11,
	0x11, 0x11, 0x11, 0x11, 0x13, 0x07, 0x1F, 0x2B, 0x17, 0x35, 0x33, 0x35,
	0x23, 0x35, 0x23, 0x35, 0x23, 0x11, 0x33, 0x11, 0x33, 0x15, 0x33, 0x35,
	0x33, 0x11, 0x33, 0x11, 0x23, 0x15, 0x23, 0x15, 0x23, 0x15, 0x23, 0x15,
	0x23, 0x15, 0x33, 0x15, 0x23, 0x35, 0x23, 0x35, 0xFA, 0x32, 0x96, 0x32,
	0x32, 0x96, 0x32, 0x64, 0x32, 0x96, 0x32, 0x32, 0x32, 0x32, 0x32, 0x96,
	0xC8, 0x32, 0x64, 0x32, 0x32, 0x32, 0x32, 0x02, 0x8A, 0xFD, 0xDA, 0x32,
	0x32, 0x02, 0x26, 0xFD, 0x76, 0x32, 0x32, 0x32, 0x32, 0x32, 0x64, 0x32,
	0x64, 0x00, 0x00, 0x03, 0x00, 0x32, 0x00, 0x00, 0x02, 0x26, 0x04, 0x1A,
	0x00, 0x03, 0x00, 0x17, 0x00, 0x27, 0x01, 0x27, 0x4B, 0xB0, 0x0B, 0x50,
	0x58, 0x40, 0x4A, 0x10, 0x01, 0x0E, 0x0F, 0x00, 0x01, 0x0E, 0x72, 0x0A,
	0x01, 0x02, 0x03, 0x0B, 0x0B, 0x02, 0x72, 0x07, 0x01, 0x05, 0x04, 0x06,
	0x04, 0x05, 0x72, 0x00, 0x0F, 0x00, 0x00, 0x0D, 0x0F, 0x00, 0x67, 0x11,
	0x01, 0x0D, 0x12, 0x01, 0x0C, 0x01, 0x0D, 0x0C, 0x67, 0x14, 0x01, 0x01,
	0x00, 0x13, 0x03, 0x01, 0x13, 0x68, 0x08, 0x01, 0x04, 0x04, 0x03, 0x5F,
	0x09, 0x01, 0x03, 0x03, 0x16, 0x4D, 0x00, 0x0B, 0x0B, 0x06, 0x60, 0x00,
	0x06, 0x06, 0x17, 0x06, 0x4E, 0x1B, 0x4B, 0xB0, 0x21, 0x50, 0x58, 0x40,
	0x4B, 0x10, 0x01, 0x0E, 0x0F, 0x00, 0x0F, 0x0E, 0x00, 0x80, 0x0A, 0x01,
	0x02, 0x03, 0x0B, 0x0B, 0x02, 0x72, 0x07, 0x01, 0x05, 0x04, 0x06, 0x04,
	0x05, 0x72, 0x00, 0x0F, 0x00, 0x00, 0x0D, 0x0F, 0x00, 0x67, 0x11, 0x01,
	0x0D, 0x12, 0x01, 0x0C, 0x01, 0x0D, 0x0C, 0x67, 0x14, 0x01, 0x01, 0x00,
	0x13, 0x03, 0x01, 0x13, 0x68, 0x08, 0x01, 0x04, 0x04, 0x03, 0x5F, 0x09,
	0x01, 0x03, 0x03, 0x16, 0x4D, 0x00, 0x0B, 0x0B, 0x06, 0x60, 0x00, 0x06,
	0x06, 0x17, 0x06, 0x4E, 0x1B, 0x40, 0x4D, 0x10, 0x01, 0x0E, 0x0F, 0x00,
	0x0F, 0x0E, 0x00, 0x80, 0x0A, 0x01, 0x02, 0x03, 0x0B, 0x03, 0x02, 0x0B,
	0x80, 0x07, 0x01, 0x05, 0x04, 0x06, 0x04, 0x05, 0x06, 0x80, 0x00, 0x0F,
	0x00, 0x00, 0x0D, 0x0F, 0x00, 0x67, 0x11, 0x01, 0x0D, 0x12, 0x01, 0x0C,
	0x01, 0x0D, 0x0C, 0x67, 0x14, 0x01, 0x01, 0x00, 0x13, 0x03, 0x01, 0x13,
	0x68, 0x08, 0x01, 0x04, 0x04, 0x03, 0x5F, 0x09, 0x01, 0x03, 0x03, 0x16,
	0x4D, 0x00, 0x0B, 0x0B, 0x06, 0x60, 0x00, 0x06, 0x06, 0x17, 0x06, 0x4E,
	0x59, 0x59, 0x40, 0x2E, 0x00, 0x00, 0x27, 0x26, 0x25, 0x24, 0x23, 0x22,
	0x21, 0x20, 0x1F, 0x1E, 0x1D, 0x1C, 0x1B, 0x1A, 0x19, 0x18, 0x17, 0x16,
	0x15, 0x14, 0x13, 0x12, 0x11, 0x10, 0x0F, 0x0E, 0x0D, 0x0C, 0x0B, 0x0A,
	0x09, 0x08, 0x07, 0x06, 0x05, 0x04, 0x00, 0x03, 0x00, 0x03, 0x11, 0x15,
	0x07, 0x17, 0x2B, 0x01, 0x35, 0x23, 0x15, 0x13, 0x33, 0x11, 0x33, 0x11,
	0x23, 0x15, 0x23, 0x15, 0x21, 0x35, 0x23, 0x35, 0x23, 0x11, 0x33, 0x11,
	0x33, 0x15, 0x33, 0x03, 0x23, 0x35, 0x33, 0x35, 0x33, 0x35, 0x33, 0x15,
	0x33, 0x15, 0x33, 0x15, 0x23, 0x15, 0x23, 0x01, 0x5E, 0x64, 0x64, 0x32,
	0x96, 0x32, 0x32, 0xFE, 0xD4, 0x32, 0x32, 0x96, 0x32, 0x64, 0x96, 0x32,
	0x32, 0x32, 0x64, 0x32, 0x32, 0x32, 0xC8, 0x03, 0x52, 0x64, 0x64, 0xFD,
	0x76, 0x02, 0x26, 0xFD, 0x76, 0x32, 0x32, 0x32, 0x32, 0x02, 0x8A, 0xFD,
	0xDA, 0x32, 0x02, 0xBC, 0x64, 0x32, 0x32, 0x32, 0x32, 0x64, 0x32, 0x00,
	0x00, 0x01, 0x00, 0x32, 0x00, 0x00, 0x02, 0x26, 0x02, 0xEE, 0x00, 0x1B,
	0x00, 0xC0, 0x4B, 0xB0, 0x10, 0x50, 0x58, 0x40, 0x30, 0x08, 0x01, 0x00,
	0x04, 0x09, 0x01, 0x00, 0x72, 0x0D, 0x01, 0x09, 0x0A, 0x01, 0x09, 0x70,
	0x05, 0x01, 0x03, 0x0C, 0x01, 0x0A, 0x0B, 0x03, 0x0A, 0x67, 0x07, 0x01,
	0x01, 0x01, 0x02, 0x5F, 0x06, 0x01, 0x02, 0x02, 0x16, 0x4D, 0x00, 0x04,
	0x04, 0x0B, 0x5F, 0x00, 0x0B, 0x0B, 0x17, 0x0B, 0x4E, 0x1B, 0x4B, 0xB0,
	0x21, 0x50, 0x58, 0x40, 0x31, 0x08, 0x01, 0x00, 0x04, 0x09, 0x01, 0x00,
	0x72, 0x0D, 0x01, 0x09, 0x0A, 0x04, 0x09, 0x0A, 0x7E, 0x05, 0x01, 0x03,
	0x0C, 0x01, 0x0A, 0x0B, 0x03, 0x0A, 0x67, 0x07, 0x01, 0x01, 0x01, 0x02,
	0x5F, 0x06, 0x01, 0x02, 0x02, 0x16, 0x4D, 0x00, 0x04, 0x04, 0x0B, 0x5F,
	0x00, 0x0B, 0x0B, 0x17, 0x0B, 0x4E, 0x1B, 0x40, 0x32, 0x08, 0x01, 0x00,
	0x04, 0x09, 0x04, 0x00, 0x09, 0x80, 0x0D, 0x01, 0x09, 0x0A, 0x04, 0x09,
	0x0A, 0x7E, 0x05, 0x01, 0x03, 0x0C, 0x01, 0x0A, 0x0B, 0x03, 0x0A, 0x67,
	0x07, 0x01, 0x01, 0x01, 0x02, 0x5F, 0x06, 0x01, 0x02, 0x02, 0x16, 0x4D,
	0x00, 0x04, 0x04, 0x0B, 0x5F, 0x00, 0x0B, 0x0B, 0x17, 0x0B, 0x4E, 0x59,
	0x59, 0x40, 0x16, 0x1B, 0x1A, 0x19, 0x18, 0x17, 0x16, 0x15, 0x14, 0x13,
	0x12, 0x11, 0x11, 0x11, 0x11, 0x11, 0x11, 0x11, 0x11, 0x10, 0x0E, 0x07,
	0x1F, 0x2B, 0x37, 0x23, 0x35, 0x23, 0x11, 0x33, 0x11, 0x33, 0x15, 0x33,
	0x35, 0x33, 0x11, 0x33, 0x11, 0x23, 0x15, 0x23, 0x15, 0x23, 0x15, 0x23,
	0x15, 0x23, 0x35, 0x23, 0x35, 0x23, 0x96, 0x32, 0x32, 0x96, 0x32, 0x64,
	0x32, 0x96, 0x32, 0x32, 0x32, 0x32, 0x64, 0x32, 0x32, 0x96, 0x32, 0x02,
	0x26, 0xFE, 0x0C, 0x32, 0x32, 0x01, 0xF4, 0xFD, 0xDA, 0x32, 0x32, 0x32,
	0x32, 0x32, 0x32, 0x00, 0x00, 0x01, 0x00, 0x32, 0x00, 0x00, 0x03, 0x20,
	0x02, 0xEE, 0x00, 0x2F, 0x00, 0xB9, 0x4B, 0xB0, 0x21, 0x50, 0x58, 0x40,
	0x40, 0x17, 0x13, 0x11, 0x03, 0x0D, 0x00, 0x0E, 0x00, 0x0D, 0x72, 0x09,
	0x07, 0x05, 0x03, 0x03, 0x16, 0x14, 0x10, 0x03, 0x0E, 0x0F, 0x03, 0x0E,
	0x67, 0x0B, 0x01, 0x01, 0x01, 0x02, 0x5F, 0x0A, 0x06, 0x02, 0x02, 0x02,
	0x16, 0x4D, 0x12, 0x0C, 0x02, 0x00, 0x00, 0x02, 0x5F, 0x0A, 0x06, 0x02,
	0x02, 0x02, 0x16, 0x4D, 0x08, 0x01, 0x04, 0x04, 0x0F, 0x5F, 0x15, 0x01,
	0x0F, 0x0F, 0x17, 0x0F, 0x4E, 0x1B, 0x40, 0x41, 0x17, 0x13, 0x11, 0x03,
	0x0D, 0x00, 0x0E, 0x00, 0x0D, 0x0E, 0x80, 0x09, 0x07, 0x05, 0x03, 0x03,
	0x16, 0x14, 0x10, 0x03, 0x0E, 0x0F, 0x03, 0x0E, 0x67, 0x0B, 0x01, 0x01,
	0x01, 0x02, 0x5F, 0x0A, 0x06, 0x02, 0x02, 0x02, 0x16, 0x4D, 0x12, 0x0C,
	0x02, 0x00, 0x00, 0x02, 0x5F, 0x0A, 0x06, 0x02, 0x02, 0x02, 0x16, 0x4D,
	0x08, 0x01, 0x04, 0x04, 0x0F, 0x5F, 0x15, 0x01, 0x0F, 0x0F, 0x17, 0x0F,
	0x4E, 0x59, 0x40, 0x2A, 0x2F, 0x2E, 0x2D, 0x2C, 0x2B, 0x2A, 0x29, 0x28,
	0x27, 0x26, 0x25, 0x24, 0x23, 0x22, 0x21, 0x20, 0x1F, 0x1E, 0x1D, 0x1C,
	0x1B, 0x1A, 0x19, 0x18, 0x17, 0x16, 0x15, 0x14, 0x13, 0x12, 0x11, 0x11,
	0x11, 0x11, 0x11, 0x11, 0x11, 0x11, 0x10, 0x18, 0x07, 0x1F, 0x2B, 0x37,
	0x23, 0x35, 0x23, 0x11, 0x33, 0x11, 0x33, 0x15, 0x33, 0x35, 0x33, 0x11,
	0x33, 0x11, 0x33, 0x15, 0x33, 0x35, 0x33, 0x11, 0x33, 0x11, 0x23, 0x15,
	0x23, 0x15, 0x23, 0x15, 0x23, 0x15, 0x23, 0x35, 0x23, 0x35, 0x23, 0x35,
	0x23, 0x15, 0x23, 0x15, 0x23, 0x15, 0x23, 0x35, 0x23, 0x35, 0x23, 0x96,
	0x32, 0x32, 0x96, 0x32, 0x32, 0x32, 0x96, 0x32, 0x32, 0x32, 0x96, 0x32,
	0x32, 0x32, 0x32, 0x32, 0x32, 0x32, 0x32, 0x32, 0x32, 0x32, 0x32, 0x32,
	0x96, 0x32, 0x02, 0x26, 0xFE, 0x0C, 0x32, 0x32, 0x01, 0xF4, 0xFE, 0x0C,
	0x32, 0x32, 0x01, 0xF4, 0xFD, 0xDA, 0x32, 0x32, 0x32, 0x32, 0x32, 0x32,
	0x32, 0x32, 0x32, 0x32, 0x32, 0x32, 0x00, 0x02, 0x00, 0x32, 0x00, 0x00,
	0x03, 0x20, 0x03, 0xE8, 0x00, 0x0B, 0x00, 0x3B, 0x01, 0x0D, 0x4B, 0xB0,
	0x21, 0x50, 0x58, 0x40, 0x5F, 0x00, 0x04, 0x05, 0x00, 0x03, 0x04, 0x72,
	0x00, 0x01, 0x03, 0x02, 0x00, 0x01, 0x72, 0x1D, 0x19, 0x17, 0x03, 0x13,
	0x06, 0x14, 0x06, 0x13, 0x72, 0x1E, 0x01, 0x05, 0x00, 0x00, 0x03, 0x05,
	0x00, 0x67, 0x00, 0x03, 0x00, 0x02, 0x08, 0x03, 0x02, 0x68, 0x0F, 0x0D,
	0x0B, 0x03, 0x09, 0x1C, 0x1A, 0x16, 0x03, 0x14, 0x15, 0x09, 0x14, 0x67,
	0x11, 0x01, 0x07, 0x07, 0x08, 0x5F, 0x10, 0x0C, 0x02, 0x08, 0x08, 0x16,
	0x4D, 0x18, 0x12, 0x02, 0x06, 0x06, 0x08, 0x5F, 0x10, 0x0C, 0x02, 0x08,
	0x08, 0x16, 0x4D, 0x0E, 0x01, 0x0A, 0x0A, 0x15, 0x5F, 0x1B, 0x01, 0x15,
	0x15, 0x17, 0x15, 0x4E, 0x1B, 0x40, 0x62, 0x00, 0x04, 0x05, 0x00, 0x05,
	0x04, 0x00, 0x80, 0x00, 0x01, 0x03, 0x02, 0x03, 0x01, 0x02, 0x80, 0x1D,
	0x19, 0x17, 0x03, 0x13, 0x06, 0x14, 0x06, 0x13, 0x14, 0x80, 0x1E, 0x01,
	0x05, 0x00, 0x00, 0x03, 0x05, 0x00, 0x67, 0x00, 0x03, 0x00, 0x02, 0x08,
	0x03, 0x02, 0x68, 0x0F, 0x0D, 0x0B, 0x03, 0x09, 0x1C, 0x1A, 0x16, 0x03,
	0x14, 0x15, 0x09, 0x14, 0x67, 0x11, 0x01, 0x07, 0x07, 0x08, 0x5F, 0x10,
	0x0C, 0x02, 0x08, 0x08, 0x16, 0x4D, 0x18, 0x12, 0x02, 0x06, 0x06, 0x08,
	0x5F, 0x10, 0x0C, 0x02, 0x08, 0x08, 0x16, 0x4D, 0x0E, 0x01, 0x0A, 0x0A,
	0x15, 0x5F, 0x1B, 0x01, 0x15, 0x15, 0x17, 0x15, 0x4E, 0x59, 0x40, 0x3E,
	0x00, 0x00, 0x3B, 0x3A, 0x39, 0x38, 0x37, 0x36, 0x35, 0x34, 0x33, 0x32,
	0x31, 0x30, 0x2F, 0x2E, 0x2D, 0x2C, 0x2B, 0x2A, 0x29, 0x28, 0x27, 0x26,
	0x25, 0x24, 0x23, 0x22, 0x21, 0x20, 0x1F, 0x1E, 0x1D, 0x1C, 0x1B, 0x1A,
	0x19, 0x18, 0x17, 0x16, 0x15, 0x14, 0x13, 0x12, 0x11, 0x10, 0x0F, 0x0E,
	0x0D, 0x0C, 0x00, 0x0B, 0x00, 0x0B, 0x11, 0x11, 0x11, 0x11, 0x11, 0x1F,
	0x07, 0x1B, 0x2B, 0x01, 0x15, 0x23, 0x15, 0x23, 0x15, 0x23, 0x35, 0x33,
	0x35, 0x33, 0x35, 0x01, 0x23, 0x35, 0x23, 0x11, 0x33, 0x11, 0x33, 0x15,
	0x33, 0x35, 0x33, 0x11, 0x33, 0x11, 0x33, 0x15, 0x33, 0x35, 0x33, 0x11,
	0x33, 0x11, 0x23, 0x15, 0x23, 0x15, 0x23, 0x15, 0x23, 0x15, 0x23, 0x35,
	0x23, 0x35, 0x23, 0x35, 0x23, 0x15, 0x23, 0x15, 0x23, 0x15, 0x23, 0x35,
	0x23, 0x35, 0x23, 0x02, 0x26, 0x32, 0x32, 0x64, 0x32, 0x32, 0xFE, 0xD4,
	0x32, 0x32, 0x96, 0x32, 0x32, 0x32, 0x96, 0x32, 0x32, 0x32, 0x96, 0x32,
	0x32, 0x32, 0x32, 0x32, 0x32, 0x32, 0x32, 0x32, 0x32, 0x32, 0x32, 0x32,
	0x03, 0xE8, 0x64, 0x32, 0x32, 0x64, 0x32, 0x32, 0xFC, 0xAE, 0x32, 0x02,
	0x26, 0xFE, 0x0C, 0x32, 0x32, 0x01, 0xF4, 0xFE, 0x0C, 0x32, 0x32, 0x01,
	0xF4, 0xFD, 0xDA, 0x32, 0x32, 0x32, 0x32, 0x32, 0x32, 0x32, 0x32, 0x32,
	0x32, 0x32, 0x32, 0x00, 0x00, 0x02, 0x00, 0x32, 0x00, 0x00, 0x03, 0x20,
	0x03, 0xE8, 0x00, 0x13, 0x00, 0x43, 0x01, 0x13, 0x4B, 0xB0, 0x21, 0x50,
	0x58, 0x40, 0x62, 0x03, 0x01, 0x01, 0x02, 0x07, 0x00, 0x01, 0x72, 0x08,
	0x01, 0x06, 0x00, 0x05, 0x07, 0x06, 0x72, 0x21, 0x1D, 0x1B, 0x03, 0x17,
	0x0A, 0x18, 0x0A, 0x17, 0x72, 0x00, 0x02, 0x00, 0x07, 0x00, 0x02, 0x07,
	0x67, 0x04, 0x01, 0x00, 0x09, 0x01, 0x05, 0x0C, 0x00, 0x05, 0x68, 0x13,
	0x11, 0x0F, 0x03, 0x0D, 0x20, 0x1E, 0x1A, 0x03, 0x18, 0x19, 0x0D, 0x18,
	0x67, 0x15, 0x01, 0x0B, 0x0B, 0x0C, 0x5F, 0x14, 0x10, 0x02, 0x0C, 0x0C,
	0x16, 0x4D, 0x1C, 0x16, 0x02, 0x0A, 0x0A, 0x0C, 0x5F, 0x14, 0x10, 0x02,
	0x0C, 0x0C, 0x16, 0x4D, 0x12, 0x01, 0x0E, 0x0E, 0x19, 0x5F, 0x1F, 0x01,
	0x19, 0x19, 0x17, 0x19, 0x4E, 0x1B, 0x40, 0x65, 0x03, 0x01, 0x01, 0x02,
	0x07, 0x02, 0x01, 0x07, 0x80, 0x08, 0x01, 0x06, 0x00, 0x05, 0x00, 0x06,
	0x05, 0x80, 0x21, 0x1D, 0x1B, 0x03, 0x17, 0x0A, 0x18, 0x0A, 0x17, 0x18,
	0x80, 0x00, 0x02, 0x00, 0x07, 0x00, 0x02, 0x07, 0x67, 0x04, 0x01, 0x00,
	0x09, 0x01, 0x05, 0x0C, 0x00, 0x05, 0x68, 0x13, 0x11, 0x0F, 0x03, 0x0D,
	0x20, 0x1E, 0x1A, 0x03, 0x18, 0x19, 0x0D, 0x18, 0x67, 0x15, 0x01, 0x0B,
	0x0B, 0x0C, 0x5F, 0x14, 0x10, 0x02, 0x0C, 0x0C, 0x16, 0x4D, 0x1C, 0x16,
	0x02, 0x0A, 0x0A, 0x0C, 0x5F, 0x14, 0x10, 0x02, 0x0C, 0x0C, 0x16, 0x4D,
	0x12, 0x01, 0x0E, 0x0E, 0x19, 0x5F, 0x1F, 0x01, 0x19, 0x19, 0x17, 0x19,
	0x4E, 0x59, 0x40, 0x3E, 0x43, 0x42, 0x41, 0x40, 0x3F, 0x3E, 0x3D, 0x3C,
	0x3B, 0x3A, 0x39, 0x38, 0x37, 0x36, 0x35, 0x34, 0x33, 0x32, 0x31, 0x30,
	0x2F, 0x2E, 0x2D, 0x2C, 0x2B, 0x2A, 0x29, 0x28, 0x27, 0x26, 0x25, 0x24,
	0x23, 0x22, 0x21, 0x20, 0x1F, 0x1E, 0x1D, 0x1C, 0x1B, 0x1A, 0x19, 0x18,
	0x17, 0x16, 0x15, 0x14, 0x13, 0x12, 0x11, 0x11, 0x11, 0x11, 0x11, 0x11,
	0x11, 0x11, 0x10, 0x22, 0x07, 0x1F, 0x2B, 0x13, 0x33, 0x35, 0x33, 0x35,
	0x33, 0x15, 0x33, 0x15, 0x33, 0x15, 0x23, 0x35, 0x23, 0x35, 0x23, 0x15,
	0x23, 0x15, 0x23, 0x03, 0x23, 0x35, 0x23, 0x11, 0x33, 0x11, 0x33, 0x15,
	0x33, 0x35, 0x33, 0x11, 0x33, 0x11, 0x33, 0x15, 0x33, 0x35, 0x33, 0x11,
	0x33, 0x11, 0x23, 0x15, 0x23, 0x15, 0x23, 0x15, 0x23, 0x15, 0x23, 0x35,
	0x23, 0x35, 0x23, 0x35, 0x23, 0x15, 0x23, 0x15, 0x23, 0x15, 0x23, 0x35,
	0x23, 0x35, 0x23, 0xFA, 0x32, 0x32, 0x96, 0x32, 0x32, 0x64, 0x32, 0x32,
	0x32, 0x64, 0x64, 0x32, 0x32, 0x96, 0x32, 0x32, 0x32, 0x96, 0x32, 0x32,
	0x32, 0x96, 0x32, 0x32, 0x32, 0x32, 0x32, 0x32, 0x32, 0x32, 0x32, 0x32,
	0x32, 0x32, 0x32, 0x03, 0x84, 0x32, 0x32, 0x32, 0x32, 0x64, 0x32, 0x32,
	0x32, 0x32, 0xFD, 0x76, 0x32, 0x02, 0x26, 0xFE, 0x0C, 0x32, 0x32, 0x01,
	0xF4, 0xFE, 0x0C, 0x32, 0x32, 0x01, 0xF4, 0xFD, 0xDA, 0x32, 0x32, 0x32,
	0x32, 0x32, 0x32, 0x32, 0x32, 0x32, 0x32, 0x32, 0x32, 0x00, 0x00, 0x03,
	0x00, 0x32, 0x00, 0x00, 0x03, 0x20, 0x03, 0xB6, 0x00, 0x03, 0x00, 0x07,
	0x00, 0x37, 0x00, 0xD5, 0x4B, 0xB0, 0x21, 0x50, 0x58, 0x40, 0x4A, 0x1B,
	0x17, 0x15, 0x03, 0x11, 0x04, 0x12, 0x04, 0x11, 0x72, 0x02, 0x01, 0x00,
	0x03, 0x01, 0x01, 0x06, 0x00, 0x01, 0x67, 0x0D, 0x0B, 0x09, 0x03, 0x07,
	0x1A, 0x18, 0x14, 0x03, 0x12, 0x13, 0x07, 0x12, 0x67, 0x0F, 0x01, 0x05,
	0x05, 0x06, 0x5F, 0x0E, 0x0A, 0x02, 0x06, 0x06, 0x16, 0x4D, 0x16, 0x10,
	0x02, 0x04, 0x04, 0x06, 0x5F, 0x0E, 0x0A, 0x02, 0x06, 0x06, 0x16, 0x4D,
	0x0C, 0x01, 0x08, 0x08, 0x13, 0x5F, 0x19, 0x01, 0x13, 0x13, 0x17, 0x13,
	0x4E, 0x1B, 0x40, 0x4B, 0x1B, 0x17, 0x15, 0x03, 0x11, 0x04, 0x12, 0x04,
	0x11, 0x12, 0x80, 0x02, 0x01, 0x00, 0x03, 0x01, 0x01, 0x06, 0x00, 0x01,
	0x67, 0x0D, 0x0B, 0x09, 0x03, 0x07, 0x1A, 0x18, 0x14, 0x03, 0x12, 0x13,
	0x07, 0x12, 0x67, 0x0F, 0x01, 0x05, 0x05, 0x06, 0x5F, 0x0E, 0x0A, 0x02,
	0x06, 0x06, 0x16, 0x4D, 0x16, 0x10, 0x02, 0x04, 0x04, 0x06, 0x5F, 0x0E,
	0x0A, 0x02, 0x06, 0x06, 0x16, 0x4D, 0x0C, 0x01, 0x08, 0x08, 0x13, 0x5F,
	0x19, 0x01, 0x13, 0x13, 0x17, 0x13, 0x4E, 0x59, 0x40, 0x32, 0x37, 0x36,
	0x35, 0x34, 0x33, 0x32, 0x31, 0x30, 0x2F, 0x2E, 0x2D, 0x2C, 0x2B, 0x2A,
	0x29, 0x28, 0x27, 0x26, 0x25, 0x24, 0x23, 0x22, 0x21, 0x20, 0x1F, 0x1E,
	0x1D, 0x1C, 0x1B, 0x1A, 0x19, 0x18, 0x17, 0x16, 0x15, 0x14, 0x13, 0x12,
	0x11, 0x11, 0x11, 0x11, 0x11, 0x11, 0x11, 0x11, 0x10, 0x1C, 0x07, 0x1F,
	0x2B, 0x01, 0x33, 0x15, 0x23, 0x27, 0x33, 0x15, 0x23, 0x03, 0x23, 0x35,
	0x23, 0x11, 0x33, 0x11, 0x33, 0x15, 0x33, 0x35, 0x33, 0x11, 0x33, 0x11,
	0x33, 0x15, 0x33, 0x35, 0x33, 0x11, 0x33, 0x11, 0x23, 0x15, 0x23, 0x15,
	0x23, 0x15, 0x23, 0x15, 0x23, 0x35, 0x23, 0x35, 0x23, 0x35, 0x23, 0x15,
	0x23, 0x15, 0x23, 0x15, 0x23, 0x35, 0x23, 0x35, 0x23, 0x01, 0xC2, 0x96,
	0x96, 0xC8, 0x96, 0x96, 0x64, 0x32, 0x32, 0x96, 0x32, 0x32, 0x32, 0x96,
	0x32, 0x32, 0x32, 0x96, 0x32, 0x32, 0x32, 0x32, 0x32, 0x32, 0x32, 0x32,
	0x32, 0x32, 0x32, 0x32, 0x32, 0x03, 0xB6, 0x96, 0x96, 0x96, 0xFD, 0x76,
	0x32, 0x02, 0x26, 0xFE, 0x0C, 0x32, 0x32, 0x01, 0xF4, 0xFE, 0x0C, 0x32,
	0x32, 0x01, 0xF4, 0xFD, 0xDA, 0x32, 0x32, 0x32, 0x32, 0x32, 0x32, 0x32,
	0x32, 0x32, 0x32, 0x32, 0x32, 0x00, 0x00, 0x02, 0x00, 0x32, 0x00, 0x00,
	0x03, 0x20, 0x03, 0xE8, 0x00, 0x0B, 0x00, 0x3B, 0x01, 0x03, 0x4B, 0xB0,
	0x21, 0x50, 0x58, 0x40, 0x5E, 0x00, 0x05, 0x04, 0x03, 0x00, 0x05, 0x72,
	0x00, 0x02, 0x00, 0x01, 0x03, 0x02, 0x72, 0x1D, 0x19, 0x17, 0x03, 0x13,
	0x06, 0x14, 0x06, 0x13, 0x72, 0x00, 0x04, 0x00, 0x03, 0x00, 0x04, 0x03,
	0x67, 0x00, 0x00, 0x00, 0x01, 0x08, 0x00, 0x01, 0x68, 0x0F, 0x0D, 0x0B,
	0x03, 0x09, 0x1C, 0x1A, 0x16, 0x03, 0x14, 0x15, 0x09, 0x14, 0x67, 0x11,
	0x01, 0x07, 0x07, 0x08, 0x5F, 0x10, 0x0C, 0x02, 0x08, 0x08, 0x16, 0x4D,
	0x18, 0x12, 0x02, 0x06, 0x06, 0x08, 0x5F, 0x10, 0x0C, 0x02, 0x08, 0x08,
	0x16, 0x4D, 0x0E, 0x01, 0x0A, 0x0A, 0x15, 0x5F, 0x1B, 0x01, 0x15, 0x15,
	0x17, 0x15, 0x4E, 0x1B, 0x40, 0x61, 0x00, 0x05, 0x04, 0x03, 0x04, 0x05,
	0x03, 0x80, 0x00, 0x02, 0x00, 0x01, 0x00, 0x02, 0x01, 0x80, 0x1D, 0x19,
	0x17, 0x03, 0x13, 0x06, 0x14, 0x06, 0x13, 0x14, 0x80, 0x00, 0x04, 0x00,
	0x03, 0x00, 0x04, 0x03, 0x67, 0x00, 0x00, 0x00, 0x01, 0x08, 0x00, 0x01,
	0x68, 0x0F, 0x0D, 0x0B, 0x03, 0x09, 0x1C, 0x1A, 0x16, 0x03, 0x14, 0x15,
	0x09, 0x14, 0x67, 0x11, 0x01, 0x07, 0x07, 0x08, 0x5F, 0x10, 0x0C, 0x02,
	0x08, 0x08, 0x16, 0x4D, 0x18, 0x12, 0x02, 0x06, 0x06, 0x08, 0x5F, 0x10,
	0x0C, 0x02, 0x08, 0x08, 0x16, 0x4D, 0x0E, 0x01, 0x0A, 0x0A, 0x15, 0x5F,
	0x1B, 0x01, 0x15, 0x15, 0x17, 0x15, 0x4E, 0x59, 0x40, 0x36, 0x3B, 0x3A,
	0x39, 0x38, 0x37, 0x36, 0x35, 0x34, 0x33, 0x32, 0x31, 0x30, 0x2F, 0x2E,
	0x2D, 0x2C, 0x2B, 0x2A, 0x29, 0x28, 0x27, 0x26, 0x25, 0x24, 0x23, 0x22,
	0x21, 0x20, 0x1F, 0x1E, 0x1D, 0x1C, 0x1B, 0x1A, 0x19, 0x18, 0x17, 0x16,
	0x15, 0x14, 0x13, 0x12, 0x11, 0x11, 0x11, 0x11, 0x11, 0x11, 0x11, 0x11,
	0x10, 0x1E, 0x07, 0x1F, 0x2B, 0x01, 0x33, 0x15, 0x23, 0x35, 0x23, 0x35,
	0x23, 0x35, 0x33, 0x15, 0x33, 0x01, 0x23, 0x35, 0x23, 0x11, 0x33, 0x11,
	0x33, 0x15, 0x33, 0x35, 0x33, 0x11, 0x33, 0x11, 0x33, 0x15, 0x33, 0x35,
	0x33, 0x11, 0x33, 0x11, 0x23, 0x15, 0x23, 0x15, 0x23, 0x15, 0x23, 0x15,
	0x23, 0x35, 0x23, 0x35, 0x23, 0x35, 0x23, 0x15, 0x23, 0x15, 0x23, 0x15,
	0x23, 0x35, 0x23, 0x35, 0x23, 0x01, 0xF4, 0x32, 0x64, 0x32, 0x32, 0x64,
	0x32, 0xFE, 0xA2, 0x32, 0x32, 0x96, 0x32, 0x32, 0x32, 0x96, 0x32, 0x32,
	0x32, 0x96, 0x32, 0x32, 0x32, 0x32, 0x32, 0x32, 0x32, 0x32, 0x32, 0x32,
	0x32, 0x32, 0x32, 0x03, 0x84, 0x64, 0x32, 0x32, 0x64, 0x32, 0xFC, 0xE0,
	0x32, 0x02, 0x26, 0xFE, 0x0C, 0x32, 0x32, 0x01, 0xF4, 0xFE, 0x0C, 0x32,
	0x32, 0x01, 0xF4, 0xFD, 0xDA, 0x32, 0x32, 0x32, 0x32, 0x32, 0x32, 0x32,
	0x32, 0x32, 0x32, 0x32, 0x32, 0x00, 0x00, 0x01, 0x00, 0x32, 0x00, 0x00,
	0x02, 0x26, 0x02, 0xEE, 0x00, 0x2B, 0x01, 0x21, 0x4B, 0xB0, 0x10, 0x50,
	0x58, 0x40, 0x4A, 0x0C, 0x01, 0x04, 0x08, 0x03, 0x05, 0x04, 0x72, 0x0D,
	0x01, 0x03, 0x02, 0x05, 0x03, 0x70, 0x0E, 0x01, 0x02, 0x01, 0x00, 0x02,
	0x70, 0x0F, 0x01, 0x01, 0x13, 0x00, 0x01, 0x70, 0x00, 0x08, 0x00, 0x13,
	0x00, 0x08, 0x13, 0x67, 0x0B, 0x01, 0x05, 0x05, 0x06, 0x5F, 0x0A, 0x01,
	0x06, 0x06, 0x16, 0x4D, 0x14, 0x01, 0x12, 0x12, 0x07, 0x5F, 0x09, 0x01,
	0x07, 0x07, 0x19, 0x4D, 0x10, 0x01, 0x00, 0x00, 0x11, 0x60, 0x15, 0x01,
	0x11, 0x11, 0x17, 0x11, 0x4E, 0x1B, 0x4B, 0xB0, 0x21, 0x50, 0x58, 0x40,
	0x4C, 0x0C, 0x01, 0x04, 0x08, 0x03, 0x05, 0x04, 0x72, 0x0D, 0x01, 0x03,
	0x02, 0x08, 0x03, 0x02, 0x7E, 0x0E, 0x01, 0x02, 0x01, 0x08, 0x02, 0x01,
	0x7E, 0x0F, 0x01, 0x01, 0x13, 0x00, 0x01, 0x70, 0x00, 0x08, 0x00, 0x13,
	0x00, 0x08, 0x13, 0x67, 0x0B, 0x01, 0x05, 0x05, 0x06, 0x5F, 0x0A, 0x01,
	0x06, 0x06, 0x16, 0x4D, 0x14, 0x01, 0x12, 0x12, 0x07, 0x5F, 0x09, 0x01,
	0x07, 0x07, 0x19, 0x4D, 0x10, 0x01, 0x00, 0x00, 0x11, 0x60, 0x15, 0x01,
	0x11, 0x11, 0x17, 0x11, 0x4E, 0x1B, 0x40, 0x4E, 0x0C, 0x01, 0x04, 0x08,
	0x03, 0x08, 0x04, 0x03, 0x80, 0x0D, 0x01, 0x03, 0x02, 0x08, 0x03, 0x02,
	0x7E, 0x0E, 0x01, 0x02, 0x01, 0x08, 0x02, 0x01, 0x7E, 0x0F, 0x01, 0x01,
	0x13, 0x08, 0x01, 0x13, 0x7E, 0x00, 0x08, 0x00, 0x13, 0x00, 0x08, 0x13,
	0x67, 0x0B, 0x01, 0x05, 0x05, 0x06, 0x5F, 0x0A, 0x01, 0x06, 0x06, 0x16,
	0x4D, 0x14, 0x01, 0x12, 0x12, 0x07, 0x5F, 0x09, 0x01, 0x07, 0x07, 0x19,
	0x4D, 0x10, 0x01, 0x00, 0x00, 0x11, 0x60, 0x15, 0x01, 0x11, 0x11, 0x17,
	0x11, 0x4E, 0x59, 0x59, 0x40, 0x26, 0x2B, 0x2A, 0x29, 0x28, 0x27, 0x26,
	0x25, 0x24, 0x23, 0x22, 0x21, 0x20, 0x1F, 0x1E, 0x1D, 0x1C, 0x1B, 0x1A,
	0x19, 0x18, 0x17, 0x16, 0x15, 0x14, 0x13, 0x12, 0x11, 0x11, 0x11, 0x11,
	0x11, 0x11, 0x11, 0x11, 0x10, 0x16, 0x07, 0x1F, 0x2B, 0x37, 0x33, 0x35,
	0x33, 0x35, 0x33, 0x35, 0x23, 0x35, 0x23, 0x35, 0x23, 0x35, 0x33, 0x15,
	0x33, 0x15, 0x33, 0x35, 0x33, 0x35, 0x33, 0x15, 0x23, 0x15, 0x23, 0x15,
	0x23, 0x15, 0x33, 0x15, 0x33, 0x15, 0x33, 0x15, 0x23, 0x35, 0x23, 0x35,
	0x23, 0x15, 0x23, 0x15, 0x23, 0x32, 0x32, 0x32, 0x32, 0x32, 0x32, 0x32,
	0x96, 0x32, 0x64, 0x32, 0x96, 0x32, 0x32, 0x32, 0x32, 0x32, 0x32, 0x96,
	0x32, 0x64, 0x32, 0x96, 0xFA, 0x32, 0x32, 0x32, 0x32, 0x32, 0xFA, 0xC8,
	0x32, 0x32, 0xC8, 0xFA, 0x32, 0x32, 0x32, 0x32, 0x32, 0xFA, 0xC8, 0x32,
	0x32, 0xC8, 0x00, 0x01, 0x00, 0x32, 0x00, 0x00, 0x02, 0x58, 0x02, 0xEE,
	0x00, 0x1F, 0x00, 0xDD, 0x4B, 0xB0, 0x10, 0x50, 0x58, 0x40, 0x38, 0x0F,
	0x01, 0x01, 0x04, 0x05, 0x00, 0x01, 0x72, 0x0B, 0x01, 0x05, 0x00, 0x04,
	0x05, 0x70, 0x0A, 0x01, 0x06, 0x00, 0x07, 0x04, 0x06, 0x72, 0x0E, 0x01,
	0x02, 0x09, 0x01, 0x07, 0x08, 0x02, 0x07, 0x67, 0x0C, 0x01, 0x04, 0x04,
	0x03, 0x5F, 0x0D, 0x01, 0x03, 0x03, 0x16, 0x4D, 0x00, 0x00, 0x00, 0x08,
	0x60, 0x00, 0x08, 0x08, 0x17, 0x08, 0x4E, 0x1B, 0x4B, 0xB0, 0x21, 0x50,
	0x58, 0x40, 0x39, 0x0F, 0x01, 0x01, 0x04, 0x05, 0x00, 0x01, 0x72, 0x0B,
	0x01, 0x05, 0x00, 0x04, 0x05, 0x70, 0x0A, 0x01, 0x06, 0x00, 0x07, 0x00,
	0x06, 0x07, 0x80, 0x0E, 0x01, 0x02, 0x09, 0x01, 0x07, 0x08, 0x02, 0x07,
	0x67, 0x0C, 0x01, 0x04, 0x04, 0x03, 0x5F, 0x0D, 0x01, 0x03, 0x03, 0x16,
	0x4D, 0x00, 0x00, 0x00, 0x08, 0x60, 0x00, 0x08, 0x08, 0x17, 0x08, 0x4E,
	0x1B, 0x40, 0x3B, 0x0F, 0x01, 0x01, 0x04, 0x05, 0x04, 0x01, 0x05, 0x80,
	0x0B, 0x01, 0x05, 0x00, 0x04, 0x05, 0x00, 0x7E, 0x0A, 0x01, 0x06, 0x00,
	0x07, 0x00, 0x06, 0x07, 0x80, 0x0E, 0x01, 0x02, 0x09, 0x01, 0x07, 0x08,
	0x02, 0x07, 0x67, 0x0C, 0x01, 0x04, 0x04, 0x03, 0x5F, 0x0D, 0x01, 0x03,
	0x03, 0x16, 0x4D, 0x00, 0x00, 0x00, 0x08, 0x60, 0x00, 0x08, 0x08, 0x17,
	0x08, 0x4E, 0x59, 0x59, 0x40, 0x1A, 0x1F, 0x1E, 0x1D, 0x1C, 0x1B, 0x1A,
	0x19, 0x18, 0x17, 0x16, 0x15, 0x14, 0x13, 0x12, 0x11, 0x11, 0x11, 0x11,
	0x11, 0x11, 0x11, 0x11, 0x10, 0x10, 0x07, 0x1F, 0x2B, 0x01, 0x33, 0x35,
	0x33, 0x35, 0x33, 0x35, 0x33, 0x11, 0x23, 0x15, 0x23, 0x15, 0x23, 0x15,
	0x23, 0x11, 0x23, 0x11, 0x23, 0x35, 0x23, 0x35, 0x23, 0x35, 0x23, 0x11,
	0x33, 0x15, 0x33, 0x15, 0x33, 0x01, 0x2C, 0x32, 0x32, 0x32, 0x96, 0x32,
	0x32, 0x32, 0x32, 0x96, 0x32, 0x32, 0x32, 0x32, 0x96, 0x32, 0x32, 0x01,
	0x90, 0x32, 0x32, 0xFA, 0xFE, 0xD4, 0x32, 0x32, 0x32, 0xFE, 0xD4, 0x01,
	0x2C, 0x32, 0x32, 0x32, 0x01, 0x2C, 0xFA, 0x32, 0x00, 0x02, 0x00, 0x32,
	0x00, 0x00, 0x02, 0x58, 0x03, 0xE8, 0x00, 0x0B, 0x00, 0x2B, 0x01, 0x50,
	0x4B, 0xB0, 0x10, 0x50, 0x58, 0x40, 0x57, 0x00, 0x04, 0x05, 0x00, 0x03,
	0x04, 0x72, 0x00, 0x01, 0x03, 0x02, 0x00, 0x01, 0x72, 0x15, 0x01, 0x07,
	0x0A, 0x0B, 0x06, 0x07, 0x72, 0x11, 0x01, 0x0B, 0x06, 0x0A, 0x0B, 0x70,
	0x10, 0x01, 0x0C, 0x06, 0x0D, 0x0A, 0x0C, 0x72, 0x16, 0x01, 0x05, 0x00,
	0x00, 0x03, 0x05, 0x00, 0x67, 0x00, 0x03, 0x00, 0x02, 0x09, 0x03, 0x02,
	0x68, 0x14, 0x01, 0x08, 0x0F, 0x01, 0x0D, 0x0E, 0x08, 0x0D, 0x67, 0x12,
	0x01, 0x0A, 0x0A, 0x09, 0x5F, 0x13, 0x01, 0x09, 0x09, 0x16, 0x4D, 0x00,
	0x06, 0x06, 0x0E, 0x60, 0x00, 0x0E, 0x0E, 0x17, 0x0E, 0x4E, 0x1B, 0x4B,
	0xB0, 0x21, 0x50, 0x58, 0x40, 0x58, 0x00, 0x04, 0x05, 0x00, 0x03, 0x04,
	0x72, 0x00, 0x01, 0x03, 0x02, 0x00, 0x01, 0x72, 0x15, 0x01, 0x07, 0x0A,
	0x0B, 0x06, 0x07, 0x72, 0x11, 0x01, 0x0B, 0x06, 0x0A, 0x0B, 0x70, 0x10,
	0x01, 0x0C, 0x06, 0x0D, 0x06, 0x0C, 0x0D, 0x80, 0x16, 0x01, 0x05, 0x00,
	0x00, 0x03, 0x05, 0x00, 0x67, 0x00, 0x03, 0x00, 0x02, 0x09, 0x03, 0x02,
	0x68, 0x14, 0x01, 0x08, 0x0F, 0x01, 0x0D, 0x0E, 0x08, 0x0D, 0x67, 0x12,
	0x01, 0x0A, 0x0A, 0x09, 0x5F, 0x13, 0x01, 0x09, 0x09, 0x16, 0x4D, 0x00,
	0x06, 0x06, 0x0E, 0x60, 0x00, 0x0E, 0x0E, 0x17, 0x0E, 0x4E, 0x1B, 0x40,
	0x5C, 0x00, 0x04, 0x05, 0x00, 0x05, 0x04, 0x00, 0x80, 0x00, 0x01, 0x03,
	0x02, 0x03, 0x01, 0x02, 0x80, 0x15, 0x01, 0x07, 0x0A, 0x0B, 0x0A, 0x07,
	0x0B, 0x80, 0x11, 0x01, 0x0B, 0x06, 0x0A, 0x0B, 0x06, 0x7E, 0x10, 0x01,
	0x0C, 0x06, 0x0D, 0x06, 0x0C, 0x0D, 0x80, 0x16, 0x01, 0x05, 0x00, 0x00,
	0x03, 0x05, 0x00, 0x67, 0x00, 0x03, 0x00, 0x02, 0x09, 0x03, 0x02, 0x68,
	0x14, 0x01, 0x08, 0x0F, 0x01, 0x0D, 0x0E, 0x08, 0x0D, 0x67, 0x12, 0x01,
	0x0A, 0x0A, 0x09, 0x5F, 0x13, 0x01, 0x09, 0x09, 0x16, 0x4D, 0x00, 0x06,
	0x06, 0x0E, 0x60, 0x00, 0x0E, 0x0E, 0x17, 0x0E, 0x4E, 0x59, 0x59, 0x40,
	0x2E, 0x00, 0x00, 0x2B, 0x2A, 0x29, 0x28, 0x27, 0x26, 0x25, 0x24, 0x23,
	0x22, 0x21, 0x20, 0x1F, 0x1E, 0x1D, 0x1C, 0x1B, 0x1A, 0x19, 0x18, 0x17,
	0x16, 0x15, 0x14, 0x13, 0x12, 0x11, 0x10, 0x0F, 0x0E, 0x0D, 0x0C, 0x00,
	0x0B, 0x00, 0x0B, 0x11, 0x11, 0x11, 0x11, 0x11, 0x17, 0x07, 0x1B, 0x2B,
	0x01, 0x15, 0x23, 0x15, 0x23, 0x15, 0x23, 0x35, 0x33, 0x35, 0x33, 0x35,
	0x03, 0x33, 0x35, 0x33, 0x35, 0x33, 0x35, 0x33, 0x11, 0x23, 0x15, 0x23,
	0x15, 0x23, 0x15, 0x23, 0x11, 0x23, 0x11, 0x23, 0x35, 0x23, 0x35, 0x23,
	0x35, 0x23, 0x11, 0x33, 0x15, 0x33, 0x15, 0x33, 0x01, 0xC2, 0x32, 0x32,
	0x64, 0x32, 0x32, 0x32, 0x32, 0x32, 0x32, 0x96, 0x32, 0x32, 0x32, 0x32,
	0x96, 0x32, 0x32, 0x32, 0x32, 0x96, 0x32, 0x32, 0x03, 0xE8, 0x64, 0x32,
	0x32, 0x64, 0x32, 0x32, 0xFD, 0xA8, 0x32, 0x32, 0xFA, 0xFE, 0xD4, 0x32,
	0x32, 0x32, 0xFE, 0xD4, 0x01, 0x2C, 0x32, 0x32, 0x32, 0x01, 0x2C, 0xFA,
	0x32, 0x00, 0x00, 0x02, 0x00, 0x32, 0x00, 0x00, 0x02, 0x58, 0x03, 0xE8,
	0x00, 0x13, 0x00, 0x33, 0x01, 0x59, 0x4B, 0xB0, 0x10, 0x50, 0x58, 0x40,
	0x5A, 0x03, 0x01, 0x01, 0x02, 0x07, 0x00, 0x01, 0x72, 0x08, 0x01, 0x06,
	0x00, 0x05, 0x07, 0x06, 0x72, 0x19, 0x01, 0x0B, 0x0E, 0x0F, 0x0A, 0x0B,
	0x72, 0x15, 0x01, 0x0F, 0x0A, 0x0E, 0x0F, 0x70, 0x14, 0x01, 0x10, 0x0A,
	0x11, 0x0E, 0x10, 0x72, 0x00, 0x02, 0x00, 0x07, 0x00, 0x02, 0x07, 0x67,
	0x04, 0x01, 0x00, 0x09, 0x01, 0x05, 0x0D, 0x00, 0x05, 0x68, 0x18, 0x01,
	0x0C, 0x13, 0x01, 0x11, 0x12, 0x0C, 0x11, 0x67, 0x16, 0x01, 0x0E, 0x0E,
	0x0D, 0x5F, 0x17, 0x01, 0x0D, 0x0D, 0x16, 0x4D, 0x00, 0x0A, 0x0A, 0x12,
	0x60, 0x00, 0x12, 0x12, 0x17, 0x12, 0x4E, 0x1B, 0x4B, 0xB0, 0x21, 0x50,
	0x58, 0x40, 0x5B, 0x03, 0x01, 0x01, 0x02, 0x07, 0x00, 0x01, 0x72, 0x08,
	0x01, 0x06, 0x00, 0x05, 0x07, 0x06, 0x72, 0x19, 0x01, 0x0B, 0x0E, 0x0F,
	0x0A, 0x0B, 0x72, 0x15, 0x01, 0x0F, 0x0A, 0x0E, 0x0F, 0x70, 0x14, 0x01,
	0x10, 0x0A, 0x11, 0x0A, 0x10, 0x11, 0x80, 0x00, 0x02, 0x00, 0x07, 0x00,
	0x02, 0x07, 0x67, 0x04, 0x01, 0x00, 0x09, 0x01, 0x05, 0x0D, 0x00, 0x05,
	0x68, 0x18, 0x01, 0x0C, 0x13, 0x01, 0x11, 0x12, 0x0C, 0x11, 0x67, 0x16,
	0x01, 0x0E, 0x0E, 0x0D, 0x5F, 0x17, 0x01, 0x0D, 0x0D, 0x16, 0x4D, 0x00,
	0x0A, 0x0A, 0x12, 0x60, 0x00, 0x12, 0x12, 0x17, 0x12, 0x4E, 0x1B, 0x40,
	0x5F, 0x03, 0x01, 0x01, 0x02, 0x07, 0x02, 0x01, 0x07, 0x80, 0x08, 0x01,
	0x06, 0x00, 0x05, 0x00, 0x06, 0x05, 0x80, 0x19, 0x01, 0x0B, 0x0E, 0x0F,
	0x0E, 0x0B, 0x0F, 0x80, 0x15, 0x01, 0x0F, 0x0A, 0x0E, 0x0F, 0x0A, 0x7E,
	0x14, 0x01, 0x10, 0x0A, 0x11, 0x0A, 0x10, 0x11, 0x80, 0x00, 0x02, 0x00,
	0x07, 0x00, 0x02, 0x07, 0x67, 0x04, 0x01, 0x00, 0x09, 0x01, 0x05, 0x0D,
	0x00, 0x05, 0x68, 0x18, 0x01, 0x0C, 0x13, 0x01, 0x11, 0x12, 0x0C, 0x11,
	0x67, 0x16, 0x01, 0x0E, 0x0E, 0x0D, 0x5F, 0x17, 0x01, 0x0D, 0x0D, 0x16,
	0x4D, 0x00, 0x0A, 0x0A, 0x12, 0x60, 0x00, 0x12, 0x12, 0x17, 0x12, 0x4E,
	0x59, 0x59, 0x40, 0x2E, 0x33, 0x32, 0x31, 0x30, 0x2F, 0x2E, 0x2D, 0x2C,
	0x2B, 0x2A, 0x29, 0x28, 0x27, 0x26, 0x25, 0x24, 0x23, 0x22, 0x21, 0x20,
	0x1F, 0x1E, 0x1D, 0x1C, 0x1B, 0x1A, 0x19, 0x18, 0x17, 0x16, 0x15, 0x14,
	0x13, 0x12, 0x11, 0x11, 0x11, 0x11, 0x11, 0x11, 0x11, 0x11, 0x10, 0x1A,
	0x07, 0x1F, 0x2B, 0x13, 0x33, 0x35, 0x33, 0x35, 0x33, 0x15, 0x33, 0x15,
	0x33, 0x15, 0x23, 0x35, 0x23, 0x35, 0x23, 0x15, 0x23, 0x15, 0x23, 0x13,
	0x33, 0x35, 0x33, 0x35, 0x33, 0x35, 0x33, 0x11, 0x23, 0x15, 0x23, 0x15,
	0x23, 0x15, 0x23, 0x11, 0x23, 0x11, 0x23, 0x35, 0x23, 0x35, 0x23, 0x35,
	0x23, 0x11, 0x33, 0x15, 0x33, 0x15, 0x33, 0x96, 0x32, 0x32, 0x96, 0x32,
	0x32, 0x64, 0x32, 0x32, 0x32, 0x64, 0x96, 0x32, 0x32, 0x32, 0x96, 0x32,
	0x32, 0x32, 0x32, 0x96, 0x32, 0x32, 0x32, 0x32, 0x96, 0x32, 0x32, 0x03,
	0x84, 0x32, 0x32, 0x32, 0x32, 0x64, 0x32, 0x32, 0x32, 0x32, 0xFE, 0x70,
	0x32, 0x32, 0xFA, 0xFE, 0xD4, 0x32, 0x32, 0x32, 0xFE, 0xD4, 0x01, 0x2C,
	0x32, 0x32, 0x32, 0x01, 0x2C, 0xFA, 0x32, 0x00, 0x00, 0x03, 0x00, 0x32,
	0x00, 0x00, 0x02, 0x58, 0x03, 0xB6, 0x00, 0x03, 0x00, 0x07, 0x00, 0x27,
	0x01, 0x03, 0x4B, 0xB0, 0x10, 0x50, 0x58, 0x40, 0x42, 0x13, 0x01, 0x05,
	0x08, 0x09, 0x04, 0x05, 0x72, 0x0F, 0x01, 0x09, 0x04, 0x08, 0x09, 0x70,
	0x0E, 0x01, 0x0A, 0x04, 0x0B, 0x08, 0x0A, 0x72, 0x02, 0x01, 0x00, 0x03,
	0x01, 0x01, 0x07, 0x00, 0x01, 0x67, 0x12, 0x01, 0x06, 0x0D, 0x01, 0x0B,
	0x0C, 0x06, 0x0B, 0x67, 0x10, 0x01, 0x08, 0x08, 0x07, 0x5F, 0x11, 0x01,
	0x07, 0x07, 0x16, 0x4D, 0x00, 0x04, 0x04, 0x0C, 0x60, 0x00, 0x0C, 0x0C,
	0x17, 0x0C, 0x4E, 0x1B, 0x4B, 0xB0, 0x21, 0x50, 0x58, 0x40, 0x43, 0x13,
	0x01, 0x05, 0x08, 0x09, 0x04, 0x05, 0x72, 0x0F, 0x01, 0x09, 0x04, 0x08,
	0x09, 0x70, 0x0E, 0x01, 0x0A, 0x04, 0x0B, 0x04, 0x0A, 0x0B, 0x80, 0x02,
	0x01, 0x00, 0x03, 0x01, 0x01, 0x07, 0x00, 0x01, 0x67, 0x12, 0x01, 0x06,
	0x0D, 0x01, 0x0B, 0x0C, 0x06, 0x0B, 0x67, 0x10, 0x01, 0x08, 0x08, 0x07,
	0x5F, 0x11, 0x01, 0x07, 0x07, 0x16, 0x4D, 0x00, 0x04, 0x04, 0x0C, 0x60,
	0x00, 0x0C, 0x0C, 0x17, 0x0C, 0x4E, 0x1B, 0x40, 0x45, 0x13, 0x01, 0x05,
	0x08, 0x09, 0x08, 0x05, 0x09, 0x80, 0x0F, 0x01, 0x09, 0x04, 0x08, 0x09,
	0x04, 0x7E, 0x0E, 0x01, 0x0A, 0x04, 0x0B, 0x04, 0x0A, 0x0B, 0x80, 0x02,
	0x01, 0x00, 0x03, 0x01, 0x01, 0x07, 0x00, 0x01, 0x67, 0x12, 0x01, 0x06,
	0x0D, 0x01, 0x0B, 0x0C, 0x06, 0x0B, 0x67, 0x10, 0x01, 0x08, 0x08, 0x07,
	0x5F, 0x11, 0x01, 0x07, 0x07, 0x16, 0x4D, 0x00, 0x04, 0x04, 0x0C, 0x60,
	0x00, 0x0C, 0x0C, 0x17, 0x0C, 0x4E, 0x59, 0x59, 0x40, 0x22, 0x27, 0x26,
	0x25, 0x24, 0x23, 0x22, 0x21, 0x20, 0x1F, 0x1E, 0x1D, 0x1C, 0x1B, 0x1A,
	0x19, 0x18, 0x17, 0x16, 0x15, 0x14, 0x13, 0x12, 0x11, 0x11, 0x11, 0x11,
	0x11, 0x11, 0x11, 0x11, 0x10, 0x14, 0x07, 0x1F, 0x2B, 0x13, 0x33, 0x15,
	0x23, 0x37, 0x33, 0x15, 0x23, 0x03, 0x33, 0x35, 0x33, 0x35, 0x33, 0x35,
	0x33, 0x11, 0x23, 0x15, 0x23, 0x15, 0x23, 0x15, 0x23, 0x11, 0x23, 0x11,
	0x23, 0x35, 0x23, 0x35, 0x23, 0x35, 0x23, 0x11, 0x33, 0x15, 0x33, 0x15,
	0x33, 0xC8, 0x64, 0x64, 0x96, 0x64, 0x64, 0x32, 0x32, 0x32, 0x32, 0x96,
	0x32, 0x32, 0x32, 0x32, 0x96, 0x32, 0x32, 0x32, 0x32, 0x96, 0x32, 0x32,
	0x03, 0xB6, 0x64, 0x64, 0x64, 0xFE, 0x3E, 0x32, 0x32, 0xFA, 0xFE, 0xD4,
	0x32, 0x32, 0x32, 0xFE, 0xD4, 0x01, 0x2C, 0x32, 0x32, 0x32, 0x01, 0x2C,
	0xFA, 0x32, 0x00, 0x02, 0x00, 0x32, 0x00, 0x00, 0x02, 0x58, 0x03, 0xE8,
	0x00, 0x0B, 0x00, 0x2B, 0x01, 0x45, 0x4B, 0xB0, 0x10, 0x50, 0x58, 0x40,
	0x56, 0x00, 0x05, 0x04, 0x03, 0x00, 0x05, 0x72, 0x00, 0x02, 0x00, 0x01,
	0x03, 0x02, 0x72, 0x15, 0x01, 0x07, 0x0A, 0x0B, 0x06, 0x07, 0x72, 0x11,
	0x01, 0x0B, 0x06, 0x0A, 0x0B, 0x70, 0x10, 0x01, 0x0C, 0x06, 0x0D, 0x0A,
	0x0C, 0x72, 0x00, 0x04, 0x00, 0x03, 0x00, 0x04, 0x03, 0x67, 0x00, 0x00,
	0x00, 0x01, 0x09, 0x00, 0x01, 0x68, 0x14, 0x01, 0x08, 0x0F, 0x01, 0x0D,
	0x0E, 0x08, 0x0D, 0x67, 0x12, 0x01, 0x0A, 0x0A, 0x09, 0x5F, 0x13, 0x01,
	0x09, 0x09, 0x16, 0x4D, 0x00, 0x06, 0x06, 0x0E, 0x60, 0x00, 0x0E, 0x0E,
	0x17, 0x0E, 0x4E, 0x1B, 0x4B, 0xB0, 0x21, 0x50, 0x58, 0x40, 0x57, 0x00,
	0x05, 0x04, 0x03, 0x00, 0x05, 0x72, 0x00, 0x02, 0x00, 0x01, 0x03, 0x02,
	0x72, 0x15, 0x01, 0x07, 0x0A, 0x0B, 0x06, 0x07, 0x72, 0x11, 0x01, 0x0B,
	0x06, 0x0A, 0x0B, 0x70, 0x10, 0x01, 0x0C, 0x06, 0x0D, 0x06, 0x0C, 0x0D,
	0x80, 0x00, 0x04, 0x00, 0x03, 0x00, 0x04, 0x03, 0x67, 0x00, 0x00, 0x00,
	0x01, 0x09, 0x00, 0x01, 0x68, 0x14, 0x01, 0x08, 0x0F, 0x01, 0x0D, 0x0E,
	0x08, 0x0D, 0x67, 0x12, 0x01, 0x0A, 0x0A, 0x09, 0x5F, 0x13, 0x01, 0x09,
	0x09, 0x16, 0x4D, 0x00, 0x06, 0x06, 0x0E, 0x60, 0x00, 0x0E, 0x0E, 0x17,
	0x0E, 0x4E, 0x1B, 0x40, 0x5B, 0x00, 0x05, 0x04, 0x03, 0x04, 0x05, 0x03,
	0x80, 0x00, 0x02, 0x00, 0x01, 0x00, 0x02, 0x01, 0x80, 0x15, 0x01, 0x07,
	0x0A, 0x0B, 0x0A, 0x07, 0x0B, 0x80, 0x11, 0x01, 0x0B, 0x06, 0x0A, 0x0B,
	0x06, 0x7E, 0x10, 0x01, 0x0C, 0x06, 0x0D, 0x06, 0x0C, 0x0D, 0x80, 0x00,
	0x04, 0x00, 0x03, 0x00, 0x04, 0x03, 0x67, 0x00, 0x00, 0x00, 0x01, 0x09,
	0x00, 0x01, 0x68, 0x14, 0x01, 0x08, 0x0F, 0x01, 0x0D, 0x0E, 0x08, 0x0D,
	0x67, 0x12, 0x01, 0x0A, 0x0A, 0x09, 0x5F, 0x13, 0x01, 0x09, 0x09, 0x16,
	0x4D, 0x00, 0x06, 0x06, 0x0E, 0x60, 0x00, 0x0E, 0x0E, 0x17, 0x0E, 0x4E,
	0x59, 0x59, 0x40, 0x26, 0x2B, 0x2A, 0x29, 0x28, 0x27, 0x26, 0x25, 0x24,
	0x23, 0x22, 0x21, 0x20, 0x1F, 0x1E, 0x1D, 0x1C, 0x1B, 0x1A, 0x19, 0x18,
	0x17, 0x16, 0x15, 0x14, 0x13, 0x12, 0x11, 0x11, 0x11, 0x11, 0x11, 0x11,
	0x11, 0x11, 0x10, 0x16, 0x07, 0x1F, 0x2B, 0x01, 0x33, 0x15, 0x23, 0x35,
	0x23, 0x35, 0x23, 0x35, 0x33, 0x15, 0x33, 0x03, 0x33, 0x35, 0x33, 0x35,
	0x33, 0x35, 0x33, 0x11, 0x23, 0x15, 0x23, 0x15, 0x23, 0x15, 0x23, 0x11,
	0x23, 0x11, 0x23, 0x35, 0x23, 0x35, 0x23, 0x35, 0x23, 0x11, 0x33, 0x15,
	0x33, 0x15, 0x33, 0x01, 0x90, 0x32, 0x64, 0x32, 0x32, 0x64, 0x32, 0x64,
	0x32, 0x32, 0x32, 0x96, 0x32, 0x32, 0x32, 0x32, 0x96, 0x32, 0x32, 0x32,
	0x32, 0x96, 0x32, 0x32, 0x03, 0x84, 0x64, 0x32, 0x32, 0x64, 0x32, 0xFD,
	0xDA, 0x32, 0x32, 0xFA, 0xFE, 0xD4, 0x32, 0x32, 0x32, 0xFE, 0xD4, 0x01,
	0x2C, 0x32, 0x32, 0x32, 0x01, 0x2C, 0xFA, 0x32, 0x00, 0x01, 0x00, 0x32,
	0x00, 0x00, 0x02, 0x26, 0x02, 0xEE, 0x00, 0x23, 0x01, 0x64, 0x4B, 0xB0,
	0x0B, 0x50, 0x58, 0x40, 0x63, 0x00, 0x0B, 0x08, 0x07, 0x09, 0x0B, 0x72,
	0x00, 0x0C, 0x07, 0x06, 0x09, 0x0C, 0x72, 0x00, 0x0D, 0x06, 0x05, 0x06,
	0x0D, 0x05, 0x80, 0x00, 0x04, 0x0E, 0x0F, 0x0E, 0x04, 0x0F, 0x80, 0x00,
	0x03, 0x0F, 0x10, 0x00, 0x03, 0x72, 0x00, 0x02, 0x10, 0x11, 0x00, 0x02,
	0x72, 0x00, 0x07, 0x00, 0x0F, 0x03, 0x07, 0x0F, 0x67, 0x00, 0x06, 0x00,
	0x10, 0x02, 0x06, 0x10, 0x67, 0x00, 0x05, 0x00, 0x11, 0x00, 0x05, 0x11,
	0x67, 0x00, 0x09, 0x09, 0x0A, 0x5F, 0x00, 0x0A, 0x0A, 0x16, 0x4D, 0x00,
	0x0E, 0x0E, 0x08, 0x5F, 0x00, 0x08, 0x08, 0x19, 0x4D, 0x00, 0x00, 0x00,
	0x01, 0x60, 0x00, 0x01, 0x01, 0x17, 0x01, 0x4E, 0x1B, 0x4B, 0xB0, 0x10,
	0x50, 0x58, 0x40, 0x65, 0x00, 0x0B, 0x08, 0x07, 0x09, 0x0B, 0x72, 0x00,
	0x0C, 0x07, 0x06, 0x07, 0x0C, 0x06, 0x80, 0x00, 0x0D, 0x06, 0x05, 0x06,
	0x0D, 0x05, 0x80, 0x00, 0x04, 0x0E, 0x0F, 0x0E, 0x04, 0x0F, 0x80, 0x00,
	0x03, 0x0F, 0x10, 0x0F, 0x03, 0x10, 0x80, 0x00, 0x02, 0x10, 0x11, 0x00,
	0x02, 0x72, 0x00, 0x07, 0x00, 0x0F, 0x03, 0x07, 0x0F, 0x67, 0x00, 0x06,
	0x00, 0x10, 0x02, 0x06, 0x10, 0x67, 0x00, 0x05, 0x00, 0x11, 0x00, 0x05,
	0x11, 0x67, 0x00, 0x09, 0x09, 0x0A, 0x5F, 0x00, 0x0A, 0x0A, 0x16, 0x4D,
	0x00, 0x0E, 0x0E, 0x08, 0x5F, 0x00, 0x08, 0x08, 0x19, 0x4D, 0x00, 0x00,
	0x00, 0x01, 0x60, 0x00, 0x01, 0x01, 0x17, 0x01, 0x4E, 0x1B, 0x40, 0x67,
	0x00, 0x0B, 0x08, 0x07, 0x08, 0x0B, 0x07, 0x80, 0x00, 0x0C, 0x07, 0x06,
	0x07, 0x0C, 0x06, 0x80, 0x00, 0x0D, 0x06, 0x05, 0x06, 0x0D, 0x05, 0x80,
	0x00, 0x04, 0x0E, 0x0F, 0x0E, 0x04, 0x0F, 0x80, 0x00, 0x03, 0x0F, 0x10,
	0x0F, 0x03, 0x10, 0x80, 0x00, 0x02, 0x10, 0x11, 0x10, 0x02, 0x11, 0x80,
	0x00, 0x07, 0x00, 0x0F, 0x03, 0x07, 0x0F, 0x67, 0x00, 0x06, 0x00, 0x10,
	0x02, 0x06, 0x10, 0x67, 0x00, 0x05, 0x00, 0x11, 0x00, 0x05, 0x11, 0x67,
	0x00, 0x09, 0x09, 0x0A, 0x5F, 0x00, 0x0A, 0x0A, 0x16, 0x4D, 0x00, 0x0E,
	0x0E, 0x08, 0x5F, 0x00, 0x08, 0x08, 0x19, 0x4D, 0x00, 0x00, 0x00, 0x01,
	0x60, 0x00, 0x01, 0x01, 0x17, 0x01, 0x4E, 0x59, 0x59, 0x40, 0x1E, 0x23,
	0x22, 0x21, 0x20, 0x1F, 0x1E, 0x1D, 0x1C, 0x1B, 0x1A, 0x19, 0x18, 0x17,
	0x16, 0x15, 0x14, 0x13, 0x12, 0x11, 0x11, 0x11, 0x11, 0x11, 0x11, 0x11,
	0x11, 0x10, 0x12, 0x07, 0x1F, 0x2B, 0x37, 0x21, 0x15, 0x21, 0x35, 0x33,
	0x35, 0x33, 0x35, 0x33, 0x35, 0x33, 0x35, 0x33, 0x35, 0x33, 0x35, 0x33,
	0x35, 0x21, 0x35, 0x21, 0x15, 0x23, 0x15, 0x23, 0x15, 0x23, 0x15, 0x23,
	0x15, 0x23, 0x15, 0x23, 0x15, 0x23, 0xC8, 0x01, 0x5E, 0xFE, 0x0C, 0x32,
	0x32, 0x32, 0x32, 0x32, 0x32, 0x32, 0xFE, 0xA2, 0x01, 0xF4, 0x32, 0x32,
	0x32, 0x32, 0x32, 0x32, 0x32, 0x96, 0x96, 0xFA, 0x32, 0x32, 0x32, 0x32,
	0x32, 0x32, 0x32, 0x96, 0xFA, 0x32, 0x32, 0x32, 0x32, 0x32, 0x32, 0x00,
	0x00, 0x02, 0x00, 0x32, 0x00, 0x00, 0x02, 0x26, 0x03, 0xE8, 0x00, 0x0B,
	0x00, 0x2F, 0x02, 0x66, 0x4B, 0xB0, 0x0B, 0x50, 0x58, 0x40, 0x82, 0x00,
	0x04, 0x05, 0x00, 0x03, 0x04, 0x72, 0x00, 0x01, 0x03, 0x02, 0x00, 0x01,
	0x72, 0x00, 0x11, 0x0E, 0x0D, 0x0F, 0x11, 0x72, 0x00, 0x12, 0x0D, 0x0C,
	0x0F, 0x12, 0x72, 0x00, 0x13, 0x0C, 0x0B, 0x0C, 0x13, 0x0B, 0x80, 0x00,
	0x0A, 0x14, 0x15, 0x14, 0x0A, 0x15, 0x80, 0x00, 0x09, 0x15, 0x16, 0x06,
	0x09, 0x72, 0x00, 0x08, 0x16, 0x17, 0x06, 0x08, 0x72, 0x18, 0x01, 0x05,
	0x00, 0x00, 0x03, 0x05, 0x00, 0x67, 0x00, 0x03, 0x00, 0x02, 0x10, 0x03,
	0x02, 0x68, 0x00, 0x0D, 0x00, 0x15, 0x09, 0x0D, 0x15, 0x67, 0x00, 0x0C,
	0x00, 0x16, 0x08, 0x0C, 0x16, 0x67, 0x00, 0x0B, 0x00, 0x17, 0x06, 0x0B,
	0x17, 0x67, 0x00, 0x0F, 0x0F, 0x10, 0x5F, 0x00, 0x10, 0x10, 0x16, 0x4D,
	0x00, 0x14, 0x14, 0x0E, 0x5F, 0x00, 0x0E, 0x0E, 0x19, 0x4D, 0x00, 0x06,
	0x06, 0x07, 0x60, 0x00, 0x07, 0x07, 0x17, 0x07, 0x4E, 0x1B, 0x4B, 0xB0,
	0x10, 0x50, 0x58, 0x40, 0x84, 0x00, 0x04, 0x05, 0x00, 0x03, 0x04, 0x72,
	0x00, 0x01, 0x03, 0x02, 0x00, 0x01, 0x72, 0x00, 0x11, 0x0E, 0x0D, 0x0F,
	0x11, 0x72, 0x00, 0x12, 0x0D, 0x0C, 0x0D, 0x12, 0x0C, 0x80, 0x00, 0x13,
	0x0C, 0x0B, 0x0C, 0x13, 0x0B, 0x80, 0x00, 0x0A, 0x14, 0x15, 0x14, 0x0A,
	0x15, 0x80, 0x00, 0x09, 0x15, 0x16, 0x15, 0x09, 0x16, 0x80, 0x00, 0x08,
	0x16, 0x17, 0x06, 0x08, 0x72, 0x18, 0x01, 0x05, 0x00, 0x00, 0x03, 0x05,
	0x00, 0x67, 0x00, 0x03, 0x00, 0x02, 0x10, 0x03, 0x02, 0x68, 0x00, 0x0D,
	0x00, 0x15, 0x09, 0x0D, 0x15, 0x67, 0x00, 0x0C, 0x00, 0x16, 0x08, 0x0C,
	0x16, 0x67, 0x00, 0x0B, 0x00, 0x17, 0x06, 0x0B, 0x17, 0x67, 0x00, 0x0F,
	0x0F, 0x10, 0x5F, 0x00, 0x10, 0x10, 0x16, 0x4D, 0x00, 0x14, 0x14, 0x0E,
	0x5F, 0x00, 0x0E, 0x0E, 0x19, 0x4D, 0x00, 0x06, 0x06, 0x07, 0x60, 0x00,
	0x07, 0x07, 0x17, 0x07, 0x4E, 0x1B, 0x4B, 0xB0, 0x21, 0x50, 0x58, 0x40,
	0x86, 0x00, 0x04, 0x05, 0x00, 0x03, 0x04, 0x72, 0x00, 0x01, 0x03, 0x02,
	0x00, 0x01, 0x72, 0x00, 0x11, 0x0E, 0x0D, 0x0E, 0x11, 0x0D, 0x80, 0x00,
	0x12, 0x0D, 0x0C, 0x0D, 0x12, 0x0C, 0x80, 0x00, 0x13, 0x0C, 0x0B, 0x0C,
	0x13, 0x0B, 0x80, 0x00, 0x0A, 0x14, 0x15, 0x14, 0x0A, 0x15, 0x80, 0x00,
	0x09, 0x15, 0x16, 0x15, 0x09, 0x16, 0x80, 0x00, 0x08, 0x16, 0x17, 0x16,
	0x08, 0x17, 0x80, 0x18, 0x01, 0x05, 0x00, 0x00, 0x03, 0x05, 0x00, 0x67,
	0x00, 0x03, 0x00, 0x02, 0x10, 0x03, 0x02, 0x68, 0x00, 0x0D, 0x00, 0x15,
	0x09, 0x0D, 0x15, 0x67, 0x00, 0x0C, 0x00, 0x16, 0x08, 0x0C, 0x16, 0x67,
	0x00, 0x0B, 0x00, 0x17, 0x06, 0x0B, 0x17, 0x67, 0x00, 0x0F, 0x0F, 0x10,
	0x5F, 0x00, 0x10, 0x10, 0x16, 0x4D, 0x00, 0x14, 0x14, 0x0E, 0x5F, 0x00,
	0x0E, 0x0E, 0x19, 0x4D, 0x00, 0x06, 0x06, 0x07, 0x60, 0x00, 0x07, 0x07,
	0x17, 0x07, 0x4E, 0x1B, 0x40, 0x88, 0x00, 0x04, 0x05, 0x00, 0x05, 0x04,
	0x00, 0x80, 0x00, 0x01, 0x03, 0x02, 0x03, 0x01, 0x02, 0x80, 0x00, 0x11,
	0x0E, 0x0D, 0x0E, 0x11, 0x0D, 0x80, 0x00, 0x12, 0x0D, 0x0C, 0x0D, 0x12,
	0x0C, 0x80, 0x00, 0x13, 0x0C, 0x0B, 0x0C, 0x13, 0x0B, 0x80, 0x00, 0x0A,
	0x14, 0x15, 0x14, 0x0A, 0x15, 0x80, 0x00, 0x09, 0x15, 0x16, 0x15, 0x09,
	0x16, 0x80, 0x00, 0x08, 0x16, 0x17, 0x16, 0x08, 0x17, 0x80, 0x18, 0x01,
	0x05, 0x00, 0x00, 0x03, 0x05, 0x00, 0x67, 0x00, 0x03, 0x00, 0x02, 0x10,
	0x03, 0x02, 0x68, 0x00, 0x0D, 0x00, 0x15, 0x09, 0x0D, 0x15, 0x67, 0x00,
	0x0C, 0x00, 0x16, 0x08, 0x0C, 0x16, 0x67, 0x00, 0x0B, 0x00, 0x17, 0x06,
	0x0B, 0x17, 0x67, 0x00, 0x0F, 0x0F, 0x10, 0x5F, 0x00, 0x10, 0x10, 0x16,
	0x4D, 0x00, 0x14, 0x14, 0x0E, 0x5F, 0x00, 0x0E, 0x0E, 0x19, 0x4D, 0x00,
	0x06, 0x06, 0x07, 0x60, 0x00, 0x07, 0x07, 0x17, 0x07, 0x4E, 0x59, 0x59,
	0x59, 0x40, 0x32, 0x00, 0x00, 0x2F, 0x2E, 0x2D, 0x2C, 0x2B, 0x2A, 0x29,
	0x28, 0x27, 0x26, 0x25, 0x24, 0x23, 0x22, 0x21, 0x20, 0x1F, 0x1E, 0x1D,
	0x1C, 0x1B, 0x1A, 0x19, 0x18, 0x17, 0x16, 0x15, 0x14, 0x13, 0x12, 0x11,
	0x10, 0x0F, 0x0E, 0x0D, 0x0C, 0x00, 0x0B, 0x00, 0x0B, 0x11, 0x11, 0x11,
	0x11, 0x11, 0x19, 0x07, 0x1B, 0x2B, 0x01, 0x15, 0x23, 0x15, 0x23, 0x15,
	0x23, 0x35, 0x33, 0x35, 0x33, 0x35, 0x03, 0x21, 0x15, 0x21, 0x35, 0x33,
	0x35, 0x33, 0x35, 0x33, 0x35, 0x33, 0x35, 0x33, 0x35, 0x33, 0x35, 0x33,
	0x35, 0x21, 0x35, 0x21, 0x15, 0x23, 0x15, 0x23, 0x15, 0x23, 0x15, 0x23,
	0x15, 0x23, 0x15, 0x23, 0x15, 0x23, 0x01, 0x90, 0x32, 0x32, 0x64, 0x32,
	0x32, 0x64, 0x01, 0x5E, 0xFE, 0x0C, 0x32, 0x32, 0x32, 0x32, 0x32, 0x32,
	0x32, 0xFE, 0xA2, 0x01, 0xF4, 0x32, 0x32, 0x32, 0x32, 0x32, 0x32, 0x32,
	0x03, 0xE8, 0x64, 0x32, 0x32, 0x64, 0x32, 0x32, 0xFC, 0xAE, 0x96, 0xFA,
	0x32, 0x32, 0x32, 0x32, 0x32, 0x32, 0x32, 0x96, 0xFA, 0x32, 0x32, 0x32,
	0x32, 0x32, 0x32, 0x00, 0x00, 0x02, 0x00, 0x32, 0x00, 0x00, 0x02, 0x26,
	0x03, 0xE8, 0x00, 0x0F, 0x00, 0x33, 0x02, 0x4D, 0x4B, 0xB0, 0x0B, 0x50,
	0x58, 0x40, 0x7D, 0x06, 0x01, 0x00, 0x01, 0x07, 0x01, 0x00, 0x72, 0x00,
	0x13, 0x10, 0x0F, 0x11, 0x13, 0x72, 0x00, 0x14, 0x0F, 0x0E, 0x11, 0x14,
	0x72, 0x00, 0x15, 0x0E, 0x0D, 0x0E, 0x15, 0x0D, 0x80, 0x00, 0x0C, 0x16,
	0x17, 0x16, 0x0C, 0x17, 0x80, 0x00, 0x0B, 0x17, 0x18, 0x08, 0x0B, 0x72,
	0x00, 0x0A, 0x18, 0x19, 0x08, 0x0A, 0x72, 0x04, 0x01, 0x02, 0x05, 0x01,
	0x01, 0x00, 0x02, 0x01, 0x67, 0x00, 0x03, 0x00, 0x07, 0x12, 0x03, 0x07,
	0x67, 0x00, 0x0F, 0x00, 0x17, 0x0B, 0x0F, 0x17, 0x67, 0x00, 0x0E, 0x00,
	0x18, 0x0A, 0x0E, 0x18, 0x67, 0x00, 0x0D, 0x00, 0x19, 0x08, 0x0D, 0x19,
	0x67, 0x00, 0x11, 0x11, 0x12, 0x5F, 0x00, 0x12, 0x12, 0x16, 0x4D, 0x00,
	0x16, 0x16, 0x10, 0x5F, 0x00, 0x10, 0x10, 0x19, 0x4D, 0x00, 0x08, 0x08,
	0x09, 0x60, 0x00, 0x09, 0x09, 0x17, 0x09, 0x4E, 0x1B, 0x4B, 0xB0, 0x10,
	0x50, 0x58, 0x40, 0x7F, 0x06, 0x01, 0x00, 0x01, 0x07, 0x01, 0x00, 0x72,
	0x00, 0x13, 0x10, 0x0F, 0x11, 0x13, 0x72, 0x00, 0x14, 0x0F, 0x0E, 0x0F,
	0x14, 0x0E, 0x80, 0x00, 0x15, 0x0E, 0x0D, 0x0E, 0x15, 0x0D, 0x80, 0x00,
	0x0C, 0x16, 0x17, 0x16, 0x0C, 0x17, 0x80, 0x00, 0x0B, 0x17, 0x18, 0x17,
	0x0B, 0x18, 0x80, 0x00, 0x0A, 0x18, 0x19, 0x08, 0x0A, 0x72, 0x04, 0x01,
	0x02, 0x05, 0x01, 0x01, 0x00, 0x02, 0x01, 0x67, 0x00, 0x03, 0x00, 0x07,
	0x12, 0x03, 0x07, 0x67, 0x00, 0x0F, 0x00, 0x17, 0x0B, 0x0F, 0x17, 0x67,
	0x00, 0x0E, 0x00, 0x18, 0x0A, 0x0E, 0x18, 0x67, 0x00, 0x0D, 0x00, 0x19,
	0x08, 0x0D, 0x19, 0x67, 0x00, 0x11, 0x11, 0x12, 0x5F, 0x00, 0x12, 0x12,
	0x16, 0x4D, 0x00, 0x16, 0x16, 0x10, 0x5F, 0x00, 0x10, 0x10, 0x19, 0x4D,
	0x00, 0x08, 0x08, 0x09, 0x60, 0x00, 0x09, 0x09, 0x17, 0x09, 0x4E, 0x1B,
	0x4B, 0xB0, 0x21, 0x50, 0x58, 0x40, 0x81, 0x06, 0x01, 0x00, 0x01, 0x07,
	0x01, 0x00, 0x72, 0x00, 0x13, 0x10, 0x0F, 0x10, 0x13, 0x0F, 0x80, 0x00,
	0x14, 0x0F, 0x0E, 0x0F, 0x14, 0x0E, 0x80, 0x00, 0x15, 0x0E, 0x0D, 0x0E,
	0x15, 0x0D, 0x80, 0x00, 0x0C, 0x16, 0x17, 0x16, 0x0C, 0x17, 0x80, 0x00,
	0x0B, 0x17, 0x18, 0x17, 0x0B, 0x18, 0x80, 0x00, 0x0A, 0x18, 0x19, 0x18,
	0x0A, 0x19, 0x80, 0x04, 0x01, 0x02, 0x05, 0x01, 0x01, 0x00, 0x02, 0x01,
	0x67, 0x00, 0x03, 0x00, 0x07, 0x12, 0x03, 0x07, 0x67, 0x00, 0x0F, 0x00,
	0x17, 0x0B, 0x0F, 0x17, 0x67, 0x00, 0x0E, 0x00, 0x18, 0x0A, 0x0E, 0x18,
	0x67, 0x00, 0x0D, 0x00, 0x19, 0x08, 0x0D, 0x19, 0x67, 0x00, 0x11, 0x11,
	0x12, 0x5F, 0x00, 0x12, 0x12, 0x16, 0x4D, 0x00, 0x16, 0x16, 0x10, 0x5F,
	0x00, 0x10, 0x10, 0x19, 0x4D, 0x00, 0x08, 0x08, 0x09, 0x60, 0x00, 0x09,
	0x09, 0x17, 0x09, 0x4E, 0x1B, 0x40, 0x82, 0x06, 0x01, 0x00, 0x01, 0x07,
	0x01, 0x00, 0x07, 0x80, 0x00, 0x13, 0x10, 0x0F, 0x10, 0x13, 0x0F, 0x80,
	0x00, 0x14, 0x0F, 0x0E, 0x0F, 0x14, 0x0E, 0x80, 0x00, 0x15, 0x0E, 0x0D,
	0x0E, 0x15, 0x0D, 0x80, 0x00, 0x0C, 0x16, 0x17, 0x16, 0x0C, 0x17, 0x80,
	0x00, 0x0B, 0x17, 0x18, 0x17, 0x0B, 0x18, 0x80, 0x00, 0x0A, 0x18, 0x19,
	0x18, 0x0A, 0x19, 0x80, 0x04, 0x01, 0x02, 0x05, 0x01, 0x01, 0x00, 0x02,
	0x01, 0x67, 0x00, 0x03, 0x00, 0x07, 0x12, 0x03, 0x07, 0x67, 0x00, 0x0F,
	0x00, 0x17, 0x0B, 0x0F, 0x17, 0x67, 0x00, 0x0E, 0x00, 0x18, 0x0A, 0x0E,
	0x18, 0x67, 0x00, 0x0D, 0x00, 0x19, 0x08, 0x0D, 0x19, 0x67, 0x00, 0x11,
	0x11, 0x12, 0x5F, 0x00, 0x12, 0x12, 0x16, 0x4D, 0x00, 0x16, 0x16, 0x10,
	0x5F, 0x00, 0x10, 0x10, 0x19, 0x4D, 0x00, 0x08, 0x08, 0x09, 0x60, 0x00,
	0x09, 0x09, 0x17, 0x09, 0x4E, 0x59, 0x59, 0x59, 0x40, 0x2E, 0x33, 0x32,
	0x31, 0x30, 0x2F, 0x2E, 0x2D, 0x2C, 0x2B, 0x2A, 0x29, 0x28, 0x27, 0x26,
	0x25, 0x24, 0x23, 0x22, 0x21, 0x20, 0x1F, 0x1E, 0x1D, 0x1C, 0x1B, 0x1A,
	0x19, 0x18, 0x17, 0x16, 0x15, 0x14, 0x13, 0x12, 0x11, 0x11, 0x11, 0x11,
	0x11, 0x11, 0x11, 0x11, 0x10, 0x1A, 0x07, 0x1F, 0x2B, 0x13, 0x23, 0x35,
	0x23, 0x35, 0x33, 0x15, 0x33, 0x35, 0x33, 0x15, 0x23, 0x15, 0x23, 0x15,
	0x23, 0x03, 0x21, 0x15, 0x21, 0x35, 0x33, 0x35, 0x33, 0x35, 0x33, 0x35,
	0x33, 0x35, 0x33, 0x35, 0x33, 0x35, 0x33, 0x35, 0x21, 0x35, 0x21, 0x15,
	0x23, 0x15, 0x23, 0x15, 0x23, 0x15, 0x23, 0x15, 0x23, 0x15, 0x23, 0x15,
	0x23, 0xFA, 0x32, 0x32, 0x64, 0x64, 0x64, 0x32, 0x32, 0x64, 0x32, 0x01,
	0x5E, 0xFE, 0x0C, 0x32, 0x32, 0x32, 0x32, 0x32, 0x32, 0x32, 0xFE, 0xA2,
	0x01, 0xF4, 0x32, 0x32, 0x32, 0x32, 0x32, 0x32, 0x32, 0x03, 0x52, 0x32,
	0x64, 0x32, 0x32, 0x64, 0x32, 0x32, 0xFD, 0x76, 0x96, 0xFA, 0x32, 0x32,
	0x32, 0x32, 0x32, 0x32, 0x32, 0x96, 0xFA, 0x32, 0x32, 0x32, 0x32, 0x32,
	0x32, 0x00, 0x00, 0x02, 0x00, 0x32, 0x00, 0x00, 0x02, 0x26, 0x03, 0xE8,
	0x00, 0x03, 0x00, 0x27, 0x01, 0x80, 0x4B, 0xB0, 0x0B, 0x50, 0x58, 0x40,
	0x6B, 0x00, 0x0D, 0x0A, 0x09, 0x0B, 0x0D, 0x72, 0x00, 0x0E, 0x09, 0x08,
	0x0B, 0x0E, 0x72, 0x00, 0x0F, 0x08, 0x07, 0x08, 0x0F, 0x07, 0x80, 0x00,
	0x06, 0x10, 0x11, 0x10, 0x06, 0x11, 0x80, 0x00, 0x05, 0x11, 0x12, 0x02,
	0x05, 0x72, 0x00, 0x04, 0x12, 0x13, 0x02, 0x04, 0x72, 0x00, 0x00, 0x00,
	0x01, 0x0C, 0x00, 0x01, 0x67, 0x00, 0x09, 0x00, 0x11, 0x05, 0x09, 0x11,
	0x67, 0x00, 0x08, 0x00, 0x12, 0x04, 0x08, 0x12, 0x67, 0x00, 0x07, 0x00,
	0x13, 0x02, 0x07, 0x13, 0x67, 0x00, 0x0B, 0x0B, 0x0C, 0x5F, 0x00, 0x0C,
	0x0C, 0x16, 0x4D, 0x00, 0x10, 0x10, 0x0A, 0x5F, 0x00, 0x0A, 0x0A, 0x19,
	0x4D, 0x00, 0x02, 0x02, 0x03, 0x60, 0x00, 0x03, 0x03, 0x17, 0x03, 0x4E,
	0x1B, 0x4B, 0xB0, 0x10, 0x50, 0x58, 0x40, 0x6D, 0x00, 0x0D, 0x0A, 0x09,
	0x0B, 0x0D, 0x72, 0x00, 0x0E, 0x09, 0x08, 0x09, 0x0E, 0x08, 0x80, 0x00,
	0x0F, 0x08, 0x07, 0x08, 0x0F, 0x07, 0x80, 0x00, 0x06, 0x10, 0x11, 0x10,
	0x06, 0x11, 0x80, 0x00, 0x05, 0x11, 0x12, 0x11, 0x05, 0x12, 0x80, 0x00,
	0x04, 0x12, 0x13, 0x02, 0x04, 0x72, 0x00, 0x00, 0x00, 0x01, 0x0C, 0x00,
	0x01, 0x67, 0x00, 0x09, 0x00, 0x11, 0x05, 0x09, 0x11, 0x67, 0x00, 0x08,
	0x00, 0x12, 0x04, 0x08, 0x12, 0x67, 0x00, 0x07, 0x00, 0x13, 0x02, 0x07,
	0x13, 0x67, 0x00, 0x0B, 0x0B, 0x0C, 0x5F, 0x00, 0x0C, 0x0C, 0x16, 0x4D,
	0x00, 0x10, 0x10, 0x0A, 0x5F, 0x00, 0x0A, 0x0A, 0x19, 0x4D, 0x00, 0x02,
	0x02, 0x03, 0x60, 0x00, 0x03, 0x03, 0x17, 0x03, 0x4E, 0x1B, 0x40, 0x6F,
	0x00, 0x0D, 0x0A, 0x09, 0x0A, 0x0D, 0x09, 0x80, 0x00, 0x0E, 0x09, 0x08,
	0x09, 0x0E, 0x08, 0x80, 0x00, 0x0F, 0x08, 0x07, 0x08, 0x0F, 0x07, 0x80,
	0x00, 0x06, 0x10, 0x11, 0x10, 0x06, 0x11, 0x80, 0x00, 0x05, 0x11, 0x12,
	0x11, 0x05, 0x12, 0x80, 0x00, 0x04, 0x12, 0x13, 0x12, 0x04, 0x13, 0x80,
	0x00, 0x00, 0x00, 0x01, 0x0C, 0x00, 0x01, 0x67, 0x00, 0x09, 0x00, 0x11,
	0x05, 0x09, 0x11, 0x67, 0x00, 0x08, 0x00, 0x12, 0x04, 0x08, 0x12, 0x67,
	0x00, 0x07, 0x00, 0x13, 0x02, 0x07, 0x13, 0x67, 0x00, 0x0B, 0x0B, 0x0C,
	0x5F, 0x00, 0x0C, 0x0C, 0x16, 0x4D, 0x00, 0x10, 0x10, 0x0A, 0x5F, 0x00,
	0x0A, 0x0A, 0x19, 0x4D, 0x00, 0x02, 0x02, 0x03, 0x60, 0x00, 0x03, 0x03,
	0x17, 0x03, 0x4E, 0x59, 0x59, 0x40, 0x22, 0x27, 0x26, 0x25, 0x24, 0x23,
	0x22, 0x21, 0x20, 0x1F, 0x1E, 0x1D, 0x1C, 0x1B, 0x1A, 0x19, 0x18, 0x17,
	0x16, 0x15, 0x14, 0x13, 0x12, 0x11, 0x11, 0x11, 0x11, 0x11, 0x11, 0x11,
	0x11, 0x10, 0x14, 0x07, 0x1F, 0x2B, 0x13, 0x33, 0x15, 0x23, 0x11, 0x21,
	0x15, 0x21, 0x35, 0x33, 0x35, 0x33, 0x35, 0x33, 0x35, 0x33, 0x35, 0x33,
	0x35, 0x33, 0x35, 0x33, 0x35, 0x21, 0x35, 0x21, 0x15, 0x23, 0x15, 0x23,
	0x15, 0x23, 0x15, 0x23, 0x15, 0x23, 0x15, 0x23, 0x15, 0x23, 0xC8, 0x96,
	0x96, 0x01, 0x5E, 0xFE, 0x0C, 0x32, 0x32, 0x32, 0x32, 0x32, 0x32, 0x32,
	0xFE, 0xA2, 0x01, 0xF4, 0x32, 0x32, 0x32, 0x32, 0x32, 0x32, 0x32, 0x03,
	0xE8, 0x96, 0xFD, 0x44, 0x96, 0xFA, 0x32, 0x32, 0x32, 0x32, 0x32, 0x32,
	0x32, 0x96, 0xFA, 0x32, 0x32, 0x32, 0x32, 0x32, 0x32, 0x00, 0x00, 0x02,
	0x00, 0x32, 0x00, 0x00, 0x02, 0x26, 0x02, 0x26, 0x00, 0x1B, 0x00, 0x1F,
	0x00, 0xA7, 0x4B, 0xB0, 0x21, 0x50, 0x58, 0x40, 0x3F, 0x07, 0x01, 0x05,
	0x06, 0x04, 0x04, 0x05, 0x72, 0x00, 0x03, 0x02, 0x04, 0x03, 0x58, 0x00,
	0x01, 0x0F, 0x0A, 0x01, 0x57, 0x00, 0x02, 0x00, 0x0F, 0x00, 0x02, 0x0F,
	0x67, 0x00, 0x00, 0x00, 0x0D, 0x0A, 0x00, 0x0D, 0x67, 0x00, 0x0E, 0x0C,
	0x01, 0x0A, 0x09, 0x0E, 0x0A, 0x67, 0x00, 0x06, 0x06, 0x19, 0x4D, 0x08,
	0x01, 0x04, 0x04, 0x09, 0x60, 0x0B, 0x01, 0x09, 0x09, 0x17, 0x09, 0x4E,
	0x1B, 0x40, 0x40, 0x07, 0x01, 0x05, 0x06, 0x04, 0x06, 0x05, 0x04, 0x80,
	0x00, 0x03, 0x02, 0x04, 0x03, 0x58, 0x00, 0x01, 0x0F, 0x0A, 0x01, 0x57,
	0x00, 0x02, 0x00, 0x0F, 0x00, 0x02, 0x0F, 0x67, 0x00, 0x00, 0x00, 0x0D,
	0x0A, 0x00, 0x0D, 0x67, 0x00, 0x0E, 0x0C, 0x01, 0x0A, 0x09, 0x0E, 0x0A,
	0x67, 0x00, 0x06, 0x06, 0x19, 0x4D, 0x08, 0x01, 0x04, 0x04, 0x09, 0x60,
	0x0B, 0x01, 0x09, 0x09, 0x17, 0x09, 0x4E, 0x59, 0x40, 0x1A, 0x1F, 0x1E,
	0x1D, 0x1C, 0x1B, 0x1A, 0x19, 0x18, 0x17, 0x16, 0x15, 0x14, 0x13, 0x12,
	0x11, 0x11, 0x11, 0x11, 0x11, 0x11, 0x11, 0x11, 0x10, 0x10, 0x07, 0x1F,
	0x2B, 0x37, 0x33, 0x35, 0x33, 0x35, 0x33, 0x35, 0x21, 0x35, 0x33, 0x35,
	0x33, 0x35, 0x21, 0x15, 0x33, 0x15, 0x33, 0x11, 0x23, 0x35, 0x23, 0x15,
	0x23, 0x35, 0x23, 0x35, 0x23, 0x37, 0x33, 0x35, 0x23, 0x32, 0x32, 0x32,
	0xFA, 0xFE, 0xA2, 0x32, 0x32, 0x01, 0x2C, 0x32, 0x32, 0x96, 0x32, 0xC8,
	0x32, 0x32, 0x96, 0xC8, 0xC8, 0xFA, 0x32, 0x32, 0x32, 0x32, 0x32, 0x32,
	0x32, 0x32, 0xFE, 0x3E, 0x32, 0x32, 0x32, 0x32, 0x32, 0x64, 0x00, 0x03,
	0x00, 0x32, 0x00, 0x00, 0x02, 0x26, 0x03, 0x52, 0x00, 0x0B, 0x00, 0x27,
	0x00, 0x2B, 0x00, 0xF5, 0x4B, 0xB0, 0x21, 0x50, 0x58, 0x40, 0x5F, 0x00,
	0x01, 0x02, 0x03, 0x00, 0x01, 0x72, 0x00, 0x04, 0x00, 0x05, 0x03, 0x04,
	0x72, 0x0D, 0x01, 0x0B, 0x0C, 0x0A, 0x0A, 0x0B, 0x72, 0x00, 0x02, 0x00,
	0x03, 0x00, 0x02, 0x03, 0x67, 0x00, 0x09, 0x08, 0x0A, 0x09, 0x58, 0x00,
	0x07, 0x15, 0x10, 0x07, 0x57, 0x00, 0x08, 0x00, 0x15, 0x06, 0x08, 0x15,
	0x67, 0x00, 0x06, 0x00, 0x13, 0x10, 0x06, 0x13, 0x67, 0x00, 0x14, 0x12,
	0x01, 0x10, 0x0F, 0x14, 0x10, 0x67, 0x00, 0x05, 0x05, 0x00, 0x5F, 0x00,
	0x00, 0x00, 0x16, 0x4D, 0x00, 0x0C, 0x0C, 0x19, 0x4D, 0x0E, 0x01, 0x0A,
	0x0A, 0x0F, 0x60, 0x11, 0x01, 0x0F, 0x0F, 0x17, 0x0F, 0x4E, 0x1B, 0x40,
	0x62, 0x00, 0x01, 0x02, 0x03, 0x02, 0x01, 0x03, 0x80, 0x00, 0x04, 0x00,
	0x05, 0x00, 0x04, 0x05, 0x80, 0x0D, 0x01, 0x0B, 0x0C, 0x0A, 0x0C, 0x0B,
	0x0A, 0x80, 0x00, 0x02, 0x00, 0x03, 0x00, 0x02, 0x03, 0x67, 0x00, 0x09,
	0x08, 0x0A, 0x09, 0x58, 0x00, 0x07, 0x15, 0x10, 0x07, 0x57, 0x00, 0x08,
	0x00, 0x15, 0x06, 0x08, 0x15, 0x67, 0x00, 0x06, 0x00, 0x13, 0x10, 0x06,
	0x13, 0x67, 0x00, 0x14, 0x12, 0x01, 0x10, 0x0F, 0x14, 0x10, 0x67, 0x00,
	0x05, 0x05, 0x00, 0x5F, 0x00, 0x00, 0x00, 0x16, 0x4D, 0x00, 0x0C, 0x0C,
	0x19, 0x4D, 0x0E, 0x01, 0x0A, 0x0A, 0x0F, 0x60, 0x11, 0x01, 0x0F, 0x0F,
	0x17, 0x0F, 0x4E, 0x59, 0x40, 0x26, 0x2B, 0x2A, 0x29, 0x28, 0x27, 0x26,
	0x25, 0x24, 0x23, 0x22, 0x21, 0x20, 0x1F, 0x1E, 0x1D, 0x1C, 0x1B, 0x1A,
	0x19, 0x18, 0x17, 0x16, 0x15, 0x14, 0x13, 0x12, 0x11, 0x11, 0x11, 0x11,
	0x11, 0x11, 0x11, 0x11, 0x10, 0x16, 0x07, 0x1F, 0x2B, 0x13, 0x33, 0x35,
	0x33, 0x35, 0x33, 0x15, 0x23, 0x15, 0x23, 0x15, 0x23, 0x03, 0x33, 0x35,
	0x33, 0x35, 0x33, 0x35, 0x21, 0x35, 0x33, 0x35, 0x33, 0x35, 0x21, 0x15,
	0x33, 0x15, 0x33, 0x11, 0x23, 0x35, 0x23, 0x15, 0x23, 0x35, 0x23, 0x35,
	0x23, 0x37, 0x33, 0x35, 0x23, 0xC8, 0x32, 0x32, 0x64, 0x32, 0x32, 0x64,
	0x96, 0x32, 0x32, 0xFA, 0xFE, 0xA2, 0x32, 0x32, 0x01, 0x2C, 0x32, 0x32,
	0x96, 0x32, 0xC8, 0x32, 0x32, 0x96, 0xC8, 0xC8, 0x02, 0xEE, 0x32, 0x32,
	0x64, 0x32, 0x32, 0xFE, 0x70, 0x32, 0x32, 0x32, 0x32, 0x32, 0x32, 0x32,
	0x32, 0xFE, 0x3E, 0x32, 0x32, 0x32, 0x32, 0x32, 0x64, 0x00, 0x00, 0x03,
	0x00, 0x32, 0x00, 0x00, 0x02, 0x26, 0x03, 0x52, 0x00, 0x0B, 0x00, 0x0F,
	0x00, 0x2B, 0x00, 0xE5, 0x4B, 0xB0, 0x21, 0x50, 0x58, 0x40, 0x54, 0x0F,
	0x01, 0x0D, 0x0E, 0x0C, 0x0C, 0x0D, 0x72, 0x04, 0x01, 0x00, 0x03, 0x01,
	0x01, 0x02, 0x00, 0x01, 0x67, 0x00, 0x0B, 0x0A, 0x0C, 0x0B, 0x58, 0x00,
	0x09, 0x07, 0x12, 0x09, 0x57, 0x00, 0x0A, 0x00, 0x07, 0x08, 0x0A, 0x07,
	0x67, 0x00, 0x08, 0x00, 0x15, 0x12, 0x08, 0x15, 0x67, 0x00, 0x06, 0x14,
	0x01, 0x12, 0x11, 0x06, 0x12, 0x67, 0x00, 0x02, 0x02, 0x05, 0x5F, 0x16,
	0x01, 0x05, 0x05, 0x16, 0x4D, 0x00, 0x0E, 0x0E, 0x19, 0x4D, 0x10, 0x01,
	0x0C, 0x0C, 0x11, 0x60, 0x13, 0x01, 0x11, 0x11, 0x17, 0x11, 0x4E, 0x1B,
	0x40, 0x55, 0x0F, 0x01, 0x0D, 0x0E, 0x0C, 0x0E, 0x0D, 0x0C, 0x80, 0x04,
	0x01, 0x00, 0x03, 0x01, 0x01, 0x02, 0x00, 0x01, 0x67, 0x00, 0x0B, 0x0A,
	0x0C, 0x0B, 0x58, 0x00, 0x09, 0x07, 0x12, 0x09, 0x57, 0x00, 0x0A, 0x00,
	0x07, 0x08, 0x0A, 0x07, 0x67, 0x00, 0x08, 0x00, 0x15, 0x12, 0x08, 0x15,
	0x67, 0x00, 0x06, 0x14, 0x01, 0x12, 0x11, 0x06, 0x12, 0x67, 0x00, 0x02,
	0x02, 0x05, 0x5F, 0x16, 0x01, 0x05, 0x05, 0x16, 0x4D, 0x00, 0x0E, 0x0E,
	0x19, 0x4D, 0x10, 0x01, 0x0C, 0x0C, 0x11, 0x60, 0x13, 0x01, 0x11, 0x11,
	0x17, 0x11, 0x4E, 0x59, 0x40, 0x2E, 0x00, 0x00, 0x2B, 0x2A, 0x29, 0x28,
	0x27, 0x26, 0x25, 0x24, 0x23, 0x22, 0x21, 0x20, 0x1F, 0x1E, 0x1D, 0x1C,
	0x1B, 0x1A, 0x19, 0x18, 0x17, 0x16, 0x15, 0x14, 0x13, 0x12, 0x11, 0x10,
	0x0F, 0x0E, 0x0D, 0x0C, 0x00, 0x0B, 0x00, 0x0B, 0x11, 0x11, 0x11, 0x11,
	0x11, 0x17, 0x07, 0x1B, 0x2B, 0x01, 0x35, 0x33, 0x15, 0x23, 0x15, 0x23,
	0x35, 0x23, 0x35, 0x33, 0x15, 0x03, 0x33, 0x35, 0x23, 0x23, 0x33, 0x35,
	0x33, 0x35, 0x33, 0x35, 0x21, 0x35, 0x33, 0x35, 0x33, 0x35, 0x21, 0x15,
	0x33, 0x15, 0x33, 0x11, 0x23, 0x35, 0x23, 0x15, 0x23, 0x35, 0x23, 0x35,
	0x23, 0x01, 0x5E, 0x64, 0x32, 0xC8, 0x32, 0x64, 0x32, 0xC8, 0xC8, 0x96,
	0x32, 0x32, 0xFA, 0xFE, 0xA2, 0x32, 0x32, 0x01, 0x2C, 0x32, 0x32, 0x96,
	0x32, 0xC8, 0x32, 0x32, 0x02, 0xEE, 0x64, 0x96, 0x32, 0x32, 0x96, 0x64,
	0xFD, 0xA8, 0x64, 0x32, 0x32, 0x32, 0x32, 0x32, 0x32, 0x32, 0x32, 0xFE,
	0x3E, 0x32, 0x32, 0x32, 0x32, 0x00, 0x00, 0x03, 0x00, 0x32, 0x00, 0x00,
	0x02, 0x26, 0x03, 0x52, 0x00, 0x0F, 0x00, 0x2B, 0x00, 0x2F, 0x00, 0xF0,
	0x4B, 0xB0, 0x21, 0x50, 0x58, 0x40, 0x5B, 0x03, 0x01, 0x01, 0x02, 0x00,
	0x00, 0x01, 0x72, 0x0F, 0x01, 0x0D, 0x0E, 0x0C, 0x0C, 0x0D, 0x72, 0x00,
	0x02, 0x00, 0x06, 0x05, 0x02, 0x06, 0x67, 0x00, 0x0B, 0x0A, 0x0C, 0x0B,
	0x58, 0x00, 0x09, 0x17, 0x12, 0x09, 0x57, 0x00, 0x0A, 0x00, 0x17, 0x08,
	0x0A, 0x17, 0x67, 0x00, 0x08, 0x00, 0x15, 0x12, 0x08, 0x15, 0x67, 0x00,
	0x16, 0x14, 0x01, 0x12, 0x11, 0x16, 0x12, 0x67, 0x07, 0x01, 0x05, 0x05,
	0x00, 0x5F, 0x04, 0x01, 0x00, 0x00, 0x16, 0x4D, 0x00, 0x0E, 0x0E, 0x19,
	0x4D, 0x10, 0x01, 0x0C, 0x0C, 0x11, 0x60, 0x13, 0x01, 0x11, 0x11, 0x17,
	0x11, 0x4E, 0x1B, 0x40, 0x5D, 0x03, 0x01, 0x01, 0x02, 0x00, 0x02, 0x01,
	0x00, 0x80, 0x0F, 0x01, 0x0D, 0x0E, 0x0C, 0x0E, 0x0D, 0x0C, 0x80, 0x00,
	0x02, 0x00, 0x06, 0x05, 0x02, 0x06, 0x67, 0x00, 0x0B, 0x0A, 0x0C, 0x0B,
	0x58, 0x00, 0x09, 0x17, 0x12, 0x09, 0x57, 0x00, 0x0A, 0x00, 0x17, 0x08,
	0x0A, 0x17, 0x67, 0x00, 0x08, 0x00, 0x15, 0x12, 0x08, 0x15, 0x67, 0x00,
	0x16, 0x14, 0x01, 0x12, 0x11, 0x16, 0x12, 0x67, 0x07, 0x01, 0x05, 0x05,
	0x00, 0x5F, 0x04, 0x01, 0x00, 0x00, 0x16, 0x4D, 0x00, 0x0E, 0x0E, 0x19,
	0x4D, 0x10, 0x01, 0x0C, 0x0C, 0x11, 0x60, 0x13, 0x01, 0x11, 0x11, 0x17,
	0x11, 0x4E, 0x59, 0x40, 0x2A, 0x2F, 0x2E, 0x2D, 0x2C, 0x2B, 0x2A, 0x29,
	0x28, 0x27, 0x26, 0x25, 0x24, 0x23, 0x22, 0x21, 0x20, 0x1F, 0x1E, 0x1D,
	0x1C, 0x1B, 0x1A, 0x19, 0x18, 0x17, 0x16, 0x15, 0x14, 0x13, 0x12, 0x11,
	0x11, 0x11, 0x11, 0x11, 0x11, 0x11, 0x11, 0x10, 0x18, 0x07, 0x1F, 0x2B,
	0x13, 0x33, 0x35, 0x33, 0x35, 0x33, 0x15, 0x33, 0x15, 0x33, 0x15, 0x23,
	0x35, 0x23, 0x15, 0x23, 0x03, 0x33, 0x35, 0x33, 0x35, 0x33, 0x35, 0x21,
	0x35, 0x33, 0x35, 0x33, 0x35, 0x21, 0x15, 0x33, 0x15, 0x33, 0x11, 0x23,
	0x35, 0x23, 0x15, 0x23, 0x35, 0x23, 0x35, 0x23, 0x37, 0x33, 0x35, 0x23,
	0x96, 0x32, 0x32, 0x64, 0x32, 0x32, 0x64, 0x64, 0x64, 0x64, 0x32, 0x32,
	0xFA, 0xFE, 0xA2, 0x32, 0x32, 0x01, 0x2C, 0x32, 0x32, 0x96, 0x32, 0xC8,
	0x32, 0x32, 0x96, 0xC8, 0xC8, 0x02, 0xEE, 0x32, 0x32, 0x32, 0x32, 0x64,
	0x32, 0x32, 0xFE, 0x70, 0x32, 0x32, 0x32, 0x32, 0x32, 0x32, 0x32, 0x32,
	0xFE, 0x3E, 0x32, 0x32, 0x32, 0x32, 0x32, 0x64, 0x00, 0x04, 0x00, 0x32,
	0x00, 0x00, 0x02, 0x26, 0x03, 0x20, 0x00, 0x03, 0x00, 0x07, 0x00, 0x0B,
	0x00, 0x27, 0x00, 0xC3, 0x4B, 0xB0, 0x21, 0x50, 0x58, 0x40, 0x49, 0x0D,
	0x01, 0x0B, 0x0C, 0x0A, 0x0A, 0x0B, 0x72, 0x02, 0x01, 0x00, 0x03, 0x01,
	0x01, 0x0C, 0x00, 0x01, 0x67, 0x00, 0x09, 0x08, 0x0A, 0x09, 0x58, 0x00,
	0x07, 0x05, 0x10, 0x07, 0x57, 0x00, 0x08, 0x00, 0x05, 0x06, 0x08, 0x05,
	0x67, 0x00, 0x06, 0x00, 0x13, 0x10, 0x06, 0x13, 0x67, 0x00, 0x04, 0x12,
	0x01, 0x10, 0x0F, 0x04, 0x10, 0x67, 0x00, 0x0C, 0x0C, 0x19, 0x4D, 0x0E,
	0x01, 0x0A, 0x0A, 0x0F, 0x60, 0x11, 0x01, 0x0F, 0x0F, 0x17, 0x0F, 0x4E,
	0x1B, 0x40, 0x4A, 0x0D, 0x01, 0x0B, 0x0C, 0x0A, 0x0C, 0x0B, 0x0A, 0x80,
	0x02, 0x01, 0x00, 0x03, 0x01, 0x01, 0x0C, 0x00, 0x01, 0x67, 0x00, 0x09,
	0x08, 0x0A, 0x09, 0x58, 0x00, 0x07, 0x05, 0x10, 0x07, 0x57, 0x00, 0x08,
	0x00, 0x05, 0x06, 0x08, 0x05, 0x67, 0x00, 0x06, 0x00, 0x13, 0x10, 0x06,
	0x13, 0x67, 0x00, 0x04, 0x12, 0x01, 0x10, 0x0F, 0x04, 0x10, 0x67, 0x00,
	0x0C, 0x0C, 0x19, 0x4D, 0x0E, 0x01, 0x0A, 0x0A, 0x0F, 0x60, 0x11, 0x01,
	0x0F, 0x0F, 0x17, 0x0F, 0x4E, 0x59, 0x40, 0x22, 0x27, 0x26, 0x25, 0x24,
	0x23, 0x22, 0x21, 0x20, 0x1F, 0x1E, 0x1D, 0x1C, 0x1B, 0x1A, 0x19, 0x18,
	0x17, 0x16, 0x15, 0x14, 0x13, 0x12, 0x11, 0x11, 0x11, 0x11, 0x11, 0x11,
	0x11, 0x11, 0x10, 0x14, 0x07, 0x1F, 0x2B, 0x01, 0x33, 0x15, 0x23, 0x27,
	0x33, 0x15, 0x23, 0x13, 0x33, 0x35, 0x23, 0x23, 0x33, 0x35, 0x33, 0x35,
	0x33, 0x35, 0x21, 0x35, 0x33, 0x35, 0x33, 0x35, 0x21, 0x15, 0x33, 0x15,
	0x33, 0x11, 0x23, 0x35, 0x23, 0x15, 0x23, 0x35, 0x23, 0x35, 0x23, 0x01,
	0x5E, 0x96, 0x96, 0xFA, 0x96, 0x96, 0x64, 0xC8, 0xC8, 0x96, 0x32, 0x32,
	0xFA, 0xFE, 0xA2, 0x32, 0x32, 0x01, 0x2C, 0x32, 0x32, 0x96, 0x32, 0xC8,
	0x32, 0x32, 0x03, 0x20, 0x96, 0x96, 0x96, 0xFE, 0x0C, 0x64, 0x32, 0x32,
	0x32, 0x32, 0x32, 0x32, 0x32, 0x32, 0xFE, 0x3E, 0x32, 0x32, 0x32, 0x32,
	0x00, 0x03, 0x00, 0x32, 0x00, 0x00, 0x02, 0x26, 0x03, 0x52, 0x00, 0x0B,
	0x00, 0x27, 0x00, 0x2B, 0x00, 0xF5, 0x4B, 0xB0, 0x21, 0x50, 0x58, 0x40,
	0x5F, 0x00, 0x01, 0x00, 0x05, 0x02, 0x01, 0x72, 0x00, 0x04, 0x02, 0x03,
	0x05, 0x04, 0x72, 0x0D, 0x01, 0x0B, 0x0C, 0x0A, 0x0A, 0x0B, 0x72, 0x00,
	0x00, 0x00, 0x05, 0x02, 0x00, 0x05, 0x67, 0x00, 0x09, 0x08, 0x0A, 0x09,
	0x58, 0x00, 0x07, 0x15, 0x10, 0x07, 0x57, 0x00, 0x08, 0x00, 0x15, 0x06,
	0x08, 0x15, 0x67, 0x00, 0x06, 0x00, 0x13, 0x10, 0x06, 0x13, 0x67, 0x00,
	0x14, 0x12, 0x01, 0x10, 0x0F, 0x14, 0x10, 0x67, 0x00, 0x03, 0x03, 0x02,
	0x5F, 0x00, 0x02, 0x02, 0x16, 0x4D, 0x00, 0x0C, 0x0C, 0x19, 0x4D, 0x0E,
	0x01, 0x0A, 0x0A, 0x0F, 0x60, 0x11, 0x01, 0x0F, 0x0F, 0x17, 0x0F, 0x4E,
	0x1B, 0x40, 0x62, 0x00, 0x01, 0x00, 0x05, 0x00, 0x01, 0x05, 0x80, 0x00,
	0x04, 0x02, 0x03, 0x02, 0x04, 0x03, 0x80, 0x0D, 0x01, 0x0B, 0x0C, 0x0A,
	0x0C, 0x0B, 0x0A, 0x80, 0x00, 0x00, 0x00, 0x05, 0x02, 0x00, 0x05, 0x67,
	0x00, 0x09, 0x08, 0x0A, 0x09, 0x58, 0x00, 0x07, 0x15, 0x10, 0x07, 0x57,
	0x00, 0x08, 0x00, 0x15, 0x06, 0x08, 0x15, 0x67, 0x00, 0x06, 0x00, 0x13,
	0x10, 0x06, 0x13, 0x67, 0x00, 0x14, 0x12, 0x01, 0x10, 0x0F, 0x14, 0x10,
	0x67, 0x00, 0x03, 0x03, 0x02, 0x5F, 0x00, 0x02, 0x02, 0x16, 0x4D, 0x00,
	0x0C, 0x0C, 0x19, 0x4D, 0x0E, 0x01, 0x0A, 0x0A, 0x0F, 0x60, 0x11, 0x01,
	0x0F, 0x0F, 0x17, 0x0F, 0x4E, 0x59, 0x40, 0x26, 0x2B, 0x2A, 0x29, 0x28,
	0x27, 0x26, 0x25, 0x24, 0x23, 0x22, 0x21, 0x20, 0x1F, 0x1E, 0x1D, 0x1C,
	0x1B, 0x1A, 0x19, 0x18, 0x17, 0x16, 0x15, 0x14, 0x13, 0x12, 0x11, 0x11,
	0x11, 0x11, 0x11, 0x11, 0x11, 0x11, 0x10, 0x16, 0x07, 0x1F, 0x2B, 0x13,
	0x33, 0x15, 0x33, 0x15, 0x33, 0x15, 0x23, 0x35, 0x23, 0x35, 0x23, 0x03,
	0x33, 0x35, 0x33, 0x35, 0x33, 0x35, 0x21, 0x35, 0x33, 0x35, 0x33, 0x35,
	0x21, 0x15, 0x33, 0x15, 0x33, 0x11, 0x23, 0x35, 0x23, 0x15, 0x23, 0x35,
	0x23, 0x35, 0x23, 0x37, 0x33, 0x35, 0x23, 0xC8, 0x64, 0x32, 0x32, 0x64,
	0x32, 0x32, 0x96, 0x32, 0x32, 0xFA, 0xFE, 0xA2, 0x32, 0x32, 0x01, 0x2C,
	0x32, 0x32, 0x96, 0x32, 0xC8, 0x32, 0x32, 0x96, 0xC8, 0xC8, 0x03, 0x52,
	0x32, 0x32, 0x64, 0x32, 0x32, 0xFE, 0x0C, 0x32, 0x32, 0x32, 0x32, 0x32,
	0x32, 0x32, 0x32, 0xFE, 0x3E, 0x32, 0x32, 0x32, 0x32, 0x32, 0x64, 0x00,
	0x00, 0x03, 0x00, 0x32, 0x00, 0x00, 0x02, 0x26, 0x02, 0xEE, 0x00, 0x03,
	0x00, 0x07, 0x00, 0x23, 0x00, 0xBF, 0x4B, 0xB0, 0x21, 0x50, 0x58, 0x40,
	0x49, 0x0B, 0x01, 0x09, 0x0A, 0x08, 0x08, 0x09, 0x72, 0x00, 0x07, 0x06,
	0x08, 0x07, 0x58, 0x00, 0x05, 0x03, 0x0E, 0x05, 0x57, 0x00, 0x06, 0x00,
	0x03, 0x04, 0x06, 0x03, 0x67, 0x00, 0x04, 0x00, 0x11, 0x0E, 0x04, 0x11,
	0x67, 0x00, 0x02, 0x10, 0x01, 0x0E, 0x0D, 0x02, 0x0E, 0x67, 0x00, 0x01,
	0x01, 0x00, 0x5F, 0x00, 0x00, 0x00, 0x16, 0x4D, 0x00, 0x0A, 0x0A, 0x19,
	0x4D, 0x0C, 0x01, 0x08, 0x08, 0x0D, 0x60, 0x0F, 0x01, 0x0D, 0x0D, 0x17,
	0x0D, 0x4E, 0x1B, 0x40, 0x4A, 0x0B, 0x01, 0x09, 0x0A, 0x08, 0x0A, 0x09,
	0x08, 0x80, 0x00, 0x07, 0x06, 0x08, 0x07, 0x58, 0x00, 0x05, 0x03, 0x0E,
	0x05, 0x57, 0x00, 0x06, 0x00, 0x03, 0x04, 0x06, 0x03, 0x67, 0x00, 0x04,
	0x00, 0x11, 0x0E, 0x04, 0x11, 0x67, 0x00, 0x02, 0x10, 0x01, 0x0E, 0x0D,
	0x02, 0x0E, 0x67, 0x00, 0x01, 0x01, 0x00, 0x5F, 0x00, 0x00, 0x00, 0x16,
	0x4D, 0x00, 0x0A, 0x0A, 0x19, 0x4D, 0x0C, 0x01, 0x08, 0x08, 0x0D, 0x60,
	0x0F, 0x01, 0x0D, 0x0D, 0x17, 0x0D, 0x4E, 0x59, 0x40, 0x1E, 0x23, 0x22,
	0x21, 0x20, 0x1F, 0x1E, 0x1D, 0x1C, 0x1B, 0x1A, 0x19, 0x18, 0x17, 0x16,
	0x15, 0x14, 0x13, 0x12, 0x11, 0x11, 0x11, 0x11, 0x11, 0x11, 0x11, 0x11,
	0x10, 0x12, 0x07, 0x1F, 0x2B, 0x13, 0x21, 0x15, 0x21, 0x13, 0x33, 0x35,
	0x23, 0x23, 0x33, 0x35, 0x33, 0x35, 0x33, 0x35, 0x21, 0x35, 0x33, 0x35,
	0x33, 0x35, 0x21, 0x15, 0x33, 0x15, 0x33, 0x11, 0x23, 0x35, 0x23, 0x15,
	0x23, 0x35, 0x23, 0x35, 0x23, 0x96, 0x01, 0x2C, 0xFE, 0xD4, 0x32, 0xC8,
	0xC8, 0x96, 0x32, 0x32, 0xFA, 0xFE, 0xA2, 0x32, 0x32, 0x01, 0x2C, 0x32,
	0x32, 0x96, 0x32, 0xC8, 0x32, 0x32, 0x02, 0xEE, 0x64, 0xFE, 0x0C, 0x64,
	0x32, 0x32, 0x32, 0x32, 0x32, 0x32, 0x32, 0x32, 0xFE, 0x3E, 0x32, 0x32,
	0x32, 0x32, 0x00, 0x02, 0x00, 0x32, 0xFF, 0x06, 0x02, 0x26, 0x02, 0x26,
	0x00, 0x29, 0x00, 0x2D, 0x00, 0xF5, 0x4B, 0xB0, 0x10, 0x50, 0x58, 0x40,
	0x5F, 0x00, 0x10, 0x0A, 0x0B, 0x0C, 0x10, 0x72, 0x00, 0x0B, 0x0F, 0x0A,
	0x0B, 0x0F, 0x7E, 0x00, 0x03, 0x02, 0x04, 0x03, 0x58, 0x00, 0x01, 0x16,
	0x11, 0x01, 0x57, 0x00, 0x02, 0x00, 0x16, 0x00, 0x02, 0x16, 0x67, 0x00,
	0x00, 0x00, 0x14, 0x11, 0x00, 0x14, 0x67, 0x00, 0x15, 0x13, 0x01, 0x11,
	0x09, 0x15, 0x11, 0x67, 0x07, 0x01, 0x05, 0x00, 0x0A, 0x10, 0x05, 0x0A,
	0x67, 0x00, 0x0C, 0x00, 0x0D, 0x0C, 0x0D, 0x64, 0x00, 0x06, 0x06, 0x19,
	0x4D, 0x08, 0x01, 0x04, 0x04, 0x09, 0x60, 0x12, 0x01, 0x09, 0x09, 0x17,
	0x4D, 0x00, 0x0F, 0x0F, 0x0E, 0x5F, 0x00, 0x0E, 0x0E, 0x1B, 0x0E, 0x4E,
	0x1B, 0x40, 0x60, 0x00, 0x10, 0x0A, 0x0B, 0x0A, 0x10, 0x0B, 0x80, 0x00,
	0x0B, 0x0F, 0x0A, 0x0B, 0x0F, 0x7E, 0x00, 0x03, 0x02, 0x04, 0x03, 0x58,
	0x00, 0x01, 0x16, 0x11, 0x01, 0x57, 0x00, 0x02, 0x00, 0x16, 0x00, 0x02,
	0x16, 0x67, 0x00, 0x00, 0x00, 0x14, 0x11, 0x00, 0x14, 0x67, 0x00, 0x15,
	0x13, 0x01, 0x11, 0x09, 0x15, 0x11, 0x67, 0x07, 0x01, 0x05, 0x00, 0x0A,
	0x10, 0x05, 0x0A, 0x67, 0x00, 0x0C, 0x00, 0x0D, 0x0C, 0x0D, 0x64, 0x00,
	0x06, 0x06, 0x19, 0x4D, 0x08, 0x01, 0x04, 0x04, 0x09, 0x60, 0x12, 0x01,
	0x09, 0x09, 0x17, 0x4D, 0x00, 0x0F, 0x0F, 0x0E, 0x5F, 0x00, 0x0E, 0x0E,
	0x1B, 0x0E, 0x4E, 0x59, 0x40, 0x28, 0x2D, 0x2C, 0x2B, 0x2A, 0x29, 0x28,
	0x27, 0x26, 0x25, 0x24, 0x23, 0x22, 0x21, 0x20, 0x1F, 0x1E, 0x1D, 0x1C,
	0x1B, 0x1A, 0x19, 0x18, 0x17, 0x16, 0x15, 0x14, 0x13, 0x12, 0x11, 0x11,
	0x11, 0x11, 0x11, 0x11, 0x11, 0x11, 0x10, 0x17, 0x07, 0x1F, 0x2B, 0x37,
	0x33, 0x35, 0x33, 0x35, 0x33, 0x35, 0x21, 0x35, 0x33, 0x35, 0x33, 0x35,
	0x21, 0x15, 0x33, 0x15, 0x33, 0x11, 0x23, 0x15, 0x23, 0x15, 0x23, 0x15,
	0x33, 0x15, 0x23, 0x35, 0x23, 0x35, 0x33, 0x35, 0x33, 0x35, 0x23, 0x15,
	0x23, 0x35, 0x23, 0x35, 0x23, 0x37, 0x33, 0x35, 0x23, 0x32, 0x32, 0x32,
	0xFA, 0xFE, 0xA2, 0x32, 0x32, 0x01, 0x2C, 0x32, 0x32, 0x32, 0x32, 0x32,
	0x96, 0xC8, 0x32, 0x32, 0x32, 0x32, 0xC8, 0x32, 0x32, 0x96, 0xC8, 0xC8,
	0xFA, 0x32, 0x32, 0x32, 0x32, 0x32, 0x32, 0x32, 0x32, 0xFE, 0x3E, 0x32,
	0x32, 0x32, 0x64, 0x32, 0x64, 0x32, 0x64, 0x32, 0x32, 0x32, 0x32, 0x64,
	0x00, 0x04, 0x00, 0x32, 0x00, 0x00, 0x02, 0x26, 0x03, 0x84, 0x00, 0x03,
	0x00, 0x1F, 0x00, 0x33, 0x00, 0x37, 0x01, 0x15, 0x4B, 0xB0, 0x21, 0x50,
	0x58, 0x40, 0x64, 0x09, 0x01, 0x07, 0x08, 0x06, 0x06, 0x07, 0x72, 0x00,
	0x14, 0x00, 0x00, 0x12, 0x14, 0x00, 0x67, 0x16, 0x01, 0x12, 0x17, 0x01,
	0x11, 0x01, 0x12, 0x11, 0x67, 0x15, 0x01, 0x13, 0x18, 0x01, 0x10, 0x19,
	0x13, 0x10, 0x67, 0x1C, 0x01, 0x01, 0x00, 0x19, 0x08, 0x01, 0x19, 0x67,
	0x00, 0x05, 0x04, 0x06, 0x05, 0x58, 0x00, 0x03, 0x1B, 0x0C, 0x03, 0x57,
	0x00, 0x04, 0x00, 0x1B, 0x02, 0x04, 0x1B, 0x67, 0x00, 0x02, 0x00, 0x0F,
	0x0C, 0x02, 0x0F, 0x67, 0x00, 0x1A, 0x0E, 0x01, 0x0C, 0x0B, 0x1A, 0x0C,
	0x67, 0x00, 0x08, 0x08, 0x19, 0x4D, 0x0A, 0x01, 0x06, 0x06, 0x0B, 0x60,
	0x0D, 0x01, 0x0B, 0x0B, 0x17, 0x0B, 0x4E, 0x1B, 0x40, 0x65, 0x09, 0x01,
	0x07, 0x08, 0x06, 0x08, 0x07, 0x06, 0x80, 0x00, 0x14, 0x00, 0x00, 0x12,
	0x14, 0x00, 0x67, 0x16, 0x01, 0x12, 0x17, 0x01, 0x11, 0x01, 0x12, 0x11,
	0x67, 0x15, 0x01, 0x13, 0x18, 0x01, 0x10, 0x19, 0x13, 0x10, 0x67, 0x1C,
	0x01, 0x01, 0x00, 0x19, 0x08, 0x01, 0x19, 0x67, 0x00, 0x05, 0x04, 0x06,
	0x05, 0x58, 0x00, 0x03, 0x1B, 0x0C, 0x03, 0x57, 0x00, 0x04, 0x00, 0x1B,
	0x02, 0x04, 0x1B, 0x67, 0x00, 0x02, 0x00, 0x0F, 0x0C, 0x02, 0x0F, 0x67,
	0x00, 0x1A, 0x0E, 0x01, 0x0C, 0x0B, 0x1A, 0x0C, 0x67, 0x00, 0x08, 0x08,
	0x19, 0x4D, 0x0A, 0x01, 0x06, 0x06, 0x0B, 0x60, 0x0D, 0x01, 0x0B, 0x0B,
	0x17, 0x0B, 0x4E, 0x59, 0x40, 0x3E, 0x00, 0x00, 0x37, 0x36, 0x35, 0x34,
	0x33, 0x32, 0x31, 0x30, 0x2F, 0x2E, 0x2D, 0x2C, 0x2B, 0x2A, 0x29, 0x28,
	0x27, 0x26, 0x25, 0x24, 0x23, 0x22, 0x21, 0x20, 0x1F, 0x1E, 0x1D, 0x1C,
	0x1B, 0x1A, 0x19, 0x18, 0x17, 0x16, 0x15, 0x14, 0x13, 0x12, 0x11, 0x10,
	0x0F, 0x0E, 0x0D, 0x0C, 0x0B, 0x0A, 0x09, 0x08, 0x07, 0x06, 0x05, 0x04,
	0x00, 0x03, 0x00, 0x03, 0x11, 0x1D, 0x07, 0x17, 0x2B, 0x01, 0x35, 0x23,
	0x15, 0x03, 0x33, 0x35, 0x33, 0x35, 0x33, 0x35, 0x21, 0x35, 0x33, 0x35,
	0x33, 0x35, 0x21, 0x15, 0x33, 0x15, 0x33, 0x11, 0x23, 0x35, 0x23, 0x15,
	0x23, 0x35, 0x23, 0x35, 0x23, 0x13, 0x23, 0x35, 0x23, 0x35, 0x33, 0x35,
	0x33, 0x35, 0x33, 0x15, 0x33, 0x15, 0x33, 0x15, 0x23, 0x15, 0x23, 0x15,
	0x23, 0x03, 0x33, 0x35, 0x23, 0x01, 0x5E, 0x64, 0xC8, 0x32, 0x32, 0xFA,
	0xFE, 0xA2, 0x32, 0x32, 0x01, 0x2C, 0x32, 0x32, 0x96, 0x32, 0xC8, 0x32,
	0x32, 0xC8, 0x32, 0x32, 0x32, 0x32, 0x64, 0x32, 0x32, 0x32, 0x32, 0x64,
	0x32, 0xC8, 0xC8, 0x02, 0xBC, 0x64, 0x64, 0xFE, 0x3E, 0x32, 0x32, 0x32,
	0x32, 0x32, 0x32, 0x32, 0x32, 0xFE, 0x3E, 0x32, 0x32, 0x32, 0x32, 0x02,
	0x26, 0x32, 0x64, 0x32, 0x32, 0x32, 0x32, 0x64, 0x32, 0x32, 0xFE, 0x3E,
	0x64, 0x00, 0x00, 0x03, 0x00, 0x32, 0x00, 0x00, 0x02, 0x26, 0x03, 0x52,
	0x00, 0x13, 0x00, 0x2F, 0x00, 0x33, 0x01, 0x01, 0x4B, 0xB0, 0x21, 0x50,
	0x58, 0x40, 0x62, 0x00, 0x04, 0x03, 0x03, 0x04, 0x70, 0x00, 0x09, 0x00,
	0x10, 0x00, 0x09, 0x72, 0x11, 0x01, 0x0F, 0x10, 0x0E, 0x0E, 0x0F, 0x72,
	0x07, 0x05, 0x02, 0x03, 0x00, 0x01, 0x00, 0x03, 0x01, 0x68, 0x00, 0x0D,
	0x0C, 0x0E, 0x0D, 0x58, 0x00, 0x0B, 0x19, 0x14, 0x0B, 0x57, 0x00, 0x0C,
	0x00, 0x19, 0x0A, 0x0C, 0x19, 0x67, 0x00, 0x0A, 0x00, 0x17, 0x14, 0x0A,
	0x17, 0x67, 0x00, 0x18, 0x16, 0x01, 0x14, 0x13, 0x18, 0x14, 0x67, 0x08,
	0x02, 0x02, 0x00, 0x00, 0x06, 0x5F, 0x00, 0x06, 0x06, 0x16, 0x4D, 0x00,
	0x10, 0x10, 0x19, 0x4D, 0x12, 0x01, 0x0E, 0x0E, 0x13, 0x60, 0x15, 0x01,
	0x13, 0x13, 0x17, 0x13, 0x4E, 0x1B, 0x40, 0x63, 0x00, 0x04, 0x03, 0x04,
	0x85, 0x00, 0x09, 0x00, 0x10, 0x00, 0x09, 0x10, 0x80, 0x11, 0x01, 0x0F,
	0x10, 0x0E, 0x10, 0x0F, 0x0E, 0x80, 0x07, 0x05, 0x02, 0x03, 0x00, 0x01,
	0x00, 0x03, 0x01, 0x68, 0x00, 0x0D, 0x0C, 0x0E, 0x0D, 0x58, 0x00, 0x0B,
	0x19, 0x14, 0x0B, 0x57, 0x00, 0x0C, 0x00, 0x19, 0x0A, 0x0C, 0x19, 0x67,
	0x00, 0x0A, 0x00, 0x17, 0x14, 0x0A, 0x17, 0x67, 0x00, 0x18, 0x16, 0x01,
	0x14, 0x13, 0x18, 0x14, 0x67, 0x08, 0x02, 0x02, 0x00, 0x00, 0x06, 0x5F,
	0x00, 0x06, 0x06, 0x16, 0x4D, 0x00, 0x10, 0x10, 0x19, 0x4D, 0x12, 0x01,
	0x0E, 0x0E, 0x13, 0x60, 0x15, 0x01, 0x13, 0x13, 0x17, 0x13, 0x4E, 0x59,
	0x40, 0x2E, 0x33, 0x32, 0x31, 0x30, 0x2F, 0x2E, 0x2D, 0x2C, 0x2B, 0x2A,
	0x29, 0x28, 0x27, 0x26, 0x25, 0x24, 0x23, 0x22, 0x21, 0x20, 0x1F, 0x1E,
	0x1D, 0x1C, 0x1B, 0x1A, 0x19, 0x18, 0x17, 0x16, 0x15, 0x14, 0x13, 0x12,
	0x11, 0x11, 0x11, 0x11, 0x11, 0x11, 0x11, 0x11, 0x10, 0x1A, 0x07, 0x1F,
	0x2B, 0x01, 0x23, 0x35, 0x23, 0x15, 0x23, 0x35, 0x33, 0x35, 0x33, 0x15,
	0x33, 0x15, 0x33, 0x35, 0x33, 0x15, 0x23, 0x15, 0x23, 0x01, 0x33, 0x35,
	0x33, 0x35, 0x33, 0x35, 0x21, 0x35, 0x33, 0x35, 0x33, 0x35, 0x21, 0x15,
	0x33, 0x15, 0x33, 0x11, 0x23, 0x35, 0x23, 0x15, 0x23, 0x35, 0x23, 0x35,
	0x23, 0x37, 0x33, 0x35, 0x23, 0x01, 0x5E, 0x32, 0x64, 0x32, 0x32, 0x32,
	0x32, 0x64, 0x32, 0x32, 0x32, 0xFE, 0xD4, 0x32, 0x32, 0xFA, 0xFE, 0xA2,
	0x32, 0x32, 0x01, 0x2C, 0x32, 0x32, 0x96, 0x32, 0xC8, 0x32, 0x32, 0x96,
	0xC8, 0xC8, 0x02, 0x8A, 0x32, 0x32, 0x96, 0x32, 0x32, 0x32, 0x32, 0x96,
	0x32, 0xFE, 0xA2, 0x32, 0x32, 0x32, 0x32, 0x32, 0x32, 0x32, 0x32, 0xFE,
	0x3E, 0x32, 0x32, 0x32, 0x32, 0x32, 0x64, 0x00, 0x00, 0x03, 0x00, 0x32,
	0x00, 0x00, 0x03, 0x84, 0x02, 0x26, 0x00, 0x03, 0x00, 0x07, 0x00, 0x2F,
	0x00, 0xD1, 0x4B, 0xB0, 0x21, 0x50, 0x58, 0x40, 0x4C, 0x0D, 0x0B, 0x02,
	0x09, 0x0A, 0x08, 0x08, 0x09, 0x72, 0x0E, 0x01, 0x08, 0x03, 0x03, 0x08,
	0x57, 0x00, 0x06, 0x00, 0x01, 0x04, 0x06, 0x01, 0x67, 0x00, 0x04, 0x0F,
	0x11, 0x04, 0x57, 0x05, 0x01, 0x02, 0x00, 0x0F, 0x00, 0x02, 0x0F, 0x68,
	0x17, 0x01, 0x11, 0x12, 0x00, 0x11, 0x57, 0x10, 0x01, 0x00, 0x16, 0x14,
	0x02, 0x12, 0x13, 0x00, 0x12, 0x67, 0x07, 0x01, 0x03, 0x03, 0x0A, 0x5F,
	0x0C, 0x01, 0x0A, 0x0A, 0x19, 0x4D, 0x15, 0x01, 0x13, 0x13, 0x17, 0x13,
	0x4E, 0x1B, 0x40, 0x4D, 0x0D, 0x0B, 0x02, 0x09, 0x0A, 0x08, 0x0A, 0x09,
	0x08, 0x80, 0x0E, 0x01, 0x08, 0x03, 0x03, 0x08, 0x57, 0x00, 0x06, 0x00,
	0x01, 0x04, 0x06, 0x01, 0x67, 0x00, 0x04, 0x0F, 0x11, 0x04, 0x57, 0x05,
	0x01, 0x02, 0x00, 0x0F, 0x00, 0x02, 0x0F, 0x68, 0x17, 0x01, 0x11, 0x12,
	0x00, 0x11, 0x57, 0x10, 0x01, 0x00, 0x16, 0x14, 0x02, 0x12, 0x13, 0x00,
	0x12, 0x67, 0x07, 0x01, 0x03, 0x03, 0x0A, 0x5F, 0x0C, 0x01, 0x0A, 0x0A,
	0x19, 0x4D, 0x15, 0x01, 0x13, 0x13, 0x17, 0x13, 0x4E, 0x59, 0x40, 0x2A,
	0x2F, 0x2E, 0x2D, 0x2C, 0x2B, 0x2A, 0x29, 0x28, 0x27, 0x26, 0x25, 0x24,
	0x23, 0x22, 0x21, 0x20, 0x1F, 0x1E, 0x1D, 0x1C, 0x1B, 0x1A, 0x19, 0x18,
	0x17, 0x16, 0x15, 0x14, 0x13, 0x12, 0x11, 0x11, 0x11, 0x11, 0x11, 0x11,
	0x11, 0x11, 0x10, 0x18, 0x07, 0x1F, 0x2B, 0x37, 0x33, 0x35, 0x23, 0x25,
	0x33, 0x35, 0x23, 0x05, 0x33, 0x35, 0x33, 0x35, 0x33, 0x35, 0x21, 0x35,
	0x33, 0x35, 0x33, 0x35, 0x21, 0x15, 0x33, 0x35, 0x21, 0x15, 0x33, 0x15,
	0x33, 0x15, 0x21, 0x15, 0x21, 0x15, 0x23, 0x15, 0x23, 0x15, 0x21, 0x35,
	0x23, 0x15, 0x23, 0x35, 0x23, 0x35, 0x23, 0xC8, 0xC8, 0xC8, 0x01, 0x5E,
	0xC8, 0xC8, 0xFE, 0x0C, 0x32, 0x32, 0xFA, 0xFE, 0xA2, 0x32, 0x32, 0x01,
	0x2C, 0x32, 0x01, 0x2C, 0x32, 0x32, 0xFE, 0xA2, 0x01, 0x5E, 0x32, 0x32,
	0xFE, 0x70, 0x32, 0xC8, 0x32, 0x32, 0x96, 0x64, 0x32, 0x64, 0x96, 0x32,
	0x32, 0x32, 0x32, 0x32, 0x32, 0x32, 0x32, 0x32, 0x32, 0xFA, 0x32, 0x32,
	0x32, 0x32, 0x32, 0x32, 0x32, 0x32, 0x00, 0x02, 0x00, 0x32, 0x00, 0x00,
	0x02, 0x26, 0x02, 0xEE, 0x00, 0x0F, 0x00, 0x15, 0x00, 0x49, 0x40, 0x46,
	0x00, 0x08, 0x09, 0x01, 0x08, 0x57, 0x00, 0x02, 0x00, 0x03, 0x04, 0x02,
	0x03, 0x67, 0x07, 0x01, 0x01, 0x00, 0x04, 0x05, 0x01, 0x04, 0x67, 0x00,
	0x06, 0x06, 0x16, 0x4D, 0x0B, 0x01, 0x0A, 0x0A, 0x00, 0x5F, 0x00, 0x00,
	0x00, 0x19, 0x4D, 0x00, 0x09, 0x09, 0x05, 0x60, 0x00, 0x05, 0x05, 0x17,
	0x05, 0x4E, 0x10, 0x10, 0x10, 0x15, 0x10, 0x15, 0x14, 0x13, 0x12, 0x11,
	0x11, 0x11, 0x11, 0x11, 0x11, 0x11, 0x10, 0x0C, 0x07, 0x1F, 0x2B, 0x13,
	0x33, 0x15, 0x33, 0x15, 0x33, 0x11, 0x23, 0x15, 0x23, 0x15, 0x21, 0x11,
	0x33, 0x15, 0x33, 0x15, 0x15, 0x23, 0x15, 0x33, 0x35, 0xFA, 0xC8, 0x32,
	0x32, 0x32, 0x32, 0xFE, 0x70, 0x96, 0x32, 0x32, 0xC8, 0x02, 0x26, 0x32,
	0x32, 0xFE, 0xA2, 0x32, 0x32, 0x02, 0xEE, 0xFA, 0x64, 0x32, 0xC8, 0xFA,
	0x00, 0x01, 0x00, 0x32, 0x00, 0x00, 0x02, 0x26, 0x02, 0x26, 0x00, 0x1B,
	0x00, 0x4A, 0x40, 0x47, 0x05, 0x01, 0x01, 0x00, 0x06, 0x09, 0x01, 0x06,
	0x68, 0x00, 0x09, 0x0A, 0x01, 0x00, 0x0B, 0x09, 0x00, 0x67, 0x04, 0x01,
	0x02, 0x0D, 0x01, 0x0B, 0x0C, 0x02, 0x0B, 0x67, 0x00, 0x07, 0x07, 0x03,
	0x5F, 0x00, 0x03, 0x03, 0x19, 0x4D, 0x00, 0x08, 0x08, 0x0C, 0x5F, 0x00,
	0x0C, 0x0C, 0x17, 0x0C, 0x4E, 0x1B, 0x1A, 0x19, 0x18, 0x17, 0x16, 0x15,
	0x14, 0x13, 0x12, 0x11, 0x11, 0x11, 0x11, 0x11, 0x11, 0x11, 0x11, 0x10,
	0x0E, 0x07, 0x1F, 0x2B, 0x37, 0x23, 0x11, 0x33, 0x35, 0x33, 0x35, 0x21,
	0x15, 0x33, 0x15, 0x33, 0x15, 0x23, 0x35, 0x23, 0x15, 0x33, 0x35, 0x33,
	0x15, 0x23, 0x15, 0x23, 0x15, 0x21, 0x35, 0x23, 0x64, 0x32, 0x32, 0x32,
	0x01, 0x2C, 0x32, 0x32, 0x96, 0xC8, 0xC8, 0x96, 0x32, 0x32, 0xFE, 0xD4,
	0x32, 0x64, 0x01, 0x5E, 0x32, 0x32, 0x32, 0x32, 0x64, 0x32, 0xFA, 0x32,
	0x64, 0x32, 0x32, 0x32, 0x00, 0x02, 0x00, 0x32, 0x00, 0x00, 0x02, 0x26,
	0x03, 0x52, 0x00, 0x0B, 0x00, 0x27, 0x00, 0xD4, 0x4B, 0xB0, 0x21, 0x50,
	0x58, 0x40, 0x51, 0x00, 0x01, 0x02, 0x03, 0x00, 0x01, 0x72, 0x00, 0x04,
	0x00, 0x05, 0x03, 0x04, 0x72, 0x00, 0x02, 0x00, 0x03, 0x00, 0x02, 0x03,
	0x67, 0x0B, 0x01, 0x07, 0x00, 0x0C, 0x0F, 0x07, 0x0C, 0x68, 0x00, 0x0F,
	0x10, 0x01, 0x06, 0x11, 0x0F, 0x06, 0x67, 0x0A, 0x01, 0x08, 0x13, 0x01,
	0x11, 0x12, 0x08, 0x11, 0x67, 0x00, 0x05, 0x05, 0x00, 0x5F, 0x00, 0x00,
	0x00, 0x16, 0x4D, 0x00, 0x0D, 0x0D, 0x09, 0x5F, 0x00, 0x09, 0x09, 0x19,
	0x4D, 0x00, 0x0E, 0x0E, 0x12, 0x5F, 0x00, 0x12, 0x12, 0x17, 0x12, 0x4E,
	0x1B, 0x40, 0x53, 0x00, 0x01, 0x02, 0x03, 0x02, 0x01, 0x03, 0x80, 0x00,
	0x04, 0x00, 0x05, 0x00, 0x04, 0x05, 0x80, 0x00, 0x02, 0x00, 0x03, 0x00,
	0x02, 0x03, 0x67, 0x0B, 0x01, 0x07, 0x00, 0x0C, 0x0F, 0x07, 0x0C, 0x68,
	0x00, 0x0F, 0x10, 0x01, 0x06, 0x11, 0x0F, 0x06, 0x67, 0x0A, 0x01, 0x08,
	0x13, 0x01, 0x11, 0x12, 0x08, 0x11, 0x67, 0x00, 0x05, 0x05, 0x00, 0x5F,
	0x00, 0x00, 0x00, 0x16, 0x4D, 0x00, 0x0D, 0x0D, 0x09, 0x5F, 0x00, 0x09,
	0x09, 0x19, 0x4D, 0x00, 0x0E, 0x0E, 0x12, 0x5F, 0x00, 0x12, 0x12, 0x17,
	0x12, 0x4E, 0x59, 0x40, 0x22, 0x27, 0x26, 0x25, 0x24, 0x23, 0x22, 0x21,
	0x20, 0x1F, 0x1E, 0x1D, 0x1C, 0x1B, 0x1A, 0x19, 0x18, 0x17, 0x16, 0x15,
	0x14, 0x13, 0x12, 0x11, 0x11, 0x11, 0x11, 0x11, 0x11, 0x11, 0x11, 0x10,
	0x14, 0x07, 0x1F, 0x2B, 0x13, 0x33, 0x35, 0x33, 0x35, 0x33, 0x15, 0x23,
	0x15, 0x23, 0x15, 0x23, 0x03, 0x23, 0x11, 0x33, 0x35, 0x33, 0x35, 0x21,
	0x15, 0x33, 0x15, 0x33, 0x15, 0x23, 0x35, 0x23, 0x15, 0x33, 0x35, 0x33,
	0x15, 0x23, 0x15, 0x23, 0x15, 0x21, 0x35, 0x23, 0xC8, 0x32, 0x32, 0x64,
	0x32, 0x32, 0x64, 0x64, 0x32, 0x32, 0x32, 0x01, 0x2C, 0x32, 0x32, 0x96,
	0xC8, 0xC8, 0x96, 0x32, 0x32, 0xFE, 0xD4, 0x32, 0x02, 0xEE, 0x32, 0x32,
	0x64, 0x32, 0x32, 0xFD, 0xDA, 0x01, 0x5E, 0x32, 0x32, 0x32, 0x32, 0x64,
	0x32, 0xFA, 0x32, 0x64, 0x32, 0x32, 0x32, 0x00, 0x00, 0x02, 0x00, 0x32,
	0x00, 0x00, 0x02, 0x26, 0x03, 0x52, 0x00, 0x0F, 0x00, 0x2B, 0x00, 0xCB,
	0x4B, 0xB0, 0x21, 0x50, 0x58, 0x40, 0x4B, 0x07, 0x01, 0x05, 0x00, 0x06,
	0x00, 0x05, 0x72, 0x03, 0x01, 0x01, 0x04, 0x01, 0x00, 0x05, 0x01, 0x00,
	0x67, 0x00, 0x02, 0x00, 0x06, 0x0B, 0x02, 0x06, 0x67, 0x0D, 0x01, 0x09,
	0x00, 0x0E, 0x11, 0x09, 0x0E, 0x68, 0x00, 0x11, 0x12, 0x01, 0x08, 0x13,
	0x11, 0x08, 0x67, 0x0C, 0x01, 0x0A, 0x15, 0x01, 0x13, 0x14, 0x0A, 0x13,
	0x67, 0x00, 0x0F, 0x0F, 0x0B, 0x5F, 0x00, 0x0B, 0x0B, 0x19, 0x4D, 0x00,
	0x10, 0x10, 0x14, 0x5F, 0x00, 0x14, 0x14, 0x17, 0x14, 0x4E, 0x1B, 0x40,
	0x4C, 0x07, 0x01, 0x05, 0x00, 0x06, 0x00, 0x05, 0x06, 0x80, 0x03, 0x01,
	0x01, 0x04, 0x01, 0x00, 0x05, 0x01, 0x00, 0x67, 0x00, 0x02, 0x00, 0x06,
	0x0B, 0x02, 0x06, 0x67, 0x0D, 0x01, 0x09, 0x00, 0x0E, 0x11, 0x09, 0x0E,
	0x68, 0x00, 0x11, 0x12, 0x01, 0x08, 0x13, 0x11, 0x08, 0x67, 0x0C, 0x01,
	0x0A, 0x15, 0x01, 0x13, 0x14, 0x0A, 0x13, 0x67, 0x00, 0x0F, 0x0F, 0x0B,
	0x5F, 0x00, 0x0B, 0x0B, 0x19, 0x4D, 0x00, 0x10, 0x10, 0x14, 0x5F, 0x00,
	0x14, 0x14, 0x17, 0x14, 0x4E, 0x59, 0x40, 0x26, 0x2B, 0x2A, 0x29, 0x28,
	0x27, 0x26, 0x25, 0x24, 0x23, 0x22, 0x21, 0x20, 0x1F, 0x1E, 0x1D, 0x1C,
	0x1B, 0x1A, 0x19, 0x18, 0x17, 0x16, 0x15, 0x14, 0x13, 0x12, 0x11, 0x11,
	0x11, 0x11, 0x11, 0x11, 0x11, 0x11, 0x10, 0x16, 0x07, 0x1F, 0x2B, 0x13,
	0x23, 0x35, 0x33, 0x15, 0x33, 0x35, 0x33, 0x15, 0x23, 0x15, 0x23, 0x15,
	0x23, 0x35, 0x23, 0x03, 0x23, 0x11, 0x33, 0x35, 0x33, 0x35, 0x21, 0x15,
	0x33, 0x15, 0x33, 0x15, 0x23, 0x35, 0x23, 0x15, 0x33, 0x35, 0x33, 0x15,
	0x23, 0x15, 0x23, 0x15, 0x21, 0x35, 0x23, 0xC8, 0x32, 0x64, 0x64, 0x64,
	0x32, 0x32, 0x64, 0x32, 0x64, 0x32, 0x32, 0x32, 0x01, 0x2C, 0x32, 0x32,
	0x96, 0xC8, 0xC8, 0x96, 0x32, 0x32, 0xFE, 0xD4, 0x32, 0x02, 0xEE, 0x64,
	0x32, 0x32, 0x64, 0x32, 0x32, 0x32, 0xFD, 0xA8, 0x01, 0x5E, 0x32, 0x32,
	0x32, 0x32, 0x64, 0x32, 0xFA, 0x32, 0x64, 0x32, 0x32, 0x32, 0x00, 0x01,
	0x00, 0x32, 0xFF, 0x06, 0x02, 0x26, 0x02, 0x26, 0x00, 0x29, 0x00, 0xD4,
	0x4B, 0xB0, 0x10, 0x50, 0x58, 0x40, 0x50, 0x00, 0x0D, 0x0C, 0x12, 0x11,
	0x0D, 0x72, 0x00, 0x12, 0x0E, 0x0C, 0x12, 0x70, 0x05, 0x01, 0x01, 0x00,
	0x06, 0x09, 0x01, 0x06, 0x68, 0x00, 0x09, 0x0A, 0x01, 0x00, 0x0B, 0x09,
	0x00, 0x67, 0x04, 0x01, 0x02, 0x14, 0x01, 0x0B, 0x0C, 0x02, 0x0B, 0x67,
	0x00, 0x11, 0x00, 0x10, 0x11, 0x10, 0x64, 0x00, 0x07, 0x07, 0x03, 0x5F,
	0x00, 0x03, 0x03, 0x19, 0x4D, 0x00, 0x08, 0x08, 0x0C, 0x5F, 0x13, 0x01,
	0x0C, 0x0C, 0x17, 0x4D, 0x00, 0x0E, 0x0E, 0x0F, 0x5F, 0x00, 0x0F, 0x0F,
	0x1B, 0x0F, 0x4E, 0x1B, 0x40, 0x52, 0x00, 0x0D, 0x0C, 0x12, 0x0C, 0x0D,
	0x12, 0x80, 0x00, 0x12, 0x0E, 0x0C, 0x12, 0x0E, 0x7E, 0x05, 0x01, 0x01,
	0x00, 0x06, 0x09, 0x01, 0x06, 0x68, 0x00, 0x09, 0x0A, 0x01, 0x00, 0x0B,
	0x09, 0x00, 0x67, 0x04, 0x01, 0x02, 0x14, 0x01, 0x0B, 0x0C, 0x02, 0x0B,
	0x67, 0x00, 0x11, 0x00, 0x10, 0x11, 0x10, 0x64, 0x00, 0x07, 0x07, 0x03,
	0x5F, 0x00, 0x03, 0x03, 0x19, 0x4D, 0x00, 0x08, 0x08, 0x0C, 0x5F, 0x13,
	0x01, 0x0C, 0x0C, 0x17, 0x4D, 0x00, 0x0E, 0x0E, 0x0F, 0x5F, 0x00, 0x0F,
	0x0F, 0x1B, 0x0F, 0x4E, 0x59, 0x40, 0x24, 0x29, 0x28, 0x27, 0x26, 0x25,
	0x24, 0x23, 0x22, 0x21, 0x20, 0x1F, 0x1E, 0x1D, 0x1C, 0x1B, 0x1A, 0x19,
	0x18, 0x17, 0x16, 0x15, 0x14, 0x13, 0x12, 0x11, 0x11, 0x11, 0x11, 0x11,
	0x11, 0x11, 0x11, 0x10, 0x15, 0x07, 0x1F, 0x2B, 0x37, 0x23, 0x11, 0x33,
	0x35, 0x33, 0x35, 0x21, 0x15, 0x33, 0x15, 0x33, 0x15, 0x23, 0x35, 0x23,
	0x15, 0x33, 0x35, 0x33, 0x15, 0x23, 0x15, 0x23, 0x15, 0x23, 0x15, 0x33,
	0x15, 0x33, 0x15, 0x23, 0x15, 0x23, 0x35, 0x33, 0x35, 0x23, 0x35, 0x23,
	0x35, 0x23, 0x64, 0x32, 0x32, 0x32, 0x01, 0x2C, 0x32, 0x32, 0x96, 0xC8,
	0xC8, 0x96, 0x32, 0x32, 0x64, 0x32, 0x32, 0x32, 0xC8, 0x96, 0x64, 0x64,
	0x32, 0x64, 0x01, 0x5E, 0x32, 0x32, 0x32, 0x32, 0x64, 0x32, 0xFA, 0x32,
	0x64, 0x32, 0x32, 0x32, 0x32, 0x64, 0x32, 0x64, 0x32, 0x64, 0x32, 0x00,
	0x00, 0x02, 0x00, 0x32, 0x00, 0x00, 0x02, 0x26, 0x03, 0x20, 0x00, 0x03,
	0x00, 0x1F, 0x00, 0x56, 0x40, 0x53, 0x00, 0x00, 0x00, 0x01, 0x05, 0x00,
	0x01, 0x67, 0x07, 0x01, 0x03, 0x00, 0x08, 0x0B, 0x03, 0x08, 0x68, 0x00,
	0x0B, 0x0C, 0x01, 0x02, 0x0D, 0x0B, 0x02, 0x67, 0x06, 0x01, 0x04, 0x0F,
	0x01, 0x0D, 0x0E, 0x04, 0x0D, 0x67, 0x00, 0x09, 0x09, 0x05, 0x5F, 0x00,
	0x05, 0x05, 0x19, 0x4D, 0x00, 0x0A, 0x0A, 0x0E, 0x5F, 0x00, 0x0E, 0x0E,
	0x17, 0x0E, 0x4E, 0x1F, 0x1E, 0x1D, 0x1C, 0x1B, 0x1A, 0x19, 0x18, 0x17,
	0x16, 0x15, 0x14, 0x13, 0x12, 0x11, 0x11, 0x11, 0x11, 0x11, 0x11, 0x11,
	0x11, 0x10, 0x10, 0x07, 0x1F, 0x2B, 0x13, 0x33, 0x15, 0x23, 0x03, 0x23,
	0x11, 0x33, 0x35, 0x33, 0x35, 0x21, 0x15, 0x33, 0x15, 0x33, 0x15, 0x23,
	0x35, 0x23, 0x15, 0x33, 0x35, 0x33, 0x15, 0x23, 0x15, 0x23, 0x15, 0x21,
	0x35, 0x23, 0xC8, 0x96, 0x96, 0x64, 0x32, 0x32, 0x32, 0x01, 0x2C, 0x32,
	0x32, 0x96, 0xC8, 0xC8, 0x96, 0x32, 0x32, 0xFE, 0xD4, 0x32, 0x03, 0x20,
	0x96, 0xFD, 0xDA, 0x01, 0x5E, 0x32, 0x32, 0x32, 0x32, 0x64, 0x32, 0xFA,
	0x32, 0x64, 0x32, 0x32, 0x32, 0x00, 0x00, 0x02, 0x00, 0x32, 0x00, 0x00,
	0x02, 0x26, 0x02, 0xEE, 0x00, 0x05, 0x00, 0x17, 0x00, 0x4C, 0x40, 0x49,
	0x00, 0x09, 0x08, 0x04, 0x09, 0x57, 0x00, 0x08, 0x00, 0x07, 0x04, 0x08,
	0x07, 0x67, 0x00, 0x00, 0x06, 0x01, 0x04, 0x03, 0x00, 0x04, 0x67, 0x0C,
	0x01, 0x0B, 0x0B, 0x16, 0x4D, 0x00, 0x01, 0x01, 0x0A, 0x5F, 0x00, 0x0A,
	0x0A, 0x19, 0x4D, 0x00, 0x02, 0x02, 0x03, 0x5F, 0x05, 0x01, 0x03, 0x03,
	0x17, 0x03, 0x4E, 0x06, 0x06, 0x06, 0x17, 0x06, 0x17, 0x16, 0x15, 0x14,
	0x13, 0x11, 0x11, 0x11, 0x11, 0x11, 0x12, 0x11, 0x11, 0x10, 0x0D, 0x07,
	0x1F, 0x2B, 0x25, 0x33, 0x35, 0x23, 0x15, 0x33, 0x13, 0x11, 0x23, 0x35,
	0x23, 0x15, 0x23, 0x35, 0x23, 0x35, 0x23, 0x11, 0x33, 0x35, 0x33, 0x35,
	0x33, 0x35, 0x01, 0x5E, 0x32, 0xC8, 0x96, 0xC8, 0x96, 0x32, 0xC8, 0x32,
	0x32, 0x32, 0x32, 0xFA, 0xC8, 0xC8, 0xFA, 0x02, 0x58, 0xFD, 0x12, 0x32,
	0x32, 0x32, 0x32, 0x01, 0x5E, 0x32, 0x32, 0xC8, 0x00, 0x02, 0x00, 0x32,
	0x00, 0x00, 0x02, 0x26, 0x03, 0x20, 0x00, 0x25, 0x00, 0x29, 0x00, 0xEB,
	0x4B, 0xB0, 0x10, 0x50, 0x58, 0x40, 0x58, 0x00, 0x08, 0x04, 0x03, 0x04,
	0x08, 0x03, 0x80, 0x00, 0x01, 0x03, 0x02, 0x04, 0x01, 0x72, 0x00, 0x06,
	0x00, 0x07, 0x04, 0x06, 0x07, 0x67, 0x09, 0x01, 0x03, 0x00, 0x02, 0x0A,
	0x03, 0x02, 0x67, 0x00, 0x0A, 0x00, 0x0D, 0x0A, 0x57, 0x00, 0x00, 0x00,
	0x13, 0x14, 0x00, 0x13, 0x68, 0x00, 0x11, 0x10, 0x01, 0x0C, 0x0D, 0x11,
	0x0C, 0x67, 0x15, 0x12, 0x02, 0x0B, 0x0F, 0x01, 0x0D, 0x0E, 0x0B, 0x0D,
	0x67, 0x00, 0x04, 0x04, 0x05, 0x5F, 0x00, 0x05, 0x05, 0x16, 0x4D, 0x16,
	0x01, 0x14, 0x14, 0x0E, 0x60, 0x00, 0x0E, 0x0E, 0x17, 0x0E, 0x4E, 0x1B,
	0x40, 0x59, 0x00, 0x08, 0x04, 0x03, 0x04, 0x08, 0x03, 0x80, 0x00, 0x01,
	0x03, 0x02, 0x03, 0x01, 0x02, 0x80, 0x00, 0x06, 0x00, 0x07, 0x04, 0x06,
	0x07, 0x67, 0x09, 0x01, 0x03, 0x00, 0x02, 0x0A, 0x03, 0x02, 0x67, 0x00,
	0x0A, 0x00, 0x0D, 0x0A, 0x57, 0x00, 0x00, 0x00, 0x13, 0x14, 0x00, 0x13,
	0x68, 0x00, 0x11, 0x10, 0x01, 0x0C, 0x0D, 0x11, 0x0C, 0x67, 0x15, 0x12,
	0x02, 0x0B, 0x0F, 0x01, 0x0D, 0x0E, 0x0B, 0x0D, 0x67, 0x00, 0x04, 0x04,
	0x05, 0x5F, 0x00, 0x05, 0x05, 0x16, 0x4D, 0x16, 0x01, 0x14, 0x14, 0x0E,
	0x60, 0x00, 0x0E, 0x0E, 0x17, 0x0E, 0x4E, 0x59, 0x40, 0x2C, 0x26, 0x26,
	0x00, 0x00, 0x26, 0x29, 0x26, 0x29, 0x28, 0x27, 0x00, 0x25, 0x00, 0x25,
	0x24, 0x23, 0x22, 0x21, 0x20, 0x1F, 0x1E, 0x1D, 0x1C, 0x1B, 0x1A, 0x19,
	0x18, 0x17, 0x16, 0x15, 0x14, 0x13, 0x11, 0x11, 0x11, 0x11, 0x11, 0x11,
	0x11, 0x11, 0x11, 0x17, 0x07, 0x1F, 0x2B, 0x13, 0x35, 0x33, 0x35, 0x23,
	0x15, 0x23, 0x35, 0x33, 0x35, 0x23, 0x35, 0x33, 0x35, 0x33, 0x15, 0x23,
	0x15, 0x33, 0x15, 0x33, 0x15, 0x33, 0x15, 0x33, 0x11, 0x23, 0x15, 0x23,
	0x15, 0x21, 0x35, 0x23, 0x35, 0x23, 0x35, 0x33, 0x35, 0x05, 0x35, 0x23,
	0x15, 0x96, 0x96, 0x64, 0x32, 0x32, 0x32, 0xC8, 0x32, 0x32, 0x32, 0x32,
	0x32, 0x32, 0x32, 0x32, 0xFE, 0xD4, 0x32, 0x32, 0x32, 0x01, 0x2C, 0xC8,
	0x01, 0x90, 0x32, 0x64, 0x32, 0x64, 0x32, 0x64, 0x32, 0x64, 0x32, 0x32,
	0x64, 0x64, 0xFE, 0xD4, 0x32, 0x32, 0x32, 0x32, 0xFA, 0x32, 0xFA, 0x96,
	0x96, 0x00, 0x00, 0x03, 0x00, 0x32, 0x00, 0x00, 0x02, 0xEE, 0x03, 0x20,
	0x00, 0x09, 0x00, 0x1B, 0x00, 0x21, 0x00, 0xC3, 0x4B, 0xB0, 0x21, 0x50,
	0x58, 0x40, 0x4A, 0x00, 0x03, 0x01, 0x00, 0x01, 0x03, 0x72, 0x00, 0x02,
	0x00, 0x01, 0x03, 0x02, 0x01, 0x67, 0x00, 0x00, 0x00, 0x04, 0x0C, 0x00,
	0x04, 0x67, 0x00, 0x0B, 0x0A, 0x06, 0x0B, 0x57, 0x00, 0x0A, 0x00, 0x09,
	0x06, 0x0A, 0x09, 0x67, 0x00, 0x0E, 0x08, 0x01, 0x06, 0x05, 0x0E, 0x06,
	0x67, 0x11, 0x01, 0x0D, 0x0D, 0x16, 0x4D, 0x00, 0x0F, 0x0F, 0x0C, 0x5F,
	0x00, 0x0C, 0x0C, 0x19, 0x4D, 0x00, 0x10, 0x10, 0x05, 0x5F, 0x07, 0x01,
	0x05, 0x05, 0x17, 0x05, 0x4E, 0x1B, 0x40, 0x4B, 0x00, 0x03, 0x01, 0x00,
	0x01, 0x03, 0x00, 0x80, 0x00, 0x02, 0x00, 0x01, 0x03, 0x02, 0x01, 0x67,
	0x00, 0x00, 0x00, 0x04, 0x0C, 0x00, 0x04, 0x67, 0x00, 0x0B, 0x0A, 0x06,
	0x0B, 0x57, 0x00, 0x0A, 0x00, 0x09, 0x06, 0x0A, 0x09, 0x67, 0x00, 0x0E,
	0x08, 0x01, 0x06, 0x05, 0x0E, 0x06, 0x67, 0x11, 0x01, 0x0D, 0x0D, 0x16,
	0x4D, 0x00, 0x0F, 0x0F, 0x0C, 0x5F, 0x00, 0x0C, 0x0C, 0x19, 0x4D, 0x00,
	0x10, 0x10, 0x05, 0x5F, 0x07, 0x01, 0x05, 0x05, 0x17, 0x05, 0x4E, 0x59,
	0x40, 0x20, 0x0A, 0x0A, 0x21, 0x20, 0x1F, 0x1E, 0x1D, 0x1C, 0x0A, 0x1B,
	0x0A, 0x1B, 0x1A, 0x19, 0x18, 0x17, 0x16, 0x15, 0x14, 0x13, 0x11, 0x11,
	0x11, 0x12, 0x11, 0x11, 0x11, 0x11, 0x10, 0x12, 0x07, 0x1F, 0x2B, 0x01,
	0x33, 0x35, 0x23, 0x35, 0x33, 0x15, 0x23, 0x15, 0x23, 0x27, 0x11, 0x23,
	0x35, 0x23, 0x15, 0x23, 0x35, 0x23, 0x35, 0x23, 0x11, 0x33, 0x35, 0x33,
	0x35, 0x33, 0x35, 0x03, 0x33, 0x35, 0x23, 0x15, 0x33, 0x02, 0x58, 0x32,
	0x32, 0x96, 0x32, 0x64, 0x32, 0x96, 0x32, 0xC8, 0x32, 0x32, 0x32, 0x32,
	0xFA, 0x32, 0x32, 0xC8, 0x96, 0x02, 0x8A, 0x32, 0x64, 0x96, 0x32, 0x96,
	0xFD, 0x12, 0x32, 0x32, 0x32, 0x32, 0x01, 0x5E, 0x32, 0x32, 0xC8, 0xFD,
	0xDA, 0xC8, 0xFA, 0x00, 0x00, 0x02, 0x00, 0x32, 0x00, 0x00, 0x02, 0x8A,
	0x02, 0xEE, 0x00, 0x19, 0x00, 0x1F, 0x00, 0x57, 0x40, 0x54, 0x02, 0x01,
	0x00, 0x0C, 0x01, 0x03, 0x0B, 0x00, 0x03, 0x67, 0x00, 0x0A, 0x09, 0x05,
	0x0A, 0x57, 0x00, 0x0B, 0x00, 0x0E, 0x0D, 0x0B, 0x0E, 0x67, 0x00, 0x09,
	0x00, 0x08, 0x05, 0x09, 0x08, 0x67, 0x00, 0x0D, 0x07, 0x01, 0x05, 0x04,
	0x0D, 0x05, 0x67, 0x00, 0x01, 0x01, 0x16, 0x4D, 0x00, 0x0F, 0x0F, 0x04,
	0x5F, 0x06, 0x01, 0x04, 0x04, 0x17, 0x04, 0x4E, 0x1F, 0x1E, 0x1D, 0x1C,
	0x1B, 0x1A, 0x19, 0x18, 0x17, 0x16, 0x15, 0x14, 0x13, 0x12, 0x11, 0x11,
	0x11, 0x11, 0x11, 0x11, 0x11, 0x11, 0x10, 0x10, 0x07, 0x1F, 0x2B, 0x13,
	0x33, 0x35, 0x33, 0x15, 0x33, 0x15, 0x23, 0x11, 0x23, 0x35, 0x23, 0x15,
	0x23, 0x35, 0x23, 0x35, 0x23, 0x11, 0x33, 0x35, 0x33, 0x35, 0x33, 0x35,
	0x23, 0x13, 0x33, 0x35, 0x23, 0x15, 0x33, 0xFA, 0x96, 0x96, 0x64, 0x64,
	0x96, 0x32, 0xC8, 0x32, 0x32, 0x32, 0x32, 0xFA, 0x96, 0x64, 0x32, 0xC8,
	0x96, 0x02, 0xBC, 0x32, 0x32, 0x64, 0xFD, 0xA8, 0x32, 0x32, 0x32, 0x32,
	0x01, 0x2C, 0x32, 0x32, 0x64, 0xFE, 0x70, 0x96, 0xC8, 0x00, 0x00, 0x02,
	0x00, 0x32, 0x00, 0x00, 0x02, 0x26, 0x02, 0x26, 0x00, 0x17, 0x00, 0x1B,
	0x00, 0x4B, 0x40, 0x48, 0x05, 0x01, 0x01, 0x0D, 0x00, 0x01, 0x57, 0x00,
	0x0C, 0x00, 0x06, 0x07, 0x0C, 0x06, 0x68, 0x00, 0x07, 0x08, 0x01, 0x00,
	0x09, 0x07, 0x00, 0x67, 0x04, 0x01, 0x02, 0x0B, 0x01, 0x09, 0x0A, 0x02,
	0x09, 0x67, 0x00, 0x0D, 0x0D, 0x03, 0x5F, 0x00, 0x03, 0x03, 0x19, 0x4D,
	0x00, 0x0A, 0x0A, 0x17, 0x0A, 0x4E, 0x1B, 0x1A, 0x19, 0x18, 0x17, 0x16,
	0x15, 0x14, 0x13, 0x12, 0x11, 0x11, 0x11, 0x11, 0x11, 0x11, 0x11, 0x11,
	0x10, 0x0E, 0x07, 0x1F, 0x2B, 0x37, 0x23, 0x11, 0x33, 0x35, 0x33, 0x35,
	0x21, 0x15, 0x33, 0x15, 0x33, 0x15, 0x21, 0x15, 0x21, 0x15, 0x23, 0x15,
	0x23, 0x15, 0x21, 0x35, 0x23, 0x37, 0x33, 0x35, 0x23, 0x64, 0x32, 0x32,
	0x32, 0x01, 0x2C, 0x32, 0x32, 0xFE, 0xA2, 0x01, 0x5E, 0x32, 0x32, 0xFE,
	0xD4, 0x32, 0x64, 0xC8, 0xC8, 0x64, 0x01, 0x5E, 0x32, 0x32, 0x32, 0x32,
	0xFA, 0x32, 0x32, 0x32, 0x32, 0x32, 0xFA, 0x64, 0x00, 0x03, 0x00, 0x32,
	0x00, 0x00, 0x02, 0x26, 0x03, 0x52, 0x00, 0x0B, 0x00, 0x0F, 0x00, 0x27,
	0x00, 0xD6, 0x4B, 0xB0, 0x21, 0x50, 0x58, 0x40, 0x52, 0x00, 0x01, 0x02,
	0x03, 0x00, 0x01, 0x72, 0x00, 0x04, 0x00, 0x05, 0x03, 0x04, 0x72, 0x00,
	0x02, 0x00, 0x03, 0x00, 0x02, 0x03, 0x67, 0x0D, 0x01, 0x09, 0x07, 0x08,
	0x09, 0x57, 0x00, 0x06, 0x00, 0x0E, 0x0F, 0x06, 0x0E, 0x68, 0x00, 0x0F,
	0x10, 0x01, 0x08, 0x11, 0x0F, 0x08, 0x67, 0x0C, 0x01, 0x0A, 0x13, 0x01,
	0x11, 0x12, 0x0A, 0x11, 0x67, 0x00, 0x05, 0x05, 0x00, 0x5F, 0x00, 0x00,
	0x00, 0x16, 0x4D, 0x00, 0x07, 0x07, 0x0B, 0x5F, 0x00, 0x0B, 0x0B, 0x19,
	0x4D, 0x00, 0x12, 0x12, 0x17, 0x12, 0x4E, 0x1B, 0x40, 0x54, 0x00, 0x01,
	0x02, 0x03, 0x02, 0x01, 0x03, 0x80, 0x00, 0x04, 0x00, 0x05, 0x00, 0x04,
	0x05, 0x80, 0x00, 0x02, 0x00, 0x03, 0x00, 0x02, 0x03, 0x67, 0x0D, 0x01,
	0x09, 0x07, 0x08, 0x09, 0x57, 0x00, 0x06, 0x00, 0x0E, 0x0F, 0x06, 0x0E,
	0x68, 0x00, 0x0F, 0x10, 0x01, 0x08, 0x11, 0x0F, 0x08, 0x67, 0x0C, 0x01,
	0x0A, 0x13, 0x01, 0x11, 0x12, 0x0A, 0x11, 0x67, 0x00, 0x05, 0x05, 0x00,
	0x5F, 0x00, 0x00, 0x00, 0x16, 0x4D, 0x00, 0x07, 0x07, 0x0B, 0x5F, 0x00,
	0x0B, 0x0B, 0x19, 0x4D, 0x00, 0x12, 0x12, 0x17, 0x12, 0x4E, 0x59, 0x40,
	0x22, 0x27, 0x26, 0x25, 0x24, 0x23, 0x22, 0x21, 0x20, 0x1F, 0x1E, 0x1D,
	0x1C, 0x1B, 0x1A, 0x19, 0x18, 0x17, 0x16, 0x15, 0x14, 0x13, 0x12, 0x11,
	0x11, 0x11, 0x11, 0x11, 0x11, 0x11, 0x11, 0x10, 0x14, 0x07, 0x1F, 0x2B,
	0x13, 0x33, 0x35, 0x33, 0x35, 0x33, 0x15, 0x23, 0x15, 0x23, 0x15, 0x23,
	0x11, 0x33, 0x35, 0x23, 0x03, 0x23, 0x11, 0x33, 0x35, 0x33, 0x35, 0x21,
	0x15, 0x33, 0x15, 0x33, 0x15, 0x21, 0x15, 0x21, 0x15, 0x23, 0x15, 0x23,
	0x15, 0x21, 0x35, 0x23, 0xC8, 0x32, 0x32, 0x64, 0x32, 0x32, 0x64, 0xC8,
	0xC8, 0x64, 0x32, 0x32, 0x32, 0x01, 0x2C, 0x32, 0x32, 0xFE, 0xA2, 0x01,
	0x5E, 0x32, 0x32, 0xFE, 0xD4, 0x32, 0x02, 0xEE, 0x32, 0x32, 0x64, 0x32,
	0x32, 0xFE, 0xA2, 0x64, 0xFE, 0xD4, 0x01, 0x5E, 0x32, 0x32, 0x32, 0x32,
	0xFA, 0x32, 0x32, 0x32, 0x32, 0x32, 0x00, 0x03, 0x00, 0x32, 0x00, 0x00,
	0x02, 0x26, 0x03, 0x52, 0x00, 0x0F, 0x00, 0x13, 0x00, 0x2B, 0x00, 0xCD,
	0x4B, 0xB0, 0x21, 0x50, 0x58, 0x40, 0x4C, 0x07, 0x01, 0x05, 0x00, 0x06,
	0x00, 0x05, 0x72, 0x03, 0x01, 0x01, 0x04, 0x01, 0x00, 0x05, 0x01, 0x00,
	0x67, 0x00, 0x02, 0x00, 0x06, 0x0D, 0x02, 0x06, 0x67, 0x0F, 0x01, 0x0B,
	0x09, 0x0A, 0x0B, 0x57, 0x00, 0x08, 0x00, 0x10, 0x11, 0x08, 0x10, 0x68,
	0x00, 0x11, 0x12, 0x01, 0x0A, 0x13, 0x11, 0x0A, 0x67, 0x0E, 0x01, 0x0C,
	0x15, 0x01, 0x13, 0x14, 0x0C, 0x13, 0x67, 0x00, 0x09, 0x09, 0x0D, 0x5F,
	0x00, 0x0D, 0x0D, 0x19, 0x4D, 0x00, 0x14, 0x14, 0x17, 0x14, 0x4E, 0x1B,
	0x40, 0x4D, 0x07, 0x01, 0x05, 0x00, 0x06, 0x00, 0x05, 0x06, 0x80, 0x03,
	0x01, 0x01, 0x04, 0x01, 0x00, 0x05, 0x01, 0x00, 0x67, 0x00, 0x02, 0x00,
	0x06, 0x0D, 0x02, 0x06, 0x67, 0x0F, 0x01, 0x0B, 0x09, 0x0A, 0x0B, 0x57,
	0x00, 0x08, 0x00, 0x10, 0x11, 0x08, 0x10, 0x68, 0x00, 0x11, 0x12, 0x01,
	0x0A, 0x13, 0x11, 0x0A, 0x67, 0x0E, 0x01, 0x0C, 0x15, 0x01, 0x13, 0x14,
	0x0C, 0x13, 0x67, 0x00, 0x09, 0x09, 0x0D, 0x5F, 0x00, 0x0D, 0x0D, 0x19,
	0x4D, 0x00, 0x14, 0x14, 0x17, 0x14, 0x4E, 0x59, 0x40, 0x26, 0x2B, 0x2A,
	0x29, 0x28, 0x27, 0x26, 0x25, 0x24, 0x23, 0x22, 0x21, 0x20, 0x1F, 0x1E,
	0x1D, 0x1C, 0x1B, 0x1A, 0x19, 0x18, 0x17, 0x16, 0x15, 0x14, 0x13, 0x12,
	0x11, 0x11, 0x11, 0x11, 0x11, 0x11, 0x11, 0x11, 0x10, 0x16, 0x07, 0x1F,
	0x2B, 0x13, 0x23, 0x35, 0x33, 0x15, 0x33, 0x35, 0x33, 0x15, 0x23, 0x15,
	0x23, 0x15, 0x23, 0x35, 0x23, 0x11, 0x33, 0x35, 0x23, 0x03, 0x23, 0x11,
	0x33, 0x35, 0x33, 0x35, 0x21, 0x15, 0x33, 0x15, 0x33, 0x15, 0x21, 0x15,
	0x21, 0x15, 0x23, 0x15, 0x23, 0x15, 0x21, 0x35, 0x23, 0xC8, 0x32, 0x64,
	0x64, 0x64, 0x32, 0x32, 0x64, 0x32, 0xC8, 0xC8, 0x64, 0x32, 0x32, 0x32,
	0x01, 0x2C, 0x32, 0x32, 0xFE, 0xA2, 0x01, 0x5E, 0x32, 0x32, 0xFE, 0xD4,
	0x32, 0x02, 0xEE, 0x64, 0x32, 0x32, 0x64, 0x32, 0x32, 0x32, 0xFE, 0x70,
	0x64, 0xFE, 0xD4, 0x01, 0x5E, 0x32, 0x32, 0x32, 0x32, 0xFA, 0x32, 0x32,
	0x32, 0x32, 0x32, 0x00, 0x00, 0x03, 0x00, 0x32, 0x00, 0x00, 0x02, 0x26,
	0x03, 0x52, 0x00, 0x0F, 0x00, 0x13, 0x00, 0x2B, 0x00, 0xD1, 0x4B, 0xB0,
	0x21, 0x50, 0x58, 0x40, 0x4E, 0x03, 0x01, 0x01, 0x02, 0x00, 0x00, 0x01,
	0x72, 0x00, 0x02, 0x00, 0x06, 0x05, 0x02, 0x06, 0x67, 0x0F, 0x01, 0x0B,
	0x09, 0x0A, 0x0B, 0x57, 0x00, 0x08, 0x00, 0x10, 0x11, 0x08, 0x10, 0x68,
	0x00, 0x11, 0x12, 0x01, 0x0A, 0x13, 0x11, 0x0A, 0x67, 0x0E, 0x01, 0x0C,
	0x15, 0x01, 0x13, 0x14, 0x0C, 0x13, 0x67, 0x07, 0x01, 0x05, 0x05, 0x00,
	0x5F, 0x04, 0x01, 0x00, 0x00, 0x16, 0x4D, 0x00, 0x09, 0x09, 0x0D, 0x5F,
	0x00, 0x0D, 0x0D, 0x19, 0x4D, 0x00, 0x14, 0x14, 0x17, 0x14, 0x4E, 0x1B,
	0x40, 0x4F, 0x03, 0x01, 0x01, 0x02, 0x00, 0x02, 0x01, 0x00, 0x80, 0x00,
	0x02, 0x00, 0x06, 0x05, 0x02, 0x06, 0x67, 0x0F, 0x01, 0x0B, 0x09, 0x0A,
	0x0B, 0x57, 0x00, 0x08, 0x00, 0x10, 0x11, 0x08, 0x10, 0x68, 0x00, 0x11,
	0x12, 0x01, 0x0A, 0x13, 0x11, 0x0A, 0x67, 0x0E, 0x01, 0x0C, 0x15, 0x01,
	0x13, 0x14, 0x0C, 0x13, 0x67, 0x07, 0x01, 0x05, 0x05, 0x00, 0x5F, 0x04,
	0x01, 0x00, 0x00, 0x16, 0x4D, 0x00, 0x09, 0x09, 0x0D, 0x5F, 0x00, 0x0D,
	0x0D, 0x19, 0x4D, 0x00, 0x14, 0x14, 0x17, 0x14, 0x4E, 0x59, 0x40, 0x26,
	0x2B, 0x2A, 0x29, 0x28, 0x27, 0x26, 0x25, 0x24, 0x23, 0x22, 0x21, 0x20,
	0x1F, 0x1E, 0x1D, 0x1C, 0x1B, 0x1A, 0x19, 0x18, 0x17, 0x16, 0x15, 0x14,
	0x13, 0x12, 0x11, 0x11, 0x11, 0x11, 0x11, 0x11, 0x11, 0x11, 0x10, 0x16,
	0x07, 0x1F, 0x2B, 0x13, 0x33, 0x35, 0x33, 0x35, 0x33, 0x15, 0x33, 0x15,
	0x33, 0x15, 0x23, 0x35, 0x23, 0x15, 0x23, 0x13, 0x33, 0x35, 0x23, 0x03,
	0x23, 0x11, 0x33, 0x35, 0x33, 0x35, 0x21, 0x15, 0x33, 0x15, 0x33, 0x15,
	0x21, 0x15, 0x21, 0x15, 0x23, 0x15, 0x23, 0x15, 0x21, 0x35, 0x23, 0x96,
	0x32, 0x32, 0x64, 0x32, 0x32, 0x64, 0x64, 0x64, 0x32, 0xC8, 0xC8, 0x64,
	0x32, 0x32, 0x32, 0x01, 0x2C, 0x32, 0x32, 0xFE, 0xA2, 0x01, 0x5E, 0x32,
	0x32, 0xFE, 0xD4, 0x32, 0x02, 0xEE, 0x32, 0x32, 0x32, 0x32, 0x64, 0x32,
	0x32, 0xFE, 0xA2, 0x64, 0xFE, 0xD4, 0x01, 0x5E, 0x32, 0x32, 0x32, 0x32,
	0xFA, 0x32, 0x32, 0x32, 0x32, 0x32, 0x00, 0x04, 0x00, 0x32, 0x00, 0x00,
	0x02, 0x26, 0x03, 0x20, 0x00, 0x03, 0x00, 0x07, 0x00, 0x1F, 0x00, 0x23,
	0x00, 0x5D, 0x40, 0x5A, 0x02, 0x01, 0x00, 0x03, 0x01, 0x01, 0x07, 0x00,
	0x01, 0x67, 0x09, 0x01, 0x05, 0x11, 0x04, 0x05, 0x57, 0x00, 0x10, 0x00,
	0x0A, 0x0B, 0x10, 0x0A, 0x68, 0x00, 0x0B, 0x0C, 0x01, 0x04, 0x0D, 0x0B,
	0x04, 0x67, 0x08, 0x01, 0x06, 0x0F, 0x01, 0x0D, 0x0E, 0x06, 0x0D, 0x67,
	0x00, 0x11, 0x11, 0x07, 0x5F, 0x00, 0x07, 0x07, 0x19, 0x4D, 0x00, 0x0E,
	0x0E, 0x17, 0x0E, 0x4E, 0x23, 0x22, 0x21, 0x20, 0x1F, 0x1E, 0x1D, 0x1C,
	0x1B, 0x1A, 0x19, 0x18, 0x17, 0x16, 0x15, 0x14, 0x13, 0x12, 0x11, 0x11,
	0x11, 0x11, 0x11, 0x11, 0x11, 0x11, 0x10, 0x12, 0x07, 0x1F, 0x2B, 0x01,
	0x33, 0x15, 0x23, 0x27, 0x33, 0x15, 0x23, 0x11, 0x23, 0x11, 0x33, 0x35,
	0x33, 0x35, 0x21, 0x15, 0x33, 0x15, 0x33, 0x15, 0x21, 0x15, 0x21, 0x15,
	0x23, 0x15, 0x23, 0x15, 0x21, 0x35, 0x23, 0x37, 0x33, 0x35, 0x23, 0x01,
	0x5E, 0x96, 0x96, 0xFA, 0x96, 0x96, 0x32, 0x32, 0x32, 0x01, 0x2C, 0x32,
	0x32, 0xFE, 0xA2, 0x01, 0x5E, 0x32, 0x32, 0xFE, 0xD4, 0x32, 0x64, 0xC8,
	0xC8, 0x03, 0x20, 0x96, 0x96, 0x96, 0xFD, 0xDA, 0x01, 0x5E, 0x32, 0x32,
	0x32, 0x32, 0xFA, 0x32, 0x32, 0x32, 0x32, 0x32, 0xFA, 0x64, 0x00, 0x03,
	0x00, 0x32, 0x00, 0x00, 0x02, 0x26, 0x03, 0x20, 0x00, 0x03, 0x00, 0x07,
	0x00, 0x1F, 0x00, 0x57, 0x40, 0x54, 0x00, 0x00, 0x00, 0x01, 0x07, 0x00,
	0x01, 0x67, 0x09, 0x01, 0x05, 0x03, 0x04, 0x05, 0x57, 0x00, 0x02, 0x00,
	0x0A, 0x0B, 0x02, 0x0A, 0x68, 0x00, 0x0B, 0x0C, 0x01, 0x04, 0x0D, 0x0B,
	0x04, 0x67, 0x08, 0x01, 0x06, 0x0F, 0x01, 0x0D, 0x0E, 0x06, 0x0D, 0x67,
	0x00, 0x03, 0x03, 0x07, 0x5F, 0x00, 0x07, 0x07, 0x19, 0x4D, 0x00, 0x0E,
	0x0E, 0x17, 0x0E, 0x4E, 0x1F, 0x1E, 0x1D, 0x1C, 0x1B, 0x1A, 0x19, 0x18,
	0x17, 0x16, 0x15, 0x14, 0x13, 0x12, 0x11, 0x11, 0x11, 0x11, 0x11, 0x11,
	0x11, 0x11, 0x10, 0x10, 0x07, 0x1F, 0x2B, 0x13, 0x33, 0x15, 0x23, 0x11,
	0x33, 0x35, 0x23, 0x03, 0x23, 0x11, 0x33, 0x35, 0x33, 0x35, 0x21, 0x15,
	0x33, 0x15, 0x33, 0x15, 0x21, 0x15, 0x21, 0x15, 0x23, 0x15, 0x23, 0x15,
	0x21, 0x35, 0x23, 0xC8, 0x96, 0x96, 0xC8, 0xC8, 0x64, 0x32, 0x32, 0x32,
	0x01, 0x2C, 0x32, 0x32, 0xFE, 0xA2, 0x01, 0x5E, 0x32, 0x32, 0xFE, 0xD4,
	0x32, 0x03, 0x20, 0x96, 0xFE, 0xA2, 0x64, 0xFE, 0xD4, 0x01, 0x5E, 0x32,
	0x32, 0x32, 0x32, 0xFA, 0x32, 0x32, 0x32, 0x32, 0x32, 0x00, 0x00, 0x03,
	0x00, 0x32, 0x00, 0x00, 0x02, 0x26, 0x03, 0x52, 0x00, 0x0B, 0x00, 0x0F,
	0x00, 0x27, 0x00, 0xD6, 0x4B, 0xB0, 0x21, 0x50, 0x58, 0x40, 0x52, 0x00,
	0x01, 0x00, 0x05, 0x02, 0x01, 0x72, 0x00, 0x04, 0x02, 0x03, 0x05, 0x04,
	0x72, 0x00, 0x00, 0x00, 0x05, 0x02, 0x00, 0x05, 0x67, 0x0D, 0x01, 0x09,
	0x07, 0x08, 0x09, 0x57, 0x00, 0x06, 0x00, 0x0E, 0x0F, 0x06, 0x0E, 0x68,
	0x00, 0x0F, 0x10, 0x01, 0x08, 0x11, 0x0F, 0x08, 0x67, 0x0C, 0x01, 0x0A,
	0x13, 0x01, 0x11, 0x12, 0x0A, 0x11, 0x67, 0x00, 0x03, 0x03, 0x02, 0x5F,
	0x00, 0x02, 0x02, 0x16, 0x4D, 0x00, 0x07, 0x07, 0x0B, 0x5F, 0x00, 0x0B,
	0x0B, 0x19, 0x4D, 0x00, 0x12, 0x12, 0x17, 0x12, 0x4E, 0x1B, 0x40, 0x54,
	0x00, 0x01, 0x00, 0x05, 0x00, 0x01, 0x05, 0x80, 0x00, 0x04, 0x02, 0x03,
	0x02, 0x04, 0x03, 0x80, 0x00, 0x00, 0x00, 0x05, 0x02, 0x00, 0x05, 0x67,
	0x0D, 0x01, 0x09, 0x07, 0x08, 0x09, 0x57, 0x00, 0x06, 0x00, 0x0E, 0x0F,
	0x06, 0x0E, 0x68, 0x00, 0x0F, 0x10, 0x01, 0x08, 0x11, 0x0F, 0x08, 0x67,
	0x0C, 0x01, 0x0A, 0x13, 0x01, 0x11, 0x12, 0x0A, 0x11, 0x67, 0x00, 0x03,
	0x03, 0x02, 0x5F, 0x00, 0x02, 0x02, 0x16, 0x4D, 0x00, 0x07, 0x07, 0x0B,
	0x5F, 0x00, 0x0B, 0x0B, 0x19, 0x4D, 0x00, 0x12, 0x12, 0x17, 0x12, 0x4E,
	0x59, 0x40, 0x22, 0x27, 0x26, 0x25, 0x24, 0x23, 0x22, 0x21, 0x20, 0x1F,
	0x1E, 0x1D, 0x1C, 0x1B, 0x1A, 0x19, 0x18, 0x17, 0x16, 0x15, 0x14, 0x13,
	0x12, 0x11, 0x11, 0x11, 0x11, 0x11, 0x11, 0x11, 0x11, 0x10, 0x14, 0x07,
	0x1F, 0x2B, 0x13, 0x33, 0x15, 0x33, 0x15, 0x33, 0x15, 0x23, 0x35, 0x23,
	0x35, 0x23, 0x11, 0x33, 0x35, 0x23, 0x03, 0x23, 0x11, 0x33, 0x35, 0x33,
	0x35, 0x21, 0x15, 0x33, 0x15, 0x33, 0x15, 0x21, 0x15, 0x21, 0x15, 0x23,
	0x15, 0x23, 0x15, 0x21, 0x35, 0x23, 0xC8, 0x64, 0x32, 0x32, 0x64, 0x32,
	0x32, 0xC8, 0xC8, 0x64, 0x32, 0x32, 0x32, 0x01, 0x2C, 0x32, 0x32, 0xFE,
	0xA2, 0x01, 0x5E, 0x32, 0x32, 0xFE, 0xD4, 0x32, 0x03, 0x52, 0x32, 0x32,
	0x64, 0x32, 0x32, 0xFE, 0x3E, 0x64, 0xFE, 0xD4, 0x01, 0x5E, 0x32, 0x32,
	0x32, 0x32, 0xFA, 0x32, 0x32, 0x32, 0x32, 0x32, 0x00, 0x03, 0x00, 0x32,
	0x00, 0x00, 0x02, 0x26, 0x02, 0xEE, 0x00, 0x03, 0x00, 0x1B, 0x00, 0x1F,
	0x00, 0x59, 0x40, 0x56, 0x07, 0x01, 0x03, 0x0F, 0x02, 0x03, 0x57, 0x00,
	0x0E, 0x00, 0x08, 0x09, 0x0E, 0x08, 0x68, 0x00, 0x09, 0x0A, 0x01, 0x02,
	0x0B, 0x09, 0x02, 0x67, 0x06, 0x01, 0x04, 0x0D, 0x01, 0x0B, 0x0C, 0x04,
	0x0B, 0x67, 0x00, 0x01, 0x01, 0x00, 0x5F, 0x00, 0x00, 0x00, 0x16, 0x4D,
	0x00, 0x0F, 0x0F, 0x05, 0x5F, 0x00, 0x05, 0x05, 0x19, 0x4D, 0x00, 0x0C,
	0x0C, 0x17, 0x0C, 0x4E, 0x1F, 0x1E, 0x1D, 0x1C, 0x1B, 0x1A, 0x19, 0x18,
	0x17, 0x16, 0x15, 0x14, 0x13, 0x12, 0x11, 0x11, 0x11, 0x11, 0x11, 0x11,
	0x11, 0x11, 0x10, 0x10, 0x07, 0x1F, 0x2B, 0x13, 0x21, 0x15, 0x21, 0x03,
	0x23, 0x11, 0x33, 0x35, 0x33, 0x35, 0x21, 0x15, 0x33, 0x15, 0x33, 0x15,
	0x21, 0x15, 0x21, 0x15, 0x23, 0x15, 0x23, 0x15, 0x21, 0x35, 0x23, 0x37,
	0x33, 0x35, 0x23, 0x96, 0x01, 0x2C, 0xFE, 0xD4, 0x32, 0x32, 0x32, 0x32,
	0x01, 0x2C, 0x32, 0x32, 0xFE, 0xA2, 0x01, 0x5E, 0x32, 0x32, 0xFE, 0xD4,
	0x32, 0x64, 0xC8, 0xC8, 0x02, 0xEE, 0x64, 0xFD, 0xDA, 0x01, 0x5E, 0x32,
	0x32, 0x32, 0x32, 0xFA, 0x32, 0x32, 0x32, 0x32, 0x32, 0xFA, 0x64, 0x00,
	0x00, 0x02, 0x00, 0x32, 0xFF, 0x06, 0x02, 0x26, 0x02, 0x26, 0x00, 0x03,
	0x00, 0x2B, 0x01, 0x48, 0x4B, 0xB0, 0x0B, 0x50, 0x58, 0x40, 0x58, 0x00,
	0x0D, 0x0C, 0x13, 0x02, 0x0D, 0x72, 0x00, 0x13, 0x0E, 0x0F, 0x13, 0x70,
	0x00, 0x0E, 0x12, 0x0C, 0x0E, 0x12, 0x7E, 0x07, 0x01, 0x03, 0x01, 0x02,
	0x03, 0x57, 0x00, 0x00, 0x00, 0x08, 0x09, 0x00, 0x08, 0x68, 0x00, 0x09,
	0x0A, 0x01, 0x02, 0x0B, 0x09, 0x02, 0x67, 0x06, 0x01, 0x04, 0x15, 0x01,
	0x0B, 0x0C, 0x04, 0x0B, 0x67, 0x00, 0x0F, 0x00, 0x10, 0x0F, 0x10, 0x64,
	0x00, 0x01, 0x01, 0x05, 0x5F, 0x00, 0x05, 0x05, 0x19, 0x4D, 0x14, 0x01,
	0x0C, 0x0C, 0x17, 0x4D, 0x00, 0x12, 0x12, 0x11, 0x5F, 0x00, 0x11, 0x11,
	0x1B, 0x11, 0x4E, 0x1B, 0x4B, 0xB0, 0x10, 0x50, 0x58, 0x40, 0x59, 0x00,
	0x0D, 0x0C, 0x13, 0x0C, 0x0D, 0x13, 0x80, 0x00, 0x13, 0x0E, 0x0F, 0x13,
	0x70, 0x00, 0x0E, 0x12, 0x0C, 0x0E, 0x12, 0x7E, 0x07, 0x01, 0x03, 0x01,
	0x02, 0x03, 0x57, 0x00, 0x00, 0x00, 0x08, 0x09, 0x00, 0x08, 0x68, 0x00,
	0x09, 0x0A, 0x01, 0x02, 0x0B, 0x09, 0x02, 0x67, 0x06, 0x01, 0x04, 0x15,
	0x01, 0x0B, 0x0C, 0x04, 0x0B, 0x67, 0x00, 0x0F, 0x00, 0x10, 0x0F, 0x10,
	0x64, 0x00, 0x01, 0x01, 0x05, 0x5F, 0x00, 0x05, 0x05, 0x19, 0x4D, 0x14,
	0x01, 0x0C, 0x0C, 0x17, 0x4D, 0x00, 0x12, 0x12, 0x11, 0x5F, 0x00, 0x11,
	0x11, 0x1B, 0x11, 0x4E, 0x1B, 0x40, 0x5A, 0x00, 0x0D, 0x0C, 0x13, 0x0C,
	0x0D, 0x13, 0x80, 0x00, 0x13, 0x0E, 0x0C, 0x13, 0x0E, 0x7E, 0x00, 0x0E,
	0x12, 0x0C, 0x0E, 0x12, 0x7E, 0x07, 0x01, 0x03, 0x01, 0x02, 0x03, 0x57,
	0x00, 0x00, 0x00, 0x08, 0x09, 0x00, 0x08, 0x68, 0x00, 0x09, 0x0A, 0x01,
	0x02, 0x0B, 0x09, 0x02, 0x67, 0x06, 0x01, 0x04, 0x15, 0x01, 0x0B, 0x0C,
	0x04, 0x0B, 0x67, 0x00, 0x0F, 0x00, 0x10, 0x0F, 0x10, 0x64, 0x00, 0x01,
	0x01, 0x05, 0x5F, 0x00, 0x05, 0x05, 0x19, 0x4D, 0x14, 0x01, 0x0C, 0x0C,
	0x17, 0x4D, 0x00, 0x12, 0x12, 0x11, 0x5F, 0x00, 0x11, 0x11, 0x1B, 0x11,
	0x4E, 0x59, 0x59, 0x40, 0x26, 0x2B, 0x2A, 0x29, 0x28, 0x27, 0x26, 0x25,
	0x24, 0x23, 0x22, 0x21, 0x20, 0x1F, 0x1E, 0x1D, 0x1C, 0x1B, 0x1A, 0x19,
	0x18, 0x17, 0x16, 0x15, 0x14, 0x13, 0x12, 0x11, 0x11, 0x11, 0x11, 0x11,
	0x11, 0x11, 0x11, 0x10, 0x16, 0x07, 0x1F, 0x2B, 0x13, 0x33, 0x35, 0x23,
	0x03, 0x23, 0x11, 0x33, 0x35, 0x33, 0x35, 0x21, 0x15, 0x33, 0x15, 0x33,
	0x15, 0x21, 0x15, 0x21, 0x15, 0x23, 0x15, 0x23, 0x15, 0x23, 0x15, 0x23,
	0x15, 0x23, 0x15, 0x33, 0x15, 0x23, 0x35, 0x23, 0x35, 0x33, 0x35, 0x33,
	0x35, 0x23, 0x35, 0x23, 0xC8, 0xC8, 0xC8, 0x64, 0x32, 0x32, 0x32, 0x01,
	0x2C, 0x32, 0x32, 0xFE, 0xA2, 0x01, 0x5E, 0x32, 0x32, 0x32, 0x32, 0x32,
	0x96, 0xC8, 0x32, 0x32, 0x32, 0x96, 0x32, 0x01, 0x2C, 0x64, 0xFE, 0xD4,
	0x01, 0x5E, 0x32, 0x32, 0x32, 0x32, 0xFA, 0x32, 0x32, 0x32, 0x32, 0x32,
	0x32, 0x32, 0x64, 0x32, 0x64, 0x32, 0x32, 0x32, 0x00, 0x01, 0x00, 0x32,
	0x00, 0x00, 0x01, 0xC2, 0x02, 0xEE, 0x00, 0x13, 0x00, 0x78, 0x4B, 0xB0,
	0x21, 0x50, 0x58, 0x40, 0x2D, 0x00, 0x02, 0x03, 0x04, 0x01, 0x02, 0x72,
	0x00, 0x05, 0x01, 0x00, 0x04, 0x05, 0x72, 0x06, 0x01, 0x00, 0x09, 0x01,
	0x07, 0x08, 0x00, 0x07, 0x67, 0x00, 0x04, 0x04, 0x03, 0x5F, 0x00, 0x03,
	0x03, 0x16, 0x4D, 0x00, 0x01, 0x01, 0x08, 0x60, 0x00, 0x08, 0x08, 0x17,
	0x08, 0x4E, 0x1B, 0x40, 0x2F, 0x00, 0x02, 0x03, 0x04, 0x03, 0x02, 0x04,
	0x80, 0x00, 0x05, 0x01, 0x00, 0x01, 0x05, 0x00, 0x80, 0x06, 0x01, 0x00,
	0x09, 0x01, 0x07, 0x08, 0x00, 0x07, 0x67, 0x00, 0x04, 0x04, 0x03, 0x5F,
	0x00, 0x03, 0x03, 0x16, 0x4D, 0x00, 0x01, 0x01, 0x08, 0x60, 0x00, 0x08,
	0x08, 0x17, 0x08, 0x4E, 0x59, 0x40, 0x0E, 0x13, 0x12, 0x11, 0x11, 0x11,
	0x11, 0x11, 0x11, 0x11, 0x11, 0x10, 0x0A, 0x07, 0x1F, 0x2B, 0x13, 0x33,
	0x35, 0x33, 0x35, 0x33, 0x35, 0x33, 0x15, 0x23, 0x15, 0x23, 0x15, 0x33,
	0x15, 0x23, 0x11, 0x23, 0x11, 0x23, 0x32, 0x64, 0x32, 0x32, 0xC8, 0x64,
	0x32, 0x96, 0x96, 0x96, 0x64, 0x01, 0xF4, 0x96, 0x32, 0x32, 0x64, 0x32,
	0x64, 0x64, 0xFE, 0x70, 0x01, 0x90, 0x00, 0x02, 0x00, 0x32, 0xFF, 0x38,
	0x02, 0x26, 0x02, 0x26, 0x00, 0x1F, 0x00, 0x23, 0x00, 0xC7, 0x4B, 0xB0,
	0x21, 0x50, 0x58, 0x40, 0x4C, 0x00, 0x05, 0x04, 0x00, 0x04, 0x05, 0x72,
	0x03, 0x01, 0x01, 0x00, 0x0B, 0x02, 0x01, 0x72, 0x0E, 0x01, 0x0C, 0x02,
	0x0D, 0x0B, 0x0C, 0x72, 0x00, 0x09, 0x08, 0x04, 0x09, 0x57, 0x00, 0x08,
	0x00, 0x07, 0x04, 0x08, 0x07, 0x67, 0x00, 0x10, 0x06, 0x01, 0x04, 0x05,
	0x10, 0x04, 0x67, 0x00, 0x00, 0x0F, 0x01, 0x0B, 0x02, 0x00, 0x0B, 0x67,
	0x00, 0x11, 0x11, 0x0A, 0x5F, 0x00, 0x0A, 0x0A, 0x19, 0x4D, 0x00, 0x02,
	0x02, 0x0D, 0x60, 0x00, 0x0D, 0x0D, 0x1B, 0x0D, 0x4E, 0x1B, 0x40, 0x4F,
	0x00, 0x05, 0x04, 0x00, 0x04, 0x05, 0x00, 0x80, 0x03, 0x01, 0x01, 0x00,
	0x0B, 0x00, 0x01, 0x0B, 0x80, 0x0E, 0x01, 0x0C, 0x02, 0x0D, 0x02, 0x0C,
	0x0D, 0x80, 0x00, 0x09, 0x08, 0x04, 0x09, 0x57, 0x00, 0x08, 0x00, 0x07,
	0x04, 0x08, 0x07, 0x67, 0x00, 0x10, 0x06, 0x01, 0x04, 0x05, 0x10, 0x04,
	0x67, 0x00, 0x00, 0x0F, 0x01, 0x0B, 0x02, 0x00, 0x0B, 0x67, 0x00, 0x11,
	0x11, 0x0A, 0x5F, 0x00, 0x0A, 0x0A, 0x19, 0x4D, 0x00, 0x02, 0x02, 0x0D,
	0x60, 0x00, 0x0D, 0x0D, 0x1B, 0x0D, 0x4E, 0x59, 0x40, 0x1E, 0x23, 0x22,
	0x21, 0x20, 0x1F, 0x1E, 0x1D, 0x1C, 0x1B, 0x1A, 0x19, 0x18, 0x17, 0x16,
	0x15, 0x14, 0x13, 0x12, 0x11, 0x11, 0x11, 0x11, 0x11, 0x11, 0x11, 0x11,
	0x10, 0x12, 0x07, 0x1F, 0x2B, 0x33, 0x33, 0x15, 0x33, 0x15, 0x33, 0x35,
	0x33, 0x35, 0x23, 0x15, 0x23, 0x35, 0x23, 0x35, 0x23, 0x11, 0x33, 0x35,
	0x33, 0x35, 0x21, 0x11, 0x23, 0x15, 0x23, 0x15, 0x21, 0x35, 0x23, 0x35,
	0x23, 0x13, 0x33, 0x35, 0x23, 0x32, 0x96, 0x32, 0x64, 0x32, 0x32, 0xC8,
	0x32, 0x32, 0x32, 0x32, 0x01, 0x90, 0x32, 0x32, 0xFE, 0xD4, 0x32, 0x32,
	0x96, 0xC8, 0xC8, 0x32, 0x32, 0x32, 0x96, 0x32, 0x32, 0x32, 0x01, 0x2C,
	0x32, 0x32, 0xFD, 0x76, 0x32, 0x32, 0x32, 0x32, 0x01, 0x2C, 0xC8, 0x00,
	0x00, 0x03, 0x00, 0x32, 0xFF, 0x38, 0x02, 0x26, 0x03, 0x52, 0x00, 0x0B,
	0x00, 0x0F, 0x00, 0x2F, 0x01, 0x05, 0x4B, 0xB0, 0x21, 0x50, 0x58, 0x40,
	0x61, 0x00, 0x0D, 0x0C, 0x08, 0x0C, 0x0D, 0x72, 0x0B, 0x01, 0x09, 0x08,
	0x13, 0x0A, 0x09, 0x72, 0x16, 0x01, 0x14, 0x0A, 0x15, 0x13, 0x14, 0x72,
	0x04, 0x01, 0x00, 0x03, 0x01, 0x01, 0x02, 0x00, 0x01, 0x67, 0x00, 0x11,
	0x10, 0x0C, 0x11, 0x57, 0x00, 0x10, 0x00, 0x0F, 0x0C, 0x10, 0x0F, 0x67,
	0x00, 0x06, 0x0E, 0x01, 0x0C, 0x0D, 0x06, 0x0C, 0x67, 0x00, 0x08, 0x17,
	0x01, 0x13, 0x0A, 0x08, 0x13, 0x67, 0x00, 0x02, 0x02, 0x05, 0x5F, 0x18,
	0x01, 0x05, 0x05, 0x16, 0x4D, 0x00, 0x07, 0x07, 0x12, 0x5F, 0x00, 0x12,
	0x12, 0x19, 0x4D, 0x00, 0x0A, 0x0A, 0x15, 0x60, 0x00, 0x15, 0x15, 0x1B,
	0x15, 0x4E, 0x1B, 0x40, 0x64, 0x00, 0x0D, 0x0C, 0x08, 0x0C, 0x0D, 0x08,
	0x80, 0x0B, 0x01, 0x09, 0x08, 0x13, 0x08, 0x09, 0x13, 0x80, 0x16, 0x01,
	0x14, 0x0A, 0x15, 0x0A, 0x14, 0x15, 0x80, 0x04, 0x01, 0x00, 0x03, 0x01,
	0x01, 0x02, 0x00, 0x01, 0x67, 0x00, 0x11, 0x10, 0x0C, 0x11, 0x57, 0x00,
	0x10, 0x00, 0x0F, 0x0C, 0x10, 0x0F, 0x67, 0x00, 0x06, 0x0E, 0x01, 0x0C,
	0x0D, 0x06, 0x0C, 0x67, 0x00, 0x08, 0x17, 0x01, 0x13, 0x0A, 0x08, 0x13,
	0x67, 0x00, 0x02, 0x02, 0x05, 0x5F, 0x18, 0x01, 0x05, 0x05, 0x16, 0x4D,
	0x00, 0x07, 0x07, 0x12, 0x5F, 0x00, 0x12, 0x12, 0x19, 0x4D, 0x00, 0x0A,
	0x0A, 0x15, 0x60, 0x00, 0x15, 0x15, 0x1B, 0x15, 0x4E, 0x59, 0x40, 0x32,
	0x00, 0x00, 0x2F, 0x2E, 0x2D, 0x2C, 0x2B, 0x2A, 0x29, 0x28, 0x27, 0x26,
	0x25, 0x24, 0x23, 0x22, 0x21, 0x20, 0x1F, 0x1E, 0x1D, 0x1C, 0x1B, 0x1A,
	0x19, 0x18, 0x17, 0x16, 0x15, 0x14, 0x13, 0x12, 0x11, 0x10, 0x0F, 0x0E,
	0x0D, 0x0C, 0x00, 0x0B, 0x00, 0x0B, 0x11, 0x11, 0x11, 0x11, 0x11, 0x19,
	0x07, 0x1B, 0x2B, 0x01, 0x35, 0x33, 0x15, 0x23, 0x15, 0x23, 0x35, 0x23,
	0x35, 0x33, 0x15, 0x03, 0x33, 0x35, 0x23, 0x03, 0x33, 0x15, 0x33, 0x15,
	0x33, 0x35, 0x33, 0x35, 0x23, 0x15, 0x23, 0x35, 0x23, 0x35, 0x23, 0x11,
	0x33, 0x35, 0x33, 0x35, 0x21, 0x11, 0x23, 0x15, 0x23, 0x15, 0x21, 0x35,
	0x23, 0x35, 0x23, 0x01, 0x5E, 0x64, 0x32, 0xC8, 0x32, 0x64, 0x32, 0xC8,
	0xC8, 0x96, 0x96, 0x32, 0x64, 0x32, 0x32, 0xC8, 0x32, 0x32, 0x32, 0x32,
	0x01, 0x90, 0x32, 0x32, 0xFE, 0xD4, 0x32, 0x32, 0x02, 0xEE, 0x64, 0x96,
	0x32, 0x32, 0x96, 0x64, 0xFD, 0xDA, 0xC8, 0xFE, 0x70, 0x32, 0x32, 0x32,
	0x96, 0x32, 0x32, 0x32, 0x01, 0x2C, 0x32, 0x32, 0xFD, 0x76, 0x32, 0x32,
	0x32, 0x32, 0x00, 0x03, 0x00, 0x32, 0xFF, 0x38, 0x02, 0x26, 0x03, 0x52,
	0x00, 0x09, 0x00, 0x0D, 0x00, 0x2D, 0x01, 0x04, 0x4B, 0xB0, 0x21, 0x50,
	0x58, 0x40, 0x65, 0x00, 0x01, 0x03, 0x04, 0x04, 0x01, 0x72, 0x00, 0x0C,
	0x0B, 0x07, 0x0B, 0x0C, 0x72, 0x0A, 0x01, 0x08, 0x07, 0x12, 0x09, 0x08,
	0x72, 0x15, 0x01, 0x13, 0x09, 0x14, 0x12, 0x13, 0x72, 0x00, 0x02, 0x00,
	0x03, 0x01, 0x02, 0x03, 0x67, 0x00, 0x10, 0x0F, 0x0B, 0x10, 0x57, 0x00,
	0x0F, 0x00, 0x0E, 0x0B, 0x0F, 0x0E, 0x67, 0x00, 0x05, 0x0D, 0x01, 0x0B,
	0x0C, 0x05, 0x0B, 0x67, 0x00, 0x07, 0x16, 0x01, 0x12, 0x09, 0x07, 0x12,
	0x67, 0x00, 0x00, 0x00, 0x04, 0x5F, 0x00, 0x04, 0x04, 0x16, 0x4D, 0x00,
	0x06, 0x06, 0x11, 0x5F, 0x00, 0x11, 0x11, 0x19, 0x4D, 0x00, 0x09, 0x09,
	0x14, 0x60, 0x00, 0x14, 0x14, 0x1B, 0x14, 0x4E, 0x1B, 0x40, 0x69, 0x00,
	0x01, 0x03, 0x04, 0x03, 0x01, 0x04, 0x80, 0x00, 0x0C, 0x0B, 0x07, 0x0B,
	0x0C, 0x07, 0x80, 0x0A, 0x01, 0x08, 0x07, 0x12, 0x07, 0x08, 0x12, 0x80,
	0x15, 0x01, 0x13, 0x09, 0x14, 0x09, 0x13, 0x14, 0x80, 0x00, 0x02, 0x00,
	0x03, 0x01, 0x02, 0x03, 0x67, 0x00, 0x10, 0x0F, 0x0B, 0x10, 0x57, 0x00,
	0x0F, 0x00, 0x0E, 0x0B, 0x0F, 0x0E, 0x67, 0x00, 0x05, 0x0D, 0x01, 0x0B,
	0x0C, 0x05, 0x0B, 0x67, 0x00, 0x07, 0x16, 0x01, 0x12, 0x09, 0x07, 0x12,
	0x67, 0x00, 0x00, 0x00, 0x04, 0x5F, 0x00, 0x04, 0x04, 0x16, 0x4D, 0x00,
	0x06, 0x06, 0x11, 0x5F, 0x00, 0x11, 0x11, 0x19, 0x4D, 0x00, 0x09, 0x09,
	0x14, 0x60, 0x00, 0x14, 0x14, 0x1B, 0x14, 0x4E, 0x59, 0x40, 0x28, 0x2D,
	0x2C, 0x2B, 0x2A, 0x29, 0x28, 0x27, 0x26, 0x25, 0x24, 0x23, 0x22, 0x21,
	0x20, 0x1F, 0x1E, 0x1D, 0x1C, 0x1B, 0x1A, 0x19, 0x18, 0x17, 0x16, 0x15,
	0x14, 0x13, 0x12, 0x11, 0x11, 0x11, 0x11, 0x11, 0x11, 0x11, 0x11, 0x10,
	0x17, 0x07, 0x1F, 0x2B, 0x01, 0x23, 0x35, 0x33, 0x35, 0x33, 0x15, 0x23,
	0x15, 0x33, 0x03, 0x33, 0x35, 0x23, 0x03, 0x33, 0x15, 0x33, 0x15, 0x33,
	0x35, 0x33, 0x35, 0x23, 0x15, 0x23, 0x35, 0x23, 0x35, 0x23, 0x11, 0x33,
	0x35, 0x33, 0x35, 0x21, 0x11, 0x23, 0x15, 0x23, 0x15, 0x21, 0x35, 0x23,
	0x35, 0x23, 0x01, 0x90, 0x96, 0x32, 0x64, 0x32, 0x32, 0xC8, 0xC8, 0xC8,
	0x96, 0x96, 0x32, 0x64, 0x32, 0x32, 0xC8, 0x32, 0x32, 0x32, 0x32, 0x01,
	0x90, 0x32, 0x32, 0xFE, 0xD4, 0x32, 0x32, 0x02, 0x8A, 0x96, 0x32, 0x32,
	0x32, 0xFD, 0xDA, 0xC8, 0xFE, 0x70, 0x32, 0x32, 0x32, 0x96, 0x32, 0x32,
	0x32, 0x01, 0x2C, 0x32, 0x32, 0xFD, 0x76, 0x32, 0x32, 0x32, 0x32, 0x00,
	0x00, 0x03, 0x00, 0x32, 0xFF, 0x38, 0x02, 0x26, 0x03, 0x20, 0x00, 0x03,
	0x00, 0x23, 0x00, 0x27, 0x00, 0xDB, 0x4B, 0xB0, 0x21, 0x50, 0x58, 0x40,
	0x54, 0x00, 0x07, 0x06, 0x02, 0x06, 0x07, 0x72, 0x05, 0x01, 0x03, 0x02,
	0x0D, 0x04, 0x03, 0x72, 0x10, 0x01, 0x0E, 0x04, 0x0F, 0x0D, 0x0E, 0x72,
	0x00, 0x00, 0x00, 0x01, 0x0C, 0x00, 0x01, 0x67, 0x00, 0x0B, 0x0A, 0x06,
	0x0B, 0x57, 0x00, 0x0A, 0x00, 0x09, 0x06, 0x0A, 0x09, 0x67, 0x00, 0x12,
	0x08, 0x01, 0x06, 0x07, 0x12, 0x06, 0x67, 0x00, 0x02, 0x11, 0x01, 0x0D,
	0x04, 0x02, 0x0D, 0x67, 0x00, 0x13, 0x13, 0x0C, 0x5F, 0x00, 0x0C, 0x0C,
	0x19, 0x4D, 0x00, 0x04, 0x04, 0x0F, 0x60, 0x00, 0x0F, 0x0F, 0x1B, 0x0F,
	0x4E, 0x1B, 0x40, 0x57, 0x00, 0x07, 0x06, 0x02, 0x06, 0x07, 0x02, 0x80,
	0x05, 0x01, 0x03, 0x02, 0x0D, 0x02, 0x03, 0x0D, 0x80, 0x10, 0x01, 0x0E,
	0x04, 0x0F, 0x04, 0x0E, 0x0F, 0x80, 0x00, 0x00, 0x00, 0x01, 0x0C, 0x00,
	0x01, 0x67, 0x00, 0x0B, 0x0A, 0x06, 0x0B, 0x57, 0x00, 0x0A, 0x00, 0x09,
	0x06, 0x0A, 0x09, 0x67, 0x00, 0x12, 0x08, 0x01, 0x06, 0x07, 0x12, 0x06,
	0x67, 0x00, 0x02, 0x11, 0x01, 0x0D, 0x04, 0x02, 0x0D, 0x67, 0x00, 0x13,
	0x13, 0x0C, 0x5F, 0x00, 0x0C, 0x0C, 0x19, 0x4D, 0x00, 0x04, 0x04, 0x0F,
	0x60, 0x00, 0x0F, 0x0F, 0x1B, 0x0F, 0x4E, 0x59, 0x40, 0x22, 0x27, 0x26,
	0x25, 0x24, 0x23, 0x22, 0x21, 0x20, 0x1F, 0x1E, 0x1D, 0x1C, 0x1B, 0x1A,
	0x19, 0x18, 0x17, 0x16, 0x15, 0x14, 0x13, 0x12, 0x11, 0x11, 0x11, 0x11,
	0x11, 0x11, 0x11, 0x11, 0x10, 0x14, 0x07, 0x1F, 0x2B, 0x13, 0x33, 0x15,
	0x23, 0x03, 0x33, 0x15, 0x33, 0x15, 0x33, 0x35, 0x33, 0x35, 0x23, 0x15,
	0x23, 0x35, 0x23, 0x35, 0x23, 0x11, 0x33, 0x35, 0x33, 0x35, 0x21, 0x11,
	0x23, 0x15, 0x23, 0x15, 0x21, 0x35, 0x23, 0x35, 0x23, 0x13, 0x33, 0x35,
	0x23, 0xC8, 0x96, 0x96, 0x96, 0x96, 0x32, 0x64, 0x32, 0x32, 0xC8, 0x32,
	0x32, 0x32, 0x32, 0x01, 0x90, 0x32, 0x32, 0xFE, 0xD4, 0x32, 0x32, 0x96,
	0xC8, 0xC8, 0x03, 0x20, 0x96, 0xFD, 0x76, 0x32, 0x32, 0x32, 0x96, 0x32,
	0x32, 0x32, 0x01, 0x2C, 0x32, 0x32, 0xFD, 0x76, 0x32, 0x32, 0x32, 0x32,
	0x01, 0x2C, 0xC8, 0x00, 0x00, 0x01, 0x00, 0x32, 0x00, 0x00, 0x02, 0x26,
	0x02, 0xEE, 0x00, 0x11, 0x00, 0x33, 0x40, 0x30, 0x02, 0x01, 0x00, 0x00,
	0x06, 0x04, 0x00, 0x06, 0x67, 0x00, 0x08, 0x08, 0x16, 0x4D, 0x00, 0x05,
	0x05, 0x01, 0x5F, 0x00, 0x01, 0x01, 0x19, 0x4D, 0x00, 0x03, 0x03, 0x04,
	0x60, 0x07, 0x01, 0x04, 0x04, 0x17, 0x04, 0x4E, 0x11, 0x11, 0x11, 0x11,
	0x11, 0x11, 0x11, 0x11, 0x10, 0x09, 0x07, 0x1F, 0x2B, 0x13, 0x33, 0x35,
	0x33, 0x15, 0x33, 0x15, 0x33, 0x11, 0x23, 0x11, 0x23, 0x15, 0x23, 0x11,
	0x23, 0x11, 0x33, 0xC8, 0x32, 0xC8, 0x32, 0x32, 0x96, 0x96, 0x32, 0x96,
	0x96, 0x01, 0xF4, 0x32, 0x32, 0x32, 0xFE, 0x3E, 0x01, 0x90, 0x32, 0xFE,
	0xA2, 0x02, 0xEE, 0x00, 0x00, 0x01, 0x00, 0x00, 0x00, 0x00, 0x02, 0x58,
	0x02, 0xEE, 0x00, 0x19, 0x00, 0x43, 0x40, 0x40, 0x0B, 0x01, 0x09, 0x0C,
	0x01, 0x08, 0x01, 0x09, 0x08, 0x67, 0x00, 0x01, 0x00, 0x05, 0x06, 0x01,
	0x05, 0x67, 0x02, 0x01, 0x00, 0x00, 0x06, 0x04, 0x00, 0x06, 0x67, 0x00,
	0x0A, 0x0A, 0x16, 0x4D, 0x00, 0x03, 0x03, 0x04, 0x60, 0x07, 0x01, 0x04,
	0x04, 0x17, 0x04, 0x4E, 0x19, 0x18, 0x17, 0x16, 0x15, 0x14, 0x13, 0x12,
	0x11, 0x11, 0x11, 0x11, 0x11, 0x11, 0x11, 0x11, 0x10, 0x0D, 0x07, 0x1F,
	0x2B, 0x13, 0x33, 0x35, 0x33, 0x15, 0x33, 0x15, 0x33, 0x11, 0x23, 0x11,
	0x23, 0x15, 0x23, 0x11, 0x23, 0x11, 0x23, 0x35, 0x33, 0x35, 0x33, 0x15,
	0x33, 0x15, 0x23, 0xFA, 0x32, 0xC8, 0x32, 0x32, 0x96, 0x96, 0x32, 0x96,
	0x64, 0x64, 0x96, 0x96, 0x96, 0x01, 0xC2, 0x32, 0x32, 0x32, 0xFE, 0x70,
	0x01, 0x5E, 0x32, 0xFE, 0xD4, 0x02, 0x26, 0x64, 0x64, 0x64, 0x64, 0x00,
	0x00, 0x02, 0x00, 0x32, 0x00, 0x00, 0x00, 0xC8, 0x02, 0xEE, 0x00, 0x03,
	0x00, 0x07, 0x00, 0x1F, 0x40, 0x1C, 0x00, 0x01, 0x01, 0x00, 0x5F, 0x00,
	0x00, 0x00, 0x16, 0x4D, 0x00, 0x02, 0x02, 0x03, 0x5F, 0x00, 0x03, 0x03,
	0x17, 0x03, 0x4E, 0x11, 0x11, 0x11, 0x10, 0x04, 0x07, 0x1A, 0x2B, 0x13,
	0x33, 0x15, 0x23, 0x15, 0x33, 0x11, 0x23, 0x32, 0x96, 0x96, 0x96, 0x96,
	0x02, 0xEE, 0x96, 0x64, 0xFE, 0x0C, 0x00, 0x01, 0x00, 0x32, 0x00, 0x00,
	0x00, 0xC8, 0x01, 0xF4, 0x00, 0x03, 0x00, 0x13, 0x40, 0x10, 0x00, 0x00,
	0x00, 0x01, 0x5F, 0x00, 0x01, 0x01, 0x17, 0x01, 0x4E, 0x11, 0x10, 0x02,
	0x07, 0x18, 0x2B, 0x13, 0x33, 0x11, 0x23, 0x32, 0x96, 0x96, 0x01, 0xF4,
	0xFE, 0x0C, 0x00, 0x02, 0x00, 0x32, 0x00, 0x00, 0x00, 0xFA, 0x03, 0x52,
	0x00, 0x0B, 0x00, 0x0F, 0x00, 0x71, 0x4B, 0xB0, 0x21, 0x50, 0x58, 0x40,
	0x2B, 0x00, 0x01, 0x02, 0x03, 0x00, 0x01, 0x72, 0x00, 0x04, 0x00, 0x05,
	0x03, 0x04, 0x72, 0x00, 0x02, 0x00, 0x03, 0x00, 0x02, 0x03, 0x67, 0x00,
	0x05, 0x05, 0x00, 0x5F, 0x00, 0x00, 0x00, 0x16, 0x4D, 0x00, 0x06, 0x06,
	0x07, 0x5F, 0x00, 0x07, 0x07, 0x17, 0x07, 0x4E, 0x1B, 0x40, 0x2D, 0x00,
	0x01, 0x02, 0x03, 0x02, 0x01, 0x03, 0x80, 0x00, 0x04, 0x00, 0x05, 0x00,
	0x04, 0x05, 0x80, 0x00, 0x02, 0x00, 0x03, 0x00, 0x02, 0x03, 0x67, 0x00,
	0x05, 0x05, 0x00, 0x5F, 0x00, 0x00, 0x00, 0x16, 0x4D, 0x00, 0x06, 0x06,
	0x07, 0x5F, 0x00, 0x07, 0x07, 0x17, 0x07, 0x4E, 0x59, 0x40, 0x0B, 0x11,
	0x11, 0x11, 0x11, 0x11, 0x11, 0x11, 0x10, 0x08, 0x07, 0x1E, 0x2B, 0x13,
	0x33, 0x35, 0x33, 0x35, 0x33, 0x15, 0x23, 0x15, 0x23, 0x15, 0x23, 0x15,
	0x33, 0x11, 0x23, 0x32, 0x32, 0x32, 0x64, 0x32, 0x32, 0x64, 0x96, 0x96,
	0x02, 0xEE, 0x32, 0x32, 0x64, 0x32, 0x32, 0x96, 0xFE, 0x0C, 0x00, 0x02,
	0xFF, 0xCE, 0x00, 0x00, 0x01, 0x2C, 0x03, 0x52, 0x00, 0x13, 0x00, 0x17,
	0x00, 0x80, 0x4B, 0xB0, 0x21, 0x50, 0x58, 0x40, 0x2F, 0x03, 0x01, 0x01,
	0x02, 0x07, 0x00, 0x01, 0x72, 0x08, 0x01, 0x06, 0x00, 0x05, 0x07, 0x06,
	0x72, 0x00, 0x02, 0x00, 0x07, 0x00, 0x02, 0x07, 0x67, 0x09, 0x01, 0x05,
	0x05, 0x00, 0x5F, 0x04, 0x01, 0x00, 0x00, 0x16, 0x4D, 0x00, 0x0A, 0x0A,
	0x0B, 0x5F, 0x00, 0x0B, 0x0B, 0x17, 0x0B, 0x4E, 0x1B, 0x40, 0x31, 0x03,
	0x01, 0x01, 0x02, 0x07, 0x02, 0x01, 0x07, 0x80, 0x08, 0x01, 0x06, 0x00,
	0x05, 0x00, 0x06, 0x05, 0x80, 0x00, 0x02, 0x00, 0x07, 0x00, 0x02, 0x07,
	0x67, 0x09, 0x01, 0x05, 0x05, 0x00, 0x5F, 0x04, 0x01, 0x00, 0x00, 0x16,
	0x4D, 0x00, 0x0A, 0x0A, 0x0B, 0x5F, 0x00, 0x0B, 0x0B, 0x17, 0x0B, 0x4E,
	0x59, 0x40, 0x12, 0x17, 0x16, 0x15, 0x14, 0x13, 0x12, 0x11, 0x11, 0x11,
	0x11, 0x11, 0x11, 0x11, 0x11, 0x10, 0x0C, 0x07, 0x1F, 0x2B, 0x03, 0x33,
	0x35, 0x33, 0x35, 0x33, 0x15, 0x33, 0x15, 0x33, 0x15, 0x23, 0x35, 0x23,
	0x35, 0x23, 0x15, 0x23, 0x15, 0x23, 0x17, 0x33, 0x11, 0x23, 0x32, 0x32,
	0x32, 0x96, 0x32, 0x32, 0x64, 0x32, 0x32, 0x32, 0x64, 0x64, 0x96, 0x96,
	0x02, 0xEE, 0x32, 0x32, 0x32, 0x32, 0x64, 0x32, 0x32, 0x32, 0x32, 0x96,
	0xFE, 0x0C, 0x00, 0x03, 0x00, 0x00, 0x00, 0x00, 0x00, 0xFA, 0x02, 0xEE,
	0x00, 0x03, 0x00, 0x07, 0x00, 0x0B, 0x00, 0x23, 0x40, 0x20, 0x03, 0x01,
	0x01, 0x01, 0x00, 0x5F, 0x02, 0x01, 0x00, 0x00, 0x16, 0x4D, 0x00, 0x04,
	0x04, 0x05, 0x5F, 0x00, 0x05, 0x05, 0x17, 0x05, 0x4E, 0x11, 0x11, 0x11,
	0x11, 0x11, 0x10, 0x06, 0x07, 0x1C, 0x2B, 0x11, 0x33, 0x15, 0x23, 0x37,
	0x33, 0x15, 0x23, 0x07, 0x33, 0x11, 0x23, 0x64, 0x64, 0x96, 0x64, 0x64,
	0x64, 0x96, 0x96, 0x02, 0xEE, 0x64, 0x64, 0x64, 0x96, 0xFE, 0x0C, 0x00,
	0x00, 0x02, 0x00, 0x32, 0x00, 0x00, 0x00, 0xC8, 0x03, 0x20, 0x00, 0x03,
	0x00, 0x07, 0x00, 0x1D, 0x40, 0x1A, 0x00, 0x00, 0x00, 0x01, 0x02, 0x00,
	0x01, 0x67, 0x00, 0x02, 0x02, 0x03, 0x5F, 0x00, 0x03, 0x03, 0x17, 0x03,
	0x4E, 0x11, 0x11, 0x11, 0x10, 0x04, 0x07, 0x1A, 0x2B, 0x13, 0x33, 0x15,
	0x23, 0x15, 0x33, 0x11, 0x23, 0x32, 0x96, 0x96, 0x96, 0x96, 0x03, 0x20,
	0x96, 0x96, 0xFE, 0x0C, 0x00, 0x02, 0x00, 0x32, 0x00, 0x00, 0x00, 0xFA,
	0x03, 0x52, 0x00, 0x0B, 0x00, 0x0F, 0x00, 0x71, 0x4B, 0xB0, 0x21, 0x50,
	0x58, 0x40, 0x2B, 0x00, 0x01, 0x00, 0x05, 0x02, 0x01, 0x72, 0x00, 0x04,
	0x02, 0x03, 0x05, 0x04, 0x72, 0x00, 0x00, 0x00, 0x05, 0x02, 0x00, 0x05,
	0x67, 0x00, 0x03, 0x03, 0x02, 0x5F, 0x00, 0x02, 0x02, 0x16, 0x4D, 0x00,
	0x06, 0x06, 0x07, 0x5F, 0x00, 0x07, 0x07, 0x17, 0x07, 0x4E, 0x1B, 0x40,
	0x2D, 0x00, 0x01, 0x00, 0x05, 0x00, 0x01, 0x05, 0x80, 0x00, 0x04, 0x02,
	0x03, 0x02, 0x04, 0x03, 0x80, 0x00, 0x00, 0x00, 0x05, 0x02, 0x00, 0x05,
	0x67, 0x00, 0x03, 0x03, 0x02, 0x5F, 0x00, 0x02, 0x02, 0x16, 0x4D, 0x00,
	0x06, 0x06, 0x07, 0x5F, 0x00, 0x07, 0x07, 0x17, 0x07, 0x4E, 0x59, 0x40,
	0x0B, 0x11, 0x11, 0x11, 0x11, 0x11, 0x11, 0x11, 0x10, 0x08, 0x07, 0x1E,
	0x2B, 0x13, 0x33, 0x15, 0x33, 0x15, 0x33, 0x15, 0x23, 0x35, 0x23, 0x35,
	0x23, 0x15, 0x33, 0x11, 0x23, 0x32, 0x64, 0x32, 0x32, 0x64, 0x32, 0x32,
	0x96, 0x96, 0x03, 0x52, 0x32, 0x32, 0x64, 0x32, 0x32, 0xFA, 0xFE, 0x0C,
	0x00, 0x04, 0x00, 0x32, 0xFF, 0x38, 0x01, 0xF4, 0x02, 0xEE, 0x00, 0x03,
	0x00, 0x07, 0x00, 0x13, 0x00, 0x17, 0x00, 0x8E, 0x4B, 0xB0, 0x21, 0x50,
	0x58, 0x40, 0x36, 0x00, 0x05, 0x0B, 0x07, 0x04, 0x05, 0x72, 0x00, 0x08,
	0x04, 0x09, 0x07, 0x08, 0x72, 0x00, 0x07, 0x04, 0x06, 0x07, 0x57, 0x03,
	0x01, 0x01, 0x01, 0x00, 0x5F, 0x02, 0x01, 0x00, 0x00, 0x16, 0x4D, 0x0A,
	0x01, 0x06, 0x06, 0x0B, 0x5F, 0x00, 0x0B, 0x0B, 0x17, 0x4D, 0x00, 0x04,
	0x04, 0x09, 0x60, 0x00, 0x09, 0x09, 0x1B, 0x09, 0x4E, 0x1B, 0x40, 0x38,
	0x00, 0x05, 0x0B, 0x07, 0x0B, 0x05, 0x07, 0x80, 0x00, 0x08, 0x04, 0x09,
	0x04, 0x08, 0x09, 0x80, 0x00, 0x07, 0x04, 0x06, 0x07, 0x57, 0x03, 0x01,
	0x01, 0x01, 0x00, 0x5F, 0x02, 0x01, 0x00, 0x00, 0x16, 0x4D, 0x0A, 0x01,
	0x06, 0x06, 0x0B, 0x5F, 0x00, 0x0B, 0x0B, 0x17, 0x4D, 0x00, 0x04, 0x04,
	0x09, 0x60, 0x00, 0x09, 0x09, 0x1B, 0x09, 0x4E, 0x59, 0x40, 0x12, 0x17,
	0x16, 0x15, 0x14, 0x13, 0x12, 0x11, 0x11, 0x11, 0x11, 0x11, 0x11, 0x11,
	0x11, 0x10, 0x0C, 0x07, 0x1F, 0x2B, 0x13, 0x33, 0x15, 0x23, 0x25, 0x33,
	0x15, 0x23, 0x03, 0x33, 0x35, 0x33, 0x11, 0x33, 0x11, 0x23, 0x15, 0x23,
	0x15, 0x23, 0x03, 0x33, 0x11, 0x23, 0x32, 0x96, 0x96, 0x01, 0x2C, 0x96,
	0x96, 0x64, 0x32, 0x32, 0x96, 0x32, 0x32, 0x96, 0xC8, 0x96, 0x96, 0x02,
	0xEE, 0x96, 0x96, 0x96, 0xFD, 0x44, 0x32, 0x02, 0x26, 0xFD, 0xA8, 0x32,
	0x32, 0x02, 0xBC, 0xFE, 0x0C, 0x00, 0x00, 0x02, 0x00, 0x00, 0x00, 0x00,
	0x00, 0xFA, 0x02, 0xEE, 0x00, 0x03, 0x00, 0x07, 0x00, 0x1F, 0x40, 0x1C,
	0x00, 0x01, 0x01, 0x00, 0x5F, 0x00, 0x00, 0x00, 0x16, 0x4D, 0x00, 0x02,
	0x02, 0x03, 0x5F, 0x00, 0x03, 0x03, 0x17, 0x03, 0x4E, 0x11, 0x11, 0x11,
	0x10, 0x04, 0x07, 0x1A, 0x2B, 0x11, 0x33, 0x15, 0x23, 0x17, 0x33, 0x11,
	0x23, 0xFA, 0xFA, 0x32, 0x96, 0x96, 0x02, 0xEE, 0x64, 0x96, 0xFE, 0x0C,
	0x00, 0x02, 0x00, 0x00, 0xFF, 0x06, 0x00, 0xFA, 0x03, 0x20, 0x00, 0x03,
	0x00, 0x15, 0x00, 0xD8, 0x4B, 0xB0, 0x10, 0x50, 0x58, 0x40, 0x38, 0x00,
	0x04, 0x02, 0x0A, 0x02, 0x04, 0x72, 0x0B, 0x01, 0x0A, 0x05, 0x06, 0x0A,
	0x70, 0x00, 0x05, 0x09, 0x02, 0x05, 0x70, 0x00, 0x00, 0x00, 0x01, 0x03,
	0x00, 0x01, 0x67, 0x00, 0x06, 0x00, 0x07, 0x06, 0x07, 0x64, 0x00, 0x03,
	0x03, 0x02, 0x5F, 0x00, 0x02, 0x02, 0x17, 0x4D, 0x00, 0x09, 0x09, 0x08,
	0x5F, 0x00, 0x08, 0x08, 0x1B, 0x08, 0x4E, 0x1B, 0x4B, 0xB0, 0x21, 0x50,
	0x58, 0x40, 0x3A, 0x00, 0x04, 0x02, 0x0A, 0x02, 0x04, 0x72, 0x0B, 0x01,
	0x0A, 0x05, 0x02, 0x0A, 0x05, 0x7E, 0x00, 0x05, 0x09, 0x02, 0x05, 0x09,
	0x7E, 0x00, 0x00, 0x00, 0x01, 0x03, 0x00, 0x01, 0x67, 0x00, 0x06, 0x00,
	0x07, 0x06, 0x07, 0x64, 0x00, 0x03, 0x03, 0x02, 0x5F, 0x00, 0x02, 0x02,
	0x17, 0x4D, 0x00, 0x09, 0x09, 0x08, 0x5F, 0x00, 0x08, 0x08, 0x1B, 0x08,
	0x4E, 0x1B, 0x40, 0x3B, 0x00, 0x04, 0x02, 0x0A, 0x02, 0x04, 0x0A, 0x80,
	0x0B, 0x01, 0x0A, 0x05, 0x02, 0x0A, 0x05, 0x7E, 0x00, 0x05, 0x09, 0x02,
	0x05, 0x09, 0x7E, 0x00, 0x00, 0x00, 0x01, 0x03, 0x00, 0x01, 0x67, 0x00,
	0x06, 0x00, 0x07, 0x06, 0x07, 0x64, 0x00, 0x03, 0x03, 0x02, 0x5F, 0x00,
	0x02, 0x02, 0x17, 0x4D, 0x00, 0x09, 0x09, 0x08, 0x5F, 0x00, 0x08, 0x08,
	0x1B, 0x08, 0x4E, 0x59, 0x59, 0x40, 0x14, 0x04, 0x04, 0x04, 0x15, 0x04,
	0x15, 0x14, 0x13, 0x11, 0x11, 0x11, 0x11, 0x11, 0x11, 0x12, 0x11, 0x10,
	0x0C, 0x07, 0x1F, 0x2B, 0x13, 0x33, 0x15, 0x23, 0x13, 0x35, 0x23, 0x11,
	0x33, 0x11, 0x23, 0x15, 0x23, 0x15, 0x33, 0x15, 0x23, 0x35, 0x23, 0x35,
	0x33, 0x35, 0x32, 0x96, 0x96, 0x32, 0x32, 0x96, 0x32, 0x32, 0x96, 0xC8,
	0x32, 0x32, 0x03, 0x20, 0x96, 0xFD, 0x44, 0x32, 0x01, 0xF4, 0xFD, 0xDA,
	0x32, 0x32, 0x64, 0x32, 0x64, 0x32, 0x00, 0x02, 0x00, 0x00, 0xFF, 0x38,
	0x00, 0xFA, 0x02, 0xEE, 0x00, 0x03, 0x00, 0x0F, 0x00, 0x71, 0x4B, 0xB0,
	0x21, 0x50, 0x58, 0x40, 0x2B, 0x00, 0x02, 0x03, 0x04, 0x07, 0x02, 0x72,
	0x00, 0x05, 0x07, 0x06, 0x04, 0x05, 0x72, 0x00, 0x03, 0x00, 0x04, 0x07,
	0x03, 0x04, 0x67, 0x00, 0x01, 0x01, 0x00, 0x5F, 0x00, 0x00, 0x00, 0x16,
	0x4D, 0x00, 0x07, 0x07, 0x06, 0x60, 0x00, 0x06, 0x06, 0x1B, 0x06, 0x4E,
	0x1B, 0x40, 0x2D, 0x00, 0x02, 0x03, 0x04, 0x03, 0x02, 0x04, 0x80, 0x00,
	0x05, 0x07, 0x06, 0x07, 0x05, 0x06, 0x80, 0x00, 0x03, 0x00, 0x04, 0x07,
	0x03, 0x04, 0x67, 0x00, 0x01, 0x01, 0x00, 0x5F, 0x00, 0x00, 0x00, 0x16,
	0x4D, 0x00, 0x07, 0x07, 0x06, 0x60, 0x00, 0x06, 0x06, 0x1B, 0x06, 0x4E,
	0x59, 0x40, 0x0B, 0x11, 0x11, 0x11, 0x11, 0x11, 0x11, 0x11, 0x10, 0x08,
	0x07, 0x1E, 0x2B, 0x13, 0x33, 0x15, 0x23, 0x03, 0x33, 0x11, 0x33, 0x11,
	0x23, 0x15, 0x23, 0x15, 0x23, 0x35, 0x33, 0x64, 0x96, 0x96, 0x32, 0x32,
	0x96, 0x32, 0x32, 0x96, 0x32, 0x02, 0xEE, 0x96, 0xFD, 0x76, 0x02, 0x26,
	0xFD, 0xA8, 0x32, 0x32, 0x64, 0x00, 0x00, 0x01, 0x00, 0x00, 0xFF, 0x38,
	0x00, 0xFA, 0x01, 0xF4, 0x00, 0x0B, 0x00, 0x5B, 0x4B, 0xB0, 0x21, 0x50,
	0x58, 0x40, 0x21, 0x00, 0x00, 0x01, 0x02, 0x05, 0x00, 0x72, 0x00, 0x03,
	0x05, 0x04, 0x02, 0x03, 0x72, 0x00, 0x01, 0x00, 0x02, 0x05, 0x01, 0x02,
	0x67, 0x00, 0x05, 0x05, 0x04, 0x60, 0x00, 0x04, 0x04, 0x1B, 0x04, 0x4E,
	0x1B, 0x40, 0x23, 0x00, 0x00, 0x01, 0x02, 0x01, 0x00, 0x02, 0x80, 0x00,
	0x03, 0x05, 0x04, 0x05, 0x03, 0x04, 0x80, 0x00, 0x01, 0x00, 0x02, 0x05,
	0x01, 0x02, 0x67, 0x00, 0x05, 0x05, 0x04, 0x60, 0x00, 0x04, 0x04, 0x1B,
	0x04, 0x4E, 0x59, 0x40, 0x09, 0x11, 0x11, 0x11, 0x11, 0x11, 0x10, 0x06,
	0x07, 0x1C, 0x2B, 0x17, 0x33, 0x11, 0x33, 0x11, 0x23, 0x15, 0x23, 0x15,
	0x23, 0x35, 0x33, 0x32, 0x32, 0x96, 0x32, 0x32, 0x96, 0x32, 0x32, 0x02,
	0x26, 0xFD, 0xA8, 0x32, 0x32, 0x64, 0x00, 0x02, 0x00, 0x00, 0xFF, 0x38,
	0x00, 0xFA, 0x03, 0x52, 0x00, 0x0B, 0x00, 0x17, 0x00, 0xA6, 0x4B, 0xB0,
	0x21, 0x50, 0x58, 0x40, 0x41, 0x00, 0x01, 0x02, 0x03, 0x00, 0x01, 0x72,
	0x00, 0x04, 0x00, 0x05, 0x03, 0x04, 0x72, 0x00, 0x06, 0x07, 0x08, 0x0B,
	0x06, 0x72, 0x00, 0x09, 0x0B, 0x0A, 0x08, 0x09, 0x72, 0x00, 0x02, 0x00,
	0x03, 0x00, 0x02, 0x03, 0x67, 0x00, 0x07, 0x00, 0x08, 0x0B, 0x07, 0x08,
	0x67, 0x00, 0x05, 0x05, 0x00, 0x5F, 0x00, 0x00, 0x00, 0x16, 0x4D, 0x00,
	0x0B, 0x0B, 0x0A, 0x60, 0x00, 0x0A, 0x0A, 0x1B, 0x0A, 0x4E, 0x1B, 0x40,
	0x45, 0x00, 0x01, 0x02, 0x03, 0x02, 0x01, 0x03, 0x80, 0x00, 0x04, 0x00,
	0x05, 0x00, 0x04, 0x05, 0x80, 0x00, 0x06, 0x07, 0x08, 0x07, 0x06, 0x08,
	0x80, 0x00, 0x09, 0x0B, 0x0A, 0x0B, 0x09, 0x0A, 0x80, 0x00, 0x02, 0x00,
	0x03, 0x00, 0x02, 0x03, 0x67, 0x00, 0x07, 0x00, 0x08, 0x0B, 0x07, 0x08,
	0x67, 0x00, 0x05, 0x05, 0x00, 0x5F, 0x00, 0x00, 0x00, 0x16, 0x4D, 0x00,
	0x0B, 0x0B, 0x0A, 0x60, 0x00, 0x0A, 0x0A, 0x1B, 0x0A, 0x4E, 0x59, 0x40,
	0x12, 0x17, 0x16, 0x15, 0x14, 0x13, 0x12, 0x11, 0x11, 0x11, 0x11, 0x11,
	0x11, 0x11, 0x11, 0x10, 0x0C, 0x07, 0x1F, 0x2B, 0x13, 0x33, 0x35, 0x33,
	0x35, 0x33, 0x15, 0x23, 0x15, 0x23, 0x15, 0x23, 0x11, 0x33, 0x11, 0x33,
	0x11, 0x23, 0x15, 0x23, 0x15, 0x23, 0x35, 0x33, 0x32, 0x32, 0x32, 0x64,
	0x32, 0x32, 0x64, 0x32, 0x96, 0x32, 0x32, 0x96, 0x32, 0x02, 0xEE, 0x32,
	0x32, 0x64, 0x32, 0x32, 0xFD, 0x44, 0x02, 0x26, 0xFD, 0xA8, 0x32, 0x32,
	0x64, 0x00, 0x00, 0x01, 0x00, 0x32, 0x00, 0x00, 0x01, 0xC2, 0x02, 0xEE,
	0x00, 0x17, 0x00, 0x92, 0x4B, 0xB0, 0x21, 0x50, 0x58, 0x40, 0x38, 0x00,
	0x07, 0x03, 0x08, 0x06, 0x07, 0x72, 0x00, 0x08, 0x00, 0x09, 0x08, 0x70,
	0x00, 0x03, 0x00, 0x00, 0x09, 0x03, 0x00, 0x67, 0x00, 0x04, 0x00, 0x0B,
	0x01, 0x04, 0x0B, 0x67, 0x00, 0x02, 0x02, 0x16, 0x4D, 0x00, 0x06, 0x06,
	0x05, 0x5F, 0x00, 0x05, 0x05, 0x19, 0x4D, 0x00, 0x09, 0x09, 0x01, 0x60,
	0x0A, 0x01, 0x01, 0x01, 0x17, 0x01, 0x4E, 0x1B, 0x40, 0x3A, 0x00, 0x07,
	0x03, 0x08, 0x03, 0x07, 0x08, 0x80, 0x00, 0x08, 0x00, 0x03, 0x08, 0x00,
	0x7E, 0x00, 0x03, 0x00, 0x00, 0x09, 0x03, 0x00, 0x67, 0x00, 0x04, 0x00,
	0x0B, 0x01, 0x04, 0x0B, 0x67, 0x00, 0x02, 0x02, 0x16, 0x4D, 0x00, 0x06,
	0x06, 0x05, 0x5F, 0x00, 0x05, 0x05, 0x19, 0x4D, 0x00, 0x09, 0x09, 0x01,
	0x60, 0x0A, 0x01, 0x01, 0x01, 0x17, 0x01, 0x4E, 0x59, 0x40, 0x12, 0x17,
	0x16, 0x15, 0x14, 0x13, 0x12, 0x11, 0x11, 0x11, 0x11, 0x11, 0x11, 0x11,
	0x11, 0x10, 0x0C, 0x07, 0x1F, 0x2B, 0x37, 0x23, 0x15, 0x23, 0x11, 0x33,
	0x11, 0x33, 0x35, 0x33, 0x35, 0x33, 0x15, 0x23, 0x15, 0x23, 0x15, 0x33,
	0x15, 0x33, 0x15, 0x23, 0x35, 0x23, 0xFA, 0x32, 0x96, 0x96, 0x32, 0x32,
	0x96, 0x32, 0x32, 0x32, 0x32, 0x96, 0x32, 0xC8, 0xC8, 0x02, 0xEE, 0xFE,
	0x70, 0x32, 0x96, 0xC8, 0x32, 0x32, 0x32, 0xC8, 0x96, 0x00, 0x00, 0x02,
	0x00, 0x32, 0xFE, 0xD4, 0x01, 0xC2, 0x02, 0xEE, 0x00, 0x17, 0x00, 0x21,
	0x00, 0xCD, 0x4B, 0xB0, 0x21, 0x50, 0x58, 0x40, 0x50, 0x00, 0x07, 0x03,
	0x08, 0x06, 0x07, 0x72, 0x00, 0x08, 0x00, 0x09, 0x08, 0x70, 0x00, 0x0D,
	0x10, 0x0F, 0x10, 0x0D, 0x72, 0x00, 0x03, 0x00, 0x00, 0x09, 0x03, 0x00,
	0x67, 0x00, 0x04, 0x00, 0x0B, 0x01, 0x04, 0x0B, 0x67, 0x00, 0x0F, 0x00,
	0x0E, 0x0F, 0x0E, 0x63, 0x00, 0x02, 0x02, 0x16, 0x4D, 0x00, 0x06, 0x06,
	0x05, 0x5F, 0x00, 0x05, 0x05, 0x19, 0x4D, 0x00, 0x09, 0x09, 0x01, 0x60,
	0x0A, 0x01, 0x01, 0x01, 0x17, 0x4D, 0x00, 0x0C, 0x0C, 0x10, 0x5F, 0x00,
	0x10, 0x10, 0x1B, 0x10, 0x4E, 0x1B, 0x40, 0x53, 0x00, 0x07, 0x03, 0x08,
	0x03, 0x07, 0x08, 0x80, 0x00, 0x08, 0x00, 0x03, 0x08, 0x00, 0x7E, 0x00,
	0x0D, 0x10, 0x0F, 0x10, 0x0D, 0x0F, 0x80, 0x00, 0x03, 0x00, 0x00, 0x09,
	0x03, 0x00, 0x67, 0x00, 0x04, 0x00, 0x0B, 0x01, 0x04, 0x0B, 0x67, 0x00,
	0x0F, 0x00, 0x0E, 0x0F, 0x0E, 0x63, 0x00, 0x02, 0x02, 0x16, 0x4D, 0x00,
	0x06, 0x06, 0x05, 0x5F, 0x00, 0x05, 0x05, 0x19, 0x4D, 0x00, 0x09, 0x09,
	0x01, 0x60, 0x0A, 0x01, 0x01, 0x01, 0x17, 0x4D, 0x00, 0x0C, 0x0C, 0x10,
	0x5F, 0x00, 0x10, 0x10, 0x1B, 0x10, 0x4E, 0x59, 0x40, 0x1C, 0x21, 0x20,
	0x1F, 0x1E, 0x1D, 0x1C, 0x1B, 0x1A, 0x19, 0x18, 0x17, 0x16, 0x15, 0x14,
	0x13, 0x12, 0x11, 0x11, 0x11, 0x11, 0x11, 0x11, 0x11, 0x11, 0x10, 0x11,
	0x07, 0x1F, 0x2B, 0x37, 0x23, 0x15, 0x23, 0x11, 0x33, 0x11, 0x33, 0x35,
	0x33, 0x35, 0x33, 0x15, 0x23, 0x15, 0x23, 0x15, 0x33, 0x15, 0x33, 0x15,
	0x23, 0x35, 0x23, 0x07, 0x33, 0x15, 0x23, 0x15, 0x23, 0x35, 0x33, 0x35,
	0x23, 0xFA, 0x32, 0x96, 0x96, 0x32, 0x32, 0x96, 0x32, 0x32, 0x32, 0x32,
	0x96, 0x32, 0x32, 0x96, 0x32, 0x64, 0x32, 0x32, 0xC8, 0xC8, 0x02, 0xEE,
	0xFE, 0x70, 0x32, 0x96, 0xC8, 0x32, 0x32, 0x32, 0xC8, 0x96, 0xFA, 0x96,
	0x32, 0x32, 0x32, 0x00, 0x00, 0x01, 0x00, 0x32, 0x00, 0x00, 0x00, 0xC8,
	0x02, 0xEE, 0x00, 0x03, 0x00, 0x13, 0x40, 0x10, 0x00, 0x00, 0x00, 0x16,
	0x4D, 0x00, 0x01, 0x01, 0x17, 0x01, 0x4E, 0x11, 0x10, 0x02, 0x07, 0x18,
	0x2B, 0x13, 0x33, 0x11, 0x23, 0x32, 0x96, 0x96, 0x02, 0xEE, 0xFD, 0x12,
	0x00, 0x02, 0x00, 0x32, 0x00, 0x00, 0x00, 0xFA, 0x03, 0xE8, 0x00, 0x0B,
	0x00, 0x0F, 0x00, 0x76, 0x4B, 0xB0, 0x21, 0x50, 0x58, 0x40, 0x2A, 0x00,
	0x04, 0x05, 0x00, 0x03, 0x04, 0x72, 0x00, 0x01, 0x03, 0x02, 0x00, 0x01,
	0x72, 0x08, 0x01, 0x05, 0x00, 0x00, 0x03, 0x05, 0x00, 0x67, 0x00, 0x03,
	0x00, 0x02, 0x06, 0x03, 0x02, 0x68, 0x00, 0x06, 0x06, 0x16, 0x4D, 0x00,
	0x07, 0x07, 0x17, 0x07, 0x4E, 0x1B, 0x40, 0x2C, 0x00, 0x04, 0x05, 0x00,
	0x05, 0x04, 0x00, 0x80, 0x00, 0x01, 0x03, 0x02, 0x03, 0x01, 0x02, 0x80,
	0x08, 0x01, 0x05, 0x00, 0x00, 0x03, 0x05, 0x00, 0x67, 0x00, 0x03, 0x00,
	0x02, 0x06, 0x03, 0x02, 0x68, 0x00, 0x06, 0x06, 0x16, 0x4D, 0x00, 0x07,
	0x07, 0x17, 0x07, 0x4E, 0x59, 0x40, 0x12, 0x00, 0x00, 0x0F, 0x0E, 0x0D,
	0x0C, 0x00, 0x0B, 0x00, 0x0B, 0x11, 0x11, 0x11, 0x11, 0x11, 0x09, 0x07,
	0x1B, 0x2B, 0x13, 0x15, 0x23, 0x15, 0x23, 0x15, 0x23, 0x35, 0x33, 0x35,
	0x33, 0x35, 0x07, 0x33, 0x11, 0x23, 0xFA, 0x32, 0x32, 0x64, 0x32, 0x32,
	0x64, 0x96, 0x96, 0x03, 0xE8, 0x64, 0x32, 0x32, 0x64, 0x32, 0x32, 0xFA,
	0xFD, 0x12, 0x00, 0x02, 0x00, 0x32, 0x00, 0x00, 0x01, 0x90, 0x03, 0x20,
	0x00, 0x09, 0x00, 0x0D, 0x00, 0x5D, 0x4B, 0xB0, 0x21, 0x50, 0x58, 0x40,
	0x22, 0x00, 0x03, 0x01, 0x00, 0x01, 0x03, 0x72, 0x00, 0x02, 0x00, 0x01,
	0x03, 0x02, 0x01, 0x67, 0x00, 0x00, 0x00, 0x04, 0x06, 0x00, 0x04, 0x67,
	0x00, 0x05, 0x05, 0x16, 0x4D, 0x00, 0x06, 0x06, 0x17, 0x06, 0x4E, 0x1B,
	0x40, 0x23, 0x00, 0x03, 0x01, 0x00, 0x01, 0x03, 0x00, 0x80, 0x00, 0x02,
	0x00, 0x01, 0x03, 0x02, 0x01, 0x67, 0x00, 0x00, 0x00, 0x04, 0x06, 0x00,
	0x04, 0x67, 0x00, 0x05, 0x05, 0x16, 0x4D, 0x00, 0x06, 0x06, 0x17, 0x06,
	0x4E, 0x59, 0x40, 0x0A, 0x11, 0x11, 0x11, 0x11, 0x11, 0x11, 0x10, 0x07,
	0x07, 0x1D, 0x2B, 0x13, 0x33, 0x35, 0x23, 0x35, 0x33, 0x15, 0x23, 0x15,
	0x23, 0x27, 0x33, 0x11, 0x23, 0xFA, 0x32, 0x32, 0x96, 0x32, 0x64, 0xC8,
	0x96, 0x96, 0x02, 0x8A, 0x32, 0x64, 0x96, 0x32, 0x96, 0xFD, 0x12, 0x00,
	0x00, 0x02, 0x00, 0x32, 0xFE, 0xD4, 0x00, 0xC8, 0x02, 0xEE, 0x00, 0x03,
	0x00, 0x0D, 0x00, 0x5F, 0x4B, 0xB0, 0x21, 0x50, 0x58, 0x40, 0x23, 0x00,
	0x03, 0x06, 0x05, 0x06, 0x03, 0x72, 0x00, 0x05, 0x00, 0x04, 0x05, 0x04,
	0x63, 0x00, 0x00, 0x00, 0x16, 0x4D, 0x00, 0x01, 0x01, 0x17, 0x4D, 0x00,
	0x02, 0x02, 0x06, 0x5F, 0x00, 0x06, 0x06, 0x1B, 0x06, 0x4E, 0x1B, 0x40,
	0x24, 0x00, 0x03, 0x06, 0x05, 0x06, 0x03, 0x05, 0x80, 0x00, 0x05, 0x00,
	0x04, 0x05, 0x04, 0x63, 0x00, 0x00, 0x00, 0x16, 0x4D, 0x00, 0x01, 0x01,
	0x17, 0x4D, 0x00, 0x02, 0x02, 0x06, 0x5F, 0x00, 0x06, 0x06, 0x1B, 0x06,
	0x4E, 0x59, 0x40, 0x0A, 0x11, 0x11, 0x11, 0x11, 0x11, 0x11, 0x10, 0x07,
	0x07, 0x1D, 0x2B, 0x13, 0x33, 0x11, 0x23, 0x15, 0x33, 0x15, 0x23, 0x15,
	0x23, 0x35, 0x33, 0x35, 0x23, 0x32, 0x96, 0x96, 0x96, 0x32, 0x64, 0x32,
	0x32, 0x02, 0xEE, 0xFD, 0x12, 0x64, 0x96, 0x32, 0x32, 0x32, 0x00, 0x01,
	0x00, 0x00, 0x00, 0x00, 0x01, 0xC2, 0x02, 0xEE, 0x00, 0x17, 0x00, 0x98,
	0x4B, 0xB0, 0x21, 0x50, 0x58, 0x40, 0x3B, 0x00, 0x08, 0x07, 0x03, 0x07,
	0x08, 0x72, 0x00, 0x02, 0x09, 0x01, 0x01, 0x02, 0x72, 0x00, 0x05, 0x00,
	0x09, 0x02, 0x05, 0x09, 0x67, 0x00, 0x03, 0x00, 0x0B, 0x00, 0x03, 0x0B,
	0x67, 0x00, 0x01, 0x00, 0x00, 0x0A, 0x01, 0x00, 0x68, 0x00, 0x04, 0x04,
	0x16, 0x4D, 0x00, 0x07, 0x07, 0x06, 0x5F, 0x00, 0x06, 0x06, 0x19, 0x4D,
	0x00, 0x0A, 0x0A, 0x17, 0x0A, 0x4E, 0x1B, 0x40, 0x3D, 0x00, 0x08, 0x07,
	0x03, 0x07, 0x08, 0x03, 0x80, 0x00, 0x02, 0x09, 0x01, 0x09, 0x02, 0x01,
	0x80, 0x00, 0x05, 0x00, 0x09, 0x02, 0x05, 0x09, 0x67, 0x00, 0x03, 0x00,
	0x0B, 0x00, 0x03, 0x0B, 0x67, 0x00, 0x01, 0x00, 0x00, 0x0A, 0x01, 0x00,
	0x68, 0x00, 0x04, 0x04, 0x16, 0x4D, 0x00, 0x07, 0x07, 0x06, 0x5F, 0x00,
	0x06, 0x06, 0x19, 0x4D, 0x00, 0x0A, 0x0A, 0x17, 0x0A, 0x4E, 0x59, 0x40,
	0x12, 0x17, 0x16, 0x15, 0x14, 0x13, 0x12, 0x11, 0x11, 0x11, 0x11, 0x11,
	0x11, 0x11, 0x11, 0x10, 0x0C, 0x07, 0x1F, 0x2B, 0x37, 0x23, 0x35, 0x33,
	0x35, 0x33, 0x35, 0x33, 0x11, 0x33, 0x15, 0x33, 0x35, 0x33, 0x15, 0x23,
	0x15, 0x23, 0x15, 0x23, 0x11, 0x23, 0x35, 0x23, 0x64, 0x64, 0x32, 0x32,
	0x32, 0x96, 0x32, 0x64, 0x32, 0x32, 0x32, 0x96, 0x32, 0xC8, 0x64, 0x32,
	0x32, 0x01, 0x5E, 0xFA, 0x32, 0x64, 0x32, 0x32, 0xFE, 0xA2, 0xFA, 0x00,
	0x00, 0x01, 0x00, 0x32, 0x00, 0x00, 0x03, 0x20, 0x02, 0x26, 0x00, 0x1F,
	0x00, 0x44, 0x40, 0x41, 0x06, 0x04, 0x02, 0x03, 0x00, 0x0D, 0x01, 0x0A,
	0x08, 0x00, 0x0A, 0x67, 0x0C, 0x01, 0x09, 0x09, 0x01, 0x5F, 0x0F, 0x05,
	0x02, 0x01, 0x01, 0x19, 0x4D, 0x07, 0x01, 0x03, 0x03, 0x08, 0x60, 0x0E,
	0x0B, 0x02, 0x08, 0x08, 0x17, 0x08, 0x4E, 0x1F, 0x1E, 0x1D, 0x1C, 0x1B,
	0x1A, 0x19, 0x18, 0x17, 0x16, 0x15, 0x14, 0x13, 0x12, 0x11, 0x11, 0x11,
	0x11, 0x11, 0x11, 0x11, 0x11, 0x10, 0x10, 0x07, 0x1F, 0x2B, 0x13, 0x33,
	0x35, 0x33, 0x15, 0x33, 0x15, 0x33, 0x35, 0x33, 0x35, 0x33, 0x15, 0x33,
	0x15, 0x33, 0x11, 0x23, 0x11, 0x23, 0x15, 0x23, 0x11, 0x23, 0x11, 0x23,
	0x15, 0x23, 0x11, 0x23, 0x11, 0x33, 0xC8, 0x32, 0x96, 0x32, 0x32, 0x32,
	0x96, 0x32, 0x32, 0x96, 0x64, 0x32, 0x96, 0x64, 0x32, 0x96, 0x96, 0x01,
	0xF4, 0x32, 0x32, 0x32, 0x32, 0x32, 0x32, 0x32, 0xFE, 0x3E, 0x01, 0x90,
	0x32, 0xFE, 0xA2, 0x01, 0x90, 0x32, 0xFE, 0xA2, 0x02, 0x26, 0x00, 0x01,
	0x00, 0x32, 0x00, 0x00, 0x02, 0x26, 0x02, 0x26, 0x00, 0x11, 0x00, 0x2F,
	0x40, 0x2C, 0x02, 0x01, 0x00, 0x00, 0x06, 0x04, 0x00, 0x06, 0x67, 0x00,
	0x05, 0x05, 0x01, 0x5F, 0x08, 0x01, 0x01, 0x01, 0x19, 0x4D, 0x00, 0x03,
	0x03, 0x04, 0x60, 0x07, 0x01, 0x04, 0x04, 0x17, 0x04, 0x4E, 0x11, 0x11,
	0x11, 0x11, 0x11, 0x11, 0x11, 0x11, 0x10, 0x09, 0x07, 0x1F, 0x2B, 0x13,
	0x33, 0x35, 0x33, 0x15, 0x33, 0x15, 0x33, 0x11, 0x23, 0x11, 0x23, 0x15,
	0x23, 0x11, 0x23, 0x11, 0x33, 0xC8, 0x32, 0xC8, 0x32, 0x32, 0x96, 0x96,
	0x32, 0x96, 0x96, 0x01, 0xF4, 0x32, 0x32, 0x32, 0xFE, 0x3E, 0x01, 0x90,
	0x32, 0xFE, 0xA2, 0x02, 0x26, 0x00, 0x00, 0x02, 0x00, 0x32, 0x00, 0x00,
	0x02, 0x26, 0x03, 0x52, 0x00, 0x0B, 0x00, 0x1D, 0x00, 0xA8, 0x4B, 0xB0,
	0x21, 0x50, 0x58, 0x40, 0x40, 0x00, 0x01, 0x02, 0x03, 0x00, 0x01, 0x72,
	0x00, 0x04, 0x00, 0x05, 0x03, 0x04, 0x72, 0x00, 0x02, 0x00, 0x03, 0x00,
	0x02, 0x03, 0x67, 0x08, 0x01, 0x06, 0x00, 0x0C, 0x0A, 0x06, 0x0C, 0x67,
	0x00, 0x05, 0x05, 0x00, 0x5F, 0x00, 0x00, 0x00, 0x16, 0x4D, 0x00, 0x0B,
	0x0B, 0x07, 0x5F, 0x0E, 0x01, 0x07, 0x07, 0x19, 0x4D, 0x00, 0x09, 0x09,
	0x0A, 0x60, 0x0D, 0x01, 0x0A, 0x0A, 0x17, 0x0A, 0x4E, 0x1B, 0x40, 0x42,
	0x00, 0x01, 0x02, 0x03, 0x02, 0x01, 0x03, 0x80, 0x00, 0x04, 0x00, 0x05,
	0x00, 0x04, 0x05, 0x80, 0x00, 0x02, 0x00, 0x03, 0x00, 0x02, 0x03, 0x67,
	0x08, 0x01, 0x06, 0x00, 0x0C, 0x0A, 0x06, 0x0C, 0x67, 0x00, 0x05, 0x05,
	0x00, 0x5F, 0x00, 0x00, 0x00, 0x16, 0x4D, 0x00, 0x0B, 0x0B, 0x07, 0x5F,
	0x0E, 0x01, 0x07, 0x07, 0x19, 0x4D, 0x00, 0x09, 0x09, 0x0A, 0x60, 0x0D,
	0x01, 0x0A, 0x0A, 0x17, 0x0A, 0x4E, 0x59, 0x40, 0x18, 0x1D, 0x1C, 0x1B,
	0x1A, 0x19, 0x18, 0x17, 0x16, 0x15, 0x14, 0x13, 0x12, 0x11, 0x11, 0x11,
	0x11, 0x11, 0x11, 0x11, 0x11, 0x10, 0x0F, 0x07, 0x1F, 0x2B, 0x13, 0x33,
	0x35, 0x33, 0x35, 0x33, 0x15, 0x23, 0x15, 0x23, 0x15, 0x23, 0x15, 0x33,
	0x35, 0x33, 0x15, 0x33, 0x15, 0x33, 0x11, 0x23, 0x11, 0x23, 0x15, 0x23,
	0x11, 0x23, 0x11, 0x33, 0xC8, 0x32, 0x32, 0x64, 0x32, 0x32, 0x64, 0x32,
	0xC8, 0x32, 0x32, 0x96, 0x96, 0x32, 0x96, 0x96, 0x02, 0xEE, 0x32, 0x32,
	0x64, 0x32, 0x32, 0x96, 0x32, 0x32, 0x32, 0xFE, 0x3E, 0x01, 0x90, 0x32,
	0xFE, 0xA2, 0x02, 0x26, 0x00, 0x02, 0x00, 0x32, 0x00, 0x00, 0x02, 0x26,
	0x03, 0x52, 0x00, 0x0F, 0x00, 0x21, 0x00, 0x9F, 0x4B, 0xB0, 0x21, 0x50,
	0x58, 0x40, 0x3A, 0x07, 0x01, 0x05, 0x00, 0x06, 0x00, 0x05, 0x72, 0x03,
	0x01, 0x01, 0x04, 0x01, 0x00, 0x05, 0x01, 0x00, 0x67, 0x00, 0x02, 0x00,
	0x06, 0x09, 0x02, 0x06, 0x67, 0x0A, 0x01, 0x08, 0x00, 0x0E, 0x0C, 0x08,
	0x0E, 0x67, 0x00, 0x0D, 0x0D, 0x09, 0x5F, 0x10, 0x01, 0x09, 0x09, 0x19,
	0x4D, 0x00, 0x0B, 0x0B, 0x0C, 0x60, 0x0F, 0x01, 0x0C, 0x0C, 0x17, 0x0C,
	0x4E, 0x1B, 0x40, 0x3B, 0x07, 0x01, 0x05, 0x00, 0x06, 0x00, 0x05, 0x06,
	0x80, 0x03, 0x01, 0x01, 0x04, 0x01, 0x00, 0x05, 0x01, 0x00, 0x67, 0x00,
	0x02, 0x00, 0x06, 0x09, 0x02, 0x06, 0x67, 0x0A, 0x01, 0x08, 0x00, 0x0E,
	0x0C, 0x08, 0x0E, 0x67, 0x00, 0x0D, 0x0D, 0x09, 0x5F, 0x10, 0x01, 0x09,
	0x09, 0x19, 0x4D, 0x00, 0x0B, 0x0B, 0x0C, 0x60, 0x0F, 0x01, 0x0C, 0x0C,
	0x17, 0x0C, 0x4E, 0x59, 0x40, 0x1C, 0x21, 0x20, 0x1F, 0x1E, 0x1D, 0x1C,
	0x1B, 0x1A, 0x19, 0x18, 0x17, 0x16, 0x15, 0x14, 0x13, 0x12, 0x11, 0x11,
	0x11, 0x11, 0x11, 0x11, 0x11, 0x11, 0x10, 0x11, 0x07, 0x1F, 0x2B, 0x13,
	0x23, 0x35, 0x33, 0x15, 0x33, 0x35, 0x33, 0x15, 0x23, 0x15, 0x23, 0x15,
	0x23, 0x35, 0x23, 0x15, 0x33, 0x35, 0x33, 0x15, 0x33, 0x15, 0x33, 0x11,
	0x23, 0x11, 0x23, 0x15, 0x23, 0x11, 0x23, 0x11, 0x33, 0xC8, 0x32, 0x64,
	0x64, 0x64, 0x32, 0x32, 0x64, 0x32, 0x32, 0xC8, 0x32, 0x32, 0x96, 0x96,
	0x32, 0x96, 0x96, 0x02, 0xEE, 0x64, 0x32, 0x32, 0x64, 0x32, 0x32, 0x32,
	0xC8, 0x32, 0x32, 0x32, 0xFE, 0x3E, 0x01, 0x90, 0x32, 0xFE, 0xA2, 0x02,
	0x26, 0x00, 0x00, 0x02, 0x00, 0x32, 0xFE, 0xD4, 0x02, 0x26, 0x02, 0x26,
	0x00, 0x11, 0x00, 0x1B, 0x00, 0x95, 0x4B, 0xB0, 0x21, 0x50, 0x58, 0x40,
	0x38, 0x00, 0x0A, 0x0D, 0x0C, 0x0D, 0x0A, 0x72, 0x02, 0x01, 0x00, 0x00,
	0x06, 0x04, 0x00, 0x06, 0x67, 0x00, 0x0C, 0x00, 0x0B, 0x0C, 0x0B, 0x63,
	0x00, 0x05, 0x05, 0x01, 0x5F, 0x08, 0x01, 0x01, 0x01, 0x19, 0x4D, 0x00,
	0x03, 0x03, 0x04, 0x60, 0x07, 0x01, 0x04, 0x04, 0x17, 0x4D, 0x00, 0x09,
	0x09, 0x0D, 0x5F, 0x00, 0x0D, 0x0D, 0x1B, 0x0D, 0x4E, 0x1B, 0x40, 0x39,
	0x00, 0x0A, 0x0D, 0x0C, 0x0D, 0x0A, 0x0C, 0x80, 0x02, 0x01, 0x00, 0x00,
	0x06, 0x04, 0x00, 0x06, 0x67, 0x00, 0x0C, 0x00, 0x0B, 0x0C, 0x0B, 0x63,
	0x00, 0x05, 0x05, 0x01, 0x5F, 0x08, 0x01, 0x01, 0x01, 0x19, 0x4D, 0x00,
	0x03, 0x03, 0x04, 0x60, 0x07, 0x01, 0x04, 0x04, 0x17, 0x4D, 0x00, 0x09,
	0x09, 0x0D, 0x5F, 0x00, 0x0D, 0x0D, 0x1B, 0x0D, 0x4E, 0x59, 0x40, 0x16,
	0x1B, 0x1A, 0x19, 0x18, 0x17, 0x16, 0x15, 0x14, 0x13, 0x12, 0x11, 0x11,
	0x11, 0x11, 0x11, 0x11, 0x11, 0x11, 0x10, 0x0E, 0x07, 0x1F, 0x2B, 0x13,
	0x33, 0x35, 0x33, 0x15, 0x33, 0x15, 0x33, 0x11, 0x23, 0x11, 0x23, 0x15,
	0x23, 0x11, 0x23, 0x11, 0x33, 0x13, 0x33, 0x15, 0x23, 0x15, 0x23, 0x35,
	0x33, 0x35, 0x23, 0xC8, 0x32, 0xC8, 0x32, 0x32, 0x96, 0x96, 0x32, 0x96,
	0x96, 0x32, 0x96, 0x32, 0x64, 0x32, 0x32, 0x01, 0xF4, 0x32, 0x32, 0x32,
	0xFE, 0x3E, 0x01, 0x90, 0x32, 0xFE, 0xA2, 0x02, 0x26, 0xFD, 0x76, 0x96,
	0x32, 0x32, 0x32, 0x00, 0x00, 0x02, 0x00, 0x32, 0x00, 0x00, 0x02, 0x26,
	0x03, 0x52, 0x00, 0x13, 0x00, 0x25, 0x00, 0xB4, 0x4B, 0xB0, 0x21, 0x50,
	0x58, 0x40, 0x43, 0x00, 0x04, 0x03, 0x03, 0x04, 0x70, 0x00, 0x09, 0x00,
	0x0B, 0x00, 0x09, 0x72, 0x07, 0x05, 0x02, 0x03, 0x00, 0x01, 0x00, 0x03,
	0x01, 0x68, 0x0C, 0x01, 0x0A, 0x00, 0x10, 0x0E, 0x0A, 0x10, 0x67, 0x08,
	0x02, 0x02, 0x00, 0x00, 0x06, 0x5F, 0x00, 0x06, 0x06, 0x16, 0x4D, 0x00,
	0x0F, 0x0F, 0x0B, 0x5F, 0x12, 0x01, 0x0B, 0x0B, 0x19, 0x4D, 0x00, 0x0D,
	0x0D, 0x0E, 0x60, 0x11, 0x01, 0x0E, 0x0E, 0x17, 0x0E, 0x4E, 0x1B, 0x40,
	0x43, 0x00, 0x04, 0x03, 0x04, 0x85, 0x00, 0x09, 0x00, 0x0B, 0x00, 0x09,
	0x0B, 0x80, 0x07, 0x05, 0x02, 0x03, 0x00, 0x01, 0x00, 0x03, 0x01, 0x68,
	0x0C, 0x01, 0x0A, 0x00, 0x10, 0x0E, 0x0A, 0x10, 0x67, 0x08, 0x02, 0x02,
	0x00, 0x00, 0x06, 0x5F, 0x00, 0x06, 0x06, 0x16, 0x4D, 0x00, 0x0F, 0x0F,
	0x0B, 0x5F, 0x12, 0x01, 0x0B, 0x0B, 0x19, 0x4D, 0x00, 0x0D, 0x0D, 0x0E,
	0x60, 0x11, 0x01, 0x0E, 0x0E, 0x17, 0x0E, 0x4E, 0x59, 0x40, 0x20, 0x25,
	0x24, 0x23, 0x22, 0x21, 0x20, 0x1F, 0x1E, 0x1D, 0x1C, 0x1B, 0x1A, 0x19,
	0x18, 0x17, 0x16, 0x15, 0x14, 0x13, 0x12, 0x11, 0x11, 0x11, 0x11, 0x11,
	0x11, 0x11, 0x11, 0x10, 0x13, 0x07, 0x1F, 0x2B, 0x01, 0x23, 0x35, 0x23,
	0x15, 0x23, 0x35, 0x33, 0x35, 0x33, 0x15, 0x33, 0x15, 0x33, 0x35, 0x33,
	0x15, 0x23, 0x15, 0x23, 0x07, 0x33, 0x35, 0x33, 0x15, 0x33, 0x15, 0x33,
	0x11, 0x23, 0x11, 0x23, 0x15, 0x23, 0x11, 0x23, 0x11, 0x33, 0x01, 0x5E,
	0x32, 0x64, 0x32, 0x32, 0x32, 0x32, 0x64, 0x32, 0x32, 0x32, 0x96, 0x32,
	0xC8, 0x32, 0x32, 0x96, 0x96, 0x32, 0x96, 0x96, 0x02, 0x8A, 0x32, 0x32,
	0x96, 0x32, 0x32, 0x32, 0x32, 0x96, 0x32, 0x64, 0x32, 0x32, 0x32, 0xFE,
	0x3E, 0x01, 0x90, 0x32, 0xFE, 0xA2, 0x02, 0x26, 0x00, 0x01, 0x00, 0x32,
	0xFF, 0x6A, 0x02, 0x26, 0x02, 0x26, 0x00, 0x19, 0x00, 0x8F, 0x4B, 0xB0,
	0x21, 0x50, 0x58, 0x40, 0x36, 0x00, 0x01, 0x0A, 0x0B, 0x00, 0x01, 0x72,
	0x00, 0x03, 0x04, 0x06, 0x03, 0x57, 0x00, 0x09, 0x00, 0x0A, 0x01, 0x09,
	0x0A, 0x67, 0x08, 0x01, 0x06, 0x00, 0x0B, 0x00, 0x06, 0x0B, 0x67, 0x00,
	0x00, 0x00, 0x0C, 0x00, 0x0C, 0x64, 0x00, 0x02, 0x02, 0x05, 0x5F, 0x07,
	0x01, 0x05, 0x05, 0x19, 0x4D, 0x00, 0x04, 0x04, 0x17, 0x04, 0x4E, 0x1B,
	0x40, 0x37, 0x00, 0x01, 0x0A, 0x0B, 0x0A, 0x01, 0x0B, 0x80, 0x00, 0x03,
	0x04, 0x06, 0x03, 0x57, 0x00, 0x09, 0x00, 0x0A, 0x01, 0x09, 0x0A, 0x67,
	0x08, 0x01, 0x06, 0x00, 0x0B, 0x00, 0x06, 0x0B, 0x67, 0x00, 0x00, 0x00,
	0x0C, 0x00, 0x0C, 0x64, 0x00, 0x02, 0x02, 0x05, 0x5F, 0x07, 0x01, 0x05,
	0x05, 0x19, 0x4D, 0x00, 0x04, 0x04, 0x17, 0x04, 0x4E, 0x59, 0x40, 0x14,
	0x19, 0x18, 0x17, 0x16, 0x15, 0x14, 0x13, 0x12, 0x11, 0x11, 0x11, 0x11,
	0x11, 0x11, 0x11, 0x11, 0x10, 0x0D, 0x07, 0x1F, 0x2B, 0x05, 0x33, 0x35,
	0x33, 0x11, 0x23, 0x15, 0x23, 0x11, 0x23, 0x11, 0x33, 0x15, 0x33, 0x35,
	0x33, 0x15, 0x33, 0x15, 0x33, 0x11, 0x23, 0x15, 0x23, 0x15, 0x23, 0x01,
	0x2C, 0x32, 0x32, 0x96, 0x32, 0x96, 0x96, 0x32, 0xC8, 0x32, 0x32, 0x32,
	0x32, 0x96, 0x64, 0x32, 0x01, 0xC2, 0x32, 0xFE, 0xA2, 0x02, 0x26, 0x32,
	0x32, 0x32, 0x32, 0xFE, 0x0C, 0x32, 0x32, 0x00, 0x00, 0x02, 0x00, 0x32,
	0x00, 0x00, 0x02, 0x26, 0x02, 0x26, 0x00, 0x03, 0x00, 0x17, 0x00, 0x3E,
	0x40, 0x3B, 0x07, 0x01, 0x03, 0x08, 0x01, 0x02, 0x09, 0x03, 0x02, 0x67,
	0x06, 0x01, 0x04, 0x0B, 0x01, 0x09, 0x0A, 0x04, 0x09, 0x67, 0x00, 0x01,
	0x01, 0x05, 0x5F, 0x00, 0x05, 0x05, 0x19, 0x4D, 0x00, 0x00, 0x00, 0x0A,
	0x5F, 0x00, 0x0A, 0x0A, 0x17, 0x0A, 0x4E, 0x17, 0x16, 0x15, 0x14, 0x13,
	0x12, 0x11, 0x11, 0x11, 0x11, 0x11, 0x11, 0x11, 0x11, 0x10, 0x0C, 0x07,
	0x1F, 0x2B, 0x37, 0x33, 0x35, 0x23, 0x03, 0x23, 0x11, 0x33, 0x35, 0x33,
	0x35, 0x21, 0x15, 0x33, 0x15, 0x33, 0x11, 0x23, 0x15, 0x23, 0x15, 0x21,
	0x35, 0x23, 0xC8, 0xC8, 0xC8, 0x64, 0x32, 0x32, 0x32, 0x01, 0x2C, 0x32,
	0x32, 0x32, 0x32, 0xFE, 0xD4, 0x32, 0x96, 0xFA, 0xFE, 0xD4, 0x01, 0x5E,
	0x32, 0x32, 0x32, 0x32, 0xFE, 0xA2, 0x32, 0x32, 0x32, 0x00, 0x00, 0x03,
	0x00, 0x32, 0x00, 0x00, 0x02, 0x26, 0x03, 0x52, 0x00, 0x0B, 0x00, 0x0F,
	0x00, 0x23, 0x00, 0xC0, 0x4B, 0xB0, 0x21, 0x50, 0x58, 0x40, 0x49, 0x00,
	0x01, 0x02, 0x03, 0x00, 0x01, 0x72, 0x00, 0x04, 0x00, 0x05, 0x03, 0x04,
	0x72, 0x00, 0x02, 0x00, 0x03, 0x00, 0x02, 0x03, 0x67, 0x0D, 0x01, 0x09,
	0x0E, 0x01, 0x08, 0x0F, 0x09, 0x08, 0x67, 0x0C, 0x01, 0x0A, 0x11, 0x01,
	0x0F, 0x10, 0x0A, 0x0F, 0x67, 0x00, 0x05, 0x05, 0x00, 0x5F, 0x00, 0x00,
	0x00, 0x16, 0x4D, 0x00, 0x07, 0x07, 0x0B, 0x5F, 0x00, 0x0B, 0x0B, 0x19,
	0x4D, 0x00, 0x06, 0x06, 0x10, 0x5F, 0x00, 0x10, 0x10, 0x17, 0x10, 0x4E,
	0x1B, 0x40, 0x4B, 0x00, 0x01, 0x02, 0x03, 0x02, 0x01, 0x03, 0x80, 0x00,
	0x04, 0x00, 0x05, 0x00, 0x04, 0x05, 0x80, 0x00, 0x02, 0x00, 0x03, 0x00,
	0x02, 0x03, 0x67, 0x0D, 0x01, 0x09, 0x0E, 0x01, 0x08, 0x0F, 0x09, 0x08,
	0x67, 0x0C, 0x01, 0x0A, 0x11, 0x01, 0x0F, 0x10, 0x0A, 0x0F, 0x67, 0x00,
	0x05, 0x05, 0x00, 0x5F, 0x00, 0x00, 0x00, 0x16, 0x4D, 0x00, 0x07, 0x07,
	0x0B, 0x5F, 0x00, 0x0B, 0x0B, 0x19, 0x4D, 0x00, 0x06, 0x06, 0x10, 0x5F,
	0x00, 0x10, 0x10, 0x17, 0x10, 0x4E, 0x59, 0x40, 0x1E, 0x23, 0x22, 0x21,
	0x20, 0x1F, 0x1E, 0x1D, 0x1C, 0x1B, 0x1A, 0x19, 0x18, 0x17, 0x16, 0x15,
	0x14, 0x13, 0x12, 0x11, 0x11, 0x11, 0x11, 0x11, 0x11, 0x11, 0x11, 0x10,
	0x12, 0x07, 0x1F, 0x2B, 0x13, 0x33, 0x35, 0x33, 0x35, 0x33, 0x15, 0x23,
	0x15, 0x23, 0x15, 0x23, 0x11, 0x33, 0x35, 0x23, 0x03, 0x23, 0x11, 0x33,
	0x35, 0x33, 0x35, 0x21, 0x15, 0x33, 0x15, 0x33, 0x11, 0x23, 0x15, 0x23,
	0x15, 0x21, 0x35, 0x23, 0xC8, 0x32, 0x32, 0x64, 0x32, 0x32, 0x64, 0xC8,
	0xC8, 0x64, 0x32, 0x32, 0x32, 0x01, 0x2C, 0x32, 0x32, 0x32, 0x32, 0xFE,
	0xD4, 0x32, 0x02, 0xEE, 0x32, 0x32, 0x64, 0x32, 0x32, 0xFE, 0x0C, 0xFA,
	0xFE, 0xD4, 0x01, 0x5E, 0x32, 0x32, 0x32, 0x32, 0xFE, 0xA2, 0x32, 0x32,
	0x32, 0x00, 0x00, 0x03, 0x00, 0x32, 0x00, 0x00, 0x02, 0x26, 0x03, 0x52,
	0x00, 0x0F, 0x00, 0x23, 0x00, 0x27, 0x00, 0xBB, 0x4B, 0xB0, 0x21, 0x50,
	0x58, 0x40, 0x45, 0x03, 0x01, 0x01, 0x02, 0x00, 0x00, 0x01, 0x72, 0x00,
	0x02, 0x00, 0x06, 0x05, 0x02, 0x06, 0x67, 0x0D, 0x01, 0x09, 0x0E, 0x01,
	0x08, 0x0F, 0x09, 0x08, 0x67, 0x0C, 0x01, 0x0A, 0x11, 0x01, 0x0F, 0x10,
	0x0A, 0x0F, 0x67, 0x07, 0x01, 0x05, 0x05, 0x00, 0x5F, 0x04, 0x01, 0x00,
	0x00, 0x16, 0x4D, 0x00, 0x13, 0x13, 0x0B, 0x5F, 0x00, 0x0B, 0x0B, 0x19,
	0x4D, 0x00, 0x12, 0x12, 0x10, 0x5F, 0x00, 0x10, 0x10, 0x17, 0x10, 0x4E,
	0x1B, 0x40, 0x46, 0x03, 0x01, 0x01, 0x02, 0x00, 0x02, 0x01, 0x00, 0x80,
	0x00, 0x02, 0x00, 0x06, 0x05, 0x02, 0x06, 0x67, 0x0D, 0x01, 0x09, 0x0E,
	0x01, 0x08, 0x0F, 0x09, 0x08, 0x67, 0x0C, 0x01, 0x0A, 0x11, 0x01, 0x0F,
	0x10, 0x0A, 0x0F, 0x67, 0x07, 0x01, 0x05, 0x05, 0x00, 0x5F, 0x04, 0x01,
	0x00, 0x00, 0x16, 0x4D, 0x00, 0x13, 0x13, 0x0B, 0x5F, 0x00, 0x0B, 0x0B,
	0x19, 0x4D, 0x00, 0x12, 0x12, 0x10, 0x5F, 0x00, 0x10, 0x10, 0x17, 0x10,
	0x4E, 0x59, 0x40, 0x22, 0x27, 0x26, 0x25, 0x24, 0x23, 0x22, 0x21, 0x20,
	0x1F, 0x1E, 0x1D, 0x1C, 0x1B, 0x1A, 0x19, 0x18, 0x17, 0x16, 0x15, 0x14,
	0x13, 0x12, 0x11, 0x11, 0x11, 0x11, 0x11, 0x11, 0x11, 0x11, 0x10, 0x14,
	0x07, 0x1F, 0x2B, 0x13, 0x33, 0x35, 0x33, 0x35, 0x33, 0x15, 0x33, 0x15,
	0x33, 0x15, 0x23, 0x35, 0x23, 0x15, 0x23, 0x03, 0x23, 0x11, 0x33, 0x35,
	0x33, 0x35, 0x21, 0x15, 0x33, 0x15, 0x33, 0x11, 0x23, 0x15, 0x23, 0x15,
	0x21, 0x35, 0x23, 0x37, 0x33, 0x35, 0x23, 0x96, 0x32, 0x32, 0x64, 0x32,
	0x32, 0x64, 0x64, 0x64, 0x32, 0x32, 0x32, 0x32, 0x01, 0x2C, 0x32, 0x32,
	0x32, 0x32, 0xFE, 0xD4, 0x32, 0x64, 0xC8, 0xC8, 0x02, 0xEE, 0x32, 0x32,
	0x32, 0x32, 0x64, 0x32, 0x32, 0xFD, 0xDA, 0x01, 0x5E, 0x32, 0x32, 0x32,
	0x32, 0xFE, 0xA2, 0x32, 0x32, 0x32, 0x64, 0xFA, 0x00, 0x04, 0x00, 0x32,
	0x00, 0x00, 0x02, 0x26, 0x03, 0x20, 0x00, 0x03, 0x00, 0x07, 0x00, 0x0B,
	0x00, 0x1F, 0x00, 0x50, 0x40, 0x4D, 0x02, 0x01, 0x00, 0x03, 0x01, 0x01,
	0x09, 0x00, 0x01, 0x67, 0x0B, 0x01, 0x07, 0x0C, 0x01, 0x06, 0x0D, 0x07,
	0x06, 0x67, 0x0A, 0x01, 0x08, 0x0F, 0x01, 0x0D, 0x0E, 0x08, 0x0D, 0x67,
	0x00, 0x05, 0x05, 0x09, 0x5F, 0x00, 0x09, 0x09, 0x19, 0x4D, 0x00, 0x04,
	0x04, 0x0E, 0x5F, 0x00, 0x0E, 0x0E, 0x17, 0x0E, 0x4E, 0x1F, 0x1E, 0x1D,
	0x1C, 0x1B, 0x1A, 0x19, 0x18, 0x17, 0x16, 0x15, 0x14, 0x13, 0x12, 0x11,
	0x11, 0x11, 0x11, 0x11, 0x11, 0x11, 0x11, 0x10, 0x10, 0x07, 0x1F, 0x2B,
	0x01, 0x33, 0x15, 0x23, 0x27, 0x33, 0x15, 0x23, 0x13, 0x33, 0x35, 0x23,
	0x03, 0x23, 0x11, 0x33, 0x35, 0x33, 0x35, 0x21, 0x15, 0x33, 0x15, 0x33,
	0x11, 0x23, 0x15, 0x23, 0x15, 0x21, 0x35, 0x23, 0x01, 0x5E, 0x96, 0x96,
	0xFA, 0x96, 0x96, 0x64, 0xC8, 0xC8, 0x64, 0x32, 0x32, 0x32, 0x01, 0x2C,
	0x32, 0x32, 0x32, 0x32, 0xFE, 0xD4, 0x32, 0x03, 0x20, 0x96, 0x96, 0x96,
	0xFE, 0x0C, 0xFA, 0xFE, 0xD4, 0x01, 0x5E, 0x32, 0x32, 0x32, 0x32, 0xFE,
	0xA2, 0x32, 0x32, 0x32, 0x00, 0x03, 0x00, 0x32, 0x00, 0x00, 0x02, 0x26,
	0x03, 0x52, 0x00, 0x0B, 0x00, 0x0F, 0x00, 0x23, 0x00, 0xC0, 0x4B, 0xB0,
	0x21, 0x50, 0x58, 0x40, 0x49, 0x00, 0x01, 0x00, 0x05, 0x02, 0x01, 0x72,
	0x00, 0x04, 0x02, 0x03, 0x05, 0x04, 0x72, 0x00, 0x00, 0x00, 0x05, 0x02,
	0x00, 0x05, 0x67, 0x0D, 0x01, 0x09, 0x0E, 0x01, 0x08, 0x0F, 0x09, 0x08,
	0x67, 0x0C, 0x01, 0x0A, 0x11, 0x01, 0x0F, 0x10, 0x0A, 0x0F, 0x67, 0x00,
	0x03, 0x03, 0x02, 0x5F, 0x00, 0x02, 0x02, 0x16, 0x4D, 0x00, 0x07, 0x07,
	0x0B, 0x5F, 0x00, 0x0B, 0x0B, 0x19, 0x4D, 0x00, 0x06, 0x06, 0x10, 0x5F,
	0x00, 0x10, 0x10, 0x17, 0x10, 0x4E, 0x1B, 0x40, 0x4B, 0x00, 0x01, 0x00,
	0x05, 0x00, 0x01, 0x05, 0x80, 0x00, 0x04, 0x02, 0x03, 0x02, 0x04, 0x03,
	0x80, 0x00, 0x00, 0x00, 0x05, 0x02, 0x00, 0x05, 0x67, 0x0D, 0x01, 0x09,
	0x0E, 0x01, 0x08, 0x0F, 0x09, 0x08, 0x67, 0x0C, 0x01, 0x0A, 0x11, 0x01,
	0x0F, 0x10, 0x0A, 0x0F, 0x67, 0x00, 0x03, 0x03, 0x02, 0x5F, 0x00, 0x02,
	0x02, 0x16, 0x4D, 0x00, 0x07, 0x07, 0x0B, 0x5F, 0x00, 0x0B, 0x0B, 0x19,
	0x4D, 0x00, 0x06, 0x06, 0x10, 0x5F, 0x00, 0x10, 0x10, 0x17, 0x10, 0x4E,
	0x59, 0x40, 0x1E, 0x23, 0x22, 0x21, 0x20, 0x1F, 0x1E, 0x1D, 0x1C, 0x1B,
	0x1A, 0x19, 0x18, 0x17, 0x16, 0x15, 0x14, 0x13, 0x12, 0x11, 0x11, 0x11,
	0x11, 0x11, 0x11, 0x11, 0x11, 0x10, 0x12, 0x07, 0x1F, 0x2B, 0x13, 0x33,
	0x15, 0x33, 0x15, 0x33, 0x15, 0x23, 0x35, 0x23, 0x35, 0x23, 0x11, 0x33,
	0x35, 0x23, 0x03, 0x23, 0x11, 0x33, 0x35, 0x33, 0x35, 0x21, 0x15, 0x33,
	0x15, 0x33, 0x11, 0x23, 0x15, 0x23, 0x15, 0x21, 0x35, 0x23, 0xC8, 0x64,
	0x32, 0x32, 0x64, 0x32, 0x32, 0xC8, 0xC8, 0x64, 0x32, 0x32, 0x32, 0x01,
	0x2C, 0x32, 0x32, 0x32, 0x32, 0xFE, 0xD4, 0x32, 0x03, 0x52, 0x32, 0x32,
	0x64, 0x32, 0x32, 0xFD, 0xA8, 0xFA, 0xFE, 0xD4, 0x01, 0x5E, 0x32, 0x32,
	0x32, 0x32, 0xFE, 0xA2, 0x32, 0x32, 0x32, 0x00, 0x00, 0x04, 0x00, 0x32,
	0x00, 0x00, 0x02, 0x26, 0x03, 0x52, 0x00, 0x0B, 0x00, 0x17, 0x00, 0x2B,
	0x00, 0x2F, 0x00, 0xD8, 0x4B, 0xB0, 0x21, 0x50, 0x58, 0x40, 0x4F, 0x07,
	0x01, 0x01, 0x02, 0x03, 0x00, 0x01, 0x72, 0x0A, 0x01, 0x04, 0x00, 0x05,
	0x03, 0x04, 0x72, 0x08, 0x01, 0x02, 0x09, 0x01, 0x03, 0x00, 0x02, 0x03,
	0x67, 0x11, 0x01, 0x0D, 0x12, 0x01, 0x0C, 0x13, 0x0D, 0x0C, 0x67, 0x10,
	0x01, 0x0E, 0x15, 0x01, 0x13, 0x14, 0x0E, 0x13, 0x67, 0x0B, 0x01, 0x05,
	0x05, 0x00, 0x5F, 0x06, 0x01, 0x00, 0x00, 0x16, 0x4D, 0x00, 0x17, 0x17,
	0x0F, 0x5F, 0x00, 0x0F, 0x0F, 0x19, 0x4D, 0x00, 0x16, 0x16, 0x14, 0x5F,
	0x00, 0x14, 0x14, 0x17, 0x14, 0x4E, 0x1B, 0x40, 0x51, 0x07, 0x01, 0x01,
	0x02, 0x03, 0x02, 0x01, 0x03, 0x80, 0x0A, 0x01, 0x04, 0x00, 0x05, 0x00,
	0x04, 0x05, 0x80, 0x08, 0x01, 0x02, 0x09, 0x01, 0x03, 0x00, 0x02, 0x03,
	0x67, 0x11, 0x01, 0x0D, 0x12, 0x01, 0x0C, 0x13, 0x0D, 0x0C, 0x67, 0x10,
	0x01, 0x0E, 0x15, 0x01, 0x13, 0x14, 0x0E, 0x13, 0x67, 0x0B, 0x01, 0x05,
	0x05, 0x00, 0x5F, 0x06, 0x01, 0x00, 0x00, 0x16, 0x4D, 0x00, 0x17, 0x17,
	0x0F, 0x5F, 0x00, 0x0F, 0x0F, 0x19, 0x4D, 0x00, 0x16, 0x16, 0x14, 0x5F,
	0x00, 0x14, 0x14, 0x17, 0x14, 0x4E, 0x59, 0x40, 0x2A, 0x2F, 0x2E, 0x2D,
	0x2C, 0x2B, 0x2A, 0x29, 0x28, 0x27, 0x26, 0x25, 0x24, 0x23, 0x22, 0x21,
	0x20, 0x1F, 0x1E, 0x1D, 0x1C, 0x1B, 0x1A, 0x19, 0x18, 0x17, 0x16, 0x15,
	0x14, 0x13, 0x12, 0x11, 0x11, 0x11, 0x11, 0x11, 0x11, 0x11, 0x11, 0x10,
	0x18, 0x07, 0x1F, 0x2B, 0x01, 0x33, 0x35, 0x33, 0x35, 0x33, 0x15, 0x23,
	0x15, 0x23, 0x15, 0x23, 0x27, 0x33, 0x35, 0x33, 0x35, 0x33, 0x15, 0x23,
	0x15, 0x23, 0x15, 0x23, 0x11, 0x23, 0x11, 0x33, 0x35, 0x33, 0x35, 0x21,
	0x15, 0x33, 0x15, 0x33, 0x11, 0x23, 0x15, 0x23, 0x15, 0x21, 0x35, 0x23,
	0x37, 0x33, 0x35, 0x23, 0x01, 0x2C, 0x32, 0x32, 0x64, 0x32, 0x32, 0x64,
	0xC8, 0x32, 0x32, 0x64, 0x32, 0x32, 0x64, 0x32, 0x32, 0x32, 0x01, 0x2C,
	0x32, 0x32, 0x32, 0x32, 0xFE, 0xD4, 0x32, 0x64, 0xC8, 0xC8, 0x02, 0xEE,
	0x32, 0x32, 0x64, 0x32, 0x32, 0x64, 0x32, 0x32, 0x64, 0x32, 0x32, 0xFD,
	0xDA, 0x01, 0x5E, 0x32, 0x32, 0x32, 0x32, 0xFE, 0xA2, 0x32, 0x32, 0x32,
	0x64, 0xFA, 0x00, 0x03, 0x00, 0x32, 0x00, 0x00, 0x02, 0x26, 0x02, 0xEE,
	0x00, 0x03, 0x00, 0x07, 0x00, 0x1B, 0x00, 0x4C, 0x40, 0x49, 0x09, 0x01,
	0x05, 0x0A, 0x01, 0x04, 0x0B, 0x05, 0x04, 0x67, 0x08, 0x01, 0x06, 0x0D,
	0x01, 0x0B, 0x0C, 0x06, 0x0B, 0x67, 0x00, 0x01, 0x01, 0x00, 0x5F, 0x00,
	0x00, 0x00, 0x16, 0x4D, 0x00, 0x03, 0x03, 0x07, 0x5F, 0x00, 0x07, 0x07,
	0x19, 0x4D, 0x00, 0x02, 0x02, 0x0C, 0x5F, 0x00, 0x0C, 0x0C, 0x17, 0x0C,
	0x4E, 0x1B, 0x1A, 0x19, 0x18, 0x17, 0x16, 0x15, 0x14, 0x13, 0x12, 0x11,
	0x11, 0x11, 0x11, 0x11, 0x11, 0x11, 0x11, 0x10, 0x0E, 0x07, 0x1F, 0x2B,
	0x13, 0x21, 0x15, 0x21, 0x13, 0x33, 0x35, 0x23, 0x03, 0x23, 0x11, 0x33,
	0x35, 0x33, 0x35, 0x21, 0x15, 0x33, 0x15, 0x33, 0x11, 0x23, 0x15, 0x23,
	0x15, 0x21, 0x35, 0x23, 0x96, 0x01, 0x2C, 0xFE, 0xD4, 0x32, 0xC8, 0xC8,
	0x64, 0x32, 0x32, 0x32, 0x01, 0x2C, 0x32, 0x32, 0x32, 0x32, 0xFE, 0xD4,
	0x32, 0x02, 0xEE, 0x64, 0xFE, 0x0C, 0xFA, 0xFE, 0xD4, 0x01, 0x5E, 0x32,
	0x32, 0x32, 0x32, 0xFE, 0xA2, 0x32, 0x32, 0x32, 0x00, 0x03, 0x00, 0x00,
	0x00, 0x00, 0x02, 0x58, 0x02, 0x26, 0x00, 0x07, 0x00, 0x0F, 0x00, 0x27,
	0x00, 0xF4, 0x4B, 0xB0, 0x10, 0x50, 0x58, 0x40, 0x5E, 0x00, 0x06, 0x02,
	0x01, 0x03, 0x06, 0x72, 0x00, 0x00, 0x07, 0x04, 0x05, 0x00, 0x72, 0x00,
	0x02, 0x14, 0x01, 0x07, 0x00, 0x02, 0x07, 0x67, 0x00, 0x01, 0x00, 0x04,
	0x05, 0x01, 0x04, 0x67, 0x0C, 0x01, 0x0A, 0x00, 0x0F, 0x08, 0x0A, 0x0F,
	0x67, 0x00, 0x09, 0x12, 0x01, 0x10, 0x11, 0x09, 0x10, 0x68, 0x00, 0x0E,
	0x0E, 0x0B, 0x5F, 0x0D, 0x01, 0x0B, 0x0B, 0x19, 0x4D, 0x00, 0x03, 0x03,
	0x0B, 0x5F, 0x0D, 0x01, 0x0B, 0x0B, 0x19, 0x4D, 0x00, 0x05, 0x05, 0x11,
	0x60, 0x13, 0x01, 0x11, 0x11, 0x17, 0x4D, 0x00, 0x08, 0x08, 0x11, 0x5F,
	0x13, 0x01, 0x11, 0x11, 0x17, 0x11, 0x4E, 0x1B, 0x40, 0x60, 0x00, 0x06,
	0x02, 0x01, 0x02, 0x06, 0x01, 0x80, 0x00, 0x00, 0x07, 0x04, 0x07, 0x00,
	0x04, 0x80, 0x00, 0x02, 0x14, 0x01, 0x07, 0x00, 0x02, 0x07, 0x67, 0x00,
	0x01, 0x00, 0x04, 0x05, 0x01, 0x04, 0x67, 0x0C, 0x01, 0x0A, 0x00, 0x0F,
	0x08, 0x0A, 0x0F, 0x67, 0x00, 0x09, 0x12, 0x01, 0x10, 0x11, 0x09, 0x10,
	0x68, 0x00, 0x0E, 0x0E, 0x0B, 0x5F, 0x0D, 0x01, 0x0B, 0x0B, 0x19, 0x4D,
	0x00, 0x03, 0x03, 0x0B, 0x5F, 0x0D, 0x01, 0x0B, 0x0B, 0x19, 0x4D, 0x00,
	0x05, 0x05, 0x11, 0x60, 0x13, 0x01, 0x11, 0x11, 0x17, 0x4D, 0x00, 0x08,
	0x08, 0x11, 0x5F, 0x13, 0x01, 0x11, 0x11, 0x17, 0x11, 0x4E, 0x59, 0x40,
	0x28, 0x08, 0x08, 0x27, 0x26, 0x25, 0x24, 0x23, 0x22, 0x21, 0x20, 0x1F,
	0x1E, 0x1D, 0x1C, 0x1B, 0x1A, 0x19, 0x18, 0x17, 0x16, 0x15, 0x14, 0x13,
	0x12, 0x11, 0x10, 0x08, 0x0F, 0x08, 0x0F, 0x11, 0x11, 0x12, 0x11, 0x11,
	0x11, 0x10, 0x15, 0x07, 0x1D, 0x2B, 0x37, 0x33, 0x35, 0x33, 0x35, 0x33,
	0x35, 0x23, 0x17, 0x15, 0x23, 0x15, 0x33, 0x35, 0x23, 0x15, 0x05, 0x33,
	0x11, 0x33, 0x35, 0x33, 0x35, 0x21, 0x15, 0x33, 0x35, 0x33, 0x15, 0x23,
	0x11, 0x23, 0x15, 0x23, 0x15, 0x21, 0x35, 0x23, 0x15, 0x23, 0xC8, 0x32,
	0x32, 0x32, 0x96, 0x64, 0x32, 0x96, 0x32, 0xFE, 0xA2, 0x32, 0x32, 0x32,
	0x01, 0x2C, 0x64, 0x32, 0x32, 0x32, 0x32, 0xFE, 0xD4, 0x64, 0x32, 0xFA,
	0x32, 0x32, 0x32, 0x96, 0x32, 0x32, 0x96, 0x32, 0x96, 0x01, 0x5E, 0x32,
	0x32, 0x32, 0x32, 0x64, 0xFE, 0xA2, 0x32, 0x32, 0x32, 0x32, 0x00, 0x03,
	0x00, 0x32, 0x00, 0x00, 0x02, 0x26, 0x03, 0x52, 0x00, 0x13, 0x00, 0x27,
	0x00, 0x2B, 0x00, 0xCC, 0x4B, 0xB0, 0x21, 0x50, 0x58, 0x40, 0x4C, 0x00,
	0x04, 0x03, 0x03, 0x04, 0x70, 0x00, 0x09, 0x00, 0x0D, 0x00, 0x09, 0x72,
	0x07, 0x05, 0x02, 0x03, 0x00, 0x01, 0x00, 0x03, 0x01, 0x68, 0x0F, 0x01,
	0x0B, 0x10, 0x01, 0x0A, 0x11, 0x0B, 0x0A, 0x67, 0x0E, 0x01, 0x0C, 0x13,
	0x01, 0x11, 0x12, 0x0C, 0x11, 0x67, 0x08, 0x02, 0x02, 0x00, 0x00, 0x06,
	0x5F, 0x00, 0x06, 0x06, 0x16, 0x4D, 0x00, 0x15, 0x15, 0x0D, 0x5F, 0x00,
	0x0D, 0x0D, 0x19, 0x4D, 0x00, 0x14, 0x14, 0x12, 0x5F, 0x00, 0x12, 0x12,
	0x17, 0x12, 0x4E, 0x1B, 0x40, 0x4C, 0x00, 0x04, 0x03, 0x04, 0x85, 0x00,
	0x09, 0x00, 0x0D, 0x00, 0x09, 0x0D, 0x80, 0x07, 0x05, 0x02, 0x03, 0x00,
	0x01, 0x00, 0x03, 0x01, 0x68, 0x0F, 0x01, 0x0B, 0x10, 0x01, 0x0A, 0x11,
	0x0B, 0x0A, 0x67, 0x0E, 0x01, 0x0C, 0x13, 0x01, 0x11, 0x12, 0x0C, 0x11,
	0x67, 0x08, 0x02, 0x02, 0x00, 0x00, 0x06, 0x5F, 0x00, 0x06, 0x06, 0x16,
	0x4D, 0x00, 0x15, 0x15, 0x0D, 0x5F, 0x00, 0x0D, 0x0D, 0x19, 0x4D, 0x00,
	0x14, 0x14, 0x12, 0x5F, 0x00, 0x12, 0x12, 0x17, 0x12, 0x4E, 0x59, 0x40,
	0x26, 0x2B, 0x2A, 0x29, 0x28, 0x27, 0x26, 0x25, 0x24, 0x23, 0x22, 0x21,
	0x20, 0x1F, 0x1E, 0x1D, 0x1C, 0x1B, 0x1A, 0x19, 0x18, 0x17, 0x16, 0x15,
	0x14, 0x13, 0x12, 0x11, 0x11, 0x11, 0x11, 0x11, 0x11, 0x11, 0x11, 0x10,
	0x16, 0x07, 0x1F, 0x2B, 0x01, 0x23, 0x35, 0x23, 0x15, 0x23, 0x35, 0x33,
	0x35, 0x33, 0x15, 0x33, 0x15, 0x33, 0x35, 0x33, 0x15, 0x23, 0x15, 0x23,
	0x03, 0x23, 0x11, 0x33, 0x35, 0x33, 0x35, 0x21, 0x15, 0x33, 0x15, 0x33,
	0x11, 0x23, 0x15, 0x23, 0x15, 0x21, 0x35, 0x23, 0x37, 0x33, 0x35, 0x23,
	0x01, 0x5E, 0x32, 0x64, 0x32, 0x32, 0x32, 0x32, 0x64, 0x32, 0x32, 0x32,
	0xFA, 0x32, 0x32, 0x32, 0x01, 0x2C, 0x32, 0x32, 0x32, 0x32, 0xFE, 0xD4,
	0x32, 0x64, 0xC8, 0xC8, 0x02, 0x8A, 0x32, 0x32, 0x96, 0x32, 0x32, 0x32,
	0x32, 0x96, 0x32, 0xFE, 0x0C, 0x01, 0x5E, 0x32, 0x32, 0x32, 0x32, 0xFE,
	0xA2, 0x32, 0x32, 0x32, 0x64, 0xFA, 0x00, 0x03, 0x00, 0x32, 0x00, 0x00,
	0x03, 0x84, 0x02, 0x26, 0x00, 0x03, 0x00, 0x07, 0x00, 0x27, 0x00, 0x60,
	0x40, 0x5D, 0x0B, 0x01, 0x05, 0x01, 0x04, 0x05, 0x57, 0x00, 0x02, 0x00,
	0x0C, 0x00, 0x02, 0x0C, 0x68, 0x0E, 0x01, 0x04, 0x0F, 0x00, 0x04, 0x57,
	0x0A, 0x08, 0x02, 0x06, 0x13, 0x11, 0x02, 0x0F, 0x10, 0x06, 0x0F, 0x67,
	0x03, 0x01, 0x01, 0x01, 0x07, 0x5F, 0x09, 0x01, 0x07, 0x07, 0x19, 0x4D,
	0x0D, 0x01, 0x00, 0x00, 0x10, 0x5F, 0x12, 0x01, 0x10, 0x10, 0x17, 0x10,
	0x4E, 0x27, 0x26, 0x25, 0x24, 0x23, 0x22, 0x21, 0x20, 0x1F, 0x1E, 0x1D,
	0x1C, 0x1B, 0x1A, 0x19, 0x18, 0x17, 0x16, 0x15, 0x14, 0x13, 0x12, 0x11,
	0x11, 0x11, 0x11, 0x11, 0x11, 0x11, 0x11, 0x10, 0x14, 0x07, 0x1F, 0x2B,
	0x37, 0x33, 0x35, 0x23, 0x05, 0x33, 0x35, 0x23, 0x01, 0x23, 0x11, 0x33,
	0x35, 0x33, 0x35, 0x21, 0x15, 0x33, 0x35, 0x21, 0x15, 0x33, 0x15, 0x33,
	0x15, 0x21, 0x15, 0x21, 0x15, 0x23, 0x15, 0x23, 0x15, 0x21, 0x35, 0x23,
	0x15, 0x21, 0x35, 0x23, 0xC8, 0xC8, 0xC8, 0x01, 0x5E, 0xC8, 0xC8, 0xFE,
	0x3E, 0x32, 0x32, 0x32, 0x01, 0x2C, 0x32, 0x01, 0x2C, 0x32, 0x32, 0xFE,
	0xA2, 0x01, 0x5E, 0x32, 0x32, 0xFE, 0xD4, 0x32, 0xFE, 0xD4, 0x32, 0x96,
	0xFA, 0x64, 0x64, 0xFE, 0xD4, 0x01, 0x5E, 0x32, 0x32, 0x32, 0x32, 0x32,
	0x32, 0xFA, 0x32, 0x32, 0x32, 0x32, 0x32, 0x32, 0x32, 0x00, 0x00, 0x02,
	0x00, 0x32, 0xFF, 0x38, 0x02, 0x26, 0x02, 0x26, 0x00, 0x05, 0x00, 0x17,
	0x00, 0x53, 0x40, 0x50, 0x00, 0x00, 0x01, 0x04, 0x00, 0x57, 0x00, 0x07,
	0x00, 0x08, 0x09, 0x07, 0x08, 0x67, 0x06, 0x01, 0x04, 0x00, 0x09, 0x0A,
	0x04, 0x09, 0x67, 0x0C, 0x01, 0x02, 0x02, 0x03, 0x5F, 0x05, 0x01, 0x03,
	0x03, 0x19, 0x4D, 0x00, 0x01, 0x01, 0x0A, 0x5F, 0x00, 0x0A, 0x0A, 0x17,
	0x4D, 0x00, 0x0B, 0x0B, 0x1B, 0x0B, 0x4E, 0x00, 0x00, 0x17, 0x16, 0x15,
	0x14, 0x13, 0x12, 0x11, 0x10, 0x0F, 0x0E, 0x0D, 0x0C, 0x0B, 0x0A, 0x09,
	0x08, 0x07, 0x06, 0x00, 0x05, 0x00, 0x05, 0x11, 0x11, 0x0D, 0x07, 0x18,
	0x2B, 0x13, 0x15, 0x23, 0x15, 0x33, 0x35, 0x25, 0x33, 0x15, 0x33, 0x35,
	0x33, 0x15, 0x33, 0x15, 0x33, 0x11, 0x23, 0x15, 0x23, 0x15, 0x23, 0x15,
	0x23, 0xFA, 0x32, 0xC8, 0xFE, 0xA2, 0x96, 0x32, 0xC8, 0x32, 0x32, 0x32,
	0x32, 0xFA, 0x96, 0x01, 0x90, 0x32, 0xC8, 0xFA, 0x96, 0x32, 0x32, 0x32,
	0x32, 0xFE, 0xA2, 0x32, 0x32, 0xC8, 0x00, 0x02, 0x00, 0x32, 0xFF, 0x38,
	0x02, 0x26, 0x02, 0xEE, 0x00, 0x11, 0x00, 0x17, 0x00, 0x50, 0x40, 0x4D,
	0x00, 0x09, 0x0A, 0x01, 0x09, 0x57, 0x00, 0x02, 0x00, 0x03, 0x04, 0x02,
	0x03, 0x67, 0x08, 0x01, 0x01, 0x00, 0x04, 0x05, 0x01, 0x04, 0x67, 0x00,
	0x07, 0x07, 0x16, 0x4D, 0x0C, 0x01, 0x0B, 0x0B, 0x00, 0x5F, 0x00, 0x00,
	0x00, 0x19, 0x4D, 0x00, 0x0A, 0x0A, 0x05, 0x5F, 0x00, 0x05, 0x05, 0x17,
	0x4D, 0x00, 0x06, 0x06, 0x1B, 0x06, 0x4E, 0x12, 0x12, 0x12, 0x17, 0x12,
	0x17, 0x16, 0x15, 0x14, 0x13, 0x11, 0x11, 0x11, 0x11, 0x11, 0x11, 0x11,
	0x11, 0x10, 0x0D, 0x07, 0x1F, 0x2B, 0x13, 0x33, 0x15, 0x33, 0x15, 0x33,
	0x11, 0x23, 0x15, 0x23, 0x15, 0x23, 0x15, 0x23, 0x11, 0x33, 0x15, 0x33,
	0x15, 0x15, 0x23, 0x15, 0x33, 0x35, 0xFA, 0xC8, 0x32, 0x32, 0x32, 0x32,
	0xFA, 0x96, 0x96, 0x32, 0x32, 0xC8, 0x02, 0x26, 0x32, 0x32, 0xFE, 0xA2,
	0x32, 0x32, 0xC8, 0x03, 0xB6, 0xFA, 0x64, 0x32, 0xC8, 0xFA, 0x00, 0x02,
	0x00, 0x32, 0xFF, 0x38, 0x02, 0x26, 0x02, 0x26, 0x00, 0x05, 0x00, 0x15,
	0x00, 0x49, 0x40, 0x46, 0x00, 0x09, 0x08, 0x04, 0x09, 0x57, 0x00, 0x08,
	0x00, 0x07, 0x04, 0x08, 0x07, 0x67, 0x00, 0x00, 0x06, 0x01, 0x04, 0x05,
	0x00, 0x04, 0x67, 0x00, 0x01, 0x01, 0x0A, 0x5F, 0x0B, 0x01, 0x0A, 0x0A,
	0x19, 0x4D, 0x00, 0x02, 0x02, 0x05, 0x5F, 0x00, 0x05, 0x05, 0x17, 0x4D,
	0x00, 0x03, 0x03, 0x1B, 0x03, 0x4E, 0x06, 0x06, 0x06, 0x15, 0x06, 0x15,
	0x14, 0x13, 0x11, 0x11, 0x11, 0x11, 0x11, 0x12, 0x11, 0x11, 0x10, 0x0C,
	0x07, 0x1F, 0x2B, 0x25, 0x33, 0x35, 0x23, 0x15, 0x33, 0x13, 0x11, 0x23,
	0x35, 0x23, 0x15, 0x23, 0x35, 0x23, 0x35, 0x23, 0x11, 0x33, 0x35, 0x33,
	0x35, 0x01, 0x5E, 0x32, 0xC8, 0x96, 0xC8, 0x96, 0x32, 0xC8, 0x32, 0x32,
	0x32, 0x32, 0xC8, 0xC8, 0xFA, 0x01, 0x90, 0xFD, 0x12, 0xFA, 0x32, 0x32,
	0x32, 0x01, 0x5E, 0x32, 0x32, 0x00, 0x00, 0x01, 0x00, 0x32, 0x00, 0x00,
	0x01, 0xF4, 0x02, 0x26, 0x00, 0x13, 0x00, 0x33, 0x40, 0x30, 0x00, 0x03,
	0x04, 0x00, 0x03, 0x57, 0x02, 0x01, 0x00, 0x07, 0x01, 0x05, 0x08, 0x00,
	0x05, 0x67, 0x06, 0x01, 0x04, 0x04, 0x01, 0x5F, 0x09, 0x01, 0x01, 0x01,
	0x19, 0x4D, 0x00, 0x08, 0x08, 0x17, 0x08, 0x4E, 0x13, 0x12, 0x11, 0x11,
	0x11, 0x11, 0x11, 0x11, 0x11, 0x11, 0x10, 0x0A, 0x07, 0x1F, 0x2B, 0x13,
	0x33, 0x35, 0x33, 0x15, 0x33, 0x15, 0x23, 0x15, 0x23, 0x15, 0x23, 0x35,
	0x23, 0x15, 0x23, 0x11, 0x23, 0x11, 0x33, 0xC8, 0x32, 0xC8, 0x32, 0x32,
	0x32, 0x32, 0x64, 0x32, 0x96, 0x96, 0x01, 0xF4, 0x32, 0x32, 0x32, 0x32,
	0x32, 0x32, 0x32, 0xFE, 0xA2, 0x02, 0x26, 0x00, 0x00, 0x02, 0x00, 0x32,
	0x00, 0x00, 0x01, 0xF4, 0x03, 0x52, 0x00, 0x0B, 0x00, 0x1F, 0x00, 0xAE,
	0x4B, 0xB0, 0x21, 0x50, 0x58, 0x40, 0x42, 0x00, 0x01, 0x02, 0x03, 0x00,
	0x01, 0x72, 0x00, 0x04, 0x00, 0x05, 0x03, 0x04, 0x72, 0x00, 0x02, 0x00,
	0x03, 0x00, 0x02, 0x03, 0x67, 0x00, 0x09, 0x0A, 0x06, 0x09, 0x57, 0x08,
	0x01, 0x06, 0x0D, 0x01, 0x0B, 0x0E, 0x06, 0x0B, 0x67, 0x00, 0x05, 0x05,
	0x00, 0x5F, 0x00, 0x00, 0x00, 0x16, 0x4D, 0x0C, 0x01, 0x0A, 0x0A, 0x07,
	0x5F, 0x0F, 0x01, 0x07, 0x07, 0x19, 0x4D, 0x00, 0x0E, 0x0E, 0x17, 0x0E,
	0x4E, 0x1B, 0x40, 0x44, 0x00, 0x01, 0x02, 0x03, 0x02, 0x01, 0x03, 0x80,
	0x00, 0x04, 0x00, 0x05, 0x00, 0x04, 0x05, 0x80, 0x00, 0x02, 0x00, 0x03,
	0x00, 0x02, 0x03, 0x67, 0x00, 0x09, 0x0A, 0x06, 0x09, 0x57, 0x08, 0x01,
	0x06, 0x0D, 0x01, 0x0B, 0x0E, 0x06, 0x0B, 0x67, 0x00, 0x05, 0x05, 0x00,
	0x5F, 0x00, 0x00, 0x00, 0x16, 0x4D, 0x0C, 0x01, 0x0A, 0x0A, 0x07, 0x5F,
	0x0F, 0x01, 0x07, 0x07, 0x19, 0x4D, 0x00, 0x0E, 0x0E, 0x17, 0x0E, 0x4E,
	0x59, 0x40, 0x1A, 0x1F, 0x1E, 0x1D, 0x1C, 0x1B, 0x1A, 0x19, 0x18, 0x17,
	0x16, 0x15, 0x14, 0x13, 0x12, 0x11, 0x11, 0x11, 0x11, 0x11, 0x11, 0x11,
	0x11, 0x10, 0x10, 0x07, 0x1F, 0x2B, 0x13, 0x33, 0x35, 0x33, 0x35, 0x33,
	0x15, 0x23, 0x15, 0x23, 0x15, 0x23, 0x17, 0x33, 0x35, 0x33, 0x15, 0x33,
	0x15, 0x23, 0x15, 0x23, 0x15, 0x23, 0x35, 0x23, 0x15, 0x23, 0x11, 0x23,
	0x11, 0x33, 0x96, 0x32, 0x32, 0x64, 0x32, 0x32, 0x64, 0x32, 0x32, 0xC8,
	0x32, 0x32, 0x32, 0x32, 0x64, 0x32, 0x96, 0x96, 0x02, 0xEE, 0x32, 0x32,
	0x64, 0x32, 0x32, 0x96, 0x32, 0x32, 0x32, 0x32, 0x32, 0x32, 0x32, 0xFE,
	0xA2, 0x02, 0x26, 0x00, 0x00, 0x02, 0x00, 0x32, 0x00, 0x00, 0x01, 0xF4,
	0x03, 0x52, 0x00, 0x0F, 0x00, 0x23, 0x00, 0xA5, 0x4B, 0xB0, 0x21, 0x50,
	0x58, 0x40, 0x3C, 0x07, 0x01, 0x05, 0x00, 0x06, 0x00, 0x05, 0x72, 0x03,
	0x01, 0x01, 0x04, 0x01, 0x00, 0x05, 0x01, 0x00, 0x67, 0x00, 0x02, 0x00,
	0x06, 0x09, 0x02, 0x06, 0x67, 0x00, 0x0B, 0x0C, 0x08, 0x0B, 0x57, 0x0A,
	0x01, 0x08, 0x0F, 0x01, 0x0D, 0x10, 0x08, 0x0D, 0x67, 0x0E, 0x01, 0x0C,
	0x0C, 0x09, 0x5F, 0x11, 0x01, 0x09, 0x09, 0x19, 0x4D, 0x00, 0x10, 0x10,
	0x17, 0x10, 0x4E, 0x1B, 0x40, 0x3D, 0x07, 0x01, 0x05, 0x00, 0x06, 0x00,
	0x05, 0x06, 0x80, 0x03, 0x01, 0x01, 0x04, 0x01, 0x00, 0x05, 0x01, 0x00,
	0x67, 0x00, 0x02, 0x00, 0x06, 0x09, 0x02, 0x06, 0x67, 0x00, 0x0B, 0x0C,
	0x08, 0x0B, 0x57, 0x0A, 0x01, 0x08, 0x0F, 0x01, 0x0D, 0x10, 0x08, 0x0D,
	0x67, 0x0E, 0x01, 0x0C, 0x0C, 0x09, 0x5F, 0x11, 0x01, 0x09, 0x09, 0x19,
	0x4D, 0x00, 0x10, 0x10, 0x17, 0x10, 0x4E, 0x59, 0x40, 0x1E, 0x23, 0x22,
	0x21, 0x20, 0x1F, 0x1E, 0x1D, 0x1C, 0x1B, 0x1A, 0x19, 0x18, 0x17, 0x16,
	0x15, 0x14, 0x13, 0x12, 0x11, 0x11, 0x11, 0x11, 0x11, 0x11, 0x11, 0x11,
	0x10, 0x12, 0x07, 0x1F, 0x2B, 0x13, 0x23, 0x35, 0x33, 0x15, 0x33, 0x35,
	0x33, 0x15, 0x23, 0x15, 0x23, 0x15, 0x23, 0x35, 0x23, 0x17, 0x33, 0x35,
	0x33, 0x15, 0x33, 0x15, 0x23, 0x15, 0x23, 0x15, 0x23, 0x35, 0x23, 0x15,
	0x23, 0x11, 0x23, 0x11, 0x33, 0x96, 0x32, 0x64, 0x64, 0x64, 0x32, 0x32,
	0x64, 0x32, 0x32, 0x32, 0xC8, 0x32, 0x32, 0x32, 0x32, 0x64, 0x32, 0x96,
	0x96, 0x02, 0xEE, 0x64, 0x32, 0x32, 0x64, 0x32, 0x32, 0x32, 0xC8, 0x32,
	0x32, 0x32, 0x32, 0x32, 0x32, 0x32, 0xFE, 0xA2, 0x02, 0x26, 0x00, 0x02,
	0x00, 0x32, 0xFE, 0xD4, 0x01, 0xF4, 0x02, 0x26, 0x00, 0x13, 0x00, 0x1D,
	0x00, 0x9B, 0x4B, 0xB0, 0x21, 0x50, 0x58, 0x40, 0x3A, 0x00, 0x0B, 0x0E,
	0x0D, 0x0E, 0x0B, 0x72, 0x00, 0x03, 0x04, 0x00, 0x03, 0x57, 0x02, 0x01,
	0x00, 0x07, 0x01, 0x05, 0x08, 0x00, 0x05, 0x67, 0x00, 0x0D, 0x00, 0x0C,
	0x0D, 0x0C, 0x63, 0x06, 0x01, 0x04, 0x04, 0x01, 0x5F, 0x09, 0x01, 0x01,
	0x01, 0x19, 0x4D, 0x00, 0x08, 0x08, 0x17, 0x4D, 0x00, 0x0A, 0x0A, 0x0E,
	0x5F, 0x00, 0x0E, 0x0E, 0x1B, 0x0E, 0x4E, 0x1B, 0x40, 0x3B, 0x00, 0x0B,
	0x0E, 0x0D, 0x0E, 0x0B, 0x0D, 0x80, 0x00, 0x03, 0x04, 0x00, 0x03, 0x57,
	0x02, 0x01, 0x00, 0x07, 0x01, 0x05, 0x08, 0x00, 0x05, 0x67, 0x00, 0x0D,
	0x00, 0x0C, 0x0D, 0x0C, 0x63, 0x06, 0x01, 0x04, 0x04, 0x01, 0x5F, 0x09,
	0x01, 0x01, 0x01, 0x19, 0x4D, 0x00, 0x08, 0x08, 0x17, 0x4D, 0x00, 0x0A,
	0x0A, 0x0E, 0x5F, 0x00, 0x0E, 0x0E, 0x1B, 0x0E, 0x4E, 0x59, 0x40, 0x18,
	0x1D, 0x1C, 0x1B, 0x1A, 0x19, 0x18, 0x17, 0x16, 0x15, 0x14, 0x13, 0x12,
	0x11, 0x11, 0x11, 0x11, 0x11, 0x11, 0x11, 0x11, 0x10, 0x0F, 0x07, 0x1F,
	0x2B, 0x13, 0x33, 0x35, 0x33, 0x15, 0x33, 0x15, 0x23, 0x15, 0x23, 0x15,
	0x23, 0x35, 0x23, 0x15, 0x23, 0x11, 0x23, 0x11, 0x33, 0x03, 0x33, 0x15,
	0x23, 0x15, 0x23, 0x35, 0x33, 0x35, 0x23, 0xC8, 0x32, 0xC8, 0x32, 0x32,
	0x32, 0x32, 0x64, 0x32, 0x96, 0x96, 0x64, 0x96, 0x32, 0x64, 0x32, 0x32,
	0x01, 0xF4, 0x32, 0x32, 0x32, 0x32, 0x32, 0x32, 0x32, 0xFE, 0xA2, 0x02,
	0x26, 0xFD, 0x76, 0x96, 0x32, 0x32, 0x32, 0x00, 0x00, 0x01, 0x00, 0x32,
	0x00, 0x00, 0x02, 0x26, 0x02, 0x26, 0x00, 0x2D, 0x00, 0xF0, 0x4B, 0xB0,
	0x21, 0x50, 0x58, 0x40, 0x5C, 0x00, 0x05, 0x12, 0x01, 0x06, 0x05, 0x72,
	0x04, 0x01, 0x02, 0x01, 0x00, 0x03, 0x02, 0x72, 0x0F, 0x01, 0x0D, 0x08,
	0x0A, 0x0D, 0x57, 0x00, 0x09, 0x00, 0x08, 0x10, 0x09, 0x08, 0x67, 0x0C,
	0x01, 0x0A, 0x00, 0x07, 0x11, 0x0A, 0x07, 0x67, 0x00, 0x10, 0x00, 0x06,
	0x12, 0x10, 0x06, 0x67, 0x00, 0x12, 0x05, 0x00, 0x12, 0x57, 0x00, 0x01,
	0x13, 0x01, 0x00, 0x03, 0x01, 0x00, 0x67, 0x00, 0x11, 0x16, 0x01, 0x14,
	0x15, 0x11, 0x14, 0x67, 0x00, 0x0E, 0x0E, 0x0B, 0x5F, 0x00, 0x0B, 0x0B,
	0x19, 0x4D, 0x00, 0x03, 0x03, 0x15, 0x60, 0x00, 0x15, 0x15, 0x17, 0x15,
	0x4E, 0x1B, 0x40, 0x5E, 0x00, 0x05, 0x12, 0x01, 0x12, 0x05, 0x01, 0x80,
	0x04, 0x01, 0x02, 0x01, 0x00, 0x01, 0x02, 0x00, 0x80, 0x0F, 0x01, 0x0D,
	0x08, 0x0A, 0x0D, 0x57, 0x00, 0x09, 0x00, 0x08, 0x10, 0x09, 0x08, 0x67,
	0x0C, 0x01, 0x0A, 0x00, 0x07, 0x11, 0x0A, 0x07, 0x67, 0x00, 0x10, 0x00,
	0x06, 0x12, 0x10, 0x06, 0x67, 0x00, 0x12, 0x05, 0x00, 0x12, 0x57, 0x00,
	0x01, 0x13, 0x01, 0x00, 0x03, 0x01, 0x00, 0x67, 0x00, 0x11, 0x16, 0x01,
	0x14, 0x15, 0x11, 0x14, 0x67, 0x00, 0x0E, 0x0E, 0x0B, 0x5F, 0x00, 0x0B,
	0x0B, 0x19, 0x4D, 0x00, 0x03, 0x03, 0x15, 0x60, 0x00, 0x15, 0x15, 0x17,
	0x15, 0x4E, 0x59, 0x40, 0x28, 0x2D, 0x2C, 0x2B, 0x2A, 0x29, 0x28, 0x27,
	0x26, 0x25, 0x24, 0x23, 0x22, 0x21, 0x20, 0x1F, 0x1E, 0x1D, 0x1C, 0x1B,
	0x1A, 0x19, 0x18, 0x17, 0x16, 0x15, 0x14, 0x13, 0x12, 0x11, 0x11, 0x11,
	0x11, 0x11, 0x11, 0x11, 0x11, 0x10, 0x17, 0x07, 0x1F, 0x2B, 0x37, 0x23,
	0x35, 0x33, 0x15, 0x33, 0x15, 0x33, 0x35, 0x33, 0x35, 0x23, 0x35, 0x23,
	0x35, 0x23, 0x35, 0x23, 0x35, 0x33, 0x35, 0x33, 0x35, 0x21, 0x15, 0x33,
	0x15, 0x23, 0x35, 0x23, 0x15, 0x23, 0x15, 0x33, 0x15, 0x33, 0x15, 0x33,
	0x15, 0x23, 0x15, 0x23, 0x15, 0x21, 0x35, 0x23, 0x64, 0x32, 0x96, 0x32,
	0x64, 0x32, 0x32, 0xC8, 0x32, 0x32, 0x32, 0x32, 0x01, 0x2C, 0x32, 0x96,
	0x64, 0x32, 0xFA, 0x32, 0x32, 0x32, 0x32, 0xFE, 0xD4, 0x32, 0x64, 0x64,
	0x32, 0x32, 0x32, 0x32, 0x32, 0x32, 0x32, 0x64, 0x32, 0x32, 0x32, 0x64,
	0x32, 0x32, 0x32, 0x32, 0x32, 0x96, 0x32, 0x32, 0x32, 0x00, 0x00, 0x02,
	0x00, 0x32, 0x00, 0x00, 0x02, 0x26, 0x03, 0x52, 0x00, 0x0B, 0x00, 0x39,
	0x01, 0x3E, 0x4B, 0xB0, 0x21, 0x50, 0x58, 0x40, 0x7C, 0x00, 0x01, 0x02,
	0x03, 0x00, 0x01, 0x72, 0x00, 0x04, 0x00, 0x05, 0x03, 0x04, 0x72, 0x00,
	0x0B, 0x18, 0x07, 0x0C, 0x0B, 0x72, 0x0A, 0x01, 0x08, 0x07, 0x06, 0x09,
	0x08, 0x72, 0x00, 0x02, 0x00, 0x03, 0x00, 0x02, 0x03, 0x67, 0x15, 0x01,
	0x13, 0x0E, 0x10, 0x13, 0x57, 0x00, 0x0F, 0x00, 0x0E, 0x16, 0x0F, 0x0E,
	0x67, 0x12, 0x01, 0x10, 0x00, 0x0D, 0x17, 0x10, 0x0D, 0x67, 0x00, 0x16,
	0x00, 0x0C, 0x18, 0x16, 0x0C, 0x67, 0x00, 0x18, 0x0B, 0x06, 0x18, 0x57,
	0x00, 0x07, 0x19, 0x01, 0x06, 0x09, 0x07, 0x06, 0x67, 0x00, 0x17, 0x1C,
	0x01, 0x1A, 0x1B, 0x17, 0x1A, 0x67, 0x00, 0x05, 0x05, 0x00, 0x5F, 0x00,
	0x00, 0x00, 0x16, 0x4D, 0x00, 0x14, 0x14, 0x11, 0x5F, 0x00, 0x11, 0x11,
	0x19, 0x4D, 0x00, 0x09, 0x09, 0x1B, 0x60, 0x00, 0x1B, 0x1B, 0x17, 0x1B,
	0x4E, 0x1B, 0x40, 0x80, 0x00, 0x01, 0x02, 0x03, 0x02, 0x01, 0x03, 0x80,
	0x00, 0x04, 0x00, 0x05, 0x00, 0x04, 0x05, 0x80, 0x00, 0x0B, 0x18, 0x07,
	0x18, 0x0B, 0x07, 0x80, 0x0A, 0x01, 0x08, 0x07, 0x06, 0x07, 0x08, 0x06,
	0x80, 0x00, 0x02, 0x00, 0x03, 0x00, 0x02, 0x03, 0x67, 0x15, 0x01, 0x13,
	0x0E, 0x10, 0x13, 0x57, 0x00, 0x0F, 0x00, 0x0E, 0x16, 0x0F, 0x0E, 0x67,
	0x12, 0x01, 0x10, 0x00, 0x0D, 0x17, 0x10, 0x0D, 0x67, 0x00, 0x16, 0x00,
	0x0C, 0x18, 0x16, 0x0C, 0x67, 0x00, 0x18, 0x0B, 0x06, 0x18, 0x57, 0x00,
	0x07, 0x19, 0x01, 0x06, 0x09, 0x07, 0x06, 0x67, 0x00, 0x17, 0x1C, 0x01,
	0x1A, 0x1B, 0x17, 0x1A, 0x67, 0x00, 0x05, 0x05, 0x00, 0x5F, 0x00, 0x00,
	0x00, 0x16, 0x4D, 0x00, 0x14, 0x14, 0x11, 0x5F, 0x00, 0x11, 0x11, 0x19,
	0x4D, 0x00, 0x09, 0x09, 0x1B, 0x60, 0x00, 0x1B, 0x1B, 0x17, 0x1B, 0x4E,
	0x59, 0x40, 0x34, 0x39, 0x38, 0x37, 0x36, 0x35, 0x34, 0x33, 0x32, 0x31,
	0x30, 0x2F, 0x2E, 0x2D, 0x2C, 0x2B, 0x2A, 0x29, 0x28, 0x27, 0x26, 0x25,
	0x24, 0x23, 0x22, 0x21, 0x20, 0x1F, 0x1E, 0x1D, 0x1C, 0x1B, 0x1A, 0x19,
	0x18, 0x17, 0x16, 0x15, 0x14, 0x13, 0x12, 0x11, 0x11, 0x11, 0x11, 0x11,
	0x11, 0x11, 0x11, 0x10, 0x1D, 0x07, 0x1F, 0x2B, 0x13, 0x33, 0x35, 0x33,
	0x35, 0x33, 0x15, 0x23, 0x15, 0x23, 0x15, 0x23, 0x03, 0x23, 0x35, 0x33,
	0x15, 0x33, 0x15, 0x33, 0x35, 0x33, 0x35, 0x23, 0x35, 0x23, 0x35, 0x23,
	0x35, 0x23, 0x35, 0x33, 0x35, 0x33, 0x35, 0x21, 0x15, 0x33, 0x15, 0x23,
	0x35, 0x23, 0x15, 0x23, 0x15, 0x33, 0x15, 0x33, 0x15, 0x33, 0x15, 0x23,
	0x15, 0x23, 0x15, 0x21, 0x35, 0x23, 0xC8, 0x32, 0x32, 0x64, 0x32, 0x32,
	0x64, 0x64, 0x32, 0x96, 0x32, 0x64, 0x32, 0x32, 0xC8, 0x32, 0x32, 0x32,
	0x32, 0x01, 0x2C, 0x32, 0x96, 0x64, 0x32, 0xFA, 0x32, 0x32, 0x32, 0x32,
	0xFE, 0xD4, 0x32, 0x02, 0xEE, 0x32, 0x32, 0x64, 0x32, 0x32, 0xFD, 0xDA,
	0x64, 0x32, 0x32, 0x32, 0x32, 0x32, 0x32, 0x32, 0x64, 0x32, 0x32, 0x32,
	0x64, 0x32, 0x32, 0x32, 0x32, 0x32, 0x96, 0x32, 0x32, 0x32, 0x00, 0x02,
	0x00, 0x32, 0x00, 0x00, 0x02, 0x26, 0x03, 0x52, 0x00, 0x0F, 0x00, 0x3D,
	0x01, 0x35, 0x4B, 0xB0, 0x21, 0x50, 0x58, 0x40, 0x76, 0x07, 0x01, 0x05,
	0x00, 0x06, 0x00, 0x05, 0x72, 0x00, 0x0D, 0x1A, 0x09, 0x0E, 0x0D, 0x72,
	0x0C, 0x01, 0x0A, 0x09, 0x08, 0x0B, 0x0A, 0x72, 0x03, 0x01, 0x01, 0x04,
	0x01, 0x00, 0x05, 0x01, 0x00, 0x67, 0x00, 0x02, 0x00, 0x06, 0x13, 0x02,
	0x06, 0x67, 0x17, 0x01, 0x15, 0x10, 0x12, 0x15, 0x57, 0x00, 0x11, 0x00,
	0x10, 0x18, 0x11, 0x10, 0x67, 0x14, 0x01, 0x12, 0x00, 0x0F, 0x19, 0x12,
	0x0F, 0x67, 0x00, 0x18, 0x00, 0x0E, 0x1A, 0x18, 0x0E, 0x67, 0x00, 0x1A,
	0x0D, 0x08, 0x1A, 0x57, 0x00, 0x09, 0x1B, 0x01, 0x08, 0x0B, 0x09, 0x08,
	0x67, 0x00, 0x19, 0x1E, 0x01, 0x1C, 0x1D, 0x19, 0x1C, 0x67, 0x00, 0x16,
	0x16, 0x13, 0x5F, 0x00, 0x13, 0x13, 0x19, 0x4D, 0x00, 0x0B, 0x0B, 0x1D,
	0x60, 0x00, 0x1D, 0x1D, 0x17, 0x1D, 0x4E, 0x1B, 0x40, 0x79, 0x07, 0x01,
	0x05, 0x00, 0x06, 0x00, 0x05, 0x06, 0x80, 0x00, 0x0D, 0x1A, 0x09, 0x1A,
	0x0D, 0x09, 0x80, 0x0C, 0x01, 0x0A, 0x09, 0x08, 0x09, 0x0A, 0x08, 0x80,
	0x03, 0x01, 0x01, 0x04, 0x01, 0x00, 0x05, 0x01, 0x00, 0x67, 0x00, 0x02,
	0x00, 0x06, 0x13, 0x02, 0x06, 0x67, 0x17, 0x01, 0x15, 0x10, 0x12, 0x15,
	0x57, 0x00, 0x11, 0x00, 0x10, 0x18, 0x11, 0x10, 0x67, 0x14, 0x01, 0x12,
	0x00, 0x0F, 0x19, 0x12, 0x0F, 0x67, 0x00, 0x18, 0x00, 0x0E, 0x1A, 0x18,
	0x0E, 0x67, 0x00, 0x1A, 0x0D, 0x08, 0x1A, 0x57, 0x00, 0x09, 0x1B, 0x01,
	0x08, 0x0B, 0x09, 0x08, 0x67, 0x00, 0x19, 0x1E, 0x01, 0x1C, 0x1D, 0x19,
	0x1C, 0x67, 0x00, 0x16, 0x16, 0x13, 0x5F, 0x00, 0x13, 0x13, 0x19, 0x4D,
	0x00, 0x0B, 0x0B, 0x1D, 0x60, 0x00, 0x1D, 0x1D, 0x17, 0x1D, 0x4E, 0x59,
	0x40, 0x38, 0x3D, 0x3C, 0x3B, 0x3A, 0x39, 0x38, 0x37, 0x36, 0x35, 0x34,
	0x33, 0x32, 0x31, 0x30, 0x2F, 0x2E, 0x2D, 0x2C, 0x2B, 0x2A, 0x29, 0x28,
	0x27, 0x26, 0x25, 0x24, 0x23, 0x22, 0x21, 0x20, 0x1F, 0x1E, 0x1D, 0x1C,
	0x1B, 0x1A, 0x19, 0x18, 0x17, 0x16, 0x15, 0x14, 0x13, 0x12, 0x11, 0x11,
	0x11, 0x11, 0x11, 0x11, 0x11, 0x11, 0x10, 0x1F, 0x07, 0x1F, 0x2B, 0x13,
	0x23, 0x35, 0x33, 0x15, 0x33, 0x35, 0x33, 0x15, 0x23, 0x15, 0x23, 0x15,
	0x23, 0x35, 0x23, 0x03, 0x23, 0x35, 0x33, 0x15, 0x33, 0x15, 0x33, 0x35,
	0x33, 0x35, 0x23, 0x35, 0x23, 0x35, 0x23, 0x35, 0x23, 0x35, 0x33, 0x35,
	0x33, 0x35, 0x21, 0x15, 0x33, 0x15, 0x23, 0x35, 0x23, 0x15, 0x23, 0x15,
	0x33, 0x15, 0x33, 0x15, 0x33, 0x15, 0x23, 0x15, 0x23, 0x15, 0x21, 0x35,
	0x23, 0xC8, 0x32, 0x64, 0x64, 0x64, 0x32, 0x32, 0x64, 0x32, 0x64, 0x32,
	0x96, 0x32, 0x64, 0x32, 0x32, 0xC8, 0x32, 0x32, 0x32, 0x32, 0x01, 0x2C,
	0x32, 0x96, 0x64, 0x32, 0xFA, 0x32, 0x32, 0x32, 0x32, 0xFE, 0xD4, 0x32,
	0x02, 0xEE, 0x64, 0x32, 0x32, 0x64, 0x32, 0x32, 0x32, 0xFD, 0xA8, 0x64,
	0x32, 0x32, 0x32, 0x32, 0x32, 0x32, 0x32, 0x64, 0x32, 0x32, 0x32, 0x64,
	0x32, 0x32, 0x32, 0x32, 0x32, 0x96, 0x32, 0x32, 0x32, 0x00, 0x00, 0x01,
	0x00, 0x32, 0xFF, 0x06, 0x02, 0x26, 0x02, 0x26, 0x00, 0x3B, 0x01, 0xB2,
	0x4B, 0xB0, 0x10, 0x50, 0x58, 0x40, 0x76, 0x00, 0x05, 0x12, 0x01, 0x06,
	0x05, 0x72, 0x00, 0x16, 0x15, 0x1B, 0x1A, 0x16, 0x72, 0x0F, 0x01, 0x0D,
	0x08, 0x0A, 0x0D, 0x57, 0x00, 0x09, 0x00, 0x08, 0x10, 0x09, 0x08, 0x67,
	0x0C, 0x01, 0x0A, 0x00, 0x07, 0x11, 0x0A, 0x07, 0x67, 0x00, 0x10, 0x00,
	0x06, 0x12, 0x10, 0x06, 0x67, 0x00, 0x12, 0x05, 0x00, 0x12, 0x57, 0x00,
	0x01, 0x13, 0x01, 0x00, 0x03, 0x01, 0x00, 0x67, 0x00, 0x11, 0x1D, 0x01,
	0x14, 0x15, 0x11, 0x14, 0x67, 0x00, 0x03, 0x00, 0x1B, 0x17, 0x03, 0x1B,
	0x67, 0x00, 0x1A, 0x00, 0x19, 0x1A, 0x19, 0x64, 0x00, 0x0E, 0x0E, 0x0B,
	0x5F, 0x00, 0x0B, 0x0B, 0x19, 0x4D, 0x04, 0x01, 0x02, 0x02, 0x15, 0x5F,
	0x1C, 0x01, 0x15, 0x15, 0x17, 0x4D, 0x00, 0x17, 0x17, 0x18, 0x5F, 0x00,
	0x18, 0x18, 0x1B, 0x18, 0x4E, 0x1B, 0x4B, 0xB0, 0x21, 0x50, 0x58, 0x40,
	0x77, 0x00, 0x05, 0x12, 0x01, 0x06, 0x05, 0x72, 0x00, 0x16, 0x15, 0x1B,
	0x15, 0x16, 0x1B, 0x80, 0x0F, 0x01, 0x0D, 0x08, 0x0A, 0x0D, 0x57, 0x00,
	0x09, 0x00, 0x08, 0x10, 0x09, 0x08, 0x67, 0x0C, 0x01, 0x0A, 0x00, 0x07,
	0x11, 0x0A, 0x07, 0x67, 0x00, 0x10, 0x00, 0x06, 0x12, 0x10, 0x06, 0x67,
	0x00, 0x12, 0x05, 0x00, 0x12, 0x57, 0x00, 0x01, 0x13, 0x01, 0x00, 0x03,
	0x01, 0x00, 0x67, 0x00, 0x11, 0x1D, 0x01, 0x14, 0x15, 0x11, 0x14, 0x67,
	0x00, 0x03, 0x00, 0x1B, 0x17, 0x03, 0x1B, 0x67, 0x00, 0x1A, 0x00, 0x19,
	0x1A, 0x19, 0x64, 0x00, 0x0E, 0x0E, 0x0B, 0x5F, 0x00, 0x0B, 0x0B, 0x19,
	0x4D, 0x04, 0x01, 0x02, 0x02, 0x15, 0x5F, 0x1C, 0x01, 0x15, 0x15, 0x17,
	0x4D, 0x00, 0x17, 0x17, 0x18, 0x5F, 0x00, 0x18, 0x18, 0x1B, 0x18, 0x4E,
	0x1B, 0x40, 0x78, 0x00, 0x05, 0x12, 0x01, 0x12, 0x05, 0x01, 0x80, 0x00,
	0x16, 0x15, 0x1B, 0x15, 0x16, 0x1B, 0x80, 0x0F, 0x01, 0x0D, 0x08, 0x0A,
	0x0D, 0x57, 0x00, 0x09, 0x00, 0x08, 0x10, 0x09, 0x08, 0x67, 0x0C, 0x01,
	0x0A, 0x00, 0x07, 0x11, 0x0A, 0x07, 0x67, 0x00, 0x10, 0x00, 0x06, 0x12,
	0x10, 0x06, 0x67, 0x00, 0x12, 0x05, 0x00, 0x12, 0x57, 0x00, 0x01, 0x13,
	0x01, 0x00, 0x03, 0x01, 0x00, 0x67, 0x00, 0x11, 0x1D, 0x01, 0x14, 0x15,
	0x11, 0x14, 0x67, 0x00, 0x03, 0x00, 0x1B, 0x17, 0x03, 0x1B, 0x67, 0x00,
	0x1A, 0x00, 0x19, 0x1A, 0x19, 0x64, 0x00, 0x0E, 0x0E, 0x0B, 0x5F, 0x00,
	0x0B, 0x0B, 0x19, 0x4D, 0x04, 0x01, 0x02, 0x02, 0x15, 0x5F, 0x1C, 0x01,
	0x15, 0x15, 0x17, 0x4D, 0x00, 0x17, 0x17, 0x18, 0x5F, 0x00, 0x18, 0x18,
	0x1B, 0x18, 0x4E, 0x59, 0x59, 0x40, 0x36, 0x3B, 0x3A, 0x39, 0x38, 0x37,
	0x36, 0x35, 0x34, 0x33, 0x32, 0x31, 0x30, 0x2F, 0x2E, 0x2D, 0x2C, 0x2B,
	0x2A, 0x29, 0x28, 0x27, 0x26, 0x25, 0x24, 0x23, 0x22, 0x21, 0x20, 0x1F,
	0x1E, 0x1D, 0x1C, 0x1B, 0x1A, 0x19, 0x18, 0x17, 0x16, 0x15, 0x14, 0x13,
	0x12, 0x11, 0x11, 0x11, 0x11, 0x11, 0x11, 0x11, 0x11, 0x10, 0x1E, 0x07,
	0x1F, 0x2B, 0x37, 0x23, 0x35, 0x33, 0x15, 0x33, 0x15, 0x33, 0x35, 0x33,
	0x35, 0x23, 0x35, 0x23, 0x35, 0x23, 0x35, 0x23, 0x35, 0x33, 0x35, 0x33,
	0x35, 0x21, 0x15, 0x33, 0x15, 0x23, 0x35, 0x23, 0x15, 0x23, 0x15, 0x33,
	0x15, 0x33, 0x15, 0x33, 0x15, 0x23, 0x15, 0x23, 0x15, 0x23, 0x15, 0x33,
	0x15, 0x33, 0x15, 0x23, 0x15, 0x23, 0x35, 0x33, 0x35, 0x23, 0x35, 0x23,
	0x35, 0x23, 0x64, 0x32, 0x96, 0x32, 0x64, 0x32, 0x32, 0xC8, 0x32, 0x32,
	0x32, 0x32, 0x01, 0x2C, 0x32, 0x96, 0x64, 0x32, 0xFA, 0x32, 0x32, 0x32,
	0x32, 0x64, 0x32, 0x32, 0x32, 0xC8, 0x96, 0x64, 0x64, 0x32, 0x64, 0x64,
	0x32, 0x32, 0x32, 0x32, 0x32, 0x32, 0x32, 0x64, 0x32, 0x32, 0x32, 0x64,
	0x32, 0x32, 0x32, 0x32, 0x32, 0x96, 0x32, 0x32, 0x32, 0x32, 0x64, 0x32,
	0x64, 0x32, 0x64, 0x32, 0x00, 0x02, 0x00, 0x32, 0xFE, 0xD4, 0x02, 0x26,
	0x02, 0x26, 0x00, 0x2D, 0x00, 0x37, 0x01, 0x2B, 0x4B, 0xB0, 0x21, 0x50,
	0x58, 0x40, 0x74, 0x00, 0x05, 0x12, 0x01, 0x06, 0x05, 0x72, 0x04, 0x01,
	0x02, 0x01, 0x00, 0x03, 0x02, 0x72, 0x00, 0x18, 0x1B, 0x1A, 0x1B, 0x18,
	0x72, 0x0F, 0x01, 0x0D, 0x08, 0x0A, 0x0D, 0x57, 0x00, 0x09, 0x00, 0x08,
	0x10, 0x09, 0x08, 0x67, 0x0C, 0x01, 0x0A, 0x00, 0x07, 0x11, 0x0A, 0x07,
	0x67, 0x00, 0x10, 0x00, 0x06, 0x12, 0x10, 0x06, 0x67, 0x00, 0x12, 0x05,
	0x00, 0x12, 0x57, 0x00, 0x01, 0x13, 0x01, 0x00, 0x03, 0x01, 0x00, 0x67,
	0x00, 0x11, 0x16, 0x01, 0x14, 0x15, 0x11, 0x14, 0x67, 0x00, 0x1A, 0x00,
	0x19, 0x1A, 0x19, 0x63, 0x00, 0x0E, 0x0E, 0x0B, 0x5F, 0x00, 0x0B, 0x0B,
	0x19, 0x4D, 0x00, 0x03, 0x03, 0x15, 0x60, 0x00, 0x15, 0x15, 0x17, 0x4D,
	0x00, 0x17, 0x17, 0x1B, 0x5F, 0x00, 0x1B, 0x1B, 0x1B, 0x1B, 0x4E, 0x1B,
	0x40, 0x77, 0x00, 0x05, 0x12, 0x01, 0x12, 0x05, 0x01, 0x80, 0x04, 0x01,
	0x02, 0x01, 0x00, 0x01, 0x02, 0x00, 0x80, 0x00, 0x18, 0x1B, 0x1A, 0x1B,
	0x18, 0x1A, 0x80, 0x0F, 0x01, 0x0D, 0x08, 0x0A, 0x0D, 0x57, 0x00, 0x09,
	0x00, 0x08, 0x10, 0x09, 0x08, 0x67, 0x0C, 0x01, 0x0A, 0x00, 0x07, 0x11,
	0x0A, 0x07, 0x67, 0x00, 0x10, 0x00, 0x06, 0x12, 0x10, 0x06, 0x67, 0x00,
	0x12, 0x05, 0x00, 0x12, 0x57, 0x00, 0x01, 0x13, 0x01, 0x00, 0x03, 0x01,
	0x00, 0x67, 0x00, 0x11, 0x16, 0x01, 0x14, 0x15, 0x11, 0x14, 0x67, 0x00,
	0x1A, 0x00, 0x19, 0x1A, 0x19, 0x63, 0x00, 0x0E, 0x0E, 0x0B, 0x5F, 0x00,
	0x0B, 0x0B, 0x19, 0x4D, 0x00, 0x03, 0x03, 0x15, 0x60, 0x00, 0x15, 0x15,
	0x17, 0x4D, 0x00, 0x17, 0x17, 0x1B, 0x5F, 0x00, 0x1B, 0x1B, 0x1B, 0x1B,
	0x4E, 0x59, 0x40, 0x32, 0x37, 0x36, 0x35, 0x34, 0x33, 0x32, 0x31, 0x30,
	0x2F, 0x2E, 0x2D, 0x2C, 0x2B, 0x2A, 0x29, 0x28, 0x27, 0x26, 0x25, 0x24,
	0x23, 0x22, 0x21, 0x20, 0x1F, 0x1E, 0x1D, 0x1C, 0x1B, 0x1A, 0x19, 0x18,
	0x17, 0x16, 0x15, 0x14, 0x13, 0x12, 0x11, 0x11, 0x11, 0x11, 0x11, 0x11,
	0x11, 0x11, 0x10, 0x1C, 0x07, 0x1F, 0x2B, 0x37, 0x23, 0x35, 0x33, 0x15,
	0x33, 0x15, 0x33, 0x35, 0x33, 0x35, 0x23, 0x35, 0x23, 0x35, 0x23, 0x35,
	0x23, 0x35, 0x33, 0x35, 0x33, 0x35, 0x21, 0x15, 0x33, 0x15, 0x23, 0x35,
	0x23, 0x15, 0x23, 0x15, 0x33, 0x15, 0x33, 0x15, 0x33, 0x15, 0x23, 0x15,
	0x23, 0x15, 0x21, 0x35, 0x23, 0x17, 0x33, 0x15, 0x23, 0x15, 0x23, 0x35,
	0x33, 0x35, 0x23, 0x64, 0x32, 0x96, 0x32, 0x64, 0x32, 0x32, 0xC8, 0x32,
	0x32, 0x32, 0x32, 0x01, 0x2C, 0x32, 0x96, 0x64, 0x32, 0xFA, 0x32, 0x32,
	0x32, 0x32, 0xFE, 0xD4, 0x32, 0x96, 0x96, 0x32, 0x64, 0x32, 0x32, 0x64,
	0x64, 0x32, 0x32, 0x32, 0x32, 0x32, 0x32, 0x32, 0x64, 0x32, 0x32, 0x32,
	0x64, 0x32, 0x32, 0x32, 0x32, 0x32, 0x96, 0x32, 0x32, 0x32, 0x96, 0x96,
	0x32, 0x32, 0x32, 0x00, 0x00, 0x01, 0x00, 0x32, 0x00, 0x00, 0x02, 0x58,
	0x02, 0xEE, 0x00, 0x2B, 0x00, 0xE4, 0x4B, 0xB0, 0x21, 0x50, 0x58, 0x40,
	0x57, 0x08, 0x01, 0x06, 0x07, 0x05, 0x07, 0x06, 0x72, 0x00, 0x01, 0x02,
	0x00, 0x00, 0x01, 0x72, 0x0E, 0x01, 0x0A, 0x00, 0x0F, 0x04, 0x0A, 0x0F,
	0x68, 0x0D, 0x01, 0x0B, 0x00, 0x10, 0x11, 0x0B, 0x10, 0x67, 0x00, 0x04,
	0x00, 0x03, 0x12, 0x04, 0x03, 0x67, 0x00, 0x05, 0x00, 0x02, 0x01, 0x05,
	0x02, 0x67, 0x00, 0x12, 0x00, 0x13, 0x14, 0x12, 0x13, 0x67, 0x00, 0x11,
	0x00, 0x14, 0x09, 0x11, 0x14, 0x67, 0x00, 0x07, 0x07, 0x0C, 0x5F, 0x00,
	0x0C, 0x0C, 0x16, 0x4D, 0x00, 0x00, 0x00, 0x09, 0x60, 0x15, 0x01, 0x09,
	0x09, 0x17, 0x09, 0x4E, 0x1B, 0x40, 0x59, 0x08, 0x01, 0x06, 0x07, 0x05,
	0x07, 0x06, 0x05, 0x80, 0x00, 0x01, 0x02, 0x00, 0x02, 0x01, 0x00, 0x80,
	0x0E, 0x01, 0x0A, 0x00, 0x0F, 0x04, 0x0A, 0x0F, 0x68, 0x0D, 0x01, 0x0B,
	0x00, 0x10, 0x11, 0x0B, 0x10, 0x67, 0x00, 0x04, 0x00, 0x03, 0x12, 0x04,
	0x03, 0x67, 0x00, 0x05, 0x00, 0x02, 0x01, 0x05, 0x02, 0x67, 0x00, 0x12,
	0x00, 0x13, 0x14, 0x12, 0x13, 0x67, 0x00, 0x11, 0x00, 0x14, 0x09, 0x11,
	0x14, 0x67, 0x00, 0x07, 0x07, 0x0C, 0x5F, 0x00, 0x0C, 0x0C, 0x16, 0x4D,
	0x00, 0x00, 0x00, 0x09, 0x60, 0x15, 0x01, 0x09, 0x09, 0x17, 0x09, 0x4E,
	0x59, 0x40, 0x26, 0x2B, 0x2A, 0x29, 0x28, 0x27, 0x26, 0x25, 0x24, 0x23,
	0x22, 0x21, 0x20, 0x1F, 0x1E, 0x1D, 0x1C, 0x1B, 0x1A, 0x19, 0x18, 0x17,
	0x16, 0x15, 0x14, 0x13, 0x12, 0x11, 0x11, 0x11, 0x11, 0x11, 0x11, 0x11,
	0x11, 0x10, 0x16, 0x07, 0x1F, 0x2B, 0x25, 0x33, 0x35, 0x33, 0x35, 0x23,
	0x35, 0x23, 0x35, 0x33, 0x35, 0x33, 0x35, 0x23, 0x35, 0x23, 0x15, 0x23,
	0x11, 0x23, 0x11, 0x33, 0x35, 0x33, 0x35, 0x21, 0x15, 0x33, 0x15, 0x33,
	0x15, 0x23, 0x15, 0x23, 0x15, 0x33, 0x15, 0x33, 0x15, 0x23, 0x15, 0x23,
	0x15, 0x23, 0x01, 0x2C, 0x64, 0x32, 0x32, 0x64, 0x64, 0x32, 0x32, 0x96,
	0x32, 0x96, 0x32, 0x32, 0x01, 0x5E, 0x32, 0x32, 0x32, 0x32, 0x32, 0x32,
	0x32, 0x32, 0xC8, 0x96, 0x32, 0x32, 0x32, 0x96, 0x32, 0x32, 0x32, 0x32,
	0xFD, 0xDA, 0x02, 0x8A, 0x32, 0x32, 0x32, 0x32, 0xC8, 0x32, 0x32, 0x32,
	0xC8, 0x32, 0x32, 0x00, 0x00, 0x01, 0x00, 0x32, 0x00, 0x00, 0x01, 0xC2,
	0x02, 0xBC, 0x00, 0x17, 0x00, 0x83, 0x4B, 0xB0, 0x21, 0x50, 0x58, 0x40,
	0x31, 0x00, 0x05, 0x04, 0x05, 0x85, 0x00, 0x08, 0x01, 0x00, 0x09, 0x08,
	0x72, 0x06, 0x01, 0x02, 0x07, 0x01, 0x01, 0x08, 0x02, 0x01, 0x67, 0x00,
	0x03, 0x00, 0x00, 0x09, 0x03, 0x00, 0x67, 0x00, 0x04, 0x00, 0x0B, 0x0A,
	0x04, 0x0B, 0x67, 0x00, 0x09, 0x09, 0x0A, 0x60, 0x00, 0x0A, 0x0A, 0x17,
	0x0A, 0x4E, 0x1B, 0x40, 0x32, 0x00, 0x05, 0x04, 0x05, 0x85, 0x00, 0x08,
	0x01, 0x00, 0x01, 0x08, 0x00, 0x80, 0x06, 0x01, 0x02, 0x07, 0x01, 0x01,
	0x08, 0x02, 0x01, 0x67, 0x00, 0x03, 0x00, 0x00, 0x09, 0x03, 0x00, 0x67,
	0x00, 0x04, 0x00, 0x0B, 0x0A, 0x04, 0x0B, 0x67, 0x00, 0x09, 0x09, 0x0A,
	0x60, 0x00, 0x0A, 0x0A, 0x17, 0x0A, 0x4E, 0x59, 0x40, 0x12, 0x17, 0x16,
	0x15, 0x14, 0x13, 0x12, 0x11, 0x11, 0x11, 0x11, 0x11, 0x11, 0x11, 0x11,
	0x10, 0x0C, 0x07, 0x1F, 0x2B, 0x37, 0x23, 0x11, 0x23, 0x35, 0x33, 0x35,
	0x33, 0x35, 0x33, 0x35, 0x33, 0x15, 0x33, 0x15, 0x23, 0x15, 0x33, 0x15,
	0x33, 0x15, 0x23, 0x35, 0x23, 0xC8, 0x32, 0x64, 0x64, 0x32, 0x32, 0x32,
	0x96, 0x96, 0x32, 0x64, 0xC8, 0x32, 0x64, 0x01, 0x2C, 0x64, 0x64, 0x32,
	0x32, 0xC8, 0x64, 0xFA, 0x32, 0x64, 0x32, 0x00, 0x00, 0x02, 0x00, 0x32,
	0x00, 0x00, 0x02, 0x26, 0x03, 0x20, 0x00, 0x09, 0x00, 0x21, 0x00, 0xBE,
	0x4B, 0xB0, 0x21, 0x50, 0x58, 0x40, 0x49, 0x00, 0x0A, 0x01, 0x03, 0x01,
	0x0A, 0x03, 0x80, 0x00, 0x03, 0x00, 0x01, 0x03, 0x70, 0x00, 0x0D, 0x06,
	0x05, 0x0E, 0x0D, 0x72, 0x00, 0x02, 0x00, 0x01, 0x0A, 0x02, 0x01, 0x67,
	0x00, 0x04, 0x08, 0x00, 0x04, 0x57, 0x0B, 0x01, 0x07, 0x0C, 0x01, 0x06,
	0x0D, 0x07, 0x06, 0x67, 0x00, 0x08, 0x00, 0x05, 0x0E, 0x08, 0x05, 0x67,
	0x09, 0x01, 0x00, 0x00, 0x10, 0x0F, 0x00, 0x10, 0x67, 0x00, 0x0E, 0x0E,
	0x0F, 0x60, 0x00, 0x0F, 0x0F, 0x17, 0x0F, 0x4E, 0x1B, 0x40, 0x4B, 0x00,
	0x0A, 0x01, 0x03, 0x01, 0x0A, 0x03, 0x80, 0x00, 0x03, 0x00, 0x01, 0x03,
	0x00, 0x7E, 0x00, 0x0D, 0x06, 0x05, 0x06, 0x0D, 0x05, 0x80, 0x00, 0x02,
	0x00, 0x01, 0x0A, 0x02, 0x01, 0x67, 0x00, 0x04, 0x08, 0x00, 0x04, 0x57,
	0x0B, 0x01, 0x07, 0x0C, 0x01, 0x06, 0x0D, 0x07, 0x06, 0x67, 0x00, 0x08,
	0x00, 0x05, 0x0E, 0x08, 0x05, 0x67, 0x09, 0x01, 0x00, 0x00, 0x10, 0x0F,
	0x00, 0x10, 0x67, 0x00, 0x0E, 0x0E, 0x0F, 0x60, 0x00, 0x0F, 0x0F, 0x17,
	0x0F, 0x4E, 0x59, 0x40, 0x1C, 0x21, 0x20, 0x1F, 0x1E, 0x1D, 0x1C, 0x1B,
	0x1A, 0x19, 0x18, 0x17, 0x16, 0x15, 0x14, 0x13, 0x12, 0x11, 0x11, 0x11,
	0x11, 0x11, 0x11, 0x11, 0x11, 0x10, 0x11, 0x07, 0x1F, 0x2B, 0x01, 0x33,
	0x35, 0x23, 0x35, 0x33, 0x15, 0x23, 0x15, 0x23, 0x03, 0x23, 0x11, 0x23,
	0x35, 0x33, 0x35, 0x33, 0x35, 0x33, 0x35, 0x33, 0x15, 0x33, 0x15, 0x23,
	0x15, 0x33, 0x15, 0x33, 0x15, 0x23, 0x35, 0x23, 0x01, 0x90, 0x32, 0x32,
	0x96, 0x32, 0x64, 0xC8, 0x32, 0x64, 0x64, 0x32, 0x32, 0x32, 0x96, 0x96,
	0x32, 0x64, 0xC8, 0x32, 0x02, 0x8A, 0x32, 0x64, 0x96, 0x32, 0xFE, 0x0C,
	0x01, 0x2C, 0x64, 0x64, 0x32, 0x32, 0xC8, 0x64, 0xFA, 0x32, 0x64, 0x32,
	0x00, 0x02, 0x00, 0x32, 0xFE, 0xD4, 0x01, 0xC2, 0x02, 0xBC, 0x00, 0x17,
	0x00, 0x21, 0x00, 0xBE, 0x4B, 0xB0, 0x21, 0x50, 0x58, 0x40, 0x49, 0x00,
	0x05, 0x04, 0x05, 0x85, 0x00, 0x08, 0x01, 0x00, 0x09, 0x08, 0x72, 0x00,
	0x0D, 0x10, 0x0F, 0x10, 0x0D, 0x72, 0x06, 0x01, 0x02, 0x07, 0x01, 0x01,
	0x08, 0x02, 0x01, 0x67, 0x00, 0x03, 0x00, 0x00, 0x09, 0x03, 0x00, 0x67,
	0x00, 0x04, 0x00, 0x0B, 0x0A, 0x04, 0x0B, 0x67, 0x00, 0x0F, 0x00, 0x0E,
	0x0F, 0x0E, 0x63, 0x00, 0x09, 0x09, 0x0A, 0x60, 0x00, 0x0A, 0x0A, 0x17,
	0x4D, 0x00, 0x0C, 0x0C, 0x10, 0x5F, 0x00, 0x10, 0x10, 0x1B, 0x10, 0x4E,
	0x1B, 0x40, 0x4B, 0x00, 0x05, 0x04, 0x05, 0x85, 0x00, 0x08, 0x01, 0x00,
	0x01, 0x08, 0x00, 0x80, 0x00, 0x0D, 0x10, 0x0F, 0x10, 0x0D, 0x0F, 0x80,
	0x06, 0x01, 0x02, 0x07, 0x01, 0x01, 0x08, 0x02, 0x01, 0x67, 0x00, 0x03,
	0x00, 0x00, 0x09, 0x03, 0x00, 0x67, 0x00, 0x04, 0x00, 0x0B, 0x0A, 0x04,
	0x0B, 0x67, 0x00, 0x0F, 0x00, 0x0E, 0x0F, 0x0E, 0x63, 0x00, 0x09, 0x09,
	0x0A, 0x60, 0x00, 0x0A, 0x0A, 0x17, 0x4D, 0x00, 0x0C, 0x0C, 0x10, 0x5F,
	0x00, 0x10, 0x10, 0x1B, 0x10, 0x4E, 0x59, 0x40, 0x1C, 0x21, 0x20, 0x1F,
	0x1E, 0x1D, 0x1C, 0x1B, 0x1A, 0x19, 0x18, 0x17, 0x16, 0x15, 0x14, 0x13,
	0x12, 0x11, 0x11, 0x11, 0x11, 0x11, 0x11, 0x11, 0x11, 0x10, 0x11, 0x07,
	0x1F, 0x2B, 0x37, 0x23, 0x11, 0x23, 0x35, 0x33, 0x35, 0x33, 0x35, 0x33,
	0x35, 0x33, 0x15, 0x33, 0x15, 0x23, 0x15, 0x33, 0x15, 0x33, 0x15, 0x23,
	0x35, 0x23, 0x15, 0x33, 0x15, 0x23, 0x15, 0x23, 0x35, 0x33, 0x35, 0x23,
	0xC8, 0x32, 0x64, 0x64, 0x32, 0x32, 0x32, 0x96, 0x96, 0x32, 0x64, 0xC8,
	0x32, 0x96, 0x32, 0x64, 0x32, 0x32, 0x64, 0x01, 0x2C, 0x64, 0x64, 0x32,
	0x32, 0xC8, 0x64, 0xFA, 0x32, 0x64, 0x32, 0x96, 0x96, 0x32, 0x32, 0x32,
	0x00, 0x01, 0x00, 0x32, 0x00, 0x00, 0x02, 0x26, 0x02, 0x26, 0x00, 0x11,
	0x00, 0x2F, 0x40, 0x2C, 0x00, 0x03, 0x08, 0x01, 0x06, 0x05, 0x03, 0x06,
	0x67, 0x00, 0x00, 0x00, 0x01, 0x5F, 0x04, 0x01, 0x01, 0x01, 0x19, 0x4D,
	0x00, 0x02, 0x02, 0x05, 0x5F, 0x07, 0x01, 0x05, 0x05, 0x17, 0x05, 0x4E,
	0x11, 0x11, 0x11, 0x11, 0x11, 0x11, 0x11, 0x11, 0x10, 0x09, 0x07, 0x1F,
	0x2B, 0x37, 0x23, 0x11, 0x33, 0x11, 0x33, 0x35, 0x33, 0x11, 0x33, 0x11,
	0x23, 0x35, 0x23, 0x15, 0x23, 0x35, 0x23, 0x64, 0x32, 0x96, 0x96, 0x32,
	0x96, 0x96, 0x32, 0xC8, 0x32, 0x64, 0x01, 0xC2, 0xFE, 0x70, 0x32, 0x01,
	0x5E, 0xFD, 0xDA, 0x32, 0x32, 0x32, 0x00, 0x02, 0x00, 0x32, 0x00, 0x00,
	0x02, 0x26, 0x03, 0x52, 0x00, 0x0B, 0x00, 0x1D, 0x00, 0xA8, 0x4B, 0xB0,
	0x21, 0x50, 0x58, 0x40, 0x40, 0x00, 0x01, 0x02, 0x03, 0x00, 0x01, 0x72,
	0x00, 0x04, 0x00, 0x05, 0x03, 0x04, 0x72, 0x00, 0x02, 0x00, 0x03, 0x00,
	0x02, 0x03, 0x67, 0x00, 0x09, 0x0E, 0x01, 0x0C, 0x0B, 0x09, 0x0C, 0x67,
	0x00, 0x05, 0x05, 0x00, 0x5F, 0x00, 0x00, 0x00, 0x16, 0x4D, 0x00, 0x06,
	0x06, 0x07, 0x5F, 0x0A, 0x01, 0x07, 0x07, 0x19, 0x4D, 0x00, 0x08, 0x08,
	0x0B, 0x5F, 0x0D, 0x01, 0x0B, 0x0B, 0x17, 0x0B, 0x4E, 0x1B, 0x40, 0x42,
	0x00, 0x01, 0x02, 0x03, 0x02, 0x01, 0x03, 0x80, 0x00, 0x04, 0x00, 0x05,
	0x00, 0x04, 0x05, 0x80, 0x00, 0x02, 0x00, 0x03, 0x00, 0x02, 0x03, 0x67,
	0x00, 0x09, 0x0E, 0x01, 0x0C, 0x0B, 0x09, 0x0C, 0x67, 0x00, 0x05, 0x05,
	0x00, 0x5F, 0x00, 0x00, 0x00, 0x16, 0x4D, 0x00, 0x06, 0x06, 0x07, 0x5F,
	0x0A, 0x01, 0x07, 0x07, 0x19, 0x4D, 0x00, 0x08, 0x08, 0x0B, 0x5F, 0x0D,
	0x01, 0x0B, 0x0B, 0x17, 0x0B, 0x4E, 0x59, 0x40, 0x18, 0x1D, 0x1C, 0x1B,
	0x1A, 0x19, 0x18, 0x17, 0x16, 0x15, 0x14, 0x13, 0x12, 0x11, 0x11, 0x11,
	0x11, 0x11, 0x11, 0x11, 0x11, 0x10, 0x0F, 0x07, 0x1F, 0x2B, 0x13, 0x33,
	0x35, 0x33, 0x35, 0x33, 0x15, 0x23, 0x15, 0x23, 0x15, 0x23, 0x03, 0x23,
	0x11, 0x33, 0x11, 0x33, 0x35, 0x33, 0x11, 0x33, 0x11, 0x23, 0x35, 0x23,
	0x15, 0x23, 0x35, 0x23, 0xC8, 0x32, 0x32, 0x64, 0x32, 0x32, 0x64, 0x64,
	0x32, 0x96, 0x96, 0x32, 0x96, 0x96, 0x32, 0xC8, 0x32, 0x02, 0xEE, 0x32,
	0x32, 0x64, 0x32, 0x32, 0xFD, 0xDA, 0x01, 0xC2, 0xFE, 0x70, 0x32, 0x01,
	0x5E, 0xFD, 0xDA, 0x32, 0x32, 0x32, 0x00, 0x02, 0x00, 0x32, 0x00, 0x00,
	0x02, 0x26, 0x03, 0x52, 0x00, 0x0B, 0x00, 0x1D, 0x00, 0x58, 0x40, 0x55,
	0x04, 0x01, 0x00, 0x03, 0x01, 0x01, 0x02, 0x00, 0x01, 0x67, 0x00, 0x09,
	0x0E, 0x01, 0x0C, 0x0B, 0x09, 0x0C, 0x67, 0x00, 0x02, 0x02, 0x05, 0x5F,
	0x0F, 0x01, 0x05, 0x05, 0x16, 0x4D, 0x00, 0x06, 0x06, 0x07, 0x5F, 0x0A,
	0x01, 0x07, 0x07, 0x19, 0x4D, 0x00, 0x08, 0x08, 0x0B, 0x5F, 0x0D, 0x01,
	0x0B, 0x0B, 0x17, 0x0B, 0x4E, 0x00, 0x00, 0x1D, 0x1C, 0x1B, 0x1A, 0x19,
	0x18, 0x17, 0x16, 0x15, 0x14, 0x13, 0x12, 0x11, 0x10, 0x0F, 0x0E, 0x0D,
	0x0C, 0x00, 0x0B, 0x00, 0x0B, 0x11, 0x11, 0x11, 0x11, 0x11, 0x10, 0x07,
	0x1B, 0x2B, 0x01, 0x35, 0x33, 0x15, 0x23, 0x15, 0x23, 0x35, 0x23, 0x35,
	0x33, 0x15, 0x03, 0x23, 0x11, 0x33, 0x11, 0x33, 0x35, 0x33, 0x11, 0x33,
	0x11, 0x23, 0x35, 0x23, 0x15, 0x23, 0x35, 0x23, 0x01, 0x5E, 0x64, 0x32,
	0xC8, 0x32, 0x64, 0x96, 0x32, 0x96, 0x96, 0x32, 0x96, 0x96, 0x32, 0xC8,
	0x32, 0x02, 0xEE, 0x64, 0x96, 0x32, 0x32, 0x96, 0x64, 0xFD, 0x76, 0x01,
	0xC2, 0xFE, 0x70, 0x32, 0x01, 0x5E, 0xFD, 0xDA, 0x32, 0x32, 0x32, 0x00,
	0x00, 0x02, 0x00, 0x32, 0x00, 0x00, 0x02, 0x26, 0x03, 0x52, 0x00, 0x0F,
	0x00, 0x21, 0x00, 0xA3, 0x4B, 0xB0, 0x21, 0x50, 0x58, 0x40, 0x3C, 0x03,
	0x01, 0x01, 0x02, 0x00, 0x00, 0x01, 0x72, 0x00, 0x02, 0x00, 0x06, 0x05,
	0x02, 0x06, 0x67, 0x00, 0x0B, 0x10, 0x01, 0x0E, 0x0D, 0x0B, 0x0E, 0x67,
	0x07, 0x01, 0x05, 0x05, 0x00, 0x5F, 0x04, 0x01, 0x00, 0x00, 0x16, 0x4D,
	0x00, 0x08, 0x08, 0x09, 0x5F, 0x0C, 0x01, 0x09, 0x09, 0x19, 0x4D, 0x00,
	0x0A, 0x0A, 0x0D, 0x5F, 0x0F, 0x01, 0x0D, 0x0D, 0x17, 0x0D, 0x4E, 0x1B,
	0x40, 0x3D, 0x03, 0x01, 0x01, 0x02, 0x00, 0x02, 0x01, 0x00, 0x80, 0x00,
	0x02, 0x00, 0x06, 0x05, 0x02, 0x06, 0x67, 0x00, 0x0B, 0x10, 0x01, 0x0E,
	0x0D, 0x0B, 0x0E, 0x67, 0x07, 0x01, 0x05, 0x05, 0x00, 0x5F, 0x04, 0x01,
	0x00, 0x00, 0x16, 0x4D, 0x00, 0x08, 0x08, 0x09, 0x5F, 0x0C, 0x01, 0x09,
	0x09, 0x19, 0x4D, 0x00, 0x0A, 0x0A, 0x0D, 0x5F, 0x0F, 0x01, 0x0D, 0x0D,
	0x17, 0x0D, 0x4E, 0x59, 0x40, 0x1C, 0x21, 0x20, 0x1F, 0x1E, 0x1D, 0x1C,
	0x1B, 0x1A, 0x19, 0x18, 0x17, 0x16, 0x15, 0x14, 0x13, 0x12, 0x11, 0x11,
	0x11, 0x11, 0x11, 0x11, 0x11, 0x11, 0x10, 0x11, 0x07, 0x1F, 0x2B, 0x13,
	0x33, 0x35, 0x33, 0x35, 0x33, 0x15, 0x33, 0x15, 0x33, 0x15, 0x23, 0x35,
	0x23, 0x15, 0x23, 0x03, 0x23, 0x11, 0x33, 0x11, 0x33, 0x35, 0x33, 0x11,
	0x33, 0x11, 0x23, 0x35, 0x23, 0x15, 0x23, 0x35, 0x23, 0x96, 0x32, 0x32,
	0x64, 0x32, 0x32, 0x64, 0x64, 0x64, 0x32, 0x32, 0x96, 0x96, 0x32, 0x96,
	0x96, 0x32, 0xC8, 0x32, 0x02, 0xEE, 0x32, 0x32, 0x32, 0x32, 0x64, 0x32,
	0x32, 0xFD, 0xDA, 0x01, 0xC2, 0xFE, 0x70, 0x32, 0x01, 0x5E, 0xFD, 0xDA,
	0x32, 0x32, 0x32, 0x00, 0x00, 0x03, 0x00, 0x32, 0x00, 0x00, 0x02, 0x26,
	0x03, 0x20, 0x00, 0x03, 0x00, 0x07, 0x00, 0x19, 0x00, 0x41, 0x40, 0x3E,
	0x02, 0x01, 0x00, 0x03, 0x01, 0x01, 0x05, 0x00, 0x01, 0x67, 0x00, 0x07,
	0x0C, 0x01, 0x0A, 0x09, 0x07, 0x0A, 0x67, 0x00, 0x04, 0x04, 0x05, 0x5F,
	0x08, 0x01, 0x05, 0x05, 0x19, 0x4D, 0x00, 0x06, 0x06, 0x09, 0x5F, 0x0B,
	0x01, 0x09, 0x09, 0x17, 0x09, 0x4E, 0x19, 0x18, 0x17, 0x16, 0x15, 0x14,
	0x13, 0x12, 0x11, 0x11, 0x11, 0x11, 0x11, 0x11, 0x11, 0x11, 0x10, 0x0D,
	0x07, 0x1F, 0x2B, 0x01, 0x33, 0x15, 0x23, 0x27, 0x33, 0x15, 0x23, 0x11,
	0x23, 0x11, 0x33, 0x11, 0x33, 0x35, 0x33, 0x11, 0x33, 0x11, 0x23, 0x35,
	0x23, 0x15, 0x23, 0x35, 0x23, 0x01, 0x5E, 0x96, 0x96, 0xFA, 0x96, 0x96,
	0x32, 0x96, 0x96, 0x32, 0x96, 0x96, 0x32, 0xC8, 0x32, 0x03, 0x20, 0x96,
	0x96, 0x96, 0xFD, 0xDA, 0x01, 0xC2, 0xFE, 0x70, 0x32, 0x01, 0x5E, 0xFD,
	0xDA, 0x32, 0x32, 0x32, 0x00, 0x02, 0x00, 0x32, 0x00, 0x00, 0x02, 0x26,
	0x03, 0x52, 0x00, 0x0B, 0x00, 0x1D, 0x00, 0xA8, 0x4B, 0xB0, 0x21, 0x50,
	0x58, 0x40, 0x40, 0x00, 0x01, 0x00, 0x05, 0x02, 0x01, 0x72, 0x00, 0x04,
	0x02, 0x03, 0x05, 0x04, 0x72, 0x00, 0x00, 0x00, 0x05, 0x02, 0x00, 0x05,
	0x67, 0x00, 0x09, 0x0E, 0x01, 0x0C, 0x0B, 0x09, 0x0C, 0x67, 0x00, 0x03,
	0x03, 0x02, 0x5F, 0x00, 0x02, 0x02, 0x16, 0x4D, 0x00, 0x06, 0x06, 0x07,
	0x5F, 0x0A, 0x01, 0x07, 0x07, 0x19, 0x4D, 0x00, 0x08, 0x08, 0x0B, 0x5F,
	0x0D, 0x01, 0x0B, 0x0B, 0x17, 0x0B, 0x4E, 0x1B, 0x40, 0x42, 0x00, 0x01,
	0x00, 0x05, 0x00, 0x01, 0x05, 0x80, 0x00, 0x04, 0x02, 0x03, 0x02, 0x04,
	0x03, 0x80, 0x00, 0x00, 0x00, 0x05, 0x02, 0x00, 0x05, 0x67, 0x00, 0x09,
	0x0E, 0x01, 0x0C, 0x0B, 0x09, 0x0C, 0x67, 0x00, 0x03, 0x03, 0x02, 0x5F,
	0x00, 0x02, 0x02, 0x16, 0x4D, 0x00, 0x06, 0x06, 0x07, 0x5F, 0x0A, 0x01,
	0x07, 0x07, 0x19, 0x4D, 0x00, 0x08, 0x08, 0x0B, 0x5F, 0x0D, 0x01, 0x0B,
	0x0B, 0x17, 0x0B, 0x4E, 0x59, 0x40, 0x18, 0x1D, 0x1C, 0x1B, 0x1A, 0x19,
	0x18, 0x17, 0x16, 0x15, 0x14, 0x13, 0x12, 0x11, 0x11, 0x11, 0x11, 0x11,
	0x11, 0x11, 0x11, 0x10, 0x0F, 0x07, 0x1F, 0x2B, 0x13, 0x33, 0x15, 0x33,
	0x15, 0x33, 0x15, 0x23, 0x35, 0x23, 0x35, 0x23, 0x03, 0x23, 0x11, 0x33,
	0x11, 0x33, 0x35, 0x33, 0x11, 0x33, 0x11, 0x23, 0x35, 0x23, 0x15, 0x23,
	0x35, 0x23, 0xC8, 0x64, 0x32, 0x32, 0x64, 0x32, 0x32, 0x64, 0x32, 0x96,
	0x96, 0x32, 0x96, 0x96, 0x32, 0xC8, 0x32, 0x03, 0x52, 0x32, 0x32, 0x64,
	0x32, 0x32, 0xFD, 0x76, 0x01, 0xC2, 0xFE, 0x70, 0x32, 0x01, 0x5E, 0xFD,
	0xDA, 0x32, 0x32, 0x32, 0x00, 0x03, 0x00, 0x32, 0x00, 0x00, 0x02, 0x26,
	0x03, 0x52, 0x00, 0x0B, 0x00, 0x17, 0x00, 0x29, 0x00, 0xC0, 0x4B, 0xB0,
	0x21, 0x50, 0x58, 0x40, 0x46, 0x07, 0x01, 0x01, 0x02, 0x03, 0x00, 0x01,
	0x72, 0x0A, 0x01, 0x04, 0x00, 0x05, 0x03, 0x04, 0x72, 0x08, 0x01, 0x02,
	0x09, 0x01, 0x03, 0x00, 0x02, 0x03, 0x67, 0x00, 0x0F, 0x14, 0x01, 0x12,
	0x11, 0x0F, 0x12, 0x67, 0x0B, 0x01, 0x05, 0x05, 0x00, 0x5F, 0x06, 0x01,
	0x00, 0x00, 0x16, 0x4D, 0x00, 0x0C, 0x0C, 0x0D, 0x5F, 0x10, 0x01, 0x0D,
	0x0D, 0x19, 0x4D, 0x00, 0x0E, 0x0E, 0x11, 0x5F, 0x13, 0x01, 0x11, 0x11,
	0x17, 0x11, 0x4E, 0x1B, 0x40, 0x48, 0x07, 0x01, 0x01, 0x02, 0x03, 0x02,
	0x01, 0x03, 0x80, 0x0A, 0x01, 0x04, 0x00, 0x05, 0x00, 0x04, 0x05, 0x80,
	0x08, 0x01, 0x02, 0x09, 0x01, 0x03, 0x00, 0x02, 0x03, 0x67, 0x00, 0x0F,
	0x14, 0x01, 0x12, 0x11, 0x0F, 0x12, 0x67, 0x0B, 0x01, 0x05, 0x05, 0x00,
	0x5F, 0x06, 0x01, 0x00, 0x00, 0x16, 0x4D, 0x00, 0x0C, 0x0C, 0x0D, 0x5F,
	0x10, 0x01, 0x0D, 0x0D, 0x19, 0x4D, 0x00, 0x0E, 0x0E, 0x11, 0x5F, 0x13,
	0x01, 0x11, 0x11, 0x17, 0x11, 0x4E, 0x59, 0x40, 0x24, 0x29, 0x28, 0x27,
	0x26, 0x25, 0x24, 0x23, 0x22, 0x21, 0x20, 0x1F, 0x1E, 0x1D, 0x1C, 0x1B,
	0x1A, 0x19, 0x18, 0x17, 0x16, 0x15, 0x14, 0x13, 0x12, 0x11, 0x11, 0x11,
	0x11, 0x11, 0x11, 0x11, 0x11, 0x10, 0x15, 0x07, 0x1F, 0x2B, 0x01, 0x33,
	0x35, 0x33, 0x35, 0x33, 0x15, 0x23, 0x15, 0x23, 0x15, 0x23, 0x27, 0x33,
	0x35, 0x33, 0x35, 0x33, 0x15, 0x23, 0x15, 0x23, 0x15, 0x23, 0x11, 0x23,
	0x11, 0x33, 0x11, 0x33, 0x35, 0x33, 0x11, 0x33, 0x11, 0x23, 0x35, 0x23,
	0x15, 0x23, 0x35, 0x23, 0x01, 0x2C, 0x32, 0x32, 0x64, 0x32, 0x32, 0x64,
	0xC8, 0x32, 0x32, 0x64, 0x32, 0x32, 0x64, 0x32, 0x96, 0x96, 0x32, 0x96,
	0x96, 0x32, 0xC8, 0x32, 0x02, 0xEE, 0x32, 0x32, 0x64, 0x32, 0x32, 0x64,
	0x32, 0x32, 0x64, 0x32, 0x32, 0xFD, 0xDA, 0x01, 0xC2, 0xFE, 0x70, 0x32,
	0x01, 0x5E, 0xFD, 0xDA, 0x32, 0x32, 0x32, 0x00, 0x00, 0x02, 0x00, 0x32,
	0x00, 0x00, 0x02, 0x26, 0x02, 0xEE, 0x00, 0x03, 0x00, 0x15, 0x00, 0x3D,
	0x40, 0x3A, 0x00, 0x05, 0x0A, 0x01, 0x08, 0x07, 0x05, 0x08, 0x67, 0x00,
	0x01, 0x01, 0x00, 0x5F, 0x00, 0x00, 0x00, 0x16, 0x4D, 0x00, 0x02, 0x02,
	0x03, 0x5F, 0x06, 0x01, 0x03, 0x03, 0x19, 0x4D, 0x00, 0x04, 0x04, 0x07,
	0x5F, 0x09, 0x01, 0x07, 0x07, 0x17, 0x07, 0x4E, 0x15, 0x14, 0x13, 0x12,
	0x11, 0x11, 0x11, 0x11, 0x11, 0x11, 0x11, 0x11, 0x10, 0x0B, 0x07, 0x1F,
	0x2B, 0x13, 0x21, 0x15, 0x21, 0x03, 0x23, 0x11, 0x33, 0x11, 0x33, 0x35,
	0x33, 0x11, 0x33, 0x11, 0x23, 0x35, 0x23, 0x15, 0x23, 0x35, 0x23, 0x96,
	0x01, 0x2C, 0xFE, 0xD4, 0x32, 0x32, 0x96, 0x96, 0x32, 0x96, 0x96, 0x32,
	0xC8, 0x32, 0x02, 0xEE, 0x64, 0xFD, 0xDA, 0x01, 0xC2, 0xFE, 0x70, 0x32,
	0x01, 0x5E, 0xFD, 0xDA, 0x32, 0x32, 0x32, 0x00, 0x00, 0x01, 0x00, 0x32,
	0xFF, 0x06, 0x02, 0x26, 0x02, 0x26, 0x00, 0x1F, 0x01, 0x02, 0x4B, 0xB0,
	0x10, 0x50, 0x58, 0x40, 0x44, 0x00, 0x06, 0x05, 0x0C, 0x05, 0x06, 0x72,
	0x00, 0x0C, 0x07, 0x08, 0x0C, 0x70, 0x00, 0x07, 0x0B, 0x05, 0x07, 0x70,
	0x00, 0x03, 0x0F, 0x01, 0x0D, 0x05, 0x03, 0x0D, 0x67, 0x00, 0x08, 0x00,
	0x09, 0x08, 0x09, 0x64, 0x00, 0x00, 0x00, 0x01, 0x5F, 0x04, 0x01, 0x01,
	0x01, 0x19, 0x4D, 0x00, 0x02, 0x02, 0x05, 0x5F, 0x0E, 0x01, 0x05, 0x05,
	0x17, 0x4D, 0x00, 0x0B, 0x0B, 0x0A, 0x5F, 0x00, 0x0A, 0x0A, 0x1B, 0x0A,
	0x4E, 0x1B, 0x4B, 0xB0, 0x21, 0x50, 0x58, 0x40, 0x46, 0x00, 0x06, 0x05,
	0x0C, 0x05, 0x06, 0x72, 0x00, 0x0C, 0x07, 0x05, 0x0C, 0x07, 0x7E, 0x00,
	0x07, 0x0B, 0x05, 0x07, 0x0B, 0x7E, 0x00, 0x03, 0x0F, 0x01, 0x0D, 0x05,
	0x03, 0x0D, 0x67, 0x00, 0x08, 0x00, 0x09, 0x08, 0x09, 0x64, 0x00, 0x00,
	0x00, 0x01, 0x5F, 0x04, 0x01, 0x01, 0x01, 0x19, 0x4D, 0x00, 0x02, 0x02,
	0x05, 0x5F, 0x0E, 0x01, 0x05, 0x05, 0x17, 0x4D, 0x00, 0x0B, 0x0B, 0x0A,
	0x5F, 0x00, 0x0A, 0x0A, 0x1B, 0x0A, 0x4E, 0x1B, 0x40, 0x47, 0x00, 0x06,
	0x05, 0x0C, 0x05, 0x06, 0x0C, 0x80, 0x00, 0x0C, 0x07, 0x05, 0x0C, 0x07,
	0x7E, 0x00, 0x07, 0x0B, 0x05, 0x07, 0x0B, 0x7E, 0x00, 0x03, 0x0F, 0x01,
	0x0D, 0x05, 0x03, 0x0D, 0x67, 0x00, 0x08, 0x00, 0x09, 0x08, 0x09, 0x64,
	0x00, 0x00, 0x00, 0x01, 0x5F, 0x04, 0x01, 0x01, 0x01, 0x19, 0x4D, 0x00,
	0x02, 0x02, 0x05, 0x5F, 0x0E, 0x01, 0x05, 0x05, 0x17, 0x4D, 0x00, 0x0B,
	0x0B, 0x0A, 0x5F, 0x00, 0x0A, 0x0A, 0x1B, 0x0A, 0x4E, 0x59, 0x59, 0x40,
	0x1A, 0x1F, 0x1E, 0x1D, 0x1C, 0x1B, 0x1A, 0x19, 0x18, 0x17, 0x16, 0x15,
	0x14, 0x13, 0x12, 0x11, 0x11, 0x11, 0x11, 0x11, 0x11, 0x11, 0x11, 0x10,
	0x10, 0x07, 0x1F, 0x2B, 0x37, 0x23, 0x11, 0x33, 0x11, 0x33, 0x35, 0x33,
	0x11, 0x33, 0x11, 0x23, 0x15, 0x23, 0x15, 0x23, 0x15, 0x33, 0x15, 0x23,
	0x35, 0x23, 0x35, 0x33, 0x35, 0x33, 0x35, 0x23, 0x15, 0x23, 0x35, 0x23,
	0x64, 0x32, 0x96, 0x96, 0x32, 0x96, 0x32, 0x32, 0x32, 0x96, 0xC8, 0x32,
	0x32, 0x32, 0x32, 0xC8, 0x32, 0x64, 0x01, 0xC2, 0xFE, 0x70, 0x32, 0x01,
	0x5E, 0xFD, 0xDA, 0x32, 0x32, 0x32, 0x64, 0x32, 0x64, 0x32, 0x64, 0x32,
	0x32, 0x00, 0x00, 0x03, 0x00, 0x32, 0x00, 0x00, 0x02, 0x26, 0x03, 0x84,
	0x00, 0x03, 0x00, 0x15, 0x00, 0x29, 0x00, 0x78, 0x40, 0x75, 0x00, 0x0F,
	0x00, 0x00, 0x0D, 0x0F, 0x00, 0x67, 0x11, 0x01, 0x0D, 0x12, 0x01, 0x0C,
	0x01, 0x0D, 0x0C, 0x67, 0x10, 0x01, 0x0E, 0x13, 0x01, 0x0B, 0x14, 0x0E,
	0x0B, 0x67, 0x15, 0x01, 0x01, 0x00, 0x14, 0x03, 0x01, 0x14, 0x67, 0x00,
	0x05, 0x0A, 0x01, 0x08, 0x07, 0x05, 0x08, 0x67, 0x00, 0x02, 0x02, 0x03,
	0x5F, 0x06, 0x01, 0x03, 0x03, 0x19, 0x4D, 0x00, 0x04, 0x04, 0x07, 0x5F,
	0x09, 0x01, 0x07, 0x07, 0x17, 0x07, 0x4E, 0x00, 0x00, 0x29, 0x28, 0x27,
	0x26, 0x25, 0x24, 0x23, 0x22, 0x21, 0x20, 0x1F, 0x1E, 0x1D, 0x1C, 0x1B,
	0x1A, 0x19, 0x18, 0x17, 0x16, 0x15, 0x14, 0x13, 0x12, 0x11, 0x10, 0x0F,
	0x0E, 0x0D, 0x0C, 0x0B, 0x0A, 0x09, 0x08, 0x07, 0x06, 0x05, 0x04, 0x00,
	0x03, 0x00, 0x03, 0x11, 0x16, 0x07, 0x17, 0x2B, 0x01, 0x35, 0x23, 0x15,
	0x03, 0x23, 0x11, 0x33, 0x11, 0x33, 0x35, 0x33, 0x11, 0x33, 0x11, 0x23,
	0x35, 0x23, 0x15, 0x23, 0x35, 0x23, 0x13, 0x23, 0x35, 0x23, 0x35, 0x33,
	0x35, 0x33, 0x35, 0x33, 0x15, 0x33, 0x15, 0x33, 0x15, 0x23, 0x15, 0x23,
	0x15, 0x23, 0x01, 0x5E, 0x64, 0x96, 0x32, 0x96, 0x96, 0x32, 0x96, 0x96,
	0x32, 0xC8, 0x32, 0x96, 0x32, 0x32, 0x32, 0x32, 0x64, 0x32, 0x32, 0x32,
	0x32, 0x64, 0x02, 0xBC, 0x64, 0x64, 0xFD, 0xA8, 0x01, 0xC2, 0xFE, 0x70,
	0x32, 0x01, 0x5E, 0xFD, 0xDA, 0x32, 0x32, 0x32, 0x02, 0x58, 0x32, 0x64,
	0x32, 0x32, 0x32, 0x32, 0x64, 0x32, 0x32, 0x00, 0x00, 0x01, 0x00, 0x32,
	0x00, 0x00, 0x02, 0x26, 0x02, 0x26, 0x00, 0x1B, 0x00, 0xC0, 0x4B, 0xB0,
	0x10, 0x50, 0x58, 0x40, 0x30, 0x08, 0x01, 0x00, 0x04, 0x09, 0x01, 0x00,
	0x72, 0x0D, 0x01, 0x09, 0x0A, 0x01, 0x09, 0x70, 0x05, 0x01, 0x03, 0x0C,
	0x01, 0x0A, 0x0B, 0x03, 0x0A, 0x67, 0x07, 0x01, 0x01, 0x01, 0x02, 0x5F,
	0x06, 0x01, 0x02, 0x02, 0x19, 0x4D, 0x00, 0x04, 0x04, 0x0B, 0x5F, 0x00,
	0x0B, 0x0B, 0x17, 0x0B, 0x4E, 0x1B, 0x4B, 0xB0, 0x21, 0x50, 0x58, 0x40,
	0x31, 0x08, 0x01, 0x00, 0x04, 0x09, 0x01, 0x00, 0x72, 0x0D, 0x01, 0x09,
	0x0A, 0x04, 0x09, 0x0A, 0x7E, 0x05, 0x01, 0x03, 0x0C, 0x01, 0x0A, 0x0B,
	0x03, 0x0A, 0x67, 0x07, 0x01, 0x01, 0x01, 0x02, 0x5F, 0x06, 0x01, 0x02,
	0x02, 0x19, 0x4D, 0x00, 0x04, 0x04, 0x0B, 0x5F, 0x00, 0x0B, 0x0B, 0x17,
	0x0B, 0x4E, 0x1B, 0x40, 0x32, 0x08, 0x01, 0x00, 0x04, 0x09, 0x04, 0x00,
	0x09, 0x80, 0x0D, 0x01, 0x09, 0x0A, 0x04, 0x09, 0x0A, 0x7E, 0x05, 0x01,
	0x03, 0x0C, 0x01, 0x0A, 0x0B, 0x03, 0x0A, 0x67, 0x07, 0x01, 0x01, 0x01,
	0x02, 0x5F, 0x06, 0x01, 0x02, 0x02, 0x19, 0x4D, 0x00, 0x04, 0x04, 0x0B,
	0x5F, 0x00, 0x0B, 0x0B, 0x17, 0x0B, 0x4E, 0x59, 0x59, 0x40, 0x16, 0x1B,
	0x1A, 0x19, 0x18, 0x17, 0x16, 0x15, 0x14, 0x13, 0x12, 0x11, 0x11, 0x11,
	0x11, 0x11, 0x11, 0x11, 0x11, 0x10, 0x0E, 0x07, 0x1F, 0x2B, 0x37, 0x23,
	0x35, 0x23, 0x11, 0x33, 0x11, 0x33, 0x15, 0x33, 0x35, 0x33, 0x11, 0x33,
	0x11, 0x23, 0x15, 0x23, 0x15, 0x23, 0x15, 0x23, 0x15, 0x23, 0x35, 0x23,
	0x35, 0x23, 0x96, 0x32, 0x32, 0x96, 0x32, 0x64, 0x32, 0x96, 0x32, 0x32,
	0x32, 0x32, 0x64, 0x32, 0x32, 0x96, 0x32, 0x01, 0x5E, 0xFE, 0xD4, 0x32,
	0x32, 0x01, 0x2C, 0xFE, 0xA2, 0x32, 0x32, 0x32, 0x32, 0x32, 0x32, 0x00,
	0x00, 0x01, 0x00, 0x32, 0x00, 0x00, 0x03, 0x20, 0x02, 0x26, 0x00, 0x2F,
	0x00, 0xB9, 0x4B, 0xB0, 0x21, 0x50, 0x58, 0x40, 0x40, 0x17, 0x13, 0x11,
	0x03, 0x0D, 0x00, 0x0E, 0x00, 0x0D, 0x72, 0x09, 0x07, 0x05, 0x03, 0x03,
	0x16, 0x14, 0x10, 0x03, 0x0E, 0x0F, 0x03, 0x0E, 0x67, 0x0B, 0x01, 0x01,
	0x01, 0x02, 0x5F, 0x0A, 0x06, 0x02, 0x02, 0x02, 0x19, 0x4D, 0x12, 0x0C,
	0x02, 0x00, 0x00, 0x02, 0x5F, 0x0A, 0x06, 0x02, 0x02, 0x02, 0x19, 0x4D,
	0x08, 0x01, 0x04, 0x04, 0x0F, 0x5F, 0x15, 0x01, 0x0F, 0x0F, 0x17, 0x0F,
	0x4E, 0x1B, 0x40, 0x41, 0x17, 0x13, 0x11, 0x03, 0x0D, 0x00, 0x0E, 0x00,
	0x0D, 0x0E, 0x80, 0x09, 0x07, 0x05, 0x03, 0x03, 0x16, 0x14, 0x10, 0x03,
	0x0E, 0x0F, 0x03, 0x0E, 0x67, 0x0B, 0x01, 0x01, 0x01, 0x02, 0x5F, 0x0A,
	0x06, 0x02, 0x02, 0x02, 0x19, 0x4D, 0x12, 0x0C, 0x02, 0x00, 0x00, 0x02,
	0x5F, 0x0A, 0x06, 0x02, 0x02, 0x02, 0x19, 0x4D, 0x08, 0x01, 0x04, 0x04,
	0x0F, 0x5F, 0x15, 0x01, 0x0F, 0x0F, 0x17, 0x0F, 0x4E, 0x59, 0x40, 0x2A,
	0x2F, 0x2E, 0x2D, 0x2C, 0x2B, 0x2A, 0x29, 0x28, 0x27, 0x26, 0x25, 0x24,
	0x23, 0x22, 0x21, 0x20, 0x1F, 0x1E, 0x1D, 0x1C, 0x1B, 0x1A, 0x19, 0x18,
	0x17, 0x16, 0x15, 0x14, 0x13, 0x12, 0x11, 0x11, 0x11, 0x11, 0x11, 0x11,
	0x11, 0x11, 0x10, 0x18, 0x07, 0x1F, 0x2B, 0x37, 0x23, 0x35, 0x23, 0x11,
	0x33, 0x11, 0x33, 0x15, 0x33, 0x35, 0x33, 0x11, 0x33, 0x11, 0x33, 0x15,
	0x33, 0x35, 0x33, 0x11, 0x33, 0x11, 0x23, 0x15, 0x23, 0x15, 0x23, 0x15,
	0x23, 0x15, 0x23, 0x35, 0x23, 0x35, 0x23, 0x35, 0x23, 0x15, 0x23, 0x15,
	0x23, 0x15, 0x23, 0x35, 0x23, 0x35, 0x23, 0x96, 0x32, 0x32, 0x96, 0x32,
	0x32, 0x32, 0x96, 0x32, 0x32, 0x32, 0x96, 0x32, 0x32, 0x32, 0x32, 0x32,
	0x32, 0x32, 0x32, 0x32, 0x32, 0x32, 0x32, 0x32, 0x96, 0x32, 0x01, 0x5E,
	0xFE, 0xD4, 0x32, 0x32, 0x01, 0x2C, 0xFE, 0xD4, 0x32, 0x32, 0x01, 0x2C,
	0xFE, 0xA2, 0x32, 0x32, 0x32, 0x32, 0x32, 0x32, 0x32, 0x32, 0x32, 0x32,
	0x32, 0x32, 0x00, 0x02, 0x00, 0x32, 0x00, 0x00, 0x03, 0x20, 0x03, 0x52,
	0x00, 0x0B, 0x00, 0x3B, 0x01, 0x07, 0x4B, 0xB0, 0x21, 0x50, 0x58, 0x40,
	0x60, 0x00, 0x01, 0x02, 0x03, 0x00, 0x01, 0x72, 0x00, 0x04, 0x00, 0x05,
	0x03, 0x04, 0x72, 0x1D, 0x19, 0x17, 0x03, 0x13, 0x06, 0x14, 0x06, 0x13,
	0x72, 0x00, 0x02, 0x00, 0x03, 0x00, 0x02, 0x03, 0x67, 0x0F, 0x0D, 0x0B,
	0x03, 0x09, 0x1C, 0x1A, 0x16, 0x03, 0x14, 0x15, 0x09, 0x14, 0x67, 0x00,
	0x05, 0x05, 0x00, 0x5F, 0x00, 0x00, 0x00, 0x16, 0x4D, 0x11, 0x01, 0x07,
	0x07, 0x08, 0x5F, 0x10, 0x0C, 0x02, 0x08, 0x08, 0x19, 0x4D, 0x18, 0x12,
	0x02, 0x06, 0x06, 0x08, 0x5F, 0x10, 0x0C, 0x02, 0x08, 0x08, 0x19, 0x4D,
	0x0E, 0x01, 0x0A, 0x0A, 0x15, 0x5F, 0x1B, 0x01, 0x15, 0x15, 0x17, 0x15,
	0x4E, 0x1B, 0x40, 0x63, 0x00, 0x01, 0x02, 0x03, 0x02, 0x01, 0x03, 0x80,
	0x00, 0x04, 0x00, 0x05, 0x00, 0x04, 0x05, 0x80, 0x1D, 0x19, 0x17, 0x03,
	0x13, 0x06, 0x14, 0x06, 0x13, 0x14, 0x80, 0x00, 0x02, 0x00, 0x03, 0x00,
	0x02, 0x03, 0x67, 0x0F, 0x0D, 0x0B, 0x03, 0x09, 0x1C, 0x1A, 0x16, 0x03,
	0x14, 0x15, 0x09, 0x14, 0x67, 0x00, 0x05, 0x05, 0x00, 0x5F, 0x00, 0x00,
	0x00, 0x16, 0x4D, 0x11, 0x01, 0x07, 0x07, 0x08, 0x5F, 0x10, 0x0C, 0x02,
	0x08, 0x08, 0x19, 0x4D, 0x18, 0x12, 0x02, 0x06, 0x06, 0x08, 0x5F, 0x10,
	0x0C, 0x02, 0x08, 0x08, 0x19, 0x4D, 0x0E, 0x01, 0x0A, 0x0A, 0x15, 0x5F,
	0x1B, 0x01, 0x15, 0x15, 0x17, 0x15, 0x4E, 0x59, 0x40, 0x36, 0x3B, 0x3A,
	0x39, 0x38, 0x37, 0x36, 0x35, 0x34, 0x33, 0x32, 0x31, 0x30, 0x2F, 0x2E,
	0x2D, 0x2C, 0x2B, 0x2A, 0x29, 0x28, 0x27, 0x26, 0x25, 0x24, 0x23, 0x22,
	0x21, 0x20, 0x1F, 0x1E, 0x1D, 0x1C, 0x1B, 0x1A, 0x19, 0x18, 0x17, 0x16,
	0x15, 0x14, 0x13, 0x12, 0x11, 0x11, 0x11, 0x11, 0x11, 0x11, 0x11, 0x11,
	0x10, 0x1E, 0x07, 0x1F, 0x2B, 0x01, 0x33, 0x35, 0x33, 0x35, 0x33, 0x15,
	0x23, 0x15, 0x23, 0x15, 0x23, 0x03, 0x23, 0x35, 0x23, 0x11, 0x33, 0x11,
	0x33, 0x15, 0x33, 0x35, 0x33, 0x11, 0x33, 0x11, 0x33, 0x15, 0x33, 0x35,
	0x33, 0x11, 0x33, 0x11, 0x23, 0x15, 0x23, 0x15, 0x23, 0x15, 0x23, 0x15,
	0x23, 0x35, 0x23, 0x35, 0x23, 0x35, 0x23, 0x15, 0x23, 0x15, 0x23, 0x15,
	0x23, 0x35, 0x23, 0x35, 0x23, 0x01, 0x5E, 0x32, 0x32, 0x64, 0x32, 0x32,
	0x64, 0xC8, 0x32, 0x32, 0x96, 0x32, 0x32, 0x32, 0x96, 0x32, 0x32, 0x32,
	0x96, 0x32, 0x32, 0x32, 0x32, 0x32, 0x32, 0x32, 0x32, 0x32, 0x32, 0x32,
	0x32, 0x32, 0x02, 0xEE, 0x32, 0x32, 0x64, 0x32, 0x32, 0xFE, 0x0C, 0x32,
	0x01, 0x5E, 0xFE, 0xD4, 0x32, 0x32, 0x01, 0x2C, 0xFE, 0xD4, 0x32, 0x32,
	0x01, 0x2C, 0xFE, 0xA2, 0x32, 0x32, 0x32, 0x32, 0x32, 0x32, 0x32, 0x32,
	0x32, 0x32, 0x32, 0x32, 0x00, 0x02, 0x00, 0x32, 0x00, 0x00, 0x03, 0x20,
	0x03, 0x52, 0x00, 0x13, 0x00, 0x43, 0x01, 0x17, 0x4B, 0xB0, 0x21, 0x50,
	0x58, 0x40, 0x64, 0x03, 0x01, 0x01, 0x02, 0x07, 0x00, 0x01, 0x72, 0x08,
	0x01, 0x06, 0x00, 0x05, 0x07, 0x06, 0x72, 0x21, 0x1D, 0x1B, 0x03, 0x17,
	0x0A, 0x18, 0x0A, 0x17, 0x72, 0x00, 0x02, 0x00, 0x07, 0x00, 0x02, 0x07,
	0x67, 0x13, 0x11, 0x0F, 0x03, 0x0D, 0x20, 0x1E, 0x1A, 0x03, 0x18, 0x19,
	0x0D, 0x18, 0x67, 0x09, 0x01, 0x05, 0x05, 0x00, 0x5F, 0x04, 0x01, 0x00,
	0x00, 0x16, 0x4D, 0x15, 0x01, 0x0B, 0x0B, 0x0C, 0x5F, 0x14, 0x10, 0x02,
	0x0C, 0x0C, 0x19, 0x4D, 0x1C, 0x16, 0x02, 0x0A, 0x0A, 0x0C, 0x5F, 0x14,
	0x10, 0x02, 0x0C, 0x0C, 0x19, 0x4D, 0x12, 0x01, 0x0E, 0x0E, 0x19, 0x5F,
	0x1F, 0x01, 0x19, 0x19, 0x17, 0x19, 0x4E, 0x1B, 0x40, 0x67, 0x03, 0x01,
	0x01, 0x02, 0x07, 0x02, 0x01, 0x07, 0x80, 0x08, 0x01, 0x06, 0x00, 0x05,
	0x00, 0x06, 0x05, 0x80, 0x21, 0x1D, 0x1B, 0x03, 0x17, 0x0A, 0x18, 0x0A,
	0x17, 0x18, 0x80, 0x00, 0x02, 0x00, 0x07, 0x00, 0x02, 0x07, 0x67, 0x13,
	0x11, 0x0F, 0x03, 0x0D, 0x20, 0x1E, 0x1A, 0x03, 0x18, 0x19, 0x0D, 0x18,
	0x67, 0x09, 0x01, 0x05, 0x05, 0x00, 0x5F, 0x04, 0x01, 0x00, 0x00, 0x16,
	0x4D, 0x15, 0x01, 0x0B, 0x0B, 0x0C, 0x5F, 0x14, 0x10, 0x02, 0x0C, 0x0C,
	0x19, 0x4D, 0x1C, 0x16, 0x02, 0x0A, 0x0A, 0x0C, 0x5F, 0x14, 0x10, 0x02,
	0x0C, 0x0C, 0x19, 0x4D, 0x12, 0x01, 0x0E, 0x0E, 0x19, 0x5F, 0x1F, 0x01,
	0x19, 0x19, 0x17, 0x19, 0x4E, 0x59, 0x40, 0x3E, 0x43, 0x42, 0x41, 0x40,
	0x3F, 0x3E, 0x3D, 0x3C, 0x3B, 0x3A, 0x39, 0x38, 0x37, 0x36, 0x35, 0x34,
	0x33, 0x32, 0x31, 0x30, 0x2F, 0x2E, 0x2D, 0x2C, 0x2B, 0x2A, 0x29, 0x28,
	0x27, 0x26, 0x25, 0x24, 0x23, 0x22, 0x21, 0x20, 0x1F, 0x1E, 0x1D, 0x1C,
	0x1B, 0x1A, 0x19, 0x18, 0x17, 0x16, 0x15, 0x14, 0x13, 0x12, 0x11, 0x11,
	0x11, 0x11, 0x11, 0x11, 0x11, 0x11, 0x10, 0x22, 0x07, 0x1F, 0x2B, 0x13,
	0x33, 0x35, 0x33, 0x35, 0x33, 0x15, 0x33, 0x15, 0x33, 0x15, 0x23, 0x35,
	0x23, 0x35, 0x23, 0x15, 0x23, 0x15, 0x23, 0x03, 0x23, 0x35, 0x23, 0x11,
	0x33, 0x11, 0x33, 0x15, 0x33, 0x35, 0x33, 0x11, 0x33, 0x11, 0x33, 0x15,
	0x33, 0x35, 0x33, 0x11, 0x33, 0x11, 0x23, 0x15, 0x23, 0x15, 0x23, 0x15,
	0x23, 0x15, 0x23, 0x35, 0x23, 0x35, 0x23, 0x35, 0x23, 0x15, 0x23, 0x15,
	0x23, 0x15, 0x23, 0x35, 0x23, 0x35, 0x23, 0xFA, 0x32, 0x32, 0x96, 0x32,
	0x32, 0x64, 0x32, 0x32, 0x32, 0x64, 0x64, 0x32, 0x32, 0x96, 0x32, 0x32,
	0x32, 0x96, 0x32, 0x32, 0x32, 0x96, 0x32, 0x32, 0x32, 0x32, 0x32, 0x32,
	0x32, 0x32, 0x32, 0x32, 0x32, 0x32, 0x32, 0x02, 0xEE, 0x32, 0x32, 0x32,
	0x32, 0x64, 0x32, 0x32, 0x32, 0x32, 0xFE, 0x0C, 0x32, 0x01, 0x5E, 0xFE,
	0xD4, 0x32, 0x32, 0x01, 0x2C, 0xFE, 0xD4, 0x32, 0x32, 0x01, 0x2C, 0xFE,
	0xA2, 0x32, 0x32, 0x32, 0x32, 0x32, 0x32, 0x32, 0x32, 0x32, 0x32, 0x32,
	0x32, 0x00, 0x00, 0x03, 0x00, 0x32, 0x00, 0x00, 0x03, 0x20, 0x03, 0x20,
	0x00, 0x03, 0x00, 0x07, 0x00, 0x37, 0x00, 0xD5, 0x4B, 0xB0, 0x21, 0x50,
	0x58, 0x40, 0x4A, 0x1B, 0x17, 0x15, 0x03, 0x11, 0x04, 0x12, 0x04, 0x11,
	0x72, 0x02, 0x01, 0x00, 0x03, 0x01, 0x01, 0x06, 0x00, 0x01, 0x67, 0x0D,
	0x0B, 0x09, 0x03, 0x07, 0x1A, 0x18, 0x14, 0x03, 0x12, 0x13, 0x07, 0x12,
	0x67, 0x0F, 0x01, 0x05, 0x05, 0x06, 0x5F, 0x0E, 0x0A, 0x02, 0x06, 0x06,
	0x19, 0x4D, 0x16, 0x10, 0x02, 0x04, 0x04, 0x06, 0x5F, 0x0E, 0x0A, 0x02,
	0x06, 0x06, 0x19, 0x4D, 0x0C, 0x01, 0x08, 0x08, 0x13, 0x5F, 0x19, 0x01,
	0x13, 0x13, 0x17, 0x13, 0x4E, 0x1B, 0x40, 0x4B, 0x1B, 0x17, 0x15, 0x03,
	0x11, 0x04, 0x12, 0x04, 0x11, 0x12, 0x80, 0x02, 0x01, 0x00, 0x03, 0x01,
	0x01, 0x06, 0x00, 0x01, 0x67, 0x0D, 0x0B, 0x09, 0x03, 0x07, 0x1A, 0x18,
	0x14, 0x03, 0x12, 0x13, 0x07, 0x12, 0x67, 0x0F, 0x01, 0x05, 0x05, 0x06,
	0x5F, 0x0E, 0x0A, 0x02, 0x06, 0x06, 0x19, 0x4D, 0x16, 0x10, 0x02, 0x04,
	0x04, 0x06, 0x5F, 0x0E, 0x0A, 0x02, 0x06, 0x06, 0x19, 0x4D, 0x0C, 0x01,
	0x08, 0x08, 0x13, 0x5F, 0x19, 0x01, 0x13, 0x13, 0x17, 0x13, 0x4E, 0x59,
	0x40, 0x32, 0x37, 0x36, 0x35, 0x34, 0x33, 0x32, 0x31, 0x30, 0x2F, 0x2E,
	0x2D, 0x2C, 0x2B, 0x2A, 0x29, 0x28, 0x27, 0x26, 0x25, 0x24, 0x23, 0x22,
	0x21, 0x20, 0x1F, 0x1E, 0x1D, 0x1C, 0x1B, 0x1A, 0x19, 0x18, 0x17, 0x16,
	0x15, 0x14, 0x13, 0x12, 0x11, 0x11, 0x11, 0x11, 0x11, 0x11, 0x11, 0x11,
	0x10, 0x1C, 0x07, 0x1F, 0x2B, 0x01, 0x33, 0x15, 0x23, 0x27, 0x33, 0x15,
	0x23, 0x03, 0x23, 0x35, 0x23, 0x11, 0x33, 0x11, 0x33, 0x15, 0x33, 0x35,
	0x33, 0x11, 0x33, 0x11, 0x33, 0x15, 0x33, 0x35, 0x33, 0x11, 0x33, 0x11,
	0x23, 0x15, 0x23, 0x15, 0x23, 0x15, 0x23, 0x15, 0x23, 0x35, 0x23, 0x35,
	0x23, 0x35, 0x23, 0x15, 0x23, 0x15, 0x23, 0x15, 0x23, 0x35, 0x23, 0x35,
	0x23, 0x01, 0xC2, 0x96, 0x96, 0xC8, 0x96, 0x96, 0x64, 0x32, 0x32, 0x96,
	0x32, 0x32, 0x32, 0x96, 0x32, 0x32, 0x32, 0x96, 0x32, 0x32, 0x32, 0x32,
	0x32, 0x32, 0x32, 0x32, 0x32, 0x32, 0x32, 0x32, 0x32, 0x03, 0x20, 0x96,
	0x96, 0x96, 0xFE, 0x0C, 0x32, 0x01, 0x5E, 0xFE, 0xD4, 0x32, 0x32, 0x01,
	0x2C, 0xFE, 0xD4, 0x32, 0x32, 0x01, 0x2C, 0xFE, 0xA2, 0x32, 0x32, 0x32,
	0x32, 0x32, 0x32, 0x32, 0x32, 0x32, 0x32, 0x32, 0x32, 0x00, 0x00, 0x02,
	0x00, 0x32, 0x00, 0x00, 0x03, 0x20, 0x03, 0x52, 0x00, 0x0B, 0x00, 0x3B,
	0x01, 0x07, 0x4B, 0xB0, 0x21, 0x50, 0x58, 0x40, 0x60, 0x00, 0x01, 0x00,
	0x05, 0x02, 0x01, 0x72, 0x00, 0x04, 0x02, 0x03, 0x05, 0x04, 0x72, 0x1D,
	0x19, 0x17, 0x03, 0x13, 0x06, 0x14, 0x06, 0x13, 0x72, 0x00, 0x00, 0x00,
	0x05, 0x02, 0x00, 0x05, 0x67, 0x0F, 0x0D, 0x0B, 0x03, 0x09, 0x1C, 0x1A,
	0x16, 0x03, 0x14, 0x15, 0x09, 0x14, 0x67, 0x00, 0x03, 0x03, 0x02, 0x5F,
	0x00, 0x02, 0x02, 0x16, 0x4D, 0x11, 0x01, 0x07, 0x07, 0x08, 0x5F, 0x10,
	0x0C, 0x02, 0x08, 0x08, 0x19, 0x4D, 0x18, 0x12, 0x02, 0x06, 0x06, 0x08,
	0x5F, 0x10, 0x0C, 0x02, 0x08, 0x08, 0x19, 0x4D, 0x0E, 0x01, 0x0A, 0x0A,
	0x15, 0x5F, 0x1B, 0x01, 0x15, 0x15, 0x17, 0x15, 0x4E, 0x1B, 0x40, 0x63,
	0x00, 0x01, 0x00, 0x05, 0x00, 0x01, 0x05, 0x80, 0x00, 0x04, 0x02, 0x03,
	0x02, 0x04, 0x03, 0x80, 0x1D, 0x19, 0x17, 0x03, 0x13, 0x06, 0x14, 0x06,
	0x13, 0x14, 0x80, 0x00, 0x00, 0x00, 0x05, 0x02, 0x00, 0x05, 0x67, 0x0F,
	0x0D, 0x0B, 0x03, 0x09, 0x1C, 0x1A, 0x16, 0x03, 0x14, 0x15, 0x09, 0x14,
	0x67, 0x00, 0x03, 0x03, 0x02, 0x5F, 0x00, 0x02, 0x02, 0x16, 0x4D, 0x11,
	0x01, 0x07, 0x07, 0x08, 0x5F, 0x10, 0x0C, 0x02, 0x08, 0x08, 0x19, 0x4D,
	0x18, 0x12, 0x02, 0x06, 0x06, 0x08, 0x5F, 0x10, 0x0C, 0x02, 0x08, 0x08,
	0x19, 0x4D, 0x0E, 0x01, 0x0A, 0x0A, 0x15, 0x5F, 0x1B, 0x01, 0x15, 0x15,
	0x17, 0x15, 0x4E, 0x59, 0x40, 0x36, 0x3B, 0x3A, 0x39, 0x38, 0x37, 0x36,
	0x35, 0x34, 0x33, 0x32, 0x31, 0x30, 0x2F, 0x2E, 0x2D, 0x2C, 0x2B, 0x2A,
	0x29, 0x28, 0x27, 0x26, 0x25, 0x24, 0x23, 0x22, 0x21, 0x20, 0x1F, 0x1E,
	0x1D, 0x1C, 0x1B, 0x1A, 0x19, 0x18, 0x17, 0x16, 0x15, 0x14, 0x13, 0x12,
	0x11, 0x11, 0x11, 0x11, 0x11, 0x11, 0x11, 0x11, 0x10, 0x1E, 0x07, 0x1F,
	0x2B, 0x01, 0x33, 0x15, 0x33, 0x15, 0x33, 0x15, 0x23, 0x35, 0x23, 0x35,
	0x23, 0x03, 0x23, 0x35, 0x23, 0x11, 0x33, 0x11, 0x33, 0x15, 0x33, 0x35,
	0x33, 0x11, 0x33, 0x11, 0x33, 0x15, 0x33, 0x35, 0x33, 0x11, 0x33, 0x11,
	0x23, 0x15, 0x23, 0x15, 0x23, 0x15, 0x23, 0x15, 0x23, 0x35, 0x23, 0x35,
	0x23, 0x35, 0x23, 0x15, 0x23, 0x15, 0x23, 0x15, 0x23, 0x35, 0x23, 0x35,
	0x23, 0x01, 0x5E, 0x64, 0x32, 0x32, 0x64, 0x32, 0x32, 0xC8, 0x32, 0x32,
	0x96, 0x32, 0x32, 0x32, 0x96, 0x32, 0x32, 0x32, 0x96, 0x32, 0x32, 0x32,
	0x32, 0x32, 0x32, 0x32, 0x32, 0x32, 0x32, 0x32, 0x32, 0x32, 0x03, 0x52,
	0x32, 0x32, 0x64, 0x32, 0x32, 0xFD, 0xA8, 0x32, 0x01, 0x5E, 0xFE, 0xD4,
	0x32, 0x32, 0x01, 0x2C, 0xFE, 0xD4, 0x32, 0x32, 0x01, 0x2C, 0xFE, 0xA2,
	0x32, 0x32, 0x32, 0x32, 0x32, 0x32, 0x32, 0x32, 0x32, 0x32, 0x32, 0x32,
	0x00, 0x01, 0x00, 0x32, 0x00, 0x00, 0x02, 0x26, 0x02, 0x26, 0x00, 0x2B,
	0x01, 0x1B, 0x4B, 0xB0, 0x10, 0x50, 0x58, 0x40, 0x48, 0x0C, 0x01, 0x04,
	0x08, 0x03, 0x05, 0x04, 0x72, 0x0D, 0x01, 0x03, 0x02, 0x05, 0x03, 0x70,
	0x0E, 0x01, 0x02, 0x01, 0x00, 0x02, 0x70, 0x0F, 0x01, 0x01, 0x13, 0x00,
	0x01, 0x70, 0x00, 0x08, 0x00, 0x13, 0x00, 0x08, 0x13, 0x67, 0x09, 0x01,
	0x07, 0x14, 0x01, 0x12, 0x11, 0x07, 0x12, 0x67, 0x0B, 0x01, 0x05, 0x05,
	0x06, 0x5F, 0x0A, 0x01, 0x06, 0x06, 0x19, 0x4D, 0x10, 0x01, 0x00, 0x00,
	0x11, 0x60, 0x15, 0x01, 0x11, 0x11, 0x17, 0x11, 0x4E, 0x1B, 0x4B, 0xB0,
	0x21, 0x50, 0x58, 0x40, 0x4A, 0x0C, 0x01, 0x04, 0x08, 0x03, 0x05, 0x04,
	0x72, 0x0D, 0x01, 0x03, 0x02, 0x08, 0x03, 0x02, 0x7E, 0x0E, 0x01, 0x02,
	0x01, 0x08, 0x02, 0x01, 0x7E, 0x0F, 0x01, 0x01, 0x13, 0x00, 0x01, 0x70,
	0x00, 0x08, 0x00, 0x13, 0x00, 0x08, 0x13, 0x67, 0x09, 0x01, 0x07, 0x14,
	0x01, 0x12, 0x11, 0x07, 0x12, 0x67, 0x0B, 0x01, 0x05, 0x05, 0x06, 0x5F,
	0x0A, 0x01, 0x06, 0x06, 0x19, 0x4D, 0x10, 0x01, 0x00, 0x00, 0x11, 0x60,
	0x15, 0x01, 0x11, 0x11, 0x17, 0x11, 0x4E, 0x1B, 0x40, 0x4C, 0x0C, 0x01,
	0x04, 0x08, 0x03, 0x08, 0x04, 0x03, 0x80, 0x0D, 0x01, 0x03, 0x02, 0x08,
	0x03, 0x02, 0x7E, 0x0E, 0x01, 0x02, 0x01, 0x08, 0x02, 0x01, 0x7E, 0x0F,
	0x01, 0x01, 0x13, 0x08, 0x01, 0x13, 0x7E, 0x00, 0x08, 0x00, 0x13, 0x00,
	0x08, 0x13, 0x67, 0x09, 0x01, 0x07, 0x14, 0x01, 0x12, 0x11, 0x07, 0x12,
	0x67, 0x0B, 0x01, 0x05, 0x05, 0x06, 0x5F, 0x0A, 0x01, 0x06, 0x06, 0x19,
	0x4D, 0x10, 0x01, 0x00, 0x00, 0x11, 0x60, 0x15, 0x01, 0x11, 0x11, 0x17,
	0x11, 0x4E, 0x59, 0x59, 0x40, 0x26, 0x2B, 0x2A, 0x29, 0x28, 0x27, 0x26,
	0x25, 0x24, 0x23, 0x22, 0x21, 0x20, 0x1F, 0x1E, 0x1D, 0x1C, 0x1B, 0x1A,
	0x19, 0x18, 0x17, 0x16, 0x15, 0x14, 0x13, 0x12, 0x11, 0x11, 0x11, 0x11,
	0x11, 0x11, 0x11, 0x11, 0x10, 0x16, 0x07, 0x1F, 0x2B, 0x37, 0x33, 0x35,
	0x33, 0x35, 0x33, 0x35, 0x23, 0x35, 0x23, 0x35, 0x23, 0x35, 0x33, 0x15,
	0x33, 0x15, 0x33, 0x35, 0x33, 0x35, 0x33, 0x15, 0x23, 0x15, 0x23, 0x15,
	0x23, 0x15, 0x33, 0x15, 0x33, 0x15, 0x33, 0x15, 0x23, 0x35, 0x23, 0x35,
	0x23, 0x15, 0x23, 0x15, 0x23, 0x32, 0x32, 0x32, 0x32, 0x32, 0x32, 0x32,
	0x96, 0x32, 0x64, 0x32, 0x96, 0x32, 0x32, 0x32, 0x32, 0x32, 0x32, 0x96,
	0x32, 0x64, 0x32, 0x96, 0x96, 0x32, 0x32, 0x32, 0x32, 0x32, 0x96, 0x64,
	0x32, 0x32, 0x64, 0x96, 0x32, 0x32, 0x32, 0x32, 0x32, 0x96, 0x64, 0x32,
	0x32, 0x64, 0x00, 0x01, 0x00, 0x32, 0xFF, 0x6A, 0x02, 0x26, 0x02, 0x26,
	0x00, 0x25, 0x01, 0x2E, 0x4B, 0xB0, 0x10, 0x50, 0x58, 0x40, 0x50, 0x0C,
	0x01, 0x04, 0x08, 0x03, 0x05, 0x04, 0x72, 0x0D, 0x01, 0x03, 0x0E, 0x05,
	0x03, 0x70, 0x00, 0x02, 0x0E, 0x0F, 0x00, 0x02, 0x72, 0x00, 0x01, 0x0F,
	0x10, 0x00, 0x01, 0x72, 0x00, 0x10, 0x00, 0x0F, 0x10, 0x70, 0x00, 0x0E,
	0x02, 0x07, 0x0E, 0x57, 0x09, 0x01, 0x07, 0x00, 0x11, 0x12, 0x07, 0x11,
	0x67, 0x00, 0x00, 0x00, 0x12, 0x00, 0x12, 0x64, 0x0B, 0x01, 0x05, 0x05,
	0x06, 0x5F, 0x0A, 0x01, 0x06, 0x06, 0x19, 0x4D, 0x00, 0x08, 0x08, 0x0F,
	0x5F, 0x00, 0x0F, 0x0F, 0x17, 0x0F, 0x4E, 0x1B, 0x4B, 0xB0, 0x21, 0x50,
	0x58, 0x40, 0x52, 0x0C, 0x01, 0x04, 0x08, 0x03, 0x05, 0x04, 0x72, 0x0D,
	0x01, 0x03, 0x0E, 0x08, 0x03, 0x0E, 0x7E, 0x00, 0x02, 0x0E, 0x0F, 0x0E,
	0x02, 0x0F, 0x80, 0x00, 0x01, 0x0F, 0x10, 0x00, 0x01, 0x72, 0x00, 0x10,
	0x00, 0x0F, 0x10, 0x70, 0x00, 0x0E, 0x02, 0x07, 0x0E, 0x57, 0x09, 0x01,
	0x07, 0x00, 0x11, 0x12, 0x07, 0x11, 0x67, 0x00, 0x00, 0x00, 0x12, 0x00,
	0x12, 0x64, 0x0B, 0x01, 0x05, 0x05, 0x06, 0x5F, 0x0A, 0x01, 0x06, 0x06,
	0x19, 0x4D, 0x00, 0x08, 0x08, 0x0F, 0x5F, 0x00, 0x0F, 0x0F, 0x17, 0x0F,
	0x4E, 0x1B, 0x40, 0x55, 0x0C, 0x01, 0x04, 0x08, 0x03, 0x08, 0x04, 0x03,
	0x80, 0x0D, 0x01, 0x03, 0x0E, 0x08, 0x03, 0x0E, 0x7E, 0x00, 0x02, 0x0E,
	0x0F, 0x0E, 0x02, 0x0F, 0x80, 0x00, 0x01, 0x0F, 0x10, 0x0F, 0x01, 0x10,
	0x80, 0x00, 0x10, 0x00, 0x0F, 0x10, 0x00, 0x7E, 0x00, 0x0E, 0x02, 0x07,
	0x0E, 0x57, 0x09, 0x01, 0x07, 0x00, 0x11, 0x12, 0x07, 0x11, 0x67, 0x00,
	0x00, 0x00, 0x12, 0x00, 0x12, 0x64, 0x0B, 0x01, 0x05, 0x05, 0x06, 0x5F,
	0x0A, 0x01, 0x06, 0x06, 0x19, 0x4D, 0x00, 0x08, 0x08, 0x0F, 0x5F, 0x00,
	0x0F, 0x0F, 0x17, 0x0F, 0x4E, 0x59, 0x59, 0x40, 0x20, 0x25, 0x24, 0x23,
	0x22, 0x21, 0x20, 0x1F, 0x1E, 0x1D, 0x1C, 0x1B, 0x1A, 0x19, 0x18, 0x17,
	0x16, 0x15, 0x14, 0x13, 0x12, 0x11, 0x11, 0x11, 0x11, 0x11, 0x11, 0x11,
	0x11, 0x10, 0x13, 0x07, 0x1F, 0x2B, 0x17, 0x33, 0x35, 0x33, 0x35, 0x33,
	0x35, 0x23, 0x35, 0x23, 0x35, 0x23, 0x11, 0x33, 0x11, 0x33, 0x15, 0x33,
	0x35, 0x33, 0x11, 0x33, 0x11, 0x23, 0x15, 0x23, 0x15, 0x23, 0x15, 0x23,
	0x15, 0x23, 0x15, 0x23, 0x15, 0x23, 0x15, 0x23, 0x32, 0x32, 0x32, 0x32,
	0x32, 0x32, 0x32, 0x96, 0x32, 0x64, 0x32, 0x96, 0x32, 0x32, 0x32, 0x32,
	0x32, 0x32, 0x32, 0x96, 0x32, 0x32, 0x32, 0x32, 0x32, 0x32, 0x01, 0x5E,
	0xFE, 0xD4, 0x32, 0x32, 0x01, 0x2C, 0xFE, 0xA2, 0x32, 0x32, 0x32, 0x32,
	0x32, 0x32, 0x32, 0x00, 0x00, 0x02, 0x00, 0x32, 0xFF, 0x6A, 0x02, 0x26,
	0x03, 0x52, 0x00, 0x0B, 0x00, 0x31, 0x01, 0x9C, 0x4B, 0xB0, 0x10, 0x50,
	0x58, 0x40, 0x70, 0x00, 0x01, 0x02, 0x03, 0x00, 0x01, 0x72, 0x00, 0x04,
	0x00, 0x05, 0x03, 0x04, 0x72, 0x12, 0x01, 0x0A, 0x0E, 0x09, 0x0B, 0x0A,
	0x72, 0x13, 0x01, 0x09, 0x14, 0x0B, 0x09, 0x70, 0x00, 0x08, 0x14, 0x15,
	0x06, 0x08, 0x72, 0x00, 0x07, 0x15, 0x16, 0x06, 0x07, 0x72, 0x00, 0x16,
	0x06, 0x15, 0x16, 0x70, 0x00, 0x02, 0x00, 0x03, 0x00, 0x02, 0x03, 0x67,
	0x00, 0x14, 0x08, 0x0D, 0x14, 0x57, 0x0F, 0x01, 0x0D, 0x00, 0x17, 0x18,
	0x0D, 0x17, 0x67, 0x00, 0x06, 0x00, 0x18, 0x06, 0x18, 0x64, 0x00, 0x05,
	0x05, 0x00, 0x5F, 0x00, 0x00, 0x00, 0x16, 0x4D, 0x11, 0x01, 0x0B, 0x0B,
	0x0C, 0x5F, 0x10, 0x01, 0x0C, 0x0C, 0x19, 0x4D, 0x00, 0x0E, 0x0E, 0x15,
	0x5F, 0x00, 0x15, 0x15, 0x17, 0x15, 0x4E, 0x1B, 0x4B, 0xB0, 0x21, 0x50,
	0x58, 0x40, 0x72, 0x00, 0x01, 0x02, 0x03, 0x00, 0x01, 0x72, 0x00, 0x04,
	0x00, 0x05, 0x03, 0x04, 0x72, 0x12, 0x01, 0x0A, 0x0E, 0x09, 0x0B, 0x0A,
	0x72, 0x13, 0x01, 0x09, 0x14, 0x0E, 0x09, 0x14, 0x7E, 0x00, 0x08, 0x14,
	0x15, 0x14, 0x08, 0x15, 0x80, 0x00, 0x07, 0x15, 0x16, 0x06, 0x07, 0x72,
	0x00, 0x16, 0x06, 0x15, 0x16, 0x70, 0x00, 0x02, 0x00, 0x03, 0x00, 0x02,
	0x03, 0x67, 0x00, 0x14, 0x08, 0x0D, 0x14, 0x57, 0x0F, 0x01, 0x0D, 0x00,
	0x17, 0x18, 0x0D, 0x17, 0x67, 0x00, 0x06, 0x00, 0x18, 0x06, 0x18, 0x64,
	0x00, 0x05, 0x05, 0x00, 0x5F, 0x00, 0x00, 0x00, 0x16, 0x4D, 0x11, 0x01,
	0x0B, 0x0B, 0x0C, 0x5F, 0x10, 0x01, 0x0C, 0x0C, 0x19, 0x4D, 0x00, 0x0E,
	0x0E, 0x15, 0x5F, 0x00, 0x15, 0x15, 0x17, 0x15, 0x4E, 0x1B, 0x40, 0x77,
	0x00, 0x01, 0x02, 0x03, 0x02, 0x01, 0x03, 0x80, 0x00, 0x04, 0x00, 0x05,
	0x00, 0x04, 0x05, 0x80, 0x12, 0x01, 0x0A, 0x0E, 0x09, 0x0E, 0x0A, 0x09,
	0x80, 0x13, 0x01, 0x09, 0x14, 0x0E, 0x09, 0x14, 0x7E, 0x00, 0x08, 0x14,
	0x15, 0x14, 0x08, 0x15, 0x80, 0x00, 0x07, 0x15, 0x16, 0x15, 0x07, 0x16,
	0x80, 0x00, 0x16, 0x06, 0x15, 0x16, 0x06, 0x7E, 0x00, 0x02, 0x00, 0x03,
	0x00, 0x02, 0x03, 0x67, 0x00, 0x14, 0x08, 0x0D, 0x14, 0x57, 0x0F, 0x01,
	0x0D, 0x00, 0x17, 0x18, 0x0D, 0x17, 0x67, 0x00, 0x06, 0x00, 0x18, 0x06,
	0x18, 0x64, 0x00, 0x05, 0x05, 0x00, 0x5F, 0x00, 0x00, 0x00, 0x16, 0x4D,
	0x11, 0x01, 0x0B, 0x0B, 0x0C, 0x5F, 0x10, 0x01, 0x0C, 0x0C, 0x19, 0x4D,
	0x00, 0x0E, 0x0E, 0x15, 0x5F, 0x00, 0x15, 0x15, 0x17, 0x15, 0x4E, 0x59,
	0x59, 0x40, 0x2C, 0x31, 0x30, 0x2F, 0x2E, 0x2D, 0x2C, 0x2B, 0x2A, 0x29,
	0x28, 0x27, 0x26, 0x25, 0x24, 0x23, 0x22, 0x21, 0x20, 0x1F, 0x1E, 0x1D,
	0x1C, 0x1B, 0x1A, 0x19, 0x18, 0x17, 0x16, 0x15, 0x14, 0x13, 0x12, 0x11,
	0x11, 0x11, 0x11, 0x11, 0x11, 0x11, 0x11, 0x10, 0x19, 0x07, 0x1F, 0x2B,
	0x13, 0x33, 0x35, 0x33, 0x35, 0x33, 0x15, 0x23, 0x15, 0x23, 0x15, 0x23,
	0x03, 0x33, 0x35, 0x33, 0x35, 0x33, 0x35, 0x23, 0x35, 0x23, 0x35, 0x23,
	0x11, 0x33, 0x11, 0x33, 0x15, 0x33, 0x35, 0x33, 0x11, 0x33, 0x11, 0x23,
	0x15, 0x23, 0x15, 0x23, 0x15, 0x23, 0x15, 0x23, 0x15, 0x23, 0x15, 0x23,
	0x15, 0x23, 0xC8, 0x32, 0x32, 0x64, 0x32, 0x32, 0x64, 0x96, 0x32, 0x32,
	0x32, 0x32, 0x32, 0x32, 0x96, 0x32, 0x64, 0x32, 0x96, 0x32, 0x32, 0x32,
	0x32, 0x32, 0x32, 0x32, 0x96, 0x02, 0xEE, 0x32, 0x32, 0x64, 0x32, 0x32,
	0xFD, 0x44, 0x32, 0x32, 0x32, 0x32, 0x32, 0x01, 0x5E, 0xFE, 0xD4, 0x32,
	0x32, 0x01, 0x2C, 0xFE, 0xA2, 0x32, 0x32, 0x32, 0x32, 0x32, 0x32, 0x32,
	0x00, 0x02, 0x00, 0x32, 0xFF, 0x6A, 0x02, 0x26, 0x03, 0x52, 0x00, 0x0F,
	0x00, 0x35, 0x01, 0x93, 0x4B, 0xB0, 0x10, 0x50, 0x58, 0x40, 0x6C, 0x03,
	0x01, 0x01, 0x02, 0x00, 0x00, 0x01, 0x72, 0x14, 0x01, 0x0C, 0x10, 0x0B,
	0x0D, 0x0C, 0x72, 0x15, 0x01, 0x0B, 0x16, 0x0D, 0x0B, 0x70, 0x00, 0x0A,
	0x16, 0x17, 0x08, 0x0A, 0x72, 0x00, 0x09, 0x17, 0x18, 0x08, 0x09, 0x72,
	0x00, 0x18, 0x08, 0x17, 0x18, 0x70, 0x00, 0x02, 0x00, 0x06, 0x05, 0x02,
	0x06, 0x67, 0x00, 0x16, 0x0A, 0x0F, 0x16, 0x57, 0x11, 0x01, 0x0F, 0x00,
	0x19, 0x1A, 0x0F, 0x19, 0x67, 0x00, 0x08, 0x00, 0x1A, 0x08, 0x1A, 0x64,
	0x07, 0x01, 0x05, 0x05, 0x00, 0x5F, 0x04, 0x01, 0x00, 0x00, 0x16, 0x4D,
	0x13, 0x01, 0x0D, 0x0D, 0x0E, 0x5F, 0x12, 0x01, 0x0E, 0x0E, 0x19, 0x4D,
	0x00, 0x10, 0x10, 0x17, 0x5F, 0x00, 0x17, 0x17, 0x17, 0x17, 0x4E, 0x1B,
	0x4B, 0xB0, 0x21, 0x50, 0x58, 0x40, 0x6E, 0x03, 0x01, 0x01, 0x02, 0x00,
	0x00, 0x01, 0x72, 0x14, 0x01, 0x0C, 0x10, 0x0B, 0x0D, 0x0C, 0x72, 0x15,
	0x01, 0x0B, 0x16, 0x10, 0x0B, 0x16, 0x7E, 0x00, 0x0A, 0x16, 0x17, 0x16,
	0x0A, 0x17, 0x80, 0x00, 0x09, 0x17, 0x18, 0x08, 0x09, 0x72, 0x00, 0x18,
	0x08, 0x17, 0x18, 0x70, 0x00, 0x02, 0x00, 0x06, 0x05, 0x02, 0x06, 0x67,
	0x00, 0x16, 0x0A, 0x0F, 0x16, 0x57, 0x11, 0x01, 0x0F, 0x00, 0x19, 0x1A,
	0x0F, 0x19, 0x67, 0x00, 0x08, 0x00, 0x1A, 0x08, 0x1A, 0x64, 0x07, 0x01,
	0x05, 0x05, 0x00, 0x5F, 0x04, 0x01, 0x00, 0x00, 0x16, 0x4D, 0x13, 0x01,
	0x0D, 0x0D, 0x0E, 0x5F, 0x12, 0x01, 0x0E, 0x0E, 0x19, 0x4D, 0x00, 0x10,
	0x10, 0x17, 0x5F, 0x00, 0x17, 0x17, 0x17, 0x17, 0x4E, 0x1B, 0x40, 0x72,
	0x03, 0x01, 0x01, 0x02, 0x00, 0x02, 0x01, 0x00, 0x80, 0x14, 0x01, 0x0C,
	0x10, 0x0B, 0x10, 0x0C, 0x0B, 0x80, 0x15, 0x01, 0x0B, 0x16, 0x10, 0x0B,
	0x16, 0x7E, 0x00, 0x0A, 0x16, 0x17, 0x16, 0x0A, 0x17, 0x80, 0x00, 0x09,
	0x17, 0x18, 0x17, 0x09, 0x18, 0x80, 0x00, 0x18, 0x08, 0x17, 0x18, 0x08,
	0x7E, 0x00, 0x02, 0x00, 0x06, 0x05, 0x02, 0x06, 0x67, 0x00, 0x16, 0x0A,
	0x0F, 0x16, 0x57, 0x11, 0x01, 0x0F, 0x00, 0x19, 0x1A, 0x0F, 0x19, 0x67,
	0x00, 0x08, 0x00, 0x1A, 0x08, 0x1A, 0x64, 0x07, 0x01, 0x05, 0x05, 0x00,
	0x5F, 0x04, 0x01, 0x00, 0x00, 0x16, 0x4D, 0x13, 0x01, 0x0D, 0x0D, 0x0E,
	0x5F, 0x12, 0x01, 0x0E, 0x0E, 0x19, 0x4D, 0x00, 0x10, 0x10, 0x17, 0x5F,
	0x00, 0x17, 0x17, 0x17, 0x17, 0x4E, 0x59, 0x59, 0x40, 0x30, 0x35, 0x34,
	0x33, 0x32, 0x31, 0x30, 0x2F, 0x2E, 0x2D, 0x2C, 0x2B, 0x2A, 0x29, 0x28,
	0x27, 0x26, 0x25, 0x24, 0x23, 0x22, 0x21, 0x20, 0x1F, 0x1E, 0x1D, 0x1C,
	0x1B, 0x1A, 0x19, 0x18, 0x17, 0x16, 0x15, 0x14, 0x13, 0x12, 0x11, 0x11,
	0x11, 0x11, 0x11, 0x11, 0x11, 0x11, 0x10, 0x1B, 0x07, 0x1F, 0x2B, 0x13,
	0x33, 0x35, 0x33, 0x35, 0x33, 0x15, 0x33, 0x15, 0x33, 0x15, 0x23, 0x35,
	0x23, 0x15, 0x23, 0x03, 0x33, 0x35, 0x33, 0x35, 0x33, 0x35, 0x23, 0x35,
	0x23, 0x35, 0x23, 0x11, 0x33, 0x11, 0x33, 0x15, 0x33, 0x35, 0x33, 0x11,
	0x33, 0x11, 0x23, 0x15, 0x23, 0x15, 0x23, 0x15, 0x23, 0x15, 0x23, 0x15,
	0x23, 0x15, 0x23, 0x15, 0x23, 0x96, 0x32, 0x32, 0x64, 0x32, 0x32, 0x64,
	0x64, 0x64, 0x64, 0x32, 0x32, 0x32, 0x32, 0x32, 0x32, 0x96, 0x32, 0x64,
	0x32, 0x96, 0x32, 0x32, 0x32, 0x32, 0x32, 0x32, 0x32, 0x96, 0x02, 0xEE,
	0x32, 0x32, 0x32, 0x32, 0x64, 0x32, 0x32, 0xFD, 0x44, 0x32, 0x32, 0x32,
	0x32, 0x32, 0x01, 0x5E, 0xFE, 0xD4, 0x32, 0x32, 0x01, 0x2C, 0xFE, 0xA2,
	0x32, 0x32, 0x32, 0x32, 0x32, 0x32, 0x32, 0x00, 0x00, 0x03, 0x00, 0x32,
	0xFF, 0x6A, 0x02, 0x26, 0x03, 0x20, 0x00, 0x03, 0x00, 0x07, 0x00, 0x2D,
	0x01, 0x54, 0x4B, 0xB0, 0x10, 0x50, 0x58, 0x40, 0x5A, 0x10, 0x01, 0x08,
	0x0C, 0x07, 0x09, 0x08, 0x72, 0x11, 0x01, 0x07, 0x12, 0x09, 0x07, 0x70,
	0x00, 0x06, 0x12, 0x13, 0x04, 0x06, 0x72, 0x00, 0x05, 0x13, 0x14, 0x04,
	0x05, 0x72, 0x00, 0x14, 0x04, 0x13, 0x14, 0x70, 0x02, 0x01, 0x00, 0x03,
	0x01, 0x01, 0x0A, 0x00, 0x01, 0x67, 0x00, 0x12, 0x06, 0x0B, 0x12, 0x57,
	0x0D, 0x01, 0x0B, 0x00, 0x15, 0x16, 0x0B, 0x15, 0x67, 0x00, 0x04, 0x00,
	0x16, 0x04, 0x16, 0x64, 0x0F, 0x01, 0x09, 0x09, 0x0A, 0x5F, 0x0E, 0x01,
	0x0A, 0x0A, 0x19, 0x4D, 0x00, 0x0C, 0x0C, 0x13, 0x5F, 0x00, 0x13, 0x13,
	0x17, 0x13, 0x4E, 0x1B, 0x4B, 0xB0, 0x21, 0x50, 0x58, 0x40, 0x5C, 0x10,
	0x01, 0x08, 0x0C, 0x07, 0x09, 0x08, 0x72, 0x11, 0x01, 0x07, 0x12, 0x0C,
	0x07, 0x12, 0x7E, 0x00, 0x06, 0x12, 0x13, 0x12, 0x06, 0x13, 0x80, 0x00,
	0x05, 0x13, 0x14, 0x04, 0x05, 0x72, 0x00, 0x14, 0x04, 0x13, 0x14, 0x70,
	0x02, 0x01, 0x00, 0x03, 0x01, 0x01, 0x0A, 0x00, 0x01, 0x67, 0x00, 0x12,
	0x06, 0x0B, 0x12, 0x57, 0x0D, 0x01, 0x0B, 0x00, 0x15, 0x16, 0x0B, 0x15,
	0x67, 0x00, 0x04, 0x00, 0x16, 0x04, 0x16, 0x64, 0x0F, 0x01, 0x09, 0x09,
	0x0A, 0x5F, 0x0E, 0x01, 0x0A, 0x0A, 0x19, 0x4D, 0x00, 0x0C, 0x0C, 0x13,
	0x5F, 0x00, 0x13, 0x13, 0x17, 0x13, 0x4E, 0x1B, 0x40, 0x5F, 0x10, 0x01,
	0x08, 0x0C, 0x07, 0x0C, 0x08, 0x07, 0x80, 0x11, 0x01, 0x07, 0x12, 0x0C,
	0x07, 0x12, 0x7E, 0x00, 0x06, 0x12, 0x13, 0x12, 0x06, 0x13, 0x80, 0x00,
	0x05, 0x13, 0x14, 0x13, 0x05, 0x14, 0x80, 0x00, 0x14, 0x04, 0x13, 0x14,
	0x04, 0x7E, 0x02, 0x01, 0x00, 0x03, 0x01, 0x01, 0x0A, 0x00, 0x01, 0x67,
	0x00, 0x12, 0x06, 0x0B, 0x12, 0x57, 0x0D, 0x01, 0x0B, 0x00, 0x15, 0x16,
	0x0B, 0x15, 0x67, 0x00, 0x04, 0x00, 0x16, 0x04, 0x16, 0x64, 0x0F, 0x01,
	0x09, 0x09, 0x0A, 0x5F, 0x0E, 0x01, 0x0A, 0x0A, 0x19, 0x4D, 0x00, 0x0C,
	0x0C, 0x13, 0x5F, 0x00, 0x13, 0x13, 0x17, 0x13, 0x4E, 0x59, 0x59, 0x40,
	0x28, 0x2D, 0x2C, 0x2B, 0x2A, 0x29, 0x28, 0x27, 0x26, 0x25, 0x24, 0x23,
	0x22, 0x21, 0x20, 0x1F, 0x1E, 0x1D, 0x1C, 0x1B, 0x1A, 0x19, 0x18, 0x17,
	0x16, 0x15, 0x14, 0x13, 0x12, 0x11, 0x11, 0x11, 0x11, 0x11, 0x11, 0x11,
	0x11, 0x10, 0x17, 0x07, 0x1F, 0x2B, 0x01, 0x33, 0x15, 0x23, 0x27, 0x33,
	0x15, 0x23, 0x03, 0x33, 0x35, 0x33, 0x35, 0x33, 0x35, 0x23, 0x35, 0x23,
	0x35, 0x23, 0x11, 0x33, 0x11, 0x33, 0x15, 0x33, 0x35, 0x33, 0x11, 0x33,
	0x11, 0x23, 0x15, 0x23, 0x15, 0x23, 0x15, 0x23, 0x15, 0x23, 0x15, 0x23,
	0x15, 0x23, 0x15, 0x23, 0x01, 0x5E, 0x96, 0x96, 0xFA, 0x96, 0x96, 0x32,
	0x32, 0x32, 0x32, 0x32, 0x32, 0x32, 0x96, 0x32, 0x64, 0x32, 0x96, 0x32,
	0x32, 0x32, 0x32, 0x32, 0x32, 0x32, 0x96, 0x03, 0x20, 0x96, 0x96, 0x96,
	0xFD, 0x44, 0x32, 0x32, 0x32, 0x32, 0x32, 0x01, 0x5E, 0xFE, 0xD4, 0x32,
	0x32, 0x01, 0x2C, 0xFE, 0xA2, 0x32, 0x32, 0x32, 0x32, 0x32, 0x32, 0x32,
	0x00, 0x02, 0x00, 0x32, 0xFF, 0x6A, 0x02, 0x26, 0x03, 0x52, 0x00, 0x0B,
	0x00, 0x31, 0x01, 0x9C, 0x4B, 0xB0, 0x10, 0x50, 0x58, 0x40, 0x70, 0x00,
	0x01, 0x00, 0x05, 0x02, 0x01, 0x72, 0x00, 0x04, 0x02, 0x03, 0x05, 0x04,
	0x72, 0x12, 0x01, 0x0A, 0x0E, 0x09, 0x0B, 0x0A, 0x72, 0x13, 0x01, 0x09,
	0x14, 0x0B, 0x09, 0x70, 0x00, 0x08, 0x14, 0x15, 0x06, 0x08, 0x72, 0x00,
	0x07, 0x15, 0x16, 0x06, 0x07, 0x72, 0x00, 0x16, 0x06, 0x15, 0x16, 0x70,
	0x00, 0x00, 0x00, 0x05, 0x02, 0x00, 0x05, 0x67, 0x00, 0x14, 0x08, 0x0D,
	0x14, 0x57, 0x0F, 0x01, 0x0D, 0x00, 0x17, 0x18, 0x0D, 0x17, 0x67, 0x00,
	0x06, 0x00, 0x18, 0x06, 0x18, 0x64, 0x00, 0x03, 0x03, 0x02, 0x5F, 0x00,
	0x02, 0x02, 0x16, 0x4D, 0x11, 0x01, 0x0B, 0x0B, 0x0C, 0x5F, 0x10, 0x01,
	0x0C, 0x0C, 0x19, 0x4D, 0x00, 0x0E, 0x0E, 0x15, 0x5F, 0x00, 0x15, 0x15,
	0x17, 0x15, 0x4E, 0x1B, 0x4B, 0xB0, 0x21, 0x50, 0x58, 0x40, 0x72, 0x00,
	0x01, 0x00, 0x05, 0x02, 0x01, 0x72, 0x00, 0x04, 0x02, 0x03, 0x05, 0x04,
	0x72, 0x12, 0x01, 0x0A, 0x0E, 0x09, 0x0B, 0x0A, 0x72, 0x13, 0x01, 0x09,
	0x14, 0x0E, 0x09, 0x14, 0x7E, 0x00, 0x08, 0x14, 0x15, 0x14, 0x08, 0x15,
	0x80, 0x00, 0x07, 0x15, 0x16, 0x06, 0x07, 0x72, 0x00, 0x16, 0x06, 0x15,
	0x16, 0x70, 0x00, 0x00, 0x00, 0x05, 0x02, 0x00, 0x05, 0x67, 0x00, 0x14,
	0x08, 0x0D, 0x14, 0x57, 0x0F, 0x01, 0x0D, 0x00, 0x17, 0x18, 0x0D, 0x17,
	0x67, 0x00, 0x06, 0x00, 0x18, 0x06, 0x18, 0x64, 0x00, 0x03, 0x03, 0x02,
	0x5F, 0x00, 0x02, 0x02, 0x16, 0x4D, 0x11, 0x01, 0x0B, 0x0B, 0x0C, 0x5F,
	0x10, 0x01, 0x0C, 0x0C, 0x19, 0x4D, 0x00, 0x0E, 0x0E, 0x15, 0x5F, 0x00,
	0x15, 0x15, 0x17, 0x15, 0x4E, 0x1B, 0x40, 0x77, 0x00, 0x01, 0x00, 0x05,
	0x00, 0x01, 0x05, 0x80, 0x00, 0x04, 0x02, 0x03, 0x02, 0x04, 0x03, 0x80,
	0x12, 0x01, 0x0A, 0x0E, 0x09, 0x0E, 0x0A, 0x09, 0x80, 0x13, 0x01, 0x09,
	0x14, 0x0E, 0x09, 0x14, 0x7E, 0x00, 0x08, 0x14, 0x15, 0x14, 0x08, 0x15,
	0x80, 0x00, 0x07, 0x15, 0x16, 0x15, 0x07, 0x16, 0x80, 0x00, 0x16, 0x06,
	0x15, 0x16, 0x06, 0x7E, 0x00, 0x00, 0x00, 0x05, 0x02, 0x00, 0x05, 0x67,
	0x00, 0x14, 0x08, 0x0D, 0x14, 0x57, 0x0F, 0x01, 0x0D, 0x00, 0x17, 0x18,
	0x0D, 0x17, 0x67, 0x00, 0x06, 0x00, 0x18, 0x06, 0x18, 0x64, 0x00, 0x03,
	0x03, 0x02, 0x5F, 0x00, 0x02, 0x02, 0x16, 0x4D, 0x11, 0x01, 0x0B, 0x0B,
	0x0C, 0x5F, 0x10, 0x01, 0x0C, 0x0C, 0x19, 0x4D, 0x00, 0x0E, 0x0E, 0x15,
	0x5F, 0x00, 0x15, 0x15, 0x17, 0x15, 0x4E, 0x59, 0x59, 0x40, 0x2C, 0x31,
	0x30, 0x2F, 0x2E, 0x2D, 0x2C, 0x2B, 0x2A, 0x29, 0x28, 0x27, 0x26, 0x25,
	0x24, 0x23, 0x22, 0x21, 0x20, 0x1F, 0x1E, 0x1D, 0x1C, 0x1B, 0x1A, 0x19,
	0x18, 0x17, 0x16, 0x15, 0x14, 0x13, 0x12, 0x11, 0x11, 0x11, 0x11, 0x11,
	0x11, 0x11, 0x11, 0x10, 0x19, 0x07, 0x1F, 0x2B, 0x13, 0x33, 0x15, 0x33,
	0x15, 0x33, 0x15, 0x23, 0x35, 0x23, 0x35, 0x23, 0x03, 0x33, 0x35, 0x33,
	0x35, 0x33, 0x35, 0x23, 0x35, 0x23, 0x35, 0x23, 0x11, 0x33, 0x11, 0x33,
	0x15, 0x33, 0x35, 0x33, 0x11, 0x33, 0x11, 0x23, 0x15, 0x23, 0x15, 0x23,
	0x15, 0x23, 0x15, 0x23, 0x15, 0x23, 0x15, 0x23, 0x15, 0x23, 0xC8, 0x64,
	0x32, 0x32, 0x64, 0x32, 0x32, 0x96, 0x32, 0x32, 0x32, 0x32, 0x32, 0x32,
	0x96, 0x32, 0x64, 0x32, 0x96, 0x32, 0x32, 0x32, 0x32, 0x32, 0x32, 0x32,
	0x96, 0x03, 0x52, 0x32, 0x32, 0x64, 0x32, 0x32, 0xFC, 0xE0, 0x32, 0x32,
	0x32, 0x32, 0x32, 0x01, 0x5E, 0xFE, 0xD4, 0x32, 0x32, 0x01, 0x2C, 0xFE,
	0xA2, 0x32, 0x32, 0x32, 0x32, 0x32, 0x32, 0x32, 0x00, 0x01, 0x00, 0x32,
	0x00, 0x00, 0x01, 0xF4, 0x02, 0x26, 0x00, 0x1B, 0x01, 0x5A, 0x4B, 0xB0,
	0x0B, 0x50, 0x58, 0x40, 0x46, 0x00, 0x08, 0x05, 0x04, 0x05, 0x08, 0x72,
	0x00, 0x09, 0x04, 0x03, 0x05, 0x09, 0x72, 0x00, 0x03, 0x0A, 0x00, 0x03,
	0x70, 0x00, 0x0A, 0x02, 0x05, 0x0A, 0x70, 0x00, 0x02, 0x0B, 0x00, 0x02,
	0x70, 0x00, 0x01, 0x0B, 0x00, 0x00, 0x01, 0x72, 0x00, 0x04, 0x00, 0x0B,
	0x01, 0x04, 0x0B, 0x67, 0x07, 0x01, 0x05, 0x05, 0x06, 0x5F, 0x00, 0x06,
	0x06, 0x19, 0x4D, 0x0C, 0x01, 0x00, 0x00, 0x0D, 0x60, 0x00, 0x0D, 0x0D,
	0x17, 0x0D, 0x4E, 0x1B, 0x4B, 0xB0, 0x10, 0x50, 0x58, 0x40, 0x48, 0x00,
	0x08, 0x05, 0x04, 0x05, 0x08, 0x72, 0x00, 0x09, 0x04, 0x03, 0x05, 0x09,
	0x72, 0x00, 0x03, 0x0A, 0x04, 0x03, 0x0A, 0x7E, 0x00, 0x0A, 0x02, 0x04,
	0x0A, 0x02, 0x7E, 0x00, 0x02, 0x0B, 0x00, 0x02, 0x70, 0x00, 0x01, 0x0B,
	0x00, 0x00, 0x01, 0x72, 0x00, 0x04, 0x00, 0x0B, 0x01, 0x04, 0x0B, 0x67,
	0x07, 0x01, 0x05, 0x05, 0x06, 0x5F, 0x00, 0x06, 0x06, 0x19, 0x4D, 0x0C,
	0x01, 0x00, 0x00, 0x0D, 0x60, 0x00, 0x0D, 0x0D, 0x17, 0x0D, 0x4E, 0x1B,
	0x4B, 0xB0, 0x21, 0x50, 0x58, 0x40, 0x4A, 0x00, 0x08, 0x05, 0x04, 0x05,
	0x08, 0x72, 0x00, 0x09, 0x04, 0x03, 0x04, 0x09, 0x03, 0x80, 0x00, 0x03,
	0x0A, 0x04, 0x03, 0x0A, 0x7E, 0x00, 0x0A, 0x02, 0x04, 0x0A, 0x02, 0x7E,
	0x00, 0x02, 0x0B, 0x04, 0x02, 0x0B, 0x7E, 0x00, 0x01, 0x0B, 0x00, 0x00,
	0x01, 0x72, 0x00, 0x04, 0x00, 0x0B, 0x01, 0x04, 0x0B, 0x67, 0x07, 0x01,
	0x05, 0x05, 0x06, 0x5F, 0x00, 0x06, 0x06, 0x19, 0x4D, 0x0C, 0x01, 0x00,
	0x00, 0x0D, 0x60, 0x00, 0x0D, 0x0D, 0x17, 0x0D, 0x4E, 0x1B, 0x40, 0x4C,
	0x00, 0x08, 0x05, 0x04, 0x05, 0x08, 0x04, 0x80, 0x00, 0x09, 0x04, 0x03,
	0x04, 0x09, 0x03, 0x80, 0x00, 0x03, 0x0A, 0x04, 0x03, 0x0A, 0x7E, 0x00,
	0x0A, 0x02, 0x04, 0x0A, 0x02, 0x7E, 0x00, 0x02, 0x0B, 0x04, 0x02, 0x0B,
	0x7E, 0x00, 0x01, 0x0B, 0x00, 0x0B, 0x01, 0x00, 0x80, 0x00, 0x04, 0x00,
	0x0B, 0x01, 0x04, 0x0B, 0x67, 0x07, 0x01, 0x05, 0x05, 0x06, 0x5F, 0x00,
	0x06, 0x06, 0x19, 0x4D, 0x0C, 0x01, 0x00, 0x00, 0x0D, 0x60, 0x00, 0x0D,
	0x0D, 0x17, 0x0D, 0x4E, 0x59, 0x59, 0x59, 0x40, 0x16, 0x1B, 0x1A, 0x19,
	0x18, 0x17, 0x16, 0x15, 0x14, 0x13, 0x12, 0x11, 0x11, 0x11, 0x11, 0x11,
	0x11, 0x11, 0x11, 0x10, 0x0E, 0x07, 0x1F, 0x2B, 0x37, 0x33, 0x35, 0x33,
	0x35, 0x33, 0x35, 0x33, 0x35, 0x33, 0x35, 0x23, 0x35, 0x21, 0x15, 0x23,
	0x15, 0x23, 0x15, 0x23, 0x15, 0x23, 0x15, 0x23, 0x15, 0x33, 0x15, 0x21,
	0x32, 0x32, 0x32, 0x32, 0x32, 0x32, 0xFA, 0x01, 0xC2, 0x32, 0x32, 0x32,
	0x32, 0x32, 0xFA, 0xFE, 0x3E, 0x96, 0x32, 0x32, 0x32, 0x32, 0x32, 0x96,
	0x96, 0x32, 0x32, 0x32, 0x32, 0x32, 0x96, 0x00, 0x00, 0x02, 0x00, 0x32,
	0x00, 0x00, 0x01, 0xF4, 0x03, 0x52, 0x00, 0x0B, 0x00, 0x27, 0x01, 0xE8,
	0x4B, 0xB0, 0x0B, 0x50, 0x58, 0x40, 0x66, 0x00, 0x01, 0x02, 0x03, 0x00,
	0x01, 0x72, 0x00, 0x04, 0x00, 0x05, 0x03, 0x04, 0x72, 0x00, 0x0E, 0x0B,
	0x0A, 0x0B, 0x0E, 0x72, 0x00, 0x0F, 0x0A, 0x09, 0x0B, 0x0F, 0x72, 0x00,
	0x09, 0x10, 0x06, 0x09, 0x70, 0x00, 0x10, 0x08, 0x0B, 0x10, 0x70, 0x00,
	0x08, 0x11, 0x06, 0x08, 0x70, 0x00, 0x07, 0x11, 0x06, 0x06, 0x07, 0x72,
	0x00, 0x02, 0x00, 0x03, 0x00, 0x02, 0x03, 0x67, 0x00, 0x0A, 0x00, 0x11,
	0x07, 0x0A, 0x11, 0x67, 0x00, 0x05, 0x05, 0x00, 0x5F, 0x00, 0x00, 0x00,
	0x16, 0x4D, 0x0D, 0x01, 0x0B, 0x0B, 0x0C, 0x5F, 0x00, 0x0C, 0x0C, 0x19,
	0x4D, 0x12, 0x01, 0x06, 0x06, 0x13, 0x60, 0x00, 0x13, 0x13, 0x17, 0x13,
	0x4E, 0x1B, 0x4B, 0xB0, 0x10, 0x50, 0x58, 0x40, 0x68, 0x00, 0x01, 0x02,
	0x03, 0x00, 0x01, 0x72, 0x00, 0x04, 0x00, 0x05, 0x03, 0x04, 0x72, 0x00,
	0x0E, 0x0B, 0x0A, 0x0B, 0x0E, 0x72, 0x00, 0x0F, 0x0A, 0x09, 0x0B, 0x0F,
	0x72, 0x00, 0x09, 0x10, 0x0A, 0x09, 0x10, 0x7E, 0x00, 0x10, 0x08, 0x0A,
	0x10, 0x08, 0x7E, 0x00, 0x08, 0x11, 0x06, 0x08, 0x70, 0x00, 0x07, 0x11,
	0x06, 0x06, 0x07, 0x72, 0x00, 0x02, 0x00, 0x03, 0x00, 0x02, 0x03, 0x67,
	0x00, 0x0A, 0x00, 0x11, 0x07, 0x0A, 0x11, 0x67, 0x00, 0x05, 0x05, 0x00,
	0x5F, 0x00, 0x00, 0x00, 0x16, 0x4D, 0x0D, 0x01, 0x0B, 0x0B, 0x0C, 0x5F,
	0x00, 0x0C, 0x0C, 0x19, 0x4D, 0x12, 0x01, 0x06, 0x06, 0x13, 0x60, 0x00,
	0x13, 0x13, 0x17, 0x13, 0x4E, 0x1B, 0x4B, 0xB0, 0x21, 0x50, 0x58, 0x40,
	0x6A, 0x00, 0x01, 0x02, 0x03, 0x00, 0x01, 0x72, 0x00, 0x04, 0x00, 0x05,
	0x03, 0x04, 0x72, 0x00, 0x0E, 0x0B, 0x0A, 0x0B, 0x0E, 0x72, 0x00, 0x0F,
	0x0A, 0x09, 0x0A, 0x0F, 0x09, 0x80, 0x00, 0x09, 0x10, 0x0A, 0x09, 0x10,
	0x7E, 0x00, 0x10, 0x08, 0x0A, 0x10, 0x08, 0x7E, 0x00, 0x08, 0x11, 0x0A,
	0x08, 0x11, 0x7E, 0x00, 0x07, 0x11, 0x06, 0x06, 0x07, 0x72, 0x00, 0x02,
	0x00, 0x03, 0x00, 0x02, 0x03, 0x67, 0x00, 0x0A, 0x00, 0x11, 0x07, 0x0A,
	0x11, 0x67, 0x00, 0x05, 0x05, 0x00, 0x5F, 0x00, 0x00, 0x00, 0x16, 0x4D,
	0x0D, 0x01, 0x0B, 0x0B, 0x0C, 0x5F, 0x00, 0x0C, 0x0C, 0x19, 0x4D, 0x12,
	0x01, 0x06, 0x06, 0x13, 0x60, 0x00, 0x13, 0x13, 0x17, 0x13, 0x4E, 0x1B,
	0x40, 0x6E, 0x00, 0x01, 0x02, 0x03, 0x02, 0x01, 0x03, 0x80, 0x00, 0x04,
	0x00, 0x05, 0x00, 0x04, 0x05, 0x80, 0x00, 0x0E, 0x0B, 0x0A, 0x0B, 0x0E,
	0x0A, 0x80, 0x00, 0x0F, 0x0A, 0x09, 0x0A, 0x0F, 0x09, 0x80, 0x00, 0x09,
	0x10, 0x0A, 0x09, 0x10, 0x7E, 0x00, 0x10, 0x08, 0x0A, 0x10, 0x08, 0x7E,
	0x00, 0x08, 0x11, 0x0A, 0x08, 0x11, 0x7E, 0x00, 0x07, 0x11, 0x06, 0x11,
	0x07, 0x06, 0x80, 0x00, 0x02, 0x00, 0x03, 0x00, 0x02, 0x03, 0x67, 0x00,
	0x0A, 0x00, 0x11, 0x07, 0x0A, 0x11, 0x67, 0x00, 0x05, 0x05, 0x00, 0x5F,
	0x00, 0x00, 0x00, 0x16, 0x4D, 0x0D, 0x01, 0x0B, 0x0B, 0x0C, 0x5F, 0x00,
	0x0C, 0x0C, 0x19, 0x4D, 0x12, 0x01, 0x06, 0x06, 0x13, 0x60, 0x00, 0x13,
	0x13, 0x17, 0x13, 0x4E, 0x59, 0x59, 0x59, 0x40, 0x22, 0x27, 0x26, 0x25,
	0x24, 0x23, 0x22, 0x21, 0x20, 0x1F, 0x1E, 0x1D, 0x1C, 0x1B, 0x1A, 0x19,
	0x18, 0x17, 0x16, 0x15, 0x14, 0x13, 0x12, 0x11, 0x11, 0x11, 0x11, 0x11,
	0x11, 0x11, 0x11, 0x10, 0x14, 0x07, 0x1F, 0x2B, 0x13, 0x33, 0x35, 0x33,
	0x35, 0x33, 0x15, 0x23, 0x15, 0x23, 0x15, 0x23, 0x03, 0x33, 0x35, 0x33,
	0x35, 0x33, 0x35, 0x33, 0x35, 0x33, 0x35, 0x23, 0x35, 0x21, 0x15, 0x23,
	0x15, 0x23, 0x15, 0x23, 0x15, 0x23, 0x15, 0x23, 0x15, 0x33, 0x15, 0x21,
	0xC8, 0x32, 0x32, 0x64, 0x32, 0x32, 0x64, 0x96, 0x32, 0x32, 0x32, 0x32,
	0x32, 0xFA, 0x01, 0xC2, 0x32, 0x32, 0x32, 0x32, 0x32, 0xFA, 0xFE, 0x3E,
	0x02, 0xEE, 0x32, 0x32, 0x64, 0x32, 0x32, 0xFE, 0x0C, 0x32, 0x32, 0x32,
	0x32, 0x32, 0x96, 0x96, 0x32, 0x32, 0x32, 0x32, 0x32, 0x96, 0x00, 0x02,
	0x00, 0x32, 0x00, 0x00, 0x01, 0xF4, 0x03, 0x52, 0x00, 0x0F, 0x00, 0x2B,
	0x01, 0xD3, 0x4B, 0xB0, 0x0B, 0x50, 0x58, 0x40, 0x60, 0x07, 0x01, 0x05,
	0x00, 0x06, 0x00, 0x05, 0x72, 0x00, 0x10, 0x0D, 0x0C, 0x0D, 0x10, 0x72,
	0x00, 0x11, 0x0C, 0x0B, 0x0D, 0x11, 0x72, 0x00, 0x0B, 0x12, 0x08, 0x0B,
	0x70, 0x00, 0x12, 0x0A, 0x0D, 0x12, 0x70, 0x00, 0x0A, 0x13, 0x08, 0x0A,
	0x70, 0x00, 0x09, 0x13, 0x08, 0x08, 0x09, 0x72, 0x03, 0x01, 0x01, 0x04,
	0x01, 0x00, 0x05, 0x01, 0x00, 0x67, 0x00, 0x02, 0x00, 0x06, 0x0E, 0x02,
	0x06, 0x67, 0x00, 0x0C, 0x00, 0x13, 0x09, 0x0C, 0x13, 0x67, 0x0F, 0x01,
	0x0D, 0x0D, 0x0E, 0x5F, 0x00, 0x0E, 0x0E, 0x19, 0x4D, 0x14, 0x01, 0x08,
	0x08, 0x15, 0x60, 0x00, 0x15, 0x15, 0x17, 0x15, 0x4E, 0x1B, 0x4B, 0xB0,
	0x10, 0x50, 0x58, 0x40, 0x62, 0x07, 0x01, 0x05, 0x00, 0x06, 0x00, 0x05,
	0x72, 0x00, 0x10, 0x0D, 0x0C, 0x0D, 0x10, 0x72, 0x00, 0x11, 0x0C, 0x0B,
	0x0D, 0x11, 0x72, 0x00, 0x0B, 0x12, 0x0C, 0x0B, 0x12, 0x7E, 0x00, 0x12,
	0x0A, 0x0C, 0x12, 0x0A, 0x7E, 0x00, 0x0A, 0x13, 0x08, 0x0A, 0x70, 0x00,
	0x09, 0x13, 0x08, 0x08, 0x09, 0x72, 0x03, 0x01, 0x01, 0x04, 0x01, 0x00,
	0x05, 0x01, 0x00, 0x67, 0x00, 0x02, 0x00, 0x06, 0x0E, 0x02, 0x06, 0x67,
	0x00, 0x0C, 0x00, 0x13, 0x09, 0x0C, 0x13, 0x67, 0x0F, 0x01, 0x0D, 0x0D,
	0x0E, 0x5F, 0x00, 0x0E, 0x0E, 0x19, 0x4D, 0x14, 0x01, 0x08, 0x08, 0x15,
	0x60, 0x00, 0x15, 0x15, 0x17, 0x15, 0x4E, 0x1B, 0x4B, 0xB0, 0x21, 0x50,
	0x58, 0x40, 0x64, 0x07, 0x01, 0x05, 0x00, 0x06, 0x00, 0x05, 0x72, 0x00,
	0x10, 0x0D, 0x0C, 0x0D, 0x10, 0x72, 0x00, 0x11, 0x0C, 0x0B, 0x0C, 0x11,
	0x0B, 0x80, 0x00, 0x0B, 0x12, 0x0C, 0x0B, 0x12, 0x7E, 0x00, 0x12, 0x0A,
	0x0C, 0x12, 0x0A, 0x7E, 0x00, 0x0A, 0x13, 0x0C, 0x0A, 0x13, 0x7E, 0x00,
	0x09, 0x13, 0x08, 0x08, 0x09, 0x72, 0x03, 0x01, 0x01, 0x04, 0x01, 0x00,
	0x05, 0x01, 0x00, 0x67, 0x00, 0x02, 0x00, 0x06, 0x0E, 0x02, 0x06, 0x67,
	0x00, 0x0C, 0x00, 0x13, 0x09, 0x0C, 0x13, 0x67, 0x0F, 0x01, 0x0D, 0x0D,
	0x0E, 0x5F, 0x00, 0x0E, 0x0E, 0x19, 0x4D, 0x14, 0x01, 0x08, 0x08, 0x15,
	0x60, 0x00, 0x15, 0x15, 0x17, 0x15, 0x4E, 0x1B, 0x40, 0x67, 0x07, 0x01,
	0x05, 0x00, 0x06, 0x00, 0x05, 0x06, 0x80, 0x00, 0x10, 0x0D, 0x0C, 0x0D,
	0x10, 0x0C, 0x80, 0x00, 0x11, 0x0C, 0x0B, 0x0C, 0x11, 0x0B, 0x80, 0x00,
	0x0B, 0x12, 0x0C, 0x0B, 0x12, 0x7E, 0x00, 0x12, 0x0A, 0x0C, 0x12, 0x0A,
	0x7E, 0x00, 0x0A, 0x13, 0x0C, 0x0A, 0x13, 0x7E, 0x00, 0x09, 0x13, 0x08,
	0x13, 0x09, 0x08, 0x80, 0x03, 0x01, 0x01, 0x04, 0x01, 0x00, 0x05, 0x01,
	0x00, 0x67, 0x00, 0x02, 0x00, 0x06, 0x0E, 0x02, 0x06, 0x67, 0x00, 0x0C,
	0x00, 0x13, 0x09, 0x0C, 0x13, 0x67, 0x0F, 0x01, 0x0D, 0x0D, 0x0E, 0x5F,
	0x00, 0x0E, 0x0E, 0x19, 0x4D, 0x14, 0x01, 0x08, 0x08, 0x15, 0x60, 0x00,
	0x15, 0x15, 0x17, 0x15, 0x4E, 0x59, 0x59, 0x59, 0x40, 0x26, 0x2B, 0x2A,
	0x29, 0x28, 0x27, 0x26, 0x25, 0x24, 0x23, 0x22, 0x21, 0x20, 0x1F, 0x1E,
	0x1D, 0x1C, 0x1B, 0x1A, 0x19, 0x18, 0x17, 0x16, 0x15, 0x14, 0x13, 0x12,
	0x11, 0x11, 0x11, 0x11, 0x11, 0x11, 0x11, 0x11, 0x10, 0x16, 0x07, 0x1F,
	0x2B, 0x13, 0x23, 0x35, 0x33, 0x15, 0x33, 0x35, 0x33, 0x15, 0x23, 0x15,
	0x23, 0x15, 0x23, 0x35, 0x23, 0x03, 0x33, 0x35, 0x33, 0x35, 0x33, 0x35,
	0x33, 0x35, 0x33, 0x35, 0x23, 0x35, 0x21, 0x15, 0x23, 0x15, 0x23, 0x15,
	0x23, 0x15, 0x23, 0x15, 0x23, 0x15, 0x33, 0x15, 0x21, 0xC8, 0x32, 0x64,
	0x64, 0x64, 0x32, 0x32, 0x64, 0x32, 0x96, 0x32, 0x32, 0x32, 0x32, 0x32,
	0xFA, 0x01, 0xC2, 0x32, 0x32, 0x32, 0x32, 0x32, 0xFA, 0xFE, 0x3E, 0x02,
	0xEE, 0x64, 0x32, 0x32, 0x64, 0x32, 0x32, 0x32, 0xFD, 0xDA, 0x32, 0x32,
	0x32, 0x32, 0x32, 0x96, 0x96, 0x32, 0x32, 0x32, 0x32, 0x32, 0x96, 0x00,
	0x00, 0x02, 0x00, 0x32, 0x00, 0x00, 0x01, 0xF4, 0x03, 0x20, 0x00, 0x03,
	0x00, 0x1F, 0x01, 0x7E, 0x4B, 0xB0, 0x0B, 0x50, 0x58, 0x40, 0x4E, 0x00,
	0x0A, 0x07, 0x06, 0x07, 0x0A, 0x72, 0x00, 0x0B, 0x06, 0x05, 0x07, 0x0B,
	0x72, 0x00, 0x05, 0x0C, 0x02, 0x05, 0x70, 0x00, 0x0C, 0x04, 0x07, 0x0C,
	0x70, 0x00, 0x04, 0x0D, 0x02, 0x04, 0x70, 0x00, 0x03, 0x0D, 0x02, 0x02,
	0x03, 0x72, 0x00, 0x00, 0x00, 0x01, 0x08, 0x00, 0x01, 0x67, 0x00, 0x06,
	0x00, 0x0D, 0x03, 0x06, 0x0D, 0x67, 0x09, 0x01, 0x07, 0x07, 0x08, 0x5F,
	0x00, 0x08, 0x08, 0x19, 0x4D, 0x0E, 0x01, 0x02, 0x02, 0x0F, 0x60, 0x00,
	0x0F, 0x0F, 0x17, 0x0F, 0x4E, 0x1B, 0x4B, 0xB0, 0x10, 0x50, 0x58, 0x40,
	0x50, 0x00, 0x0A, 0x07, 0x06, 0x07, 0x0A, 0x72, 0x00, 0x0B, 0x06, 0x05,
	0x07, 0x0B, 0x72, 0x00, 0x05, 0x0C, 0x06, 0x05, 0x0C, 0x7E, 0x00, 0x0C,
	0x04, 0x06, 0x0C, 0x04, 0x7E, 0x00, 0x04, 0x0D, 0x02, 0x04, 0x70, 0x00,
	0x03, 0x0D, 0x02, 0x02, 0x03, 0x72, 0x00, 0x00, 0x00, 0x01, 0x08, 0x00,
	0x01, 0x67, 0x00, 0x06, 0x00, 0x0D, 0x03, 0x06, 0x0D, 0x67, 0x09, 0x01,
	0x07, 0x07, 0x08, 0x5F, 0x00, 0x08, 0x08, 0x19, 0x4D, 0x0E, 0x01, 0x02,
	0x02, 0x0F, 0x60, 0x00, 0x0F, 0x0F, 0x17, 0x0F, 0x4E, 0x1B, 0x4B, 0xB0,
	0x21, 0x50, 0x58, 0x40, 0x52, 0x00, 0x0A, 0x07, 0x06, 0x07, 0x0A, 0x72,
	0x00, 0x0B, 0x06, 0x05, 0x06, 0x0B, 0x05, 0x80, 0x00, 0x05, 0x0C, 0x06,
	0x05, 0x0C, 0x7E, 0x00, 0x0C, 0x04, 0x06, 0x0C, 0x04, 0x7E, 0x00, 0x04,
	0x0D, 0x06, 0x04, 0x0D, 0x7E, 0x00, 0x03, 0x0D, 0x02, 0x02, 0x03, 0x72,
	0x00, 0x00, 0x00, 0x01, 0x08, 0x00, 0x01, 0x67, 0x00, 0x06, 0x00, 0x0D,
	0x03, 0x06, 0x0D, 0x67, 0x09, 0x01, 0x07, 0x07, 0x08, 0x5F, 0x00, 0x08,
	0x08, 0x19, 0x4D, 0x0E, 0x01, 0x02, 0x02, 0x0F, 0x60, 0x00, 0x0F, 0x0F,
	0x17, 0x0F, 0x4E, 0x1B, 0x40, 0x54, 0x00, 0x0A, 0x07, 0x06, 0x07, 0x0A,
	0x06, 0x80, 0x00, 0x0B, 0x06, 0x05, 0x06, 0x0B, 0x05, 0x80, 0x00, 0x05,
	0x0C, 0x06, 0x05, 0x0C, 0x7E, 0x00, 0x0C, 0x04, 0x06, 0x0C, 0x04, 0x7E,
	0x00, 0x04, 0x0D, 0x06, 0x04, 0x0D, 0x7E, 0x00, 0x03, 0x0D, 0x02, 0x0D,
	0x03, 0x02, 0x80, 0x00, 0x00, 0x00, 0x01, 0x08, 0x00, 0x01, 0x67, 0x00,
	0x06, 0x00, 0x0D, 0x03, 0x06, 0x0D, 0x67, 0x09, 0x01, 0x07, 0x07, 0x08,
	0x5F, 0x00, 0x08, 0x08, 0x19, 0x4D, 0x0E, 0x01, 0x02, 0x02, 0x0F, 0x60,
	0x00, 0x0F, 0x0F, 0x17, 0x0F, 0x4E, 0x59, 0x59, 0x59, 0x40, 0x1A, 0x1F,
	0x1E, 0x1D, 0x1C, 0x1B, 0x1A, 0x19, 0x18, 0x17, 0x16, 0x15, 0x14, 0x13,
	0x12, 0x11, 0x11, 0x11, 0x11, 0x11, 0x11, 0x11, 0x11, 0x10, 0x10, 0x07,
	0x1F, 0x2B, 0x13, 0x33, 0x15, 0x23, 0x03, 0x33, 0x35, 0x33, 0x35, 0x33,
	0x35, 0x33, 0x35, 0x33, 0x35, 0x23, 0x35, 0x21, 0x15, 0x23, 0x15, 0x23,
	0x15, 0x23, 0x15, 0x23, 0x15, 0x23, 0x15, 0x33, 0x15, 0x21, 0xC8, 0x96,
	0x96, 0x96, 0x32, 0x32, 0x32, 0x32, 0x32, 0xFA, 0x01, 0xC2, 0x32, 0x32,
	0x32, 0x32, 0x32, 0xFA, 0xFE, 0x3E, 0x03, 0x20, 0x96, 0xFE, 0x0C, 0x32,
	0x32, 0x32, 0x32, 0x32, 0x96, 0x96, 0x32, 0x32, 0x32, 0x32, 0x32, 0x96,
	0x00, 0x02, 0x00, 0x32, 0x00, 0x00, 0x02, 0x26, 0x02, 0x26, 0x00, 0x1B,
	0x00, 0x1F, 0x00, 0xF9, 0x4B, 0xB0, 0x11, 0x50, 0x58, 0x40, 0x44, 0x00,
	0x06, 0x05, 0x04, 0x06, 0x70, 0x07, 0x01, 0x05, 0x04, 0x04, 0x05, 0x70,
	0x0B, 0x01, 0x09, 0x0A, 0x0A, 0x09, 0x71, 0x08, 0x01, 0x04, 0x00, 0x03,
	0x02, 0x04, 0x03, 0x68, 0x00, 0x01, 0x0F, 0x0A, 0x01, 0x57, 0x00, 0x02,
	0x00, 0x0F, 0x00, 0x02, 0x0F, 0x67, 0x00, 0x0E, 0x0D, 0x0A, 0x0E, 0x57,
	0x00, 0x00, 0x00, 0x0D, 0x0A, 0x00, 0x0D, 0x67, 0x00, 0x0E, 0x0E, 0x0A,
	0x5F, 0x0C, 0x01, 0x0A, 0x0E, 0x0A, 0x4F, 0x1B, 0x4B, 0xB0, 0x22, 0x50,
	0x58, 0x40, 0x43, 0x00, 0x06, 0x05, 0x06, 0x85, 0x07, 0x01, 0x05, 0x04,
	0x04, 0x05, 0x70, 0x0B, 0x01, 0x09, 0x0A, 0x0A, 0x09, 0x71, 0x08, 0x01,
	0x04, 0x00, 0x03, 0x02, 0x04, 0x03, 0x68, 0x00, 0x01, 0x0F, 0x0A, 0x01,
	0x57, 0x00, 0x02, 0x00, 0x0F, 0x00, 0x02, 0x0F, 0x67, 0x00, 0x0E, 0x0D,
	0x0A, 0x0E, 0x57, 0x00, 0x00, 0x00, 0x0D, 0x0A, 0x00, 0x0D, 0x67, 0x00,
	0x0E, 0x0E, 0x0A, 0x5F, 0x0C, 0x01, 0x0A, 0x0E, 0x0A, 0x4F, 0x1B, 0x40,
	0x41, 0x00, 0x06, 0x05, 0x06, 0x85, 0x07, 0x01, 0x05, 0x04, 0x05, 0x85,
	0x0B, 0x01, 0x09, 0x0A, 0x09, 0x86, 0x08, 0x01, 0x04, 0x00, 0x03, 0x02,
	0x04, 0x03, 0x68, 0x00, 0x01, 0x0F, 0x0A, 0x01, 0x57, 0x00, 0x02, 0x00,
	0x0F, 0x00, 0x02, 0x0F, 0x67, 0x00, 0x0E, 0x0D, 0x0A, 0x0E, 0x57, 0x00,
	0x00, 0x00, 0x0D, 0x0A, 0x00, 0x0D, 0x67, 0x00, 0x0E, 0x0E, 0x0A, 0x5F,
	0x0C, 0x01, 0x0A, 0x0E, 0x0A, 0x4F, 0x59, 0x59, 0x40, 0x1A, 0x1F, 0x1E,
	0x1D, 0x1C, 0x1B, 0x1A, 0x19, 0x18, 0x17, 0x16, 0x15, 0x14, 0x13, 0x12,
	0x11, 0x11, 0x11, 0x11, 0x11, 0x11, 0x11, 0x11, 0x10, 0x10, 0x06, 0x1F,
	0x2B, 0x37, 0x33, 0x35, 0x33, 0x35, 0x33, 0x35, 0x21, 0x35, 0x33, 0x35,
	0x33, 0x35, 0x21, 0x15, 0x33, 0x15, 0x33, 0x11, 0x23, 0x35, 0x23, 0x15,
	0x23, 0x35, 0x23, 0x35, 0x23, 0x37, 0x33, 0x35, 0x23, 0x32, 0x32, 0x32,
	0xFA, 0xFE, 0xA2, 0x32, 0x32, 0x01, 0x2C, 0x32, 0x32, 0x96, 0x32, 0xC8,
	0x32, 0x32, 0x96, 0xC8, 0xC8, 0xFA, 0x32, 0x32, 0x32, 0x32, 0x32, 0x32,
	0x32, 0x32, 0xFE, 0x3E, 0x32, 0x32, 0x32, 0x32, 0x32, 0x64, 0x00, 0x02,
	0x00, 0x32, 0x00, 0x00, 0x02, 0x26, 0x02, 0x26, 0x00, 0x03, 0x00, 0x17,
	0x00, 0x4F, 0x40, 0x4C, 0x06, 0x01, 0x04, 0x05, 0x03, 0x05, 0x04, 0x03,
	0x80, 0x07, 0x01, 0x03, 0x01, 0x05, 0x03, 0x01, 0x7E, 0x08, 0x01, 0x02,
	0x00, 0x09, 0x00, 0x02, 0x09, 0x80, 0x0B, 0x01, 0x09, 0x0A, 0x00, 0x09,
	0x0A, 0x7E, 0x00, 0x05, 0x00, 0x01, 0x00, 0x05, 0x01, 0x67, 0x00, 0x00,
	0x02, 0x0A, 0x00, 0x57, 0x00, 0x00, 0x00, 0x0A, 0x5F, 0x00, 0x0A, 0x00,
	0x0A, 0x4F, 0x17, 0x16, 0x15, 0x14, 0x13, 0x12, 0x11, 0x11, 0x11, 0x11,
	0x11, 0x11, 0x11, 0x11, 0x10, 0x0C, 0x06, 0x1F, 0x2B, 0x37, 0x33, 0x35,
	0x23, 0x03, 0x23, 0x11, 0x33, 0x35, 0x33, 0x35, 0x21, 0x15, 0x33, 0x15,
	0x33, 0x11, 0x23, 0x15, 0x23, 0x15, 0x21, 0x35, 0x23, 0xC8, 0xC8, 0xC8,
	0x64, 0x32, 0x32, 0x32, 0x01, 0x2C, 0x32, 0x32, 0x32, 0x32, 0xFE, 0xD4,
	0x32, 0x96, 0xFA, 0xFE, 0xD4, 0x01, 0x5E, 0x32, 0x32, 0x32, 0x32, 0xFE,
	0xA2, 0x32, 0x32, 0x32, 0x00, 0x02, 0x00, 0x32, 0x00, 0x00, 0x01, 0xF4,
	0x02, 0xEE, 0x00, 0x13, 0x00, 0x1F, 0x00, 0x9A, 0x4B, 0xB0, 0x21, 0x50,
	0x58, 0x40, 0x38, 0x0D, 0x01, 0x0B, 0x0C, 0x0A, 0x0C, 0x0B, 0x72, 0x0E,
	0x01, 0x0A, 0x0F, 0x0F, 0x0A, 0x70, 0x04, 0x01, 0x00, 0x09, 0x01, 0x05,
	0x06, 0x00, 0x05, 0x67, 0x03, 0x01, 0x01, 0x08, 0x01, 0x06, 0x07, 0x01,
	0x06, 0x67, 0x00, 0x0C, 0x0C, 0x02, 0x5F, 0x00, 0x02, 0x02, 0x16, 0x4D,
	0x00, 0x0F, 0x0F, 0x07, 0x60, 0x00, 0x07, 0x07, 0x17, 0x07, 0x4E, 0x1B,
	0x40, 0x3A, 0x0D, 0x01, 0x0B, 0x0C, 0x0A, 0x0C, 0x0B, 0x0A, 0x80, 0x0E,
	0x01, 0x0A, 0x0F, 0x0C, 0x0A, 0x0F, 0x7E, 0x04, 0x01, 0x00, 0x09, 0x01,
	0x05, 0x06, 0x00, 0x05, 0x67, 0x03, 0x01, 0x01, 0x08, 0x01, 0x06, 0x07,
	0x01, 0x06, 0x67, 0x00, 0x0C, 0x0C, 0x02, 0x5F, 0x00, 0x02, 0x02, 0x16,
	0x4D, 0x00, 0x0F, 0x0F, 0x07, 0x60, 0x00, 0x07, 0x07, 0x17, 0x07, 0x4E,
	0x59, 0x40, 0x1A, 0x1F, 0x1E, 0x1D, 0x1C, 0x1B, 0x1A, 0x19, 0x18, 0x17,
	0x16, 0x15, 0x14, 0x13, 0x12, 0x11, 0x11, 0x11, 0x11, 0x11, 0x11, 0x11,
	0x11, 0x10, 0x10, 0x07, 0x1F, 0x2B, 0x13, 0x33, 0x35, 0x33, 0x35, 0x33,
	0x15, 0x33, 0x15, 0x33, 0x11, 0x23, 0x15, 0x23, 0x15, 0x23, 0x35, 0x23,
	0x35, 0x23, 0x37, 0x33, 0x11, 0x23, 0x35, 0x23, 0x15, 0x23, 0x11, 0x33,
	0x15, 0x33, 0x32, 0x32, 0x32, 0xFA, 0x32, 0x32, 0x32, 0x32, 0xFA, 0x32,
	0x32, 0xFA, 0x32, 0x32, 0x32, 0x32, 0x32, 0x32, 0x02, 0x8A, 0x32, 0x32,
	0x32, 0x32, 0xFD, 0xDA, 0x32, 0x32, 0x32, 0x32, 0x64, 0x01, 0x5E, 0x32,
	0x32, 0xFE, 0xA2, 0x32, 0x00, 0x01, 0x00, 0x32, 0x00, 0x00, 0x01, 0x2C,
	0x02, 0xEE, 0x00, 0x05, 0x00, 0x19, 0x40, 0x16, 0x00, 0x02, 0x02, 0x00,
	0x5F, 0x00, 0x00, 0x00, 0x16, 0x4D, 0x00, 0x01, 0x01, 0x17, 0x01, 0x4E,
	0x11, 0x11, 0x10, 0x03, 0x07, 0x19, 0x2B, 0x13, 0x33, 0x11, 0x23, 0x11,
	0x23, 0x32, 0xFA, 0x96, 0x64, 0x02, 0xEE, 0xFD, 0x12, 0x02, 0x58, 0x00,
	0x00, 0x01, 0x00, 0x32, 0x00, 0x00, 0x02, 0x26, 0x02, 0xEE, 0x00, 0x2D,
	0x01, 0xF3, 0x4B, 0xB0, 0x0B, 0x50, 0x58, 0x40, 0x69, 0x09, 0x01, 0x07,
	0x08, 0x0A, 0x08, 0x07, 0x72, 0x00, 0x04, 0x11, 0x12, 0x11, 0x04, 0x12,
	0x80, 0x00, 0x12, 0x03, 0x11, 0x12, 0x03, 0x7E, 0x00, 0x03, 0x13, 0x00,
	0x03, 0x70, 0x00, 0x02, 0x13, 0x14, 0x00, 0x02, 0x72, 0x00, 0x01, 0x14,
	0x00, 0x00, 0x01, 0x72, 0x00, 0x0A, 0x06, 0x0B, 0x0A, 0x58, 0x0F, 0x01,
	0x0B, 0x00, 0x10, 0x05, 0x0B, 0x10, 0x68, 0x0E, 0x01, 0x0C, 0x00, 0x11,
	0x04, 0x0C, 0x11, 0x67, 0x00, 0x06, 0x00, 0x13, 0x02, 0x06, 0x13, 0x67,
	0x00, 0x05, 0x00, 0x14, 0x01, 0x05, 0x14, 0x67, 0x00, 0x08, 0x08, 0x0D,
	0x5F, 0x00, 0x0D, 0x0D, 0x16, 0x4D, 0x15, 0x01, 0x00, 0x00, 0x16, 0x60,
	0x00, 0x16, 0x16, 0x17, 0x16, 0x4E, 0x1B, 0x4B, 0xB0, 0x10, 0x50, 0x58,
	0x40, 0x6A, 0x09, 0x01, 0x07, 0x08, 0x0A, 0x08, 0x07, 0x72, 0x00, 0x04,
	0x11, 0x12, 0x11, 0x04, 0x12, 0x80, 0x00, 0x12, 0x03, 0x11, 0x12, 0x03,
	0x7E, 0x00, 0x03, 0x13, 0x11, 0x03, 0x13, 0x7E, 0x00, 0x02, 0x13, 0x14,
	0x00, 0x02, 0x72, 0x00, 0x01, 0x14, 0x00, 0x00, 0x01, 0x72, 0x00, 0x0A,
	0x06, 0x0B, 0x0A, 0x58, 0x0F, 0x01, 0x0B, 0x00, 0x10, 0x05, 0x0B, 0x10,
	0x68, 0x0E, 0x01, 0x0C, 0x00, 0x11, 0x04, 0x0C, 0x11, 0x67, 0x00, 0x06,
	0x00, 0x13, 0x02, 0x06, 0x13, 0x67, 0x00, 0x05, 0x00, 0x14, 0x01, 0x05,
	0x14, 0x67, 0x00, 0x08, 0x08, 0x0D, 0x5F, 0x00, 0x0D, 0x0D, 0x16, 0x4D,
	0x15, 0x01, 0x00, 0x00, 0x16, 0x60, 0x00, 0x16, 0x16, 0x17, 0x16, 0x4E,
	0x1B, 0x4B, 0xB0, 0x21, 0x50, 0x58, 0x40, 0x6B, 0x09, 0x01, 0x07, 0x08,
	0x0A, 0x08, 0x07, 0x72, 0x00, 0x04, 0x11, 0x12, 0x11, 0x04, 0x12, 0x80,
	0x00, 0x12, 0x03, 0x11, 0x12, 0x03, 0x7E, 0x00, 0x03, 0x13, 0x11, 0x03,
	0x13, 0x7E, 0x00, 0x02, 0x13, 0x14, 0x13, 0x02, 0x14, 0x80, 0x00, 0x01,
	0x14, 0x00, 0x00, 0x01, 0x72, 0x00, 0x0A, 0x06, 0x0B, 0x0A, 0x58, 0x0F,
	0x01, 0x0B, 0x00, 0x10, 0x05, 0x0B, 0x10, 0x68, 0x0E, 0x01, 0x0C, 0x00,
	0x11, 0x04, 0x0C, 0x11, 0x67, 0x00, 0x06, 0x00, 0x13, 0x02, 0x06, 0x13,
	0x67, 0x00, 0x05, 0x00, 0x14, 0x01, 0x05, 0x14, 0x67, 0x00, 0x08, 0x08,
	0x0D, 0x5F, 0x00, 0x0D, 0x0D, 0x16, 0x4D, 0x15, 0x01, 0x00, 0x00, 0x16,
	0x60, 0x00, 0x16, 0x16, 0x17, 0x16, 0x4E, 0x1B, 0x40, 0x6D, 0x09, 0x01,
	0x07, 0x08, 0x0A, 0x08, 0x07, 0x0A, 0x80, 0x00, 0x04, 0x11, 0x12, 0x11,
	0x04, 0x12, 0x80, 0x00, 0x12, 0x03, 0x11, 0x12, 0x03, 0x7E, 0x00, 0x03,
	0x13, 0x11, 0x03, 0x13, 0x7E, 0x00, 0x02, 0x13, 0x14, 0x13, 0x02, 0x14,
	0x80, 0x00, 0x01, 0x14, 0x00, 0x14, 0x01, 0x00, 0x80, 0x00, 0x0A, 0x06,
	0x0B, 0x0A, 0x58, 0x0F, 0x01, 0x0B, 0x00, 0x10, 0x05, 0x0B, 0x10, 0x68,
	0x0E, 0x01, 0x0C, 0x00, 0x11, 0x04, 0x0C, 0x11, 0x67, 0x00, 0x06, 0x00,
	0x13, 0x02, 0x06, 0x13, 0x67, 0x00, 0x05, 0x00, 0x14, 0x01, 0x05, 0x14,
	0x67, 0x00, 0x08, 0x08, 0x0D, 0x5F, 0x00, 0x0D, 0x0D, 0x16, 0x4D, 0x15,
	0x01, 0x00, 0x00, 0x16, 0x60, 0x00, 0x16, 0x16, 0x17, 0x16, 0x4E, 0x59,
	0x59, 0x59, 0x40, 0x28, 0x2D, 0x2C, 0x2B, 0x2A, 0x29, 0x28, 0x27, 0x26,
	0x25, 0x24, 0x23, 0x22, 0x21, 0x20, 0x1F, 0x1E, 0x1D, 0x1C, 0x1B, 0x1A,
	0x19, 0x18, 0x17, 0x16, 0x15, 0x14, 0x13, 0x12, 0x11, 0x11, 0x11, 0x11,
	0x11, 0x11, 0x11, 0x11, 0x10, 0x17, 0x07, 0x1F, 0x2B, 0x37, 0x33, 0x35,
	0x33, 0x35, 0x33, 0x35, 0x33, 0x35, 0x33, 0x35, 0x33, 0x35, 0x33, 0x35,
	0x23, 0x35, 0x23, 0x15, 0x23, 0x15, 0x23, 0x35, 0x33, 0x35, 0x33, 0x35,
	0x21, 0x15, 0x33, 0x15, 0x33, 0x15, 0x23, 0x15, 0x23, 0x15, 0x23, 0x15,
	0x23, 0x15, 0x23, 0x15, 0x33, 0x15, 0x21, 0x32, 0x32, 0x32, 0x32, 0x32,
	0x32, 0x32, 0x32, 0x32, 0x64, 0x32, 0x96, 0x32, 0x32, 0x01, 0x2C, 0x32,
	0x32, 0x32, 0x32, 0x32, 0x32, 0x32, 0xFA, 0xFE, 0x0C, 0x96, 0x32, 0x32,
	0x32, 0x32, 0x32, 0x32, 0x64, 0x32, 0x32, 0x32, 0x96, 0x32, 0x32, 0x32,
	0x32, 0xFA, 0x32, 0x32, 0x32, 0x32, 0x32, 0x96, 0x00, 0x01, 0x00, 0x32,
	0x00, 0x00, 0x02, 0x26, 0x02, 0xEE, 0x00, 0x2F, 0x00, 0xF4, 0x4B, 0xB0,
	0x21, 0x50, 0x58, 0x40, 0x5D, 0x0A, 0x01, 0x08, 0x09, 0x0B, 0x09, 0x08,
	0x72, 0x03, 0x01, 0x01, 0x00, 0x02, 0x02, 0x01, 0x72, 0x00, 0x0B, 0x07,
	0x0C, 0x0B, 0x58, 0x10, 0x01, 0x0C, 0x00, 0x11, 0x06, 0x0C, 0x11, 0x68,
	0x00, 0x06, 0x00, 0x05, 0x12, 0x06, 0x05, 0x67, 0x00, 0x12, 0x04, 0x13,
	0x12, 0x57, 0x00, 0x07, 0x00, 0x04, 0x00, 0x07, 0x04, 0x67, 0x00, 0x00,
	0x17, 0x01, 0x13, 0x14, 0x00, 0x13, 0x67, 0x0F, 0x01, 0x0D, 0x16, 0x01,
	0x14, 0x15, 0x0D, 0x14, 0x67, 0x00, 0x09, 0x09, 0x0E, 0x5F, 0x00, 0x0E,
	0x0E, 0x16, 0x4D, 0x00, 0x02, 0x02, 0x15, 0x60, 0x00, 0x15, 0x15, 0x17,
	0x15, 0x4E, 0x1B, 0x40, 0x5F, 0x0A, 0x01, 0x08, 0x09, 0x0B, 0x09, 0x08,
	0x0B, 0x80, 0x03, 0x01, 0x01, 0x00, 0x02, 0x00, 0x01, 0x02, 0x80, 0x00,
	0x0B, 0x07, 0x0C, 0x0B, 0x58, 0x10, 0x01, 0x0C, 0x00, 0x11, 0x06, 0x0C,
	0x11, 0x68, 0x00, 0x06, 0x00, 0x05, 0x12, 0x06, 0x05, 0x67, 0x00, 0x12,
	0x04, 0x13, 0x12, 0x57, 0x00, 0x07, 0x00, 0x04, 0x00, 0x07, 0x04, 0x67,
	0x00, 0x00, 0x17, 0x01, 0x13, 0x14, 0x00, 0x13, 0x67, 0x0F, 0x01, 0x0D,
	0x16, 0x01, 0x14, 0x15, 0x0D, 0x14, 0x67, 0x00, 0x09, 0x09, 0x0E, 0x5F,
	0x00, 0x0E, 0x0E, 0x16, 0x4D, 0x00, 0x02, 0x02, 0x15, 0x60, 0x00, 0x15,
	0x15, 0x17, 0x15, 0x4E, 0x59, 0x40, 0x2A, 0x2F, 0x2E, 0x2D, 0x2C, 0x2B,
	0x2A, 0x29, 0x28, 0x27, 0x26, 0x25, 0x24, 0x23, 0x22, 0x21, 0x20, 0x1F,
	0x1E, 0x1D, 0x1C, 0x1B, 0x1A, 0x19, 0x18, 0x17, 0x16, 0x15, 0x14, 0x13,
	0x12, 0x11, 0x11, 0x11, 0x11, 0x11, 0x11, 0x11, 0x11, 0x10, 0x18, 0x07,
	0x1F, 0x2B, 0x37, 0x33, 0x15, 0x33, 0x15, 0x33, 0x35, 0x33, 0x35, 0x23,
	0x35, 0x23, 0x35, 0x33, 0x35, 0x33, 0x35, 0x23, 0x35, 0x23, 0x15, 0x23,
	0x15, 0x23, 0x35, 0x33, 0x35, 0x33, 0x35, 0x21, 0x15, 0x33, 0x15, 0x33,
	0x15, 0x23, 0x15, 0x33, 0x15, 0x23, 0x15, 0x23, 0x15, 0x21, 0x35, 0x23,
	0x35, 0x23, 0x32, 0x96, 0x32, 0x64, 0x32, 0x32, 0x96, 0x96, 0x32, 0x32,
	0x64, 0x32, 0x96, 0x32, 0x32, 0x01, 0x2C, 0x32, 0x32, 0x32, 0x32, 0x32,
	0x32, 0xFE, 0xD4, 0x32, 0x32, 0xFA, 0x32, 0x32, 0x32, 0x64, 0x32, 0x64,
	0x32, 0x32, 0x32, 0x32, 0x32, 0x96, 0x32, 0x32, 0x32, 0x32, 0xC8, 0x64,
	0xFA, 0x32, 0x32, 0x32, 0x32, 0x00, 0x00, 0x02, 0x00, 0x32, 0x00, 0x00,
	0x01, 0xF4, 0x02, 0xEE, 0x00, 0x07, 0x00, 0x19, 0x00, 0xA1, 0x4B, 0xB0,
	0x0B, 0x50, 0x58, 0x40, 0x3F, 0x00, 0x05, 0x00, 0x01, 0x00, 0x05, 0x01,
	0x80, 0x00, 0x04, 0x01, 0x02, 0x03, 0x04, 0x72, 0x00, 0x09, 0x00, 0x00,
	0x05, 0x09, 0x00, 0x67, 0x00, 0x08, 0x00, 0x01, 0x04, 0x08, 0x01, 0x67,
	0x00, 0x07, 0x00, 0x02, 0x03, 0x07, 0x02, 0x67, 0x00, 0x03, 0x00, 0x0C,
	0x0B, 0x03, 0x0C, 0x68, 0x00, 0x0A, 0x0A, 0x16, 0x4D, 0x00, 0x06, 0x06,
	0x19, 0x4D, 0x00, 0x0B, 0x0B, 0x17, 0x0B, 0x4E, 0x1B, 0x40, 0x40, 0x00,
	0x05, 0x00, 0x01, 0x00, 0x05, 0x01, 0x80, 0x00, 0x04, 0x01, 0x02, 0x01,
	0x04, 0x02, 0x80, 0x00, 0x09, 0x00, 0x00, 0x05, 0x09, 0x00, 0x67, 0x00,
	0x08, 0x00, 0x01, 0x04, 0x08, 0x01, 0x67, 0x00, 0x07, 0x00, 0x02, 0x03,
	0x07, 0x02, 0x67, 0x00, 0x03, 0x00, 0x0C, 0x0B, 0x03, 0x0C, 0x68, 0x00,
	0x0A, 0x0A, 0x16, 0x4D, 0x00, 0x06, 0x06, 0x19, 0x4D, 0x00, 0x0B, 0x0B,
	0x17, 0x0B, 0x4E, 0x59, 0x40, 0x14, 0x19, 0x18, 0x17, 0x16, 0x15, 0x14,
	0x13, 0x12, 0x11, 0x11, 0x11, 0x11, 0x11, 0x11, 0x11, 0x11, 0x10, 0x0D,
	0x07, 0x1F, 0x2B, 0x01, 0x23, 0x15, 0x23, 0x15, 0x23, 0x15, 0x33, 0x25,
	0x33, 0x35, 0x33, 0x35, 0x33, 0x35, 0x33, 0x35, 0x33, 0x35, 0x33, 0x35,
	0x33, 0x11, 0x23, 0x35, 0x21, 0x01, 0x5E, 0x32, 0x32, 0x32, 0x96, 0xFE,
	0xD4, 0x32, 0x32, 0x32, 0x32, 0x32, 0x32, 0x96, 0x96, 0xFE, 0xD4, 0x01,
	0xF4, 0x32, 0x32, 0x64, 0x96, 0x32, 0x32, 0x32, 0x32, 0x32, 0x32, 0xFD,
	0x12, 0x96, 0x00, 0x01, 0x00, 0x32, 0x00, 0x00, 0x01, 0xF4, 0x02, 0xEE,
	0x00, 0x1F, 0x00, 0xB2, 0x4B, 0xB0, 0x21, 0x50, 0x58, 0x40, 0x44, 0x00,
	0x04, 0x05, 0x00, 0x05, 0x04, 0x72, 0x03, 0x01, 0x01, 0x00, 0x02, 0x02,
	0x01, 0x72, 0x00, 0x0A, 0x05, 0x0B, 0x0A, 0x57, 0x00, 0x08, 0x00, 0x05,
	0x04, 0x08, 0x05, 0x67, 0x00, 0x00, 0x0F, 0x01, 0x0B, 0x0C, 0x00, 0x0B,
	0x67, 0x00, 0x09, 0x0E, 0x01, 0x0C, 0x0D, 0x09, 0x0C, 0x67, 0x00, 0x07,
	0x07, 0x06, 0x5F, 0x00, 0x06, 0x06, 0x16, 0x4D, 0x00, 0x02, 0x02, 0x0D,
	0x60, 0x00, 0x0D, 0x0D, 0x17, 0x0D, 0x4E, 0x1B, 0x40, 0x46, 0x00, 0x04,
	0x05, 0x00, 0x05, 0x04, 0x00, 0x80, 0x03, 0x01, 0x01, 0x00, 0x02, 0x00,
	0x01, 0x02, 0x80, 0x00, 0x0A, 0x05, 0x0B, 0x0A, 0x57, 0x00, 0x08, 0x00,
	0x05, 0x04, 0x08, 0x05, 0x67, 0x00, 0x00, 0x0F, 0x01, 0x0B, 0x0C, 0x00,
	0x0B, 0x67, 0x00, 0x09, 0x0E, 0x01, 0x0C, 0x0D, 0x09, 0x0C, 0x67, 0x00,
	0x07, 0x07, 0x06, 0x5F, 0x00, 0x06, 0x06, 0x16, 0x4D, 0x00, 0x02, 0x02,
	0x0D, 0x60, 0x00, 0x0D, 0x0D, 0x17, 0x0D, 0x4E, 0x59, 0x40, 0x1A, 0x1F,
	0x1E, 0x1D, 0x1C, 0x1B, 0x1A, 0x19, 0x18, 0x17, 0x16, 0x15, 0x14, 0x13,
	0x12, 0x11, 0x11, 0x11, 0x11, 0x11, 0x11, 0x11, 0x11, 0x10, 0x10, 0x07,
	0x1F, 0x2B, 0x37, 0x33, 0x15, 0x33, 0x15, 0x33, 0x35, 0x33, 0x35, 0x23,
	0x35, 0x23, 0x11, 0x21, 0x15, 0x21, 0x15, 0x33, 0x15, 0x33, 0x15, 0x33,
	0x11, 0x23, 0x15, 0x23, 0x15, 0x23, 0x35, 0x23, 0x35, 0x23, 0x32, 0x96,
	0x32, 0x32, 0x32, 0x32, 0xFA, 0x01, 0xC2, 0xFE, 0xD4, 0xC8, 0x32, 0x32,
	0x32, 0x32, 0xFA, 0x32, 0x32, 0xFA, 0x32, 0x32, 0x32, 0x64, 0x32, 0x01,
	0x90, 0x96, 0x64, 0x32, 0x32, 0xFE, 0xD4, 0x32, 0x32, 0x32, 0x32, 0x00,
	0x00, 0x02, 0x00, 0x32, 0x00, 0x00, 0x02, 0x26, 0x02, 0xEE, 0x00, 0x23,
	0x00, 0x2F, 0x00, 0xE8, 0x4B, 0xB0, 0x21, 0x50, 0x58, 0x40, 0x57, 0x11,
	0x01, 0x0F, 0x10, 0x0E, 0x10, 0x0F, 0x72, 0x17, 0x01, 0x13, 0x14, 0x12,
	0x12, 0x13, 0x72, 0x0C, 0x01, 0x0A, 0x09, 0x05, 0x0A, 0x57, 0x0D, 0x01,
	0x09, 0x00, 0x0E, 0x01, 0x09, 0x0E, 0x68, 0x00, 0x01, 0x00, 0x15, 0x14,
	0x01, 0x15, 0x67, 0x16, 0x01, 0x14, 0x13, 0x00, 0x14, 0x57, 0x00, 0x03,
	0x08, 0x01, 0x04, 0x05, 0x03, 0x04, 0x67, 0x02, 0x01, 0x00, 0x07, 0x01,
	0x05, 0x06, 0x00, 0x05, 0x67, 0x00, 0x10, 0x10, 0x0B, 0x5F, 0x00, 0x0B,
	0x0B, 0x16, 0x4D, 0x00, 0x12, 0x12, 0x06, 0x60, 0x00, 0x06, 0x06, 0x17,
	0x06, 0x4E, 0x1B, 0x40, 0x59, 0x11, 0x01, 0x0F, 0x10, 0x0E, 0x10, 0x0F,
	0x0E, 0x80, 0x17, 0x01, 0x13, 0x14, 0x12, 0x14, 0x13, 0x12, 0x80, 0x0C,
	0x01, 0x0A, 0x09, 0x05, 0x0A, 0x57, 0x0D, 0x01, 0x09, 0x00, 0x0E, 0x01,
	0x09, 0x0E, 0x68, 0x00, 0x01, 0x00, 0x15, 0x14, 0x01, 0x15, 0x67, 0x16,
	0x01, 0x14, 0x13, 0x00, 0x14, 0x57, 0x00, 0x03, 0x08, 0x01, 0x04, 0x05,
	0x03, 0x04, 0x67, 0x02, 0x01, 0x00, 0x07, 0x01, 0x05, 0x06, 0x00, 0x05,
	0x67, 0x00, 0x10, 0x10, 0x0B, 0x5F, 0x00, 0x0B, 0x0B, 0x16, 0x4D, 0x00,
	0x12, 0x12, 0x06, 0x60, 0x00, 0x06, 0x06, 0x17, 0x06, 0x4E, 0x59, 0x40,
	0x2A, 0x2F, 0x2E, 0x2D, 0x2C, 0x2B, 0x2A, 0x29, 0x28, 0x27, 0x26, 0x25,
	0x24, 0x23, 0x22, 0x21, 0x20, 0x1F, 0x1E, 0x1D, 0x1C, 0x1B, 0x1A, 0x19,
	0x18, 0x17, 0x16, 0x15, 0x14, 0x13, 0x12, 0x11, 0x11, 0x11, 0x11, 0x11,
	0x11, 0x11, 0x11, 0x10, 0x18, 0x07, 0x1F, 0x2B, 0x13, 0x33, 0x35, 0x33,
	0x15, 0x33, 0x15, 0x33, 0x11, 0x23, 0x15, 0x23, 0x15, 0x21, 0x35, 0x23,
	0x35, 0x23, 0x11, 0x33, 0x35, 0x33, 0x35, 0x21, 0x15, 0x33, 0x15, 0x33,
	0x15, 0x23, 0x35, 0x23, 0x35, 0x23, 0x15, 0x23, 0x13, 0x33, 0x35, 0x33,
	0x35, 0x23, 0x35, 0x23, 0x15, 0x23, 0x15, 0x33, 0xC8, 0x32, 0x96, 0x64,
	0x32, 0x32, 0x32, 0xFE, 0xD4, 0x32, 0x32, 0x32, 0x32, 0x01, 0x2C, 0x32,
	0x32, 0x96, 0x32, 0x64, 0x32, 0x32, 0x64, 0x32, 0x32, 0x64, 0x32, 0x32,
	0x01, 0xC2, 0x32, 0x32, 0x32, 0xFE, 0xD4, 0x32, 0x32, 0x32, 0x32, 0x02,
	0x26, 0x32, 0x32, 0x32, 0x32, 0x96, 0x32, 0x32, 0x32, 0xFE, 0x70, 0x32,
	0x64, 0x32, 0x32, 0x64, 0x00, 0x01, 0x00, 0x32, 0x00, 0x00, 0x01, 0xF4,
	0x02, 0xEE, 0x00, 0x11, 0x00, 0x8D, 0x4B, 0xB0, 0x10, 0x50, 0x58, 0x40,
	0x39, 0x00, 0x02, 0x03, 0x05, 0x03, 0x02, 0x05, 0x80, 0x00, 0x05, 0x01,
	0x03, 0x05, 0x01, 0x7E, 0x00, 0x01, 0x06, 0x00, 0x01, 0x70, 0x00, 0x06,
	0x00, 0x03, 0x06, 0x00, 0x7E, 0x00, 0x07, 0x00, 0x08, 0x00, 0x07, 0x08,
	0x80, 0x00, 0x03, 0x03, 0x04, 0x5F, 0x00, 0x04, 0x04, 0x16, 0x4D, 0x00,
	0x00, 0x00, 0x08, 0x60, 0x00, 0x08, 0x08, 0x17, 0x08, 0x4E, 0x1B, 0x40,
	0x3A, 0x00, 0x02, 0x03, 0x05, 0x03, 0x02, 0x05, 0x80, 0x00, 0x05, 0x01,
	0x03, 0x05, 0x01, 0x7E, 0x00, 0x01, 0x06, 0x03, 0x01, 0x06, 0x7E, 0x00,
	0x06, 0x00, 0x03, 0x06, 0x00, 0x7E, 0x00, 0x07, 0x00, 0x08, 0x00, 0x07,
	0x08, 0x80, 0x00, 0x03, 0x03, 0x04, 0x5F, 0x00, 0x04, 0x04, 0x16, 0x4D,
	0x00, 0x00, 0x00, 0x08, 0x60, 0x00, 0x08, 0x08, 0x17, 0x08, 0x4E, 0x59,
	0x40, 0x0C, 0x11, 0x11, 0x11, 0x11, 0x11, 0x11, 0x11, 0x11, 0x10, 0x09,
	0x07, 0x1F, 0x2B, 0x13, 0x33, 0x35, 0x33, 0x35, 0x33, 0x35, 0x21, 0x35,
	0x21, 0x11, 0x23, 0x15, 0x23, 0x15, 0x23, 0x15, 0x23, 0xC8, 0x32, 0x32,
	0x32, 0xFE, 0xD4, 0x01, 0xC2, 0x32, 0x32, 0x32, 0x96, 0x01, 0x2C, 0x64,
	0x64, 0x64, 0x96, 0xFE, 0xA2, 0x64, 0x64, 0xC8, 0x00, 0x03, 0x00, 0x32,
	0x00, 0x00, 0x02, 0x26, 0x02, 0xEE, 0x00, 0x0B, 0x00, 0x17, 0x00, 0x33,
	0x00, 0xE8, 0x4B, 0xB0, 0x21, 0x50, 0x58, 0x40, 0x55, 0x0A, 0x01, 0x08,
	0x09, 0x07, 0x09, 0x08, 0x72, 0x04, 0x01, 0x00, 0x01, 0x05, 0x05, 0x00,
	0x72, 0x13, 0x01, 0x0F, 0x14, 0x01, 0x0E, 0x06, 0x0F, 0x0E, 0x67, 0x00,
	0x06, 0x00, 0x02, 0x0D, 0x06, 0x02, 0x67, 0x0B, 0x01, 0x07, 0x03, 0x01,
	0x01, 0x00, 0x07, 0x01, 0x67, 0x15, 0x01, 0x0D, 0x16, 0x01, 0x0C, 0x17,
	0x0D, 0x0C, 0x67, 0x12, 0x01, 0x10, 0x19, 0x01, 0x17, 0x18, 0x10, 0x17,
	0x67, 0x00, 0x09, 0x09, 0x11, 0x5F, 0x00, 0x11, 0x11, 0x16, 0x4D, 0x00,
	0x05, 0x05, 0x18, 0x60, 0x00, 0x18, 0x18, 0x17, 0x18, 0x4E, 0x1B, 0x40,
	0x57, 0x0A, 0x01, 0x08, 0x09, 0x07, 0x09, 0x08, 0x07, 0x80, 0x04, 0x01,
	0x00, 0x01, 0x05, 0x01, 0x00, 0x05, 0x80, 0x13, 0x01, 0x0F, 0x14, 0x01,
	0x0E, 0x06, 0x0F, 0x0E, 0x67, 0x00, 0x06, 0x00, 0x02, 0x0D, 0x06, 0x02,
	0x67, 0x0B, 0x01, 0x07, 0x03, 0x01, 0x01, 0x00, 0x07, 0x01, 0x67, 0x15,
	0x01, 0x0D, 0x16, 0x01, 0x0C, 0x17, 0x0D, 0x0C, 0x67, 0x12, 0x01, 0x10,
	0x19, 0x01, 0x17, 0x18, 0x10, 0x17, 0x67, 0x00, 0x09, 0x09, 0x11, 0x5F,
	0x00, 0x11, 0x11, 0x16, 0x4D, 0x00, 0x05, 0x05, 0x18, 0x60, 0x00, 0x18,
	0x18, 0x17, 0x18, 0x4E, 0x59, 0x40, 0x2E, 0x33, 0x32, 0x31, 0x30, 0x2F,
	0x2E, 0x2D, 0x2C, 0x2B, 0x2A, 0x29, 0x28, 0x27, 0x26, 0x25, 0x24, 0x23,
	0x22, 0x21, 0x20, 0x1F, 0x1E, 0x1D, 0x1C, 0x1B, 0x1A, 0x19, 0x18, 0x17,
	0x16, 0x15, 0x14, 0x13, 0x12, 0x11, 0x11, 0x11, 0x11, 0x11, 0x11, 0x11,
	0x11, 0x10, 0x1A, 0x07, 0x1F, 0x2B, 0x25, 0x33, 0x35, 0x23, 0x35, 0x23,
	0x15, 0x23, 0x15, 0x33, 0x15, 0x33, 0x03, 0x33, 0x35, 0x33, 0x35, 0x23,
	0x35, 0x23, 0x15, 0x23, 0x15, 0x33, 0x03, 0x23, 0x35, 0x33, 0x35, 0x23,
	0x35, 0x33, 0x35, 0x33, 0x35, 0x21, 0x15, 0x33, 0x15, 0x33, 0x15, 0x23,
	0x15, 0x33, 0x15, 0x23, 0x15, 0x23, 0x15, 0x21, 0x35, 0x23, 0x01, 0x5E,
	0x32, 0x32, 0x64, 0x32, 0x32, 0x64, 0x64, 0x64, 0x32, 0x32, 0x64, 0x32,
	0x32, 0x96, 0x32, 0x32, 0x32, 0x32, 0x32, 0x01, 0x2C, 0x32, 0x32, 0x32,
	0x32, 0x32, 0x32, 0xFE, 0xD4, 0x32, 0xC8, 0x64, 0x32, 0x32, 0x64, 0x32,
	0x01, 0x2C, 0x32, 0x32, 0x32, 0x32, 0x32, 0xFE, 0x70, 0xFA, 0x64, 0xC8,
	0x32, 0x32, 0x32, 0x32, 0xC8, 0x64, 0xFA, 0x32, 0x32, 0x32, 0x00, 0x02,
	0x00, 0x32, 0x00, 0x00, 0x02, 0x26, 0x02, 0xEE, 0x00, 0x0B, 0x00, 0x2F,
	0x00, 0xE0, 0x4B, 0xB0, 0x21, 0x50, 0x58, 0x40, 0x53, 0x04, 0x01, 0x02,
	0x03, 0x01, 0x03, 0x02, 0x72, 0x09, 0x01, 0x07, 0x06, 0x08, 0x08, 0x07,
	0x72, 0x12, 0x01, 0x0E, 0x00, 0x0D, 0x0A, 0x0E, 0x0D, 0x67, 0x05, 0x01,
	0x01, 0x0C, 0x01, 0x0A, 0x0B, 0x01, 0x0A, 0x67, 0x00, 0x00, 0x00, 0x0B,
	0x06, 0x00, 0x0B, 0x68, 0x00, 0x06, 0x17, 0x01, 0x13, 0x14, 0x06, 0x13,
	0x67, 0x11, 0x01, 0x0F, 0x16, 0x01, 0x14, 0x15, 0x0F, 0x14, 0x67, 0x00,
	0x03, 0x03, 0x10, 0x5F, 0x00, 0x10, 0x10, 0x16, 0x4D, 0x00, 0x08, 0x08,
	0x15, 0x60, 0x00, 0x15, 0x15, 0x17, 0x15, 0x4E, 0x1B, 0x40, 0x55, 0x04,
	0x01, 0x02, 0x03, 0x01, 0x03, 0x02, 0x01, 0x80, 0x09, 0x01, 0x07, 0x06,
	0x08, 0x06, 0x07, 0x08, 0x80, 0x12, 0x01, 0x0E, 0x00, 0x0D, 0x0A, 0x0E,
	0x0D, 0x67, 0x05, 0x01, 0x01, 0x0C, 0x01, 0x0A, 0x0B, 0x01, 0x0A, 0x67,
	0x00, 0x00, 0x00, 0x0B, 0x06, 0x00, 0x0B, 0x68, 0x00, 0x06, 0x17, 0x01,
	0x13, 0x14, 0x06, 0x13, 0x67, 0x11, 0x01, 0x0F, 0x16, 0x01, 0x14, 0x15,
	0x0F, 0x14, 0x67, 0x00, 0x03, 0x03, 0x10, 0x5F, 0x00, 0x10, 0x10, 0x16,
	0x4D, 0x00, 0x08, 0x08, 0x15, 0x60, 0x00, 0x15, 0x15, 0x17, 0x15, 0x4E,
	0x59, 0x40, 0x2A, 0x2F, 0x2E, 0x2D, 0x2C, 0x2B, 0x2A, 0x29, 0x28, 0x27,
	0x26, 0x25, 0x24, 0x23, 0x22, 0x21, 0x20, 0x1F, 0x1E, 0x1D, 0x1C, 0x1B,
	0x1A, 0x19, 0x18, 0x17, 0x16, 0x15, 0x14, 0x13, 0x12, 0x11, 0x11, 0x11,
	0x11, 0x11, 0x11, 0x11, 0x11, 0x10, 0x18, 0x07, 0x1F, 0x2B, 0x13, 0x33,
	0x35, 0x33, 0x35, 0x23, 0x35, 0x23, 0x15, 0x23, 0x15, 0x33, 0x07, 0x33,
	0x15, 0x33, 0x15, 0x33, 0x35, 0x33, 0x35, 0x23, 0x15, 0x23, 0x35, 0x23,
	0x35, 0x23, 0x11, 0x33, 0x35, 0x33, 0x35, 0x21, 0x15, 0x33, 0x15, 0x33,
	0x11, 0x23, 0x15, 0x23, 0x15, 0x21, 0x35, 0x23, 0x35, 0x23, 0xFA, 0x64,
	0x32, 0x32, 0x64, 0x32, 0x32, 0xC8, 0x96, 0x32, 0x64, 0x32, 0x32, 0x96,
	0x64, 0x32, 0x32, 0x32, 0x01, 0x2C, 0x32, 0x32, 0x32, 0x32, 0xFE, 0xD4,
	0x32, 0x32, 0x01, 0x90, 0x32, 0x64, 0x32, 0x32, 0x64, 0xC8, 0x32, 0x32,
	0x32, 0x64, 0x32, 0x32, 0x32, 0x01, 0x2C, 0x32, 0x32, 0x32, 0x32, 0xFD,
	0xDA, 0x32, 0x32, 0x32, 0x32, 0x00, 0x00, 0x02, 0x00, 0x32, 0x00, 0x00,
	0x01, 0xF4, 0x02, 0xEE, 0x00, 0x13, 0x00, 0x1F, 0x00, 0x9A, 0x4B, 0xB0,
	0x21, 0x50, 0x58, 0x40, 0x38, 0x0F, 0x01, 0x0D, 0x0E, 0x0A, 0x0E, 0x0D,
	0x72, 0x0C, 0x01, 0x0A, 0x0B, 0x0B, 0x0A, 0x70, 0x04, 0x01, 0x00, 0x09,
	0x01, 0x05, 0x06, 0x00, 0x05, 0x67, 0x03, 0x01, 0x01, 0x08, 0x01, 0x06,
	0x07, 0x01, 0x06, 0x67, 0x00, 0x0E, 0x0E, 0x02, 0x5F, 0x00, 0x02, 0x02,
	0x16, 0x4D, 0x00, 0x0B, 0x0B, 0x07, 0x60, 0x00, 0x07, 0x07, 0x17, 0x07,
	0x4E, 0x1B, 0x40, 0x3A, 0x0F, 0x01, 0x0D, 0x0E, 0x0A, 0x0E, 0x0D, 0x0A,
	0x80, 0x0C, 0x01, 0x0A, 0x0B, 0x0E, 0x0A, 0x0B, 0x7E, 0x04, 0x01, 0x00,
	0x09, 0x01, 0x05, 0x06, 0x00, 0x05, 0x67, 0x03, 0x01, 0x01, 0x08, 0x01,
	0x06, 0x07, 0x01, 0x06, 0x67, 0x00, 0x0E, 0x0E, 0x02, 0x5F, 0x00, 0x02,
	0x02, 0x16, 0x4D, 0x00, 0x0B, 0x0B, 0x07, 0x60, 0x00, 0x07, 0x07, 0x17,
	0x07, 0x4E, 0x59, 0x40, 0x1A, 0x1F, 0x1E, 0x1D, 0x1C, 0x1B, 0x1A, 0x19,
	0x18, 0x17, 0x16, 0x15, 0x14, 0x13, 0x12, 0x11, 0x11, 0x11, 0x11, 0x11,
	0x11, 0x11, 0x11, 0x10, 0x10, 0x07, 0x1F, 0x2B, 0x13, 0x33, 0x35, 0x33,
	0x35, 0x33, 0x15, 0x33, 0x15, 0x33, 0x11, 0x23, 0x15, 0x23, 0x15, 0x23,
	0x35, 0x23, 0x35, 0x23, 0x37, 0x33, 0x15, 0x33, 0x35, 0x33, 0x11, 0x23,
	0x35, 0x23, 0x15, 0x23, 0x32, 0x32, 0x32, 0xFA, 0x32, 0x32, 0x32, 0x32,
	0xFA, 0x32, 0x32, 0x96, 0x32, 0x32, 0x32, 0x32, 0x32, 0x32, 0x02, 0x8A,
	0x32, 0x32, 0x32, 0x32, 0xFD, 0xDA, 0x32, 0x32, 0x32, 0x32, 0x64, 0x32,
	0x32, 0x01, 0x5E, 0x32, 0x32, 0x00, 0x00, 0x01, 0x00, 0x32, 0x00, 0x00,
	0x01, 0xF4, 0x02, 0xEE, 0x00, 0x09, 0x00, 0x21, 0x40, 0x1E, 0x00, 0x01,
	0x01, 0x02, 0x5F, 0x00, 0x02, 0x02, 0x16, 0x4D, 0x03, 0x01, 0x00, 0x00,
	0x04, 0x5F, 0x00, 0x04, 0x04, 0x17, 0x04, 0x4E, 0x11, 0x11, 0x11, 0x11,
	0x10, 0x05, 0x07, 0x1B, 0x2B, 0x37, 0x33, 0x11, 0x23, 0x35, 0x33, 0x11,
	0x33, 0x15, 0x21, 0x32, 0x96, 0x64, 0xFA, 0x96, 0xFE, 0x3E, 0x96, 0x01,
	0xC2, 0x96, 0xFD, 0xA8, 0x96, 0x00, 0x00, 0x01, 0x00, 0x32, 0x00, 0x00,
	0x01, 0xF4, 0x02, 0xEE, 0x00, 0x2B, 0x01, 0xED, 0x4B, 0xB0, 0x0B, 0x50,
	0x58, 0x40, 0x68, 0x08, 0x01, 0x06, 0x07, 0x09, 0x07, 0x06, 0x72, 0x00,
	0x03, 0x10, 0x11, 0x10, 0x03, 0x11, 0x80, 0x00, 0x11, 0x02, 0x10, 0x11,
	0x02, 0x7E, 0x00, 0x02, 0x12, 0x14, 0x02, 0x70, 0x00, 0x01, 0x12, 0x13,
	0x14, 0x01, 0x72, 0x00, 0x00, 0x13, 0x14, 0x14, 0x00, 0x72, 0x00, 0x09,
	0x05, 0x0A, 0x09, 0x58, 0x0E, 0x01, 0x0A, 0x00, 0x0F, 0x04, 0x0A, 0x0F,
	0x68, 0x0D, 0x01, 0x0B, 0x00, 0x10, 0x03, 0x0B, 0x10, 0x67, 0x00, 0x05,
	0x00, 0x12, 0x01, 0x05, 0x12, 0x67, 0x00, 0x04, 0x00, 0x13, 0x00, 0x04,
	0x13, 0x67, 0x00, 0x07, 0x07, 0x0C, 0x5F, 0x00, 0x0C, 0x0C, 0x16, 0x4D,
	0x00, 0x14, 0x14, 0x15, 0x60, 0x00, 0x15, 0x15, 0x17, 0x15, 0x4E, 0x1B,
	0x4B, 0xB0, 0x10, 0x50, 0x58, 0x40, 0x69, 0x08, 0x01, 0x06, 0x07, 0x09,
	0x07, 0x06, 0x72, 0x00, 0x03, 0x10, 0x11, 0x10, 0x03, 0x11, 0x80, 0x00,
	0x11, 0x02, 0x10, 0x11, 0x02, 0x7E, 0x00, 0x02, 0x12, 0x10, 0x02, 0x12,
	0x7E, 0x00, 0x01, 0x12, 0x13, 0x14, 0x01, 0x72, 0x00, 0x00, 0x13, 0x14,
	0x14, 0x00, 0x72, 0x00, 0x09, 0x05, 0x0A, 0x09, 0x58, 0x0E, 0x01, 0x0A,
	0x00, 0x0F, 0x04, 0x0A, 0x0F, 0x68, 0x0D, 0x01, 0x0B, 0x00, 0x10, 0x03,
	0x0B, 0x10, 0x67, 0x00, 0x05, 0x00, 0x12, 0x01, 0x05, 0x12, 0x67, 0x00,
	0x04, 0x00, 0x13, 0x00, 0x04, 0x13, 0x67, 0x00, 0x07, 0x07, 0x0C, 0x5F,
	0x00, 0x0C, 0x0C, 0x16, 0x4D, 0x00, 0x14, 0x14, 0x15, 0x60, 0x00, 0x15,
	0x15, 0x17, 0x15, 0x4E, 0x1B, 0x4B, 0xB0, 0x21, 0x50, 0x58, 0x40, 0x6A,
	0x08, 0x01, 0x06, 0x07, 0x09, 0x07, 0x06, 0x72, 0x00, 0x03, 0x10, 0x11,
	0x10, 0x03, 0x11, 0x80, 0x00, 0x11, 0x02, 0x10, 0x11, 0x02, 0x7E, 0x00,
	0x02, 0x12, 0x10, 0x02, 0x12, 0x7E, 0x00, 0x01, 0x12, 0x13, 0x12, 0x01,
	0x13, 0x80, 0x00, 0x00, 0x13, 0x14, 0x14, 0x00, 0x72, 0x00, 0x09, 0x05,
	0x0A, 0x09, 0x58, 0x0E, 0x01, 0x0A, 0x00, 0x0F, 0x04, 0x0A, 0x0F, 0x68,
	0x0D, 0x01, 0x0B, 0x00, 0x10, 0x03, 0x0B, 0x10, 0x67, 0x00, 0x05, 0x00,
	0x12, 0x01, 0x05, 0x12, 0x67, 0x00, 0x04, 0x00, 0x13, 0x00, 0x04, 0x13,
	0x67, 0x00, 0x07, 0x07, 0x0C, 0x5F, 0x00, 0x0C, 0x0C, 0x16, 0x4D, 0x00,
	0x14, 0x14, 0x15, 0x60, 0x00, 0x15, 0x15, 0x17, 0x15, 0x4E, 0x1B, 0x40,
	0x6C, 0x08, 0x01, 0x06, 0x07, 0x09, 0x07, 0x06, 0x09, 0x80, 0x00, 0x03,
	0x10, 0x11, 0x10, 0x03, 0x11, 0x80, 0x00, 0x11, 0x02, 0x10, 0x11, 0x02,
	0x7E, 0x00, 0x02, 0x12, 0x10, 0x02, 0x12, 0x7E, 0x00, 0x01, 0x12, 0x13,
	0x12, 0x01, 0x13, 0x80, 0x00, 0x00, 0x13, 0x14, 0x13, 0x00, 0x14, 0x80,
	0x00, 0x09, 0x05, 0x0A, 0x09, 0x58, 0x0E, 0x01, 0x0A, 0x00, 0x0F, 0x04,
	0x0A, 0x0F, 0x68, 0x0D, 0x01, 0x0B, 0x00, 0x10, 0x03, 0x0B, 0x10, 0x67,
	0x00, 0x05, 0x00, 0x12, 0x01, 0x05, 0x12, 0x67, 0x00, 0x04, 0x00, 0x13,
	0x00, 0x04, 0x13, 0x67, 0x00, 0x07, 0x07, 0x0C, 0x5F, 0x00, 0x0C, 0x0C,
	0x16, 0x4D, 0x00, 0x14, 0x14, 0x15, 0x60, 0x00, 0x15, 0x15, 0x17, 0x15,
	0x4E, 0x59, 0x59, 0x59, 0x40, 0x26, 0x2B, 0x2A, 0x29, 0x28, 0x27, 0x26,
	0x25, 0x24, 0x23, 0x22, 0x21, 0x20, 0x1F, 0x1E, 0x1D, 0x1C, 0x1B, 0x1A,
	0x19, 0x18, 0x17, 0x16, 0x15, 0x14, 0x13, 0x12, 0x11, 0x11, 0x11, 0x11,
	0x11, 0x11, 0x11, 0x11, 0x10, 0x16, 0x07, 0x1F, 0x2B, 0x37, 0x33, 0x35,
	0x33, 0x35, 0x33, 0x35, 0x33, 0x35, 0x33, 0x35, 0x33, 0x35, 0x23, 0x35,
	0x23, 0x15, 0x23, 0x15, 0x23, 0x35, 0x33, 0x35, 0x33, 0x35, 0x33, 0x15,
	0x33, 0x15, 0x33, 0x15, 0x23, 0x15, 0x23, 0x15, 0x23, 0x15, 0x23, 0x15,
	0x23, 0x15, 0x33, 0x15, 0x21, 0x32, 0x32, 0x32, 0x32, 0x32, 0x32, 0x32,
	0x32, 0x32, 0x32, 0x96, 0x32, 0x32, 0xFA, 0x32, 0x32, 0x32, 0x32, 0x32,
	0x32, 0x32, 0xFA, 0xFE, 0x3E, 0xC8, 0x32, 0x32, 0x32, 0x32, 0x32, 0x64,
	0x32, 0x32, 0x32, 0x96, 0x32, 0x32, 0x32, 0x32, 0xFA, 0x32, 0x32, 0x32,
	0x32, 0x32, 0x96, 0x00, 0x00, 0x01, 0x00, 0x32, 0x00, 0x00, 0x01, 0xF4,
	0x02, 0xEE, 0x00, 0x2F, 0x00, 0xF4, 0x4B, 0xB0, 0x21, 0x50, 0x58, 0x40,
	0x5D, 0x0A, 0x01, 0x08, 0x09, 0x0B, 0x09, 0x08, 0x72, 0x03, 0x01, 0x01,
	0x00, 0x02, 0x02, 0x01, 0x72, 0x00, 0x0B, 0x07, 0x0C, 0x0B, 0x58, 0x10,
	0x01, 0x0C, 0x00, 0x11, 0x06, 0x0C, 0x11, 0x68, 0x00, 0x06, 0x00, 0x05,
	0x12, 0x06, 0x05, 0x67, 0x00, 0x12, 0x04, 0x13, 0x12, 0x57, 0x00, 0x07,
	0x00, 0x04, 0x00, 0x07, 0x04, 0x67, 0x00, 0x00, 0x17, 0x01, 0x13, 0x14,
	0x00, 0x13, 0x67, 0x0F, 0x01, 0x0D, 0x16, 0x01, 0x14, 0x15, 0x0D, 0x14,
	0x67, 0x00, 0x09, 0x09, 0x0E, 0x5F, 0x00, 0x0E, 0x0E, 0x16, 0x4D, 0x00,
	0x02, 0x02, 0x15, 0x60, 0x00, 0x15, 0x15, 0x17, 0x15, 0x4E, 0x1B, 0x40,
	0x5F, 0x0A, 0x01, 0x08, 0x09, 0x0B, 0x09, 0x08, 0x0B, 0x80, 0x03, 0x01,
	0x01, 0x00, 0x02, 0x00, 0x01, 0x02, 0x80, 0x00, 0x0B, 0x07, 0x0C, 0x0B,
	0x58, 0x10, 0x01, 0x0C, 0x00, 0x11, 0x06, 0x0C, 0x11, 0x68, 0x00, 0x06,
	0x00, 0x05, 0x12, 0x06, 0x05, 0x67, 0x00, 0x12, 0x04, 0x13, 0x12, 0x57,
	0x00, 0x07, 0x00, 0x04, 0x00, 0x07, 0x04, 0x67, 0x00, 0x00, 0x17, 0x01,
	0x13, 0x14, 0x00, 0x13, 0x67, 0x0F, 0x01, 0x0D, 0x16, 0x01, 0x14, 0x15,
	0x0D, 0x14, 0x67, 0x00, 0x09, 0x09, 0x0E, 0x5F, 0x00, 0x0E, 0x0E, 0x16,
	0x4D, 0x00, 0x02, 0x02, 0x15, 0x60, 0x00, 0x15, 0x15, 0x17, 0x15, 0x4E,
	0x59, 0x40, 0x2A, 0x2F, 0x2E, 0x2D, 0x2C, 0x2B, 0x2A, 0x29, 0x28, 0x27,
	0x26, 0x25, 0x24, 0x23, 0x22, 0x21, 0x20, 0x1F, 0x1E, 0x1D, 0x1C, 0x1B,
	0x1A, 0x19, 0x18, 0x17, 0x16, 0x15, 0x14, 0x13, 0x12, 0x11, 0x11, 0x11,
	0x11, 0x11, 0x11, 0x11, 0x11, 0x10, 0x18, 0x07, 0x1F, 0x2B, 0x37, 0x33,
	0x15, 0x33, 0x15, 0x33, 0x35, 0x33, 0x35, 0x23, 0x35, 0x23, 0x35, 0x33,
	0x35, 0x33, 0x35, 0x23, 0x35, 0x23, 0x15, 0x23, 0x15, 0x23, 0x35, 0x33,
	0x35, 0x33, 0x35, 0x33, 0x15, 0x33, 0x15, 0x33, 0x15, 0x23, 0x15, 0x33,
	0x15, 0x23, 0x15, 0x23, 0x15, 0x23, 0x35, 0x23, 0x35, 0x23, 0x32, 0x96,
	0x32, 0x32, 0x32, 0x32, 0x64, 0x64, 0x32, 0x32, 0x32, 0x32, 0x96, 0x32,
	0x32, 0xFA, 0x32, 0x32, 0x32, 0x32, 0x32, 0x32, 0xFA, 0x32, 0x32, 0xFA,
	0x32, 0x32, 0x32, 0x64, 0x32, 0x64, 0x32, 0x32, 0x32, 0x32, 0x32, 0x96,
	0x32, 0x32, 0x32, 0x32, 0xC8, 0x64, 0xFA, 0x32, 0x32, 0x32, 0x32, 0x00,
	0x00, 0x02, 0x00, 0x32, 0x00, 0x00, 0x01, 0xF4, 0x02, 0xEE, 0x00, 0x07,
	0x00, 0x19, 0x00, 0xA1, 0x4B, 0xB0, 0x0B, 0x50, 0x58, 0x40, 0x3F, 0x00,
	0x06, 0x01, 0x02, 0x01, 0x06, 0x02, 0x80, 0x00, 0x05, 0x02, 0x03, 0x00,
	0x05, 0x72, 0x00, 0x0A, 0x00, 0x01, 0x06, 0x0A, 0x01, 0x67, 0x00, 0x09,
	0x00, 0x02, 0x05, 0x09, 0x02, 0x67, 0x00, 0x08, 0x00, 0x03, 0x00, 0x08,
	0x03, 0x67, 0x00, 0x00, 0x00, 0x04, 0x0C, 0x00, 0x04, 0x68, 0x00, 0x0B,
	0x0B, 0x16, 0x4D, 0x00, 0x07, 0x07, 0x19, 0x4D, 0x00, 0x0C, 0x0C, 0x17,
	0x0C, 0x4E, 0x1B, 0x40, 0x40, 0x00, 0x06, 0x01, 0x02, 0x01, 0x06, 0x02,
	0x80, 0x00, 0x05, 0x02, 0x03, 0x02, 0x05, 0x03, 0x80, 0x00, 0x0A, 0x00,
	0x01, 0x06, 0x0A, 0x01, 0x67, 0x00, 0x09, 0x00, 0x02, 0x05, 0x09, 0x02,
	0x67, 0x00, 0x08, 0x00, 0x03, 0x00, 0x08, 0x03, 0x67, 0x00, 0x00, 0x00,
	0x04, 0x0C, 0x00, 0x04, 0x68, 0x00, 0x0B, 0x0B, 0x16, 0x4D, 0x00, 0x07,
	0x07, 0x19, 0x4D, 0x00, 0x0C, 0x0C, 0x17, 0x0C, 0x4E, 0x59, 0x40, 0x14,
	0x19, 0x18, 0x17, 0x16, 0x15, 0x14, 0x13, 0x12, 0x11, 0x11, 0x11, 0x11,
	0x11, 0x11, 0x11, 0x11, 0x10, 0x0D, 0x07, 0x1F, 0x2B, 0x13, 0x33, 0x35,
	0x23, 0x15, 0x23, 0x15, 0x23, 0x17, 0x21, 0x11, 0x33, 0x35, 0x33, 0x35,
	0x33, 0x35, 0x33, 0x35, 0x33, 0x35, 0x33, 0x35, 0x33, 0x11, 0x23, 0xC8,
	0x96, 0x32, 0x32, 0x32, 0x96, 0xFE, 0xD4, 0x32, 0x32, 0x32, 0x32, 0x32,
	0x32, 0x96, 0x96, 0x01, 0x2C, 0xC8, 0x32, 0x32, 0xFA, 0x01, 0x2C, 0x32,
	0x32, 0x32, 0x32, 0x32, 0x32, 0xFD, 0x12, 0x00, 0x00, 0x01, 0x00, 0x32,
	0x00, 0x00, 0x01, 0xF4, 0x02, 0xEE, 0x00, 0x1F, 0x00, 0xB2, 0x4B, 0xB0,
	0x21, 0x50, 0x58, 0x40, 0x44, 0x00, 0x04, 0x05, 0x00, 0x05, 0x04, 0x72,
	0x03, 0x01, 0x01, 0x00, 0x02, 0x02, 0x01, 0x72, 0x00, 0x0A, 0x05, 0x0B,
	0x0A, 0x57, 0x00, 0x08, 0x00, 0x05, 0x04, 0x08, 0x05, 0x67, 0x00, 0x00,
	0x0F, 0x01, 0x0B, 0x0C, 0x00, 0x0B, 0x67, 0x00, 0x09, 0x0E, 0x01, 0x0C,
	0x0D, 0x09, 0x0C, 0x67, 0x00, 0x07, 0x07, 0x06, 0x5F, 0x00, 0x06, 0x06,
	0x16, 0x4D, 0x00, 0x02, 0x02, 0x0D, 0x60, 0x00, 0x0D, 0x0D, 0x17, 0x0D,
	0x4E, 0x1B, 0x40, 0x46, 0x00, 0x04, 0x05, 0x00, 0x05, 0x04, 0x00, 0x80,
	0x03, 0x01, 0x01, 0x00, 0x02, 0x00, 0x01, 0x02, 0x80, 0x00, 0x0A, 0x05,
	0x0B, 0x0A, 0x57, 0x00, 0x08, 0x00, 0x05, 0x04, 0x08, 0x05, 0x67, 0x00,
	0x00, 0x0F, 0x01, 0x0B, 0x0C, 0x00, 0x0B, 0x67, 0x00, 0x09, 0x0E, 0x01,
	0x0C, 0x0D, 0x09, 0x0C, 0x67, 0x00, 0x07, 0x07, 0x06, 0x5F, 0x00, 0x06,
	0x06, 0x16, 0x4D, 0x00, 0x02, 0x02, 0x0D, 0x60, 0x00, 0x0D, 0x0D, 0x17,
	0x0D, 0x4E, 0x59, 0x40, 0x1A, 0x1F, 0x1E, 0x1D, 0x1C, 0x1B, 0x1A, 0x19,
	0x18, 0x17, 0x16, 0x15, 0x14, 0x13, 0x12, 0x11, 0x11, 0x11, 0x11, 0x11,
	0x11, 0x11, 0x11, 0x10, 0x10, 0x07, 0x1F, 0x2B, 0x37, 0x33, 0x15, 0x33,
	0x15, 0x33, 0x35, 0x33, 0x35, 0x23, 0x35, 0x23, 0x11, 0x21, 0x15, 0x21,
	0x15, 0x33, 0x15, 0x33, 0x15, 0x33, 0x11, 0x23, 0x15, 0x23, 0x15, 0x23,
	0x35, 0x23, 0x35, 0x23, 0x32, 0x96, 0x32, 0x32, 0x32, 0x32, 0xFA, 0x01,
	0xC2, 0xFE, 0xD4, 0xC8, 0x32, 0x32, 0x32, 0x32, 0xFA, 0x32, 0x32, 0xFA,
	0x32, 0x32, 0x32, 0x64, 0x32, 0x01, 0x90, 0x96, 0x64, 0x32, 0x32, 0xFE,
	0xD4, 0x32, 0x32, 0x32, 0x32, 0x00, 0x00, 0x02, 0x00, 0x32, 0x00, 0x00,
	0x01, 0xF4, 0x02, 0xEE, 0x00, 0x23, 0x00, 0x2F, 0x00, 0xE8, 0x4B, 0xB0,
	0x21, 0x50, 0x58, 0x40, 0x57, 0x11, 0x01, 0x0F, 0x10, 0x0E, 0x10, 0x0F,
	0x72, 0x16, 0x01, 0x12, 0x13, 0x17, 0x17, 0x12, 0x72, 0x0C, 0x01, 0x0A,
	0x09, 0x05, 0x0A, 0x57, 0x0D, 0x01, 0x09, 0x00, 0x0E, 0x01, 0x09, 0x0E,
	0x68, 0x00, 0x01, 0x00, 0x14, 0x13, 0x01, 0x14, 0x67, 0x15, 0x01, 0x13,
	0x12, 0x00, 0x13, 0x57, 0x00, 0x03, 0x08, 0x01, 0x04, 0x05, 0x03, 0x04,
	0x67, 0x02, 0x01, 0x00, 0x07, 0x01, 0x05, 0x06, 0x00, 0x05, 0x67, 0x00,
	0x10, 0x10, 0x0B, 0x5F, 0x00, 0x0B, 0x0B, 0x16, 0x4D, 0x00, 0x17, 0x17,
	0x06, 0x60, 0x00, 0x06, 0x06, 0x17, 0x06, 0x4E, 0x1B, 0x40, 0x59, 0x11,
	0x01, 0x0F, 0x10, 0x0E, 0x10, 0x0F, 0x0E, 0x80, 0x16, 0x01, 0x12, 0x13,
	0x17, 0x13, 0x12, 0x17, 0x80, 0x0C, 0x01, 0x0A, 0x09, 0x05, 0x0A, 0x57,
	0x0D, 0x01, 0x09, 0x00, 0x0E, 0x01, 0x09, 0x0E, 0x68, 0x00, 0x01, 0x00,
	0x14, 0x13, 0x01, 0x14, 0x67, 0x15, 0x01, 0x13, 0x12, 0x00, 0x13, 0x57,
	0x00, 0x03, 0x08, 0x01, 0x04, 0x05, 0x03, 0x04, 0x67, 0x02, 0x01, 0x00,
	0x07, 0x01, 0x05, 0x06, 0x00, 0x05, 0x67, 0x00, 0x10, 0x10, 0x0B, 0x5F,
	0x00, 0x0B, 0x0B, 0x16, 0x4D, 0x00, 0x17, 0x17, 0x06, 0x60, 0x00, 0x06,
	0x06, 0x17, 0x06, 0x4E, 0x59, 0x40, 0x2A, 0x2F, 0x2E, 0x2D, 0x2C, 0x2B,
	0x2A, 0x29, 0x28, 0x27, 0x26, 0x25, 0x24, 0x23, 0x22, 0x21, 0x20, 0x1F,
	0x1E, 0x1D, 0x1C, 0x1B, 0x1A, 0x19, 0x18, 0x17, 0x16, 0x15, 0x14, 0x13,
	0x12, 0x11, 0x11, 0x11, 0x11, 0x11, 0x11, 0x11, 0x11, 0x10, 0x18, 0x07,
	0x1F, 0x2B, 0x13, 0x33, 0x35, 0x33, 0x15, 0x33, 0x15, 0x33, 0x11, 0x23,
	0x15, 0x23, 0x15, 0x23, 0x35, 0x23, 0x35, 0x23, 0x11, 0x33, 0x35, 0x33,
	0x35, 0x33, 0x15, 0x33, 0x15, 0x33, 0x15, 0x23, 0x35, 0x23, 0x35, 0x23,
	0x15, 0x23, 0x13, 0x33, 0x35, 0x23, 0x35, 0x23, 0x15, 0x23, 0x15, 0x33,
	0x15, 0x33, 0xC8, 0x32, 0x64, 0x64, 0x32, 0x32, 0x32, 0xFA, 0x32, 0x32,
	0x32, 0x32, 0xFA, 0x32, 0x32, 0x96, 0x32, 0x32, 0x32, 0x64, 0x32, 0x32,
	0x32, 0x32, 0x32, 0x32, 0x01, 0xC2, 0x32, 0x32, 0x32, 0xFE, 0xD4, 0x32,
	0x32, 0x32, 0x32, 0x02, 0x26, 0x32, 0x32, 0x32, 0x32, 0x96, 0x32, 0x32,
	0x32, 0xFE, 0xA2, 0x64, 0x32, 0x32, 0x64, 0x32, 0x00, 0x01, 0x00, 0x32,
	0x00, 0x00, 0x01, 0xF4, 0x02, 0xEE, 0x00, 0x11, 0x00, 0x8D, 0x4B, 0xB0,
	0x10, 0x50, 0x58, 0x40, 0x39, 0x00, 0x02, 0x03, 0x05, 0x03, 0x02, 0x05,
	0x80, 0x00, 0x05, 0x01, 0x03, 0x05, 0x01, 0x7E, 0x00, 0x01, 0x06, 0x00,
	0x01, 0x70, 0x00, 0x06, 0x00, 0x03, 0x06, 0x00, 0x7E, 0x00, 0x07, 0x00,
	0x08, 0x00, 0x07, 0x08, 0x80, 0x00, 0x03, 0x03, 0x04, 0x5F, 0x00, 0x04,
	0x04, 0x16, 0x4D, 0x00, 0x00, 0x00, 0x08, 0x60, 0x00, 0x08, 0x08, 0x17,
	0x08, 0x4E, 0x1B, 0x40, 0x3A, 0x00, 0x02, 0x03, 0x05, 0x03, 0x02, 0x05,
	0x80, 0x00, 0x05, 0x01, 0x03, 0x05, 0x01, 0x7E, 0x00, 0x01, 0x06, 0x03,
	0x01, 0x06, 0x7E, 0x00, 0x06, 0x00, 0x03, 0x06, 0x00, 0x7E, 0x00, 0x07,
	0x00, 0x08, 0x00, 0x07, 0x08, 0x80, 0x00, 0x03, 0x03, 0x04, 0x5F, 0x00,
	0x04, 0x04, 0x16, 0x4D, 0x00, 0x00, 0x00, 0x08, 0x60, 0x00, 0x08, 0x08,
	0x17, 0x08, 0x4E, 0x59, 0x40, 0x0C, 0x11, 0x11, 0x11, 0x11, 0x11, 0x11,
	0x11, 0x11, 0x10, 0x09, 0x07, 0x1F, 0x2B, 0x13, 0x33, 0x35, 0x33, 0x35,
	0x33, 0x35, 0x21, 0x35, 0x21, 0x11, 0x23, 0x15, 0x23, 0x15, 0x23, 0x15,
	0x23, 0xC8, 0x32, 0x32, 0x32, 0xFE, 0xD4, 0x01, 0xC2, 0x32, 0x32, 0x32,
	0x96, 0x01, 0x2C, 0x64, 0x64, 0x64, 0x96, 0xFE, 0xA2, 0x64, 0x64, 0xC8,
	0x00, 0x03, 0x00, 0x32, 0x00, 0x00, 0x01, 0xF4, 0x02, 0xEE, 0x00, 0x1B,
	0x00, 0x27, 0x00, 0x33, 0x00, 0xE8, 0x4B, 0xB0, 0x21, 0x50, 0x58, 0x40,
	0x55, 0x12, 0x01, 0x10, 0x11, 0x0F, 0x11, 0x10, 0x72, 0x16, 0x01, 0x14,
	0x17, 0x15, 0x15, 0x14, 0x72, 0x07, 0x01, 0x03, 0x08, 0x01, 0x02, 0x0E,
	0x03, 0x02, 0x67, 0x00, 0x0E, 0x00, 0x18, 0x01, 0x0E, 0x18, 0x67, 0x13,
	0x01, 0x0F, 0x19, 0x01, 0x17, 0x14, 0x0F, 0x17, 0x67, 0x09, 0x01, 0x01,
	0x0A, 0x01, 0x00, 0x0B, 0x01, 0x00, 0x67, 0x06, 0x01, 0x04, 0x0D, 0x01,
	0x0B, 0x0C, 0x04, 0x0B, 0x67, 0x00, 0x11, 0x11, 0x05, 0x5F, 0x00, 0x05,
	0x05, 0x16, 0x4D, 0x00, 0x15, 0x15, 0x0C, 0x60, 0x00, 0x0C, 0x0C, 0x17,
	0x0C, 0x4E, 0x1B, 0x40, 0x57, 0x12, 0x01, 0x10, 0x11, 0x0F, 0x11, 0x10,
	0x0F, 0x80, 0x16, 0x01, 0x14, 0x17, 0x15, 0x17, 0x14, 0x15, 0x80, 0x07,
	0x01, 0x03, 0x08, 0x01, 0x02, 0x0E, 0x03, 0x02, 0x67, 0x00, 0x0E, 0x00,
	0x18, 0x01, 0x0E, 0x18, 0x67, 0x13, 0x01, 0x0F, 0x19, 0x01, 0x17, 0x14,
	0x0F, 0x17, 0x67, 0x09, 0x01, 0x01, 0x0A, 0x01, 0x00, 0x0B, 0x01, 0x00,
	0x67, 0x06, 0x01, 0x04, 0x0D, 0x01, 0x0B, 0x0C, 0x04, 0x0B, 0x67, 0x00,
	0x11, 0x11, 0x05, 0x5F, 0x00, 0x05, 0x05, 0x16, 0x4D, 0x00, 0x15, 0x15,
	0x0C, 0x60, 0x00, 0x0C, 0x0C, 0x17, 0x0C, 0x4E, 0x59, 0x40, 0x2E, 0x33,
	0x32, 0x31, 0x30, 0x2F, 0x2E, 0x2D, 0x2C, 0x2B, 0x2A, 0x29, 0x28, 0x27,
	0x26, 0x25, 0x24, 0x23, 0x22, 0x21, 0x20, 0x1F, 0x1E, 0x1D, 0x1C, 0x1B,
	0x1A, 0x19, 0x18, 0x17, 0x16, 0x15, 0x14, 0x13, 0x12, 0x11, 0x11, 0x11,
	0x11, 0x11, 0x11, 0x11, 0x11, 0x10, 0x1A, 0x07, 0x1F, 0x2B, 0x37, 0x23,
	0x35, 0x33, 0x35, 0x23, 0x35, 0x33, 0x35, 0x33, 0x35, 0x33, 0x15, 0x33,
	0x15, 0x33, 0x15, 0x23, 0x15, 0x33, 0x15, 0x23, 0x15, 0x23, 0x15, 0x23,
	0x35, 0x23, 0x13, 0x33, 0x35, 0x33, 0x35, 0x23, 0x35, 0x23, 0x15, 0x23,
	0x15, 0x33, 0x03, 0x33, 0x15, 0x33, 0x35, 0x33, 0x35, 0x23, 0x35, 0x23,
	0x15, 0x23, 0x64, 0x32, 0x32, 0x32, 0x32, 0x32, 0xFA, 0x32, 0x32, 0x32,
	0x32, 0x32, 0x32, 0xFA, 0x32, 0x96, 0x32, 0x32, 0x32, 0x32, 0x32, 0x32,
	0x32, 0x32, 0x32, 0x32, 0x32, 0x32, 0x32, 0x64, 0xFA, 0x64, 0xC8, 0x32,
	0x32, 0x32, 0x32, 0xC8, 0x64, 0xFA, 0x32, 0x32, 0x32, 0x01, 0x90, 0x32,
	0x32, 0x32, 0x32, 0x32, 0xFE, 0xD4, 0x32, 0x32, 0x64, 0x32, 0x32, 0x00,
	0x00, 0x02, 0x00, 0x32, 0x00, 0x00, 0x01, 0xF4, 0x02, 0xEE, 0x00, 0x23,
	0x00, 0x2F, 0x00, 0xE0, 0x4B, 0xB0, 0x21, 0x50, 0x58, 0x40, 0x53, 0x16,
	0x01, 0x14, 0x15, 0x13, 0x15, 0x14, 0x72, 0x04, 0x01, 0x02, 0x01, 0x03,
	0x03, 0x02, 0x72, 0x0D, 0x01, 0x09, 0x00, 0x08, 0x05, 0x09, 0x08, 0x67,
	0x17, 0x01, 0x13, 0x07, 0x01, 0x05, 0x06, 0x13, 0x05, 0x67, 0x00, 0x12,
	0x00, 0x06, 0x01, 0x12, 0x06, 0x68, 0x00, 0x01, 0x0E, 0x01, 0x00, 0x0F,
	0x01, 0x00, 0x67, 0x0C, 0x01, 0x0A, 0x11, 0x01, 0x0F, 0x10, 0x0A, 0x0F,
	0x67, 0x00, 0x15, 0x15, 0x0B, 0x5F, 0x00, 0x0B, 0x0B, 0x16, 0x4D, 0x00,
	0x03, 0x03, 0x10, 0x60, 0x00, 0x10, 0x10, 0x17, 0x10, 0x4E, 0x1B, 0x40,
	0x55, 0x16, 0x01, 0x14, 0x15, 0x13, 0x15, 0x14, 0x13, 0x80, 0x04, 0x01,
	0x02, 0x01, 0x03, 0x01, 0x02, 0x03, 0x80, 0x0D, 0x01, 0x09, 0x00, 0x08,
	0x05, 0x09, 0x08, 0x67, 0x17, 0x01, 0x13, 0x07, 0x01, 0x05, 0x06, 0x13,
	0x05, 0x67, 0x00, 0x12, 0x00, 0x06, 0x01, 0x12, 0x06, 0x68, 0x00, 0x01,
	0x0E, 0x01, 0x00, 0x0F, 0x01, 0x00, 0x67, 0x0C, 0x01, 0x0A, 0x11, 0x01,
	0x0F, 0x10, 0x0A, 0x0F, 0x67, 0x00, 0x15, 0x15, 0x0B, 0x5F, 0x00, 0x0B,
	0x0B, 0x16, 0x4D, 0x00, 0x03, 0x03, 0x10, 0x60, 0x00, 0x10, 0x10, 0x17,
	0x10, 0x4E, 0x59, 0x40, 0x2A, 0x2F, 0x2E, 0x2D, 0x2C, 0x2B, 0x2A, 0x29,
	0x28, 0x27, 0x26, 0x25, 0x24, 0x23, 0x22, 0x21, 0x20, 0x1F, 0x1E, 0x1D,
	0x1C, 0x1B, 0x1A, 0x19, 0x18, 0x17, 0x16, 0x15, 0x14, 0x13, 0x12, 0x11,
	0x11, 0x11, 0x11, 0x11, 0x11, 0x11, 0x11, 0x10, 0x18, 0x07, 0x1F, 0x2B,
	0x37, 0x23, 0x35, 0x33, 0x15, 0x33, 0x15, 0x33, 0x35, 0x33, 0x35, 0x23,
	0x15, 0x23, 0x35, 0x23, 0x35, 0x23, 0x11, 0x33, 0x35, 0x33, 0x35, 0x33,
	0x15, 0x33, 0x15, 0x33, 0x11, 0x23, 0x15, 0x23, 0x15, 0x23, 0x35, 0x23,
	0x13, 0x33, 0x35, 0x33, 0x35, 0x23, 0x35, 0x23, 0x15, 0x23, 0x15, 0x33,
	0x64, 0x32, 0x96, 0x32, 0x32, 0x32, 0x32, 0x64, 0x64, 0x32, 0x32, 0x32,
	0xFA, 0x32, 0x32, 0x32, 0x32, 0xFA, 0x32, 0x96, 0x32, 0x32, 0x32, 0x32,
	0x32, 0x32, 0x64, 0x96, 0x32, 0x32, 0x32, 0x64, 0x32, 0x32, 0x32, 0x01,
	0x2C, 0x32, 0x32, 0x32, 0x32, 0xFD, 0xDA, 0x32, 0x32, 0x32, 0x01, 0x5E,
	0x32, 0x64, 0x32, 0x32, 0x64, 0x00, 0x00, 0x01, 0x00, 0x32, 0x00, 0x00,
	0x00, 0xC8, 0x00, 0x96, 0x00, 0x03, 0x00, 0x13, 0x40, 0x10, 0x00, 0x00,
	0x00, 0x01, 0x5F, 0x00, 0x01, 0x01, 0x17, 0x01, 0x4E, 0x11, 0x10, 0x02,
	0x07, 0x18, 0x2B, 0x37, 0x33, 0x15, 0x23, 0x32, 0x96, 0x96, 0x96, 0x96,
	0x00, 0x01, 0x00, 0x32, 0xFF, 0x9C, 0x00, 0xC8, 0x00, 0x96, 0x00, 0x09,
	0x00, 0x48, 0x4B, 0xB0, 0x21, 0x50, 0x58, 0x40, 0x19, 0x00, 0x03, 0x01,
	0x00, 0x01, 0x03, 0x72, 0x00, 0x00, 0x00, 0x04, 0x00, 0x04, 0x63, 0x00,
	0x02, 0x02, 0x01, 0x5F, 0x00, 0x01, 0x01, 0x17, 0x01, 0x4E, 0x1B, 0x40,
	0x1A, 0x00, 0x03, 0x01, 0x00, 0x01, 0x03, 0x00, 0x80, 0x00, 0x00, 0x00,
	0x04, 0x00, 0x04, 0x63, 0x00, 0x02, 0x02, 0x01, 0x5F, 0x00, 0x01, 0x01,
	0x17, 0x01, 0x4E, 0x59, 0xB7, 0x11, 0x11, 0x11, 0x11, 0x10, 0x05, 0x07,
	0x1B, 0x2B, 0x17, 0x33, 0x35, 0x23, 0x35, 0x33, 0x15, 0x23, 0x15, 0x23,
	0x32, 0x32, 0x32, 0x96, 0x32, 0x64, 0x32, 0x32, 0x96, 0xC8, 0x32, 0x00,
	0x00, 0x02, 0x00, 0x32, 0x00, 0x00, 0x00, 0xC8, 0x02, 0x58, 0x00, 0x03,
	0x00, 0x07, 0x00, 0x1D, 0x40, 0x1A, 0x00, 0x00, 0x00, 0x01, 0x02, 0x00,
	0x01, 0x67, 0x00, 0x02, 0x02, 0x03, 0x5F, 0x00, 0x03, 0x03, 0x17, 0x03,
	0x4E, 0x11, 0x11, 0x11, 0x10, 0x04, 0x07, 0x1A, 0x2B, 0x13, 0x33, 0x15,
	0x23, 0x11, 0x33, 0x15, 0x23, 0x32, 0x96, 0x96, 0x96, 0x96, 0x02, 0x58,
	0x96, 0xFE, 0xD4, 0x96, 0x00, 0x02, 0x00, 0x32, 0xFF, 0x9C, 0x00, 0xC8,
	0x02, 0x58, 0x00, 0x03, 0x00, 0x0D, 0x00, 0x5B, 0x4B, 0xB0, 0x21, 0x50,
	0x58, 0x40, 0x21, 0x00, 0x05, 0x03, 0x02, 0x03, 0x05, 0x72, 0x00, 0x00,
	0x00, 0x01, 0x04, 0x00, 0x01, 0x67, 0x00, 0x02, 0x00, 0x06, 0x02, 0x06,
	0x63, 0x00, 0x04, 0x04, 0x03, 0x5F, 0x00, 0x03, 0x03, 0x17, 0x03, 0x4E,
	0x1B, 0x40, 0x22, 0x00, 0x05, 0x03, 0x02, 0x03, 0x05, 0x02, 0x80, 0x00,
	0x00, 0x00, 0x01, 0x04, 0x00, 0x01, 0x67, 0x00, 0x02, 0x00, 0x06, 0x02,
	0x06, 0x63, 0x00, 0x04, 0x04, 0x03, 0x5F, 0x00, 0x03, 0x03, 0x17, 0x03,
	0x4E, 0x59, 0x40, 0x0A, 0x11, 0x11, 0x11, 0x11, 0x11, 0x11, 0x10, 0x07,
	0x07, 0x1D, 0x2B, 0x13, 0x33, 0x15, 0x23, 0x11, 0x33, 0x35, 0x23, 0x35,
	0x33, 0x15, 0x23, 0x15, 0x23, 0x32, 0x96, 0x96, 0x32, 0x32, 0x96, 0x32,
	0x64, 0x02, 0x58, 0x96, 0xFE, 0x0C, 0x32, 0x96, 0xC8, 0x32, 0x00, 0x03,
	0x00, 0x32, 0x00, 0x00, 0x02, 0xBC, 0x00, 0x96, 0x00, 0x03, 0x00, 0x07,
	0x00, 0x0B, 0x00, 0x1B, 0x40, 0x18, 0x04, 0x02, 0x02, 0x00, 0x00, 0x01,
	0x5F, 0x05, 0x03, 0x02, 0x01, 0x01, 0x17, 0x01, 0x4E, 0x11, 0x11, 0x11,
	0x11, 0x11, 0x10, 0x06, 0x07, 0x1C, 0x2B, 0x25, 0x33, 0x15, 0x23, 0x27,
	0x33, 0x15, 0x23, 0x27, 0x33, 0x15, 0x23, 0x02, 0x26, 0x96, 0x96, 0xFA,
	0x96, 0x96, 0xFA, 0x96, 0x96, 0x96, 0x96, 0x96, 0x96, 0x96, 0x96, 0x00,
	0x00, 0x02, 0x00, 0x32, 0x00, 0x00, 0x00, 0xC8, 0x02, 0xEE, 0x00, 0x07,
	0x00, 0x0B, 0x00, 0x52, 0x4B, 0xB0, 0x10, 0x50, 0x58, 0x40, 0x1D, 0x00,
	0x02, 0x01, 0x04, 0x01, 0x02, 0x72, 0x03, 0x01, 0x01, 0x01, 0x00, 0x5F,
	0x00, 0x00, 0x00, 0x16, 0x4D, 0x00, 0x04, 0x04, 0x05, 0x5F, 0x00, 0x05,
	0x05, 0x17, 0x05, 0x4E, 0x1B, 0x40, 0x1E, 0x00, 0x02, 0x01, 0x04, 0x01,
	0x02, 0x04, 0x80, 0x03, 0x01, 0x01, 0x01, 0x00, 0x5F, 0x00, 0x00, 0x00,
	0x16, 0x4D, 0x00, 0x04, 0x04, 0x05, 0x5F, 0x00, 0x05, 0x05, 0x17, 0x05,
	0x4E, 0x59, 0x40, 0x09, 0x11, 0x11, 0x11, 0x11, 0x11, 0x10, 0x06, 0x07,
	0x1C, 0x2B, 0x13, 0x33, 0x11, 0x23, 0x15, 0x23, 0x35, 0x23, 0x15, 0x33,
	0x15, 0x23, 0x32, 0x96, 0x32, 0x32, 0x32, 0x96, 0x96, 0x02, 0xEE, 0xFE,
	0x70, 0x64, 0x64, 0xC8, 0x96, 0x00, 0x00, 0x02, 0x00, 0x32, 0x00, 0x00,
	0x00, 0xC8, 0x02, 0xEE, 0x00, 0x03, 0x00, 0x0B, 0x00, 0x52, 0x4B, 0xB0,
	0x10, 0x50, 0x58, 0x40, 0x1D, 0x00, 0x04, 0x00, 0x03, 0x03, 0x04, 0x72,
	0x00, 0x00, 0x00, 0x01, 0x5F, 0x00, 0x01, 0x01, 0x16, 0x4D, 0x05, 0x01,
	0x03, 0x03, 0x02, 0x60, 0x00, 0x02, 0x02, 0x17, 0x02, 0x4E, 0x1B, 0x40,
	0x1E, 0x00, 0x04, 0x00, 0x03, 0x00, 0x04, 0x03, 0x80, 0x00, 0x00, 0x00,
	0x01, 0x5F, 0x00, 0x01, 0x01, 0x16, 0x4D, 0x05, 0x01, 0x03, 0x03, 0x02,
	0x60, 0x00, 0x02, 0x02, 0x17, 0x02, 0x4E, 0x59, 0x40, 0x09, 0x11, 0x11,
	0x11, 0x11, 0x11, 0x10, 0x06, 0x07, 0x1C, 0x2B, 0x13, 0x23, 0x35, 0x33,
	0x11, 0x23, 0x11, 0x33, 0x35, 0x33, 0x15, 0x33, 0xC8, 0x96, 0x96, 0x96,
	0x32, 0x32, 0x32, 0x02, 0x58, 0x96, 0xFD, 0x12, 0x01, 0x90, 0x64, 0x64,
	0x00, 0x02, 0x00, 0x32, 0x00, 0x00, 0x01, 0xF4, 0x02, 0xEE, 0x00, 0x23,
	0x00, 0x27, 0x00, 0xD9, 0x4B, 0xB0, 0x21, 0x50, 0x58, 0x40, 0x54, 0x05,
	0x01, 0x03, 0x04, 0x06, 0x04, 0x03, 0x72, 0x00, 0x0E, 0x00, 0x0F, 0x00,
	0x0E, 0x0F, 0x80, 0x00, 0x06, 0x02, 0x07, 0x06, 0x58, 0x00, 0x02, 0x0C,
	0x0F, 0x02, 0x57, 0x0B, 0x01, 0x07, 0x00, 0x0C, 0x01, 0x07, 0x0C, 0x68,
	0x0A, 0x01, 0x08, 0x00, 0x0D, 0x00, 0x08, 0x0D, 0x67, 0x00, 0x00, 0x11,
	0x01, 0x0F, 0x10, 0x00, 0x0F, 0x67, 0x00, 0x01, 0x00, 0x10, 0x12, 0x01,
	0x10, 0x67, 0x00, 0x04, 0x04, 0x09, 0x5F, 0x00, 0x09, 0x09, 0x16, 0x4D,
	0x00, 0x12, 0x12, 0x13, 0x5F, 0x00, 0x13, 0x13, 0x17, 0x13, 0x4E, 0x1B,
	0x40, 0x55, 0x05, 0x01, 0x03, 0x04, 0x06, 0x04, 0x03, 0x06, 0x80, 0x00,
	0x0E, 0x00, 0x0F, 0x00, 0x0E, 0x0F, 0x80, 0x00, 0x06, 0x02, 0x07, 0x06,
	0x58, 0x00, 0x02, 0x0C, 0x0F, 0x02, 0x57, 0x0B, 0x01, 0x07, 0x00, 0x0C,
	0x01, 0x07, 0x0C, 0x68, 0x0A, 0x01, 0x08, 0x00, 0x0D, 0x00, 0x08, 0x0D,
	0x67, 0x00, 0x00, 0x11, 0x01, 0x0F, 0x10, 0x00, 0x0F, 0x67, 0x00, 0x01,
	0x00, 0x10, 0x12, 0x01, 0x10, 0x67, 0x00, 0x04, 0x04, 0x09, 0x5F, 0x00,
	0x09, 0x09, 0x16, 0x4D, 0x00, 0x12, 0x12, 0x13, 0x5F, 0x00, 0x13, 0x13,
	0x17, 0x13, 0x4E, 0x59, 0x40, 0x22, 0x27, 0x26, 0x25, 0x24, 0x23, 0x22,
	0x21, 0x20, 0x1F, 0x1E, 0x1D, 0x1C, 0x1B, 0x1A, 0x19, 0x18, 0x17, 0x16,
	0x15, 0x14, 0x13, 0x12, 0x11, 0x11, 0x11, 0x11, 0x11, 0x11, 0x11, 0x11,
	0x10, 0x14, 0x07, 0x1F, 0x2B, 0x13, 0x33, 0x35, 0x33, 0x35, 0x33, 0x35,
	0x23, 0x35, 0x23, 0x15, 0x23, 0x15, 0x23, 0x35, 0x33, 0x35, 0x33, 0x35,
	0x33, 0x15, 0x33, 0x15, 0x33, 0x15, 0x23, 0x15, 0x23, 0x15, 0x23, 0x15,
	0x23, 0x15, 0x23, 0x35, 0x23, 0x15, 0x33, 0x15, 0x23, 0xC8, 0x32, 0x32,
	0x32, 0x32, 0x32, 0x32, 0x96, 0x32, 0x32, 0xFA, 0x32, 0x32, 0x32, 0x32,
	0x32, 0x32, 0x32, 0x32, 0x96, 0x96, 0x01, 0x90, 0x32, 0x32, 0x32, 0x32,
	0x32, 0x32, 0x96, 0x32, 0x32, 0x32, 0x32, 0xC8, 0x32, 0x32, 0x32, 0x32,
	0x32, 0x96, 0x96, 0x00, 0x00, 0x02, 0x00, 0x32, 0x00, 0x00, 0x01, 0xF4,
	0x02, 0xEE, 0x00, 0x03, 0x00, 0x27, 0x00, 0xD9, 0x4B, 0xB0, 0x21, 0x50,
	0x58, 0x40, 0x54, 0x00, 0x0C, 0x0D, 0x10, 0x0D, 0x0C, 0x10, 0x80, 0x13,
	0x01, 0x03, 0x04, 0x02, 0x02, 0x03, 0x72, 0x00, 0x10, 0x0B, 0x0D, 0x10,
	0x57, 0x00, 0x0E, 0x00, 0x11, 0x0A, 0x0E, 0x11, 0x67, 0x00, 0x0A, 0x12,
	0x05, 0x0A, 0x57, 0x0F, 0x01, 0x0D, 0x00, 0x12, 0x04, 0x0D, 0x12, 0x67,
	0x00, 0x04, 0x09, 0x01, 0x05, 0x06, 0x04, 0x05, 0x67, 0x00, 0x0B, 0x08,
	0x01, 0x06, 0x07, 0x0B, 0x06, 0x67, 0x00, 0x00, 0x00, 0x01, 0x5F, 0x00,
	0x01, 0x01, 0x16, 0x4D, 0x00, 0x02, 0x02, 0x07, 0x60, 0x00, 0x07, 0x07,
	0x17, 0x07, 0x4E, 0x1B, 0x40, 0x55, 0x00, 0x0C, 0x0D, 0x10, 0x0D, 0x0C,
	0x10, 0x80, 0x13, 0x01, 0x03, 0x04, 0x02, 0x04, 0x03, 0x02, 0x80, 0x00,
	0x10, 0x0B, 0x0D, 0x10, 0x57, 0x00, 0x0E, 0x00, 0x11, 0x0A, 0x0E, 0x11,
	0x67, 0x00, 0x0A, 0x12, 0x05, 0x0A, 0x57, 0x0F, 0x01, 0x0D, 0x00, 0x12,
	0x04, 0x0D, 0x12, 0x67, 0x00, 0x04, 0x09, 0x01, 0x05, 0x06, 0x04, 0x05,
	0x67, 0x00, 0x0B, 0x08, 0x01, 0x06, 0x07, 0x0B, 0x06, 0x67, 0x00, 0x00,
	0x00, 0x01, 0x5F, 0x00, 0x01, 0x01, 0x16, 0x4D, 0x00, 0x02, 0x02, 0x07,
	0x60, 0x00, 0x07, 0x07, 0x17, 0x07, 0x4E, 0x59, 0x40, 0x22, 0x27, 0x26,
	0x25, 0x24, 0x23, 0x22, 0x21, 0x20, 0x1F, 0x1E, 0x1D, 0x1C, 0x1B, 0x1A,
	0x19, 0x18, 0x17, 0x16, 0x15, 0x14, 0x13, 0x12, 0x11, 0x11, 0x11, 0x11,
	0x11, 0x11, 0x11, 0x11, 0x10, 0x14, 0x07, 0x1F, 0x2B, 0x01, 0x23, 0x35,
	0x33, 0x03, 0x33, 0x35, 0x33, 0x35, 0x33, 0x15, 0x23, 0x15, 0x23, 0x15,
	0x23, 0x35, 0x23, 0x35, 0x23, 0x35, 0x33, 0x35, 0x33, 0x35, 0x33, 0x35,
	0x33, 0x35, 0x33, 0x15, 0x33, 0x15, 0x23, 0x15, 0x23, 0x15, 0x23, 0x15,
	0x33, 0x01, 0x5E, 0x96, 0x96, 0x64, 0x32, 0x32, 0x96, 0x32, 0x32, 0xFA,
	0x32, 0x32, 0x32, 0x32, 0x32, 0x32, 0x32, 0x32, 0x32, 0x32, 0x32, 0x32,
	0x02, 0x58, 0x96, 0xFD, 0xA8, 0x32, 0x32, 0x96, 0x32, 0x32, 0x32, 0x32,
	0xC8, 0x32, 0x32, 0x32, 0x32, 0x32, 0x64, 0x32, 0x32, 0x32, 0x00, 0x01,
	0x00, 0x32, 0x01, 0x2C, 0x00, 0xC8, 0x01, 0xC2, 0x00, 0x03, 0x00, 0x18,
	0x40, 0x15, 0x00, 0x00, 0x01, 0x01, 0x00, 0x57, 0x00, 0x00, 0x00, 0x01,
	0x5F, 0x00, 0x01, 0x00, 0x01, 0x4F, 0x11, 0x10, 0x02, 0x07, 0x18, 0x2B,
	0x13, 0x33, 0x15, 0x23, 0x32, 0x96, 0x96, 0x01, 0xC2, 0x96, 0x00, 0x01,
	0x00, 0x32, 0x00, 0xFA, 0x01, 0x5E, 0x02, 0x26, 0x00, 0x0B, 0x00, 0x21,
	0x40, 0x1E, 0x02, 0x01, 0x00, 0x05, 0x01, 0x03, 0x04, 0x00, 0x03, 0x67,
	0x00, 0x04, 0x04, 0x01, 0x5F, 0x00, 0x01, 0x01, 0x19, 0x04, 0x4E, 0x11,
	0x11, 0x11, 0x11, 0x11, 0x10, 0x06, 0x07, 0x1C, 0x2B, 0x13, 0x33, 0x35,
	0x33, 0x15, 0x33, 0x15, 0x23, 0x15, 0x23, 0x35, 0x23, 0x32, 0x32, 0xC8,
	0x32, 0x32, 0xC8, 0x32, 0x01, 0xF4, 0x32, 0x32, 0xC8, 0x32, 0x32, 0x00,
	0x00, 0x01, 0x00, 0x32, 0x01, 0x90, 0x01, 0xC2, 0x02, 0xEE, 0x00, 0x23,
	0x00, 0x51, 0x40, 0x4E, 0x0B, 0x01, 0x03, 0x02, 0x04, 0x03, 0x57, 0x09,
	0x01, 0x05, 0x0C, 0x01, 0x02, 0x01, 0x05, 0x02, 0x67, 0x0D, 0x01, 0x01,
	0x00, 0x00, 0x01, 0x57, 0x0A, 0x08, 0x06, 0x03, 0x04, 0x11, 0x01, 0x0F,
	0x04, 0x0F, 0x63, 0x10, 0x0E, 0x02, 0x00, 0x00, 0x07, 0x5F, 0x00, 0x07,
	0x07, 0x16, 0x07, 0x4E, 0x23, 0x22, 0x21, 0x20, 0x1F, 0x1E, 0x1D, 0x1C,
	0x1B, 0x1A, 0x19, 0x18, 0x17, 0x16, 0x15, 0x14, 0x13, 0x12, 0x11, 0x11,
	0x11, 0x11, 0x11, 0x11, 0x11, 0x11, 0x10, 0x12, 0x07, 0x1F, 0x2B, 0x13,
	0x23, 0x35, 0x33, 0x35, 0x23, 0x35, 0x23, 0x35, 0x33, 0x35, 0x33, 0x15,
	0x33, 0x35, 0x33, 0x15, 0x33, 0x35, 0x33, 0x15, 0x33, 0x15, 0x23, 0x15,
	0x23, 0x15, 0x33, 0x15, 0x23, 0x15, 0x23, 0x35, 0x23, 0x15, 0x23, 0x96,
	0x32, 0x32, 0x32, 0x32, 0x32, 0x32, 0x32, 0x64, 0x32, 0x32, 0x32, 0x32,
	0x32, 0x32, 0x32, 0x32, 0x64, 0x32, 0x01, 0xC2, 0x32, 0x32, 0x32, 0x32,
	0x32, 0x32, 0x64, 0x64, 0x32, 0x32, 0x32, 0x32, 0x32, 0x32, 0x32, 0x32,
	0x32, 0x00, 0x00, 0x02, 0x00, 0x32, 0x00, 0x00, 0x03, 0x20, 0x02, 0xBC,
	0x00, 0x07, 0x00, 0x27, 0x00, 0xDE, 0x4B, 0xB0, 0x0B, 0x50, 0x58, 0x40,
	0x37, 0x0A, 0x01, 0x08, 0x07, 0x07, 0x08, 0x70, 0x0D, 0x01, 0x03, 0x02,
	0x01, 0x02, 0x03, 0x72, 0x05, 0x01, 0x01, 0x00, 0x00, 0x01, 0x70, 0x0E,
	0x04, 0x02, 0x00, 0x13, 0x11, 0x02, 0x0F, 0x10, 0x00, 0x0F, 0x68, 0x0C,
	0x06, 0x02, 0x02, 0x02, 0x07, 0x5F, 0x0B, 0x09, 0x02, 0x07, 0x07, 0x19,
	0x4D, 0x12, 0x01, 0x10, 0x10, 0x17, 0x10, 0x4E, 0x1B, 0x4B, 0xB0, 0x10,
	0x50, 0x58, 0x40, 0x36, 0x0A, 0x01, 0x08, 0x07, 0x08, 0x85, 0x0D, 0x01,
	0x03, 0x02, 0x01, 0x02, 0x03, 0x72, 0x05, 0x01, 0x01, 0x00, 0x00, 0x01,
	0x70, 0x0E, 0x04, 0x02, 0x00, 0x13, 0x11, 0x02, 0x0F, 0x10, 0x00, 0x0F,
	0x68, 0x0C, 0x06, 0x02, 0x02, 0x02, 0x07, 0x5F, 0x0B, 0x09, 0x02, 0x07,
	0x07, 0x19, 0x4D, 0x12, 0x01, 0x10, 0x10, 0x17, 0x10, 0x4E, 0x1B, 0x40,
	0x38, 0x0A, 0x01, 0x08, 0x07, 0x08, 0x85, 0x0D, 0x01, 0x03, 0x02, 0x01,
	0x02, 0x03, 0x01, 0x80, 0x05, 0x01, 0x01, 0x00, 0x02, 0x01, 0x00, 0x7E,
	0x0E, 0x04, 0x02, 0x00, 0x13, 0x11, 0x02, 0x0F, 0x10, 0x00, 0x0F, 0x68,
	0x0C, 0x06, 0x02, 0x02, 0x02, 0x07, 0x5F, 0x0B, 0x09, 0x02, 0x07, 0x07,
	0x19, 0x4D, 0x12, 0x01, 0x10, 0x10, 0x17, 0x10, 0x4E, 0x59, 0x59, 0x40,
	0x22, 0x27, 0x26, 0x25, 0x24, 0x23, 0x22, 0x21, 0x20, 0x1F, 0x1E, 0x1D,
	0x1C, 0x1B, 0x1A, 0x19, 0x18, 0x17, 0x16, 0x15, 0x14, 0x13, 0x12, 0x11,
	0x11, 0x11, 0x11, 0x11, 0x11, 0x11, 0x11, 0x10, 0x14, 0x07, 0x1F, 0x2B,
	0x25, 0x33, 0x35, 0x33, 0x35, 0x23, 0x15, 0x23, 0x05, 0x33, 0x35, 0x33,
	0x35, 0x23, 0x35, 0x33, 0x35, 0x33, 0x15, 0x33, 0x35, 0x33, 0x15, 0x33,
	0x15, 0x23, 0x15, 0x23, 0x15, 0x33, 0x15, 0x23, 0x15, 0x23, 0x35, 0x23,
	0x15, 0x23, 0x35, 0x23, 0x01, 0x5E, 0x64, 0x32, 0x64, 0x32, 0xFE, 0xD4,
	0x96, 0x32, 0x64, 0x96, 0x96, 0x64, 0x96, 0x64, 0x96, 0x32, 0x64, 0x96,
	0x96, 0x64, 0x96, 0x64, 0xFA, 0x64, 0x64, 0x64, 0x64, 0x64, 0x64, 0x64,
	0x96, 0x96, 0x96, 0x96, 0x64, 0x64, 0x64, 0x64, 0x96, 0x96, 0x96, 0x96,
	0x00, 0x01, 0x00, 0x32, 0xFF, 0x6A, 0x01, 0xC2, 0x02, 0xEE, 0x00, 0x17,
	0x00, 0xA4, 0x4B, 0xB0, 0x0B, 0x50, 0x58, 0x40, 0x41, 0x00, 0x07, 0x04,
	0x03, 0x06, 0x07, 0x72, 0x00, 0x08, 0x03, 0x02, 0x03, 0x08, 0x02, 0x80,
	0x00, 0x02, 0x09, 0x03, 0x02, 0x09, 0x7E, 0x00, 0x01, 0x09, 0x0A, 0x00,
	0x01, 0x72, 0x00, 0x04, 0x00, 0x09, 0x01, 0x04, 0x09, 0x67, 0x00, 0x00,
	0x00, 0x0B, 0x00, 0x0B, 0x64, 0x00, 0x06, 0x06, 0x05, 0x5F, 0x00, 0x05,
	0x05, 0x16, 0x4D, 0x00, 0x03, 0x03, 0x0A, 0x5F, 0x00, 0x0A, 0x0A, 0x17,
	0x0A, 0x4E, 0x1B, 0x40, 0x43, 0x00, 0x07, 0x04, 0x03, 0x04, 0x07, 0x03,
	0x80, 0x00, 0x08, 0x03, 0x02, 0x03, 0x08, 0x02, 0x80, 0x00, 0x02, 0x09,
	0x03, 0x02, 0x09, 0x7E, 0x00, 0x01, 0x09, 0x0A, 0x09, 0x01, 0x0A, 0x80,
	0x00, 0x04, 0x00, 0x09, 0x01, 0x04, 0x09, 0x67, 0x00, 0x00, 0x00, 0x0B,
	0x00, 0x0B, 0x64, 0x00, 0x06, 0x06, 0x05, 0x5F, 0x00, 0x05, 0x05, 0x16,
	0x4D, 0x00, 0x03, 0x03, 0x0A, 0x5F, 0x00, 0x0A, 0x0A, 0x17, 0x0A, 0x4E,
	0x59, 0x40, 0x12, 0x17, 0x16, 0x15, 0x14, 0x13, 0x12, 0x11, 0x11, 0x11,
	0x11, 0x11, 0x11, 0x11, 0x11, 0x10, 0x0C, 0x07, 0x1F, 0x2B, 0x33, 0x33,
	0x35, 0x33, 0x35, 0x33, 0x35, 0x33, 0x35, 0x33, 0x35, 0x33, 0x15, 0x23,
	0x15, 0x23, 0x15, 0x23, 0x15, 0x23, 0x15, 0x23, 0x15, 0x23, 0x32, 0x32,
	0x32, 0x32, 0x32, 0x32, 0x96, 0x32, 0x32, 0x32, 0x32, 0x32, 0x96, 0x96,
	0x96, 0x96, 0x96, 0x96, 0x96, 0x96, 0x96, 0x96, 0x96, 0x96, 0x00, 0x01,
	0x00, 0x32, 0xFF, 0x6A, 0x01, 0xC2, 0x02, 0xEE, 0x00, 0x17, 0x00, 0xAA,
	0x4B, 0xB0, 0x0B, 0x50, 0x58, 0x40, 0x42, 0x00, 0x05, 0x08, 0x09, 0x06,
	0x05, 0x72, 0x00, 0x04, 0x09, 0x0A, 0x09, 0x04, 0x0A, 0x80, 0x00, 0x0A,
	0x03, 0x09, 0x0A, 0x03, 0x7E, 0x0C, 0x01, 0x0B, 0x03, 0x02, 0x00, 0x0B,
	0x72, 0x00, 0x08, 0x00, 0x03, 0x0B, 0x08, 0x03, 0x67, 0x00, 0x00, 0x00,
	0x01, 0x00, 0x01, 0x64, 0x00, 0x06, 0x06, 0x07, 0x5F, 0x00, 0x07, 0x07,
	0x16, 0x4D, 0x00, 0x09, 0x09, 0x02, 0x5F, 0x00, 0x02, 0x02, 0x17, 0x02,
	0x4E, 0x1B, 0x40, 0x44, 0x00, 0x05, 0x08, 0x09, 0x08, 0x05, 0x09, 0x80,
	0x00, 0x04, 0x09, 0x0A, 0x09, 0x04, 0x0A, 0x80, 0x00, 0x0A, 0x03, 0x09,
	0x0A, 0x03, 0x7E, 0x0C, 0x01, 0x0B, 0x03, 0x02, 0x03, 0x0B, 0x02, 0x80,
	0x00, 0x08, 0x00, 0x03, 0x0B, 0x08, 0x03, 0x67, 0x00, 0x00, 0x00, 0x01,
	0x00, 0x01, 0x64, 0x00, 0x06, 0x06, 0x07, 0x5F, 0x00, 0x07, 0x07, 0x16,
	0x4D, 0x00, 0x09, 0x09, 0x02, 0x5F, 0x00, 0x02, 0x02, 0x17, 0x02, 0x4E,
	0x59, 0x40, 0x16, 0x00, 0x00, 0x00, 0x17, 0x00, 0x17, 0x16, 0x15, 0x14,
	0x13, 0x11, 0x11, 0x11, 0x11, 0x11, 0x11, 0x11, 0x11, 0x11, 0x0D, 0x07,
	0x1F, 0x2B, 0x25, 0x15, 0x33, 0x15, 0x23, 0x35, 0x23, 0x35, 0x23, 0x35,
	0x23, 0x35, 0x23, 0x35, 0x23, 0x35, 0x33, 0x15, 0x33, 0x15, 0x33, 0x15,
	0x33, 0x15, 0x01, 0x90, 0x32, 0x96, 0x32, 0x32, 0x32, 0x32, 0x32, 0x96,
	0x32, 0x32, 0x32, 0x96, 0x96, 0x96, 0x96, 0x96, 0x96, 0x96, 0x96, 0x96,
	0x96, 0x96, 0x96, 0x96, 0x00, 0x01, 0x00, 0xC8, 0x01, 0x2C, 0x01, 0x5E,
	0x01, 0xC2, 0x00, 0x03, 0x00, 0x18, 0x40, 0x15, 0x00, 0x00, 0x01, 0x01,
	0x00, 0x57, 0x00, 0x00, 0x00, 0x01, 0x5F, 0x00, 0x01, 0x00, 0x01, 0x4F,
	0x11, 0x10, 0x02, 0x07, 0x18, 0x2B, 0x13, 0x33, 0x15, 0x23, 0xC8, 0x96,
	0x96, 0x01, 0xC2, 0x96, 0x00, 0x01, 0x00, 0xC8, 0x01, 0x2C, 0x01, 0x5E,
	0x01, 0xC2, 0x00, 0x03, 0x00, 0x18, 0x40, 0x15, 0x00, 0x00, 0x01, 0x01,
	0x00, 0x57, 0x00, 0x00, 0x00, 0x01, 0x5F, 0x00, 0x01, 0x00, 0x01, 0x4F,
	0x11, 0x10, 0x02, 0x07, 0x18, 0x2B, 0x13, 0x33, 0x15, 0x23, 0xC8, 0x96,
	0x96, 0x01, 0xC2, 0x96, 0x00, 0x01, 0x00, 0x32, 0x01, 0x2C, 0x01, 0xF4,
	0x01, 0xC2, 0x00, 0x03, 0x00, 0x18, 0x40, 0x15, 0x00, 0x00, 0x01, 0x01,
	0x00, 0x57, 0x00, 0x00, 0x00, 0x01, 0x5F, 0x00, 0x01, 0x00, 0x01, 0x4F,
	0x11, 0x10, 0x02, 0x07, 0x18, 0x2B, 0x13, 0x21, 0x15, 0x21, 0x32, 0x01,
	0xC2, 0xFE, 0x3E, 0x01, 0xC2, 0x96, 0x00, 0x01, 0x00, 0x32, 0x01, 0x2C,
	0x02, 0x26, 0x01, 0xC2, 0x00, 0x03, 0x00, 0x18, 0x40, 0x15, 0x00, 0x00,
	0x01, 0x01, 0x00, 0x57, 0x00, 0x00, 0x00, 0x01, 0x5F, 0x00, 0x01, 0x00,
	0x01, 0x4F, 0x11, 0x10, 0x02, 0x07, 0x18, 0x2B, 0x13, 0x21, 0x15, 0x21,
	0x32, 0x01, 0xF4, 0xFE, 0x0C, 0x01, 0xC2, 0x96, 0x00, 0x01, 0x00, 0x32,
	0x01, 0x2C, 0x03, 0x20, 0x01, 0xC2, 0x00, 0x03, 0x00, 0x18, 0x40, 0x15,
	0x00, 0x00, 0x01, 0x01, 0x00, 0x57, 0x00, 0x00, 0x00, 0x01, 0x5F, 0x00,
	0x01, 0x00, 0x01, 0x4F, 0x11, 0x10, 0x02, 0x07, 0x18, 0x2B, 0x13, 0x21,
	0x15, 0x21, 0x32, 0x02, 0xEE, 0xFD, 0x12, 0x01, 0xC2, 0x96, 0x00, 0x01,
	0x00, 0x32, 0xFF, 0x6A, 0x02, 0x26, 0x00, 0x00, 0x00, 0x03, 0x00, 0x20,
	0xB1, 0x06, 0x64, 0x44, 0x40, 0x15, 0x00, 0x00, 0x01, 0x01, 0x00, 0x57,
	0x00, 0x00, 0x00, 0x01, 0x5F, 0x00, 0x01, 0x00, 0x01, 0x4F, 0x11, 0x10,
	0x02, 0x07, 0x18, 0x2B, 0xB1, 0x06, 0x00, 0x44, 0x33, 0x21, 0x15, 0x21,
	0x32, 0x01, 0xF4, 0xFE, 0x0C, 0x96, 0x00, 0x01, 0x00, 0x32, 0xFF, 0x6A,
	0x01, 0x2C, 0x02, 0xEE, 0x00, 0x13, 0x00, 0x8A, 0x4B, 0xB0, 0x21, 0x50,
	0x58, 0x40, 0x36, 0x00, 0x02, 0x04, 0x05, 0x04, 0x02, 0x05, 0x80, 0x00,
	0x05, 0x01, 0x04, 0x05, 0x70, 0x00, 0x06, 0x00, 0x09, 0x07, 0x06, 0x72,
	0x00, 0x09, 0x07, 0x00, 0x09, 0x07, 0x7E, 0x00, 0x01, 0x00, 0x00, 0x06,
	0x01, 0x00, 0x67, 0x00, 0x07, 0x00, 0x08, 0x07, 0x08, 0x64, 0x00, 0x04,
	0x04, 0x03, 0x5F, 0x00, 0x03, 0x03, 0x16, 0x04, 0x4E, 0x1B, 0x40, 0x38,
	0x00, 0x02, 0x04, 0x05, 0x04, 0x02, 0x05, 0x80, 0x00, 0x05, 0x01, 0x04,
	0x05, 0x01, 0x7E, 0x00, 0x06, 0x00, 0x09, 0x00, 0x06, 0x09, 0x80, 0x00,
	0x09, 0x07, 0x00, 0x09, 0x07, 0x7E, 0x00, 0x01, 0x00, 0x00, 0x06, 0x01,
	0x00, 0x67, 0x00, 0x07, 0x00, 0x08, 0x07, 0x08, 0x64, 0x00, 0x04, 0x04,
	0x03, 0x5F, 0x00, 0x03, 0x03, 0x16, 0x04, 0x4E, 0x59, 0x40, 0x0E, 0x13,
	0x12, 0x11, 0x11, 0x11, 0x11, 0x11, 0x11, 0x11, 0x11, 0x10, 0x0A, 0x07,
	0x1F, 0x2B, 0x17, 0x23, 0x11, 0x33, 0x35, 0x33, 0x35, 0x33, 0x15, 0x23,
	0x15, 0x23, 0x11, 0x33, 0x15, 0x33, 0x15, 0x23, 0x35, 0x23, 0x64, 0x32,
	0x32, 0x32, 0x96, 0x32, 0x32, 0x32, 0x32, 0x96, 0x32, 0x32, 0x02, 0xBC,
	0x32, 0x32, 0x32, 0x32, 0xFD, 0x44, 0x32, 0x32, 0x32, 0x00, 0x00, 0x01,
	0x00, 0x32, 0xFF, 0x6A, 0x01, 0x2C, 0x02, 0xEE, 0x00, 0x13, 0x00, 0x90,
	0x4B, 0xB0, 0x21, 0x50, 0x58, 0x40, 0x37, 0x00, 0x04, 0x02, 0x01, 0x02,
	0x04, 0x01, 0x80, 0x00, 0x01, 0x05, 0x02, 0x01, 0x70, 0x00, 0x00, 0x06,
	0x07, 0x09, 0x00, 0x72, 0x00, 0x07, 0x09, 0x06, 0x07, 0x09, 0x7E, 0x00,
	0x05, 0x00, 0x06, 0x00, 0x05, 0x06, 0x67, 0x0A, 0x01, 0x09, 0x00, 0x08,
	0x09, 0x08, 0x64, 0x00, 0x02, 0x02, 0x03, 0x5F, 0x00, 0x03, 0x03, 0x16,
	0x02, 0x4E, 0x1B, 0x40, 0x39, 0x00, 0x04, 0x02, 0x01, 0x02, 0x04, 0x01,
	0x80, 0x00, 0x01, 0x05, 0x02, 0x01, 0x05, 0x7E, 0x00, 0x00, 0x06, 0x07,
	0x06, 0x00, 0x07, 0x80, 0x00, 0x07, 0x09, 0x06, 0x07, 0x09, 0x7E, 0x00,
	0x05, 0x00, 0x06, 0x00, 0x05, 0x06, 0x67, 0x0A, 0x01, 0x09, 0x00, 0x08,
	0x09, 0x08, 0x64, 0x00, 0x02, 0x02, 0x03, 0x5F, 0x00, 0x03, 0x03, 0x16,
	0x02, 0x4E, 0x59, 0x40, 0x12, 0x00, 0x00, 0x00, 0x13, 0x00, 0x13, 0x11,
	0x11, 0x11, 0x11, 0x11, 0x11, 0x11, 0x11, 0x11, 0x0B, 0x07, 0x1F, 0x2B,
	0x17, 0x35, 0x33, 0x11, 0x23, 0x35, 0x23, 0x35, 0x33, 0x15, 0x33, 0x15,
	0x33, 0x11, 0x23, 0x15, 0x23, 0x15, 0x23, 0x35, 0x64, 0x32, 0x32, 0x32,
	0x96, 0x32, 0x32, 0x32, 0x32, 0x96, 0x64, 0x32, 0x02, 0xBC, 0x32, 0x32,
	0x32, 0x32, 0xFD, 0x44, 0x32, 0x32, 0x32, 0x00, 0x00, 0x01, 0x00, 0x32,
	0xFF, 0x6A, 0x01, 0x5E, 0x02, 0xEE, 0x00, 0x27, 0x00, 0xF2, 0x4B, 0xB0,
	0x21, 0x50, 0x58, 0x40, 0x60, 0x00, 0x0A, 0x07, 0x06, 0x09, 0x0A, 0x72,
	0x00, 0x0B, 0x05, 0x04, 0x05, 0x0B, 0x04, 0x80, 0x00, 0x0E, 0x01, 0x00,
	0x01, 0x0E, 0x00, 0x80, 0x00, 0x0F, 0x13, 0x12, 0x10, 0x0F, 0x72, 0x00,
	0x06, 0x00, 0x05, 0x0B, 0x06, 0x05, 0x67, 0x00, 0x07, 0x00, 0x0C, 0x03,
	0x07, 0x0C, 0x67, 0x00, 0x03, 0x00, 0x02, 0x0D, 0x03, 0x02, 0x67, 0x00,
	0x04, 0x00, 0x01, 0x0E, 0x04, 0x01, 0x67, 0x00, 0x00, 0x00, 0x13, 0x0F,
	0x00, 0x13, 0x67, 0x00, 0x0D, 0x00, 0x12, 0x10, 0x0D, 0x12, 0x67, 0x00,
	0x10, 0x00, 0x11, 0x10, 0x11, 0x64, 0x00, 0x09, 0x09, 0x08, 0x5F, 0x00,
	0x08, 0x08, 0x16, 0x09, 0x4E, 0x1B, 0x40, 0x62, 0x00, 0x0A, 0x07, 0x06,
	0x07, 0x0A, 0x06, 0x80, 0x00, 0x0B, 0x05, 0x04, 0x05, 0x0B, 0x04, 0x80,
	0x00, 0x0E, 0x01, 0x00, 0x01, 0x0E, 0x00, 0x80, 0x00, 0x0F, 0x13, 0x12,
	0x13, 0x0F, 0x12, 0x80, 0x00, 0x06, 0x00, 0x05, 0x0B, 0x06, 0x05, 0x67,
	0x00, 0x07, 0x00, 0x0C, 0x03, 0x07, 0x0C, 0x67, 0x00, 0x03, 0x00, 0x02,
	0x0D, 0x03, 0x02, 0x67, 0x00, 0x04, 0x00, 0x01, 0x0E, 0x04, 0x01, 0x67,
	0x00, 0x00, 0x00, 0x13, 0x0F, 0x00, 0x13, 0x67, 0x00, 0x0D, 0x00, 0x12,
	0x10, 0x0D, 0x12, 0x67, 0x00, 0x10, 0x00, 0x11, 0x10, 0x11, 0x64, 0x00,
	0x09, 0x09, 0x08, 0x5F, 0x00, 0x08, 0x08, 0x16, 0x09, 0x4E, 0x59, 0x40,
	0x22, 0x27, 0x26, 0x25, 0x24, 0x23, 0x22, 0x21, 0x20, 0x1F, 0x1E, 0x1D,
	0x1C, 0x1B, 0x1A, 0x19, 0x18, 0x17, 0x16, 0x15, 0x14, 0x13, 0x12, 0x11,
	0x11, 0x11, 0x11, 0x11, 0x11, 0x11, 0x11, 0x10, 0x14, 0x07, 0x1F, 0x2B,
	0x37, 0x33, 0x35, 0x23, 0x35, 0x23, 0x35, 0x33, 0x35, 0x33, 0x35, 0x23,
	0x35, 0x33, 0x35, 0x33, 0x35, 0x33, 0x15, 0x23, 0x15, 0x23, 0x11, 0x23,
	0x15, 0x23, 0x15, 0x33, 0x15, 0x33, 0x15, 0x33, 0x15, 0x33, 0x15, 0x23,
	0x35, 0x23, 0x35, 0x23, 0x64, 0x32, 0x32, 0x32, 0x32, 0x32, 0x32, 0x32,
	0x32, 0x96, 0x32, 0x32, 0x32, 0x32, 0x32, 0x32, 0x32, 0x32, 0x96, 0x32,
	0x32, 0x96, 0x32, 0x32, 0x32, 0x32, 0x32, 0xFA, 0x32, 0x32, 0x32, 0x32,
	0xFE, 0xD4, 0x32, 0x32, 0x32, 0xFA, 0x32, 0x32, 0x32, 0x32, 0x00, 0x01,
	0x00, 0x32, 0xFF, 0x6A, 0x01, 0x5E, 0x02, 0xEE, 0x00, 0x27, 0x00, 0xF8,
	0x4B, 0xB0, 0x21, 0x50, 0x58, 0x40, 0x61, 0x00, 0x05, 0x08, 0x09, 0x06,
	0x05, 0x72, 0x00, 0x04, 0x0A, 0x0B, 0x0A, 0x04, 0x0B, 0x80, 0x00, 0x01,
	0x0E, 0x0F, 0x0E, 0x01, 0x0F, 0x80, 0x00, 0x00, 0x10, 0x11, 0x13, 0x00,
	0x72, 0x00, 0x09, 0x00, 0x0A, 0x04, 0x09, 0x0A, 0x67, 0x00, 0x08, 0x00,
	0x03, 0x0C, 0x08, 0x03, 0x67, 0x00, 0x0C, 0x00, 0x0D, 0x02, 0x0C, 0x0D,
	0x67, 0x00, 0x0B, 0x00, 0x0E, 0x01, 0x0B, 0x0E, 0x67, 0x00, 0x0F, 0x00,
	0x10, 0x00, 0x0F, 0x10, 0x67, 0x00, 0x02, 0x00, 0x11, 0x13, 0x02, 0x11,
	0x67, 0x14, 0x01, 0x13, 0x00, 0x12, 0x13, 0x12, 0x64, 0x00, 0x06, 0x06,
	0x07, 0x5F, 0x00, 0x07, 0x07, 0x16, 0x06, 0x4E, 0x1B, 0x40, 0x63, 0x00,
	0x05, 0x08, 0x09, 0x08, 0x05, 0x09, 0x80, 0x00, 0x04, 0x0A, 0x0B, 0x0A,
	0x04, 0x0B, 0x80, 0x00, 0x01, 0x0E, 0x0F, 0x0E, 0x01, 0x0F, 0x80, 0x00,
	0x00, 0x10, 0x11, 0x10, 0x00, 0x11, 0x80, 0x00, 0x09, 0x00, 0x0A, 0x04,
	0x09, 0x0A, 0x67, 0x00, 0x08, 0x00, 0x03, 0x0C, 0x08, 0x03, 0x67, 0x00,
	0x0C, 0x00, 0x0D, 0x02, 0x0C, 0x0D, 0x67, 0x00, 0x0B, 0x00, 0x0E, 0x01,
	0x0B, 0x0E, 0x67, 0x00, 0x0F, 0x00, 0x10, 0x00, 0x0F, 0x10, 0x67, 0x00,
	0x02, 0x00, 0x11, 0x13, 0x02, 0x11, 0x67, 0x14, 0x01, 0x13, 0x00, 0x12,
	0x13, 0x12, 0x64, 0x00, 0x06, 0x06, 0x07, 0x5F, 0x00, 0x07, 0x07, 0x16,
	0x06, 0x4E, 0x59, 0x40, 0x26, 0x00, 0x00, 0x00, 0x27, 0x00, 0x27, 0x26,
	0x25, 0x24, 0x23, 0x22, 0x21, 0x20, 0x1F, 0x1E, 0x1D, 0x1C, 0x1B, 0x1A,
	0x19, 0x18, 0x17, 0x16, 0x15, 0x14, 0x13, 0x11, 0x11, 0x11, 0x11, 0x11,
	0x11, 0x11, 0x11, 0x11, 0x15, 0x07, 0x1F, 0x2B, 0x17, 0x35, 0x33, 0x35,
	0x33, 0x35, 0x33, 0x35, 0x23, 0x35, 0x23, 0x11, 0x23, 0x35, 0x23, 0x35,
	0x33, 0x15, 0x33, 0x15, 0x33, 0x15, 0x23, 0x15, 0x33, 0x15, 0x33, 0x15,
	0x23, 0x15, 0x23, 0x15, 0x33, 0x15, 0x23, 0x15, 0x23, 0x15, 0x23, 0x35,
	0x64, 0x32, 0x32, 0x32, 0x32, 0x32, 0x32, 0x32, 0x96, 0x32, 0x32, 0x32,
	0x32, 0x32, 0x32, 0x32, 0x32, 0x32, 0x32, 0x96, 0x64, 0x32, 0xFA, 0x32,
	0x32, 0x32, 0x01, 0x2C, 0x32, 0x32, 0x32, 0x32, 0xFA, 0x32, 0x32, 0x32,
	0x32, 0x32, 0xC8, 0x32, 0x32, 0x32, 0x00, 0x01, 0x00, 0x32, 0xFF, 0x9C,
	0x01, 0x5E, 0x03, 0x20, 0x00, 0x07, 0x00, 0x22, 0x40, 0x1F, 0x00, 0x02,
	0x00, 0x03, 0x00, 0x02, 0x03, 0x67, 0x00, 0x00, 0x01, 0x01, 0x00, 0x57,
	0x00, 0x00, 0x00, 0x01, 0x5F, 0x00, 0x01, 0x00, 0x01, 0x4F, 0x11, 0x11,
	0x11, 0x10, 0x04, 0x07, 0x1A, 0x2B, 0x33, 0x33, 0x15, 0x21, 0x11, 0x21,
	0x15, 0x23, 0xC8, 0x96, 0xFE, 0xD4, 0x01, 0x2C, 0x96, 0x64, 0x03, 0x84,
	0x64, 0x00, 0x00, 0x01, 0x00, 0x32, 0xFF, 0x9C, 0x01, 0x5E, 0x03, 0x20,
	0x00, 0x07, 0x00, 0x29, 0x40, 0x26, 0x00, 0x01, 0x00, 0x00, 0x03, 0x01,
	0x00, 0x67, 0x04, 0x01, 0x03, 0x02, 0x02, 0x03, 0x57, 0x04, 0x01, 0x03,
	0x03, 0x02, 0x5F, 0x00, 0x02, 0x03, 0x02, 0x4F, 0x00, 0x00, 0x00, 0x07,
	0x00, 0x07, 0x11, 0x11, 0x11, 0x05, 0x07, 0x19, 0x2B, 0x33, 0x11, 0x23,
	0x35, 0x21, 0x11, 0x21, 0x35, 0xC8, 0x96, 0x01, 0x2C, 0xFE, 0xD4, 0x02,
	0xBC, 0x64, 0xFC, 0x7C, 0x64, 0x00, 0x00, 0x01, 0x00, 0x32, 0xFF, 0x9C,
	0x00, 0xC8, 0x00, 0x96, 0x00, 0x09, 0x00, 0x48, 0x4B, 0xB0, 0x21, 0x50,
	0x58, 0x40, 0x19, 0x00, 0x03, 0x01, 0x00, 0x01, 0x03, 0x72, 0x00, 0x00,
	0x00, 0x04, 0x00, 0x04, 0x63, 0x00, 0x02, 0x02, 0x01, 0x5F, 0x00, 0x01,
	0x01, 0x17, 0x01, 0x4E, 0x1B, 0x40, 0x1A, 0x00, 0x03, 0x01, 0x00, 0x01,
	0x03, 0x00, 0x80, 0x00, 0x00, 0x00, 0x04, 0x00, 0x04, 0x63, 0x00, 0x02,
	0x02, 0x01, 0x5F, 0x00, 0x01, 0x01, 0x17, 0x01, 0x4E, 0x59, 0xB7, 0x11,
	0x11, 0x11, 0x11, 0x10, 0x05, 0x07, 0x1B, 0x2B, 0x17, 0x33, 0x35, 0x23,
	0x35, 0x33, 0x15, 0x23, 0x15, 0x23, 0x32, 0x32, 0x32, 0x96, 0x32, 0x64,
	0x32, 0x32, 0x96, 0xC8, 0x32, 0x00, 0x00, 0x02, 0x00, 0x32, 0xFF, 0x9C,
	0x01, 0x90, 0x00, 0x96, 0x00, 0x09, 0x00, 0x13, 0x00, 0x59, 0x4B, 0xB0,
	0x21, 0x50, 0x58, 0x40, 0x1E, 0x08, 0x01, 0x03, 0x01, 0x00, 0x01, 0x03,
	0x72, 0x05, 0x01, 0x00, 0x09, 0x01, 0x04, 0x00, 0x04, 0x63, 0x07, 0x01,
	0x02, 0x02, 0x01, 0x5F, 0x06, 0x01, 0x01, 0x01, 0x17, 0x01, 0x4E, 0x1B,
	0x40, 0x1F, 0x08, 0x01, 0x03, 0x01, 0x00, 0x01, 0x03, 0x00, 0x80, 0x05,
	0x01, 0x00, 0x09, 0x01, 0x04, 0x00, 0x04, 0x63, 0x07, 0x01, 0x02, 0x02,
	0x01, 0x5F, 0x06, 0x01, 0x01, 0x01, 0x17, 0x01, 0x4E, 0x59, 0x40, 0x0E,
	0x13, 0x12, 0x11, 0x11, 0x11, 0x11, 0x11, 0x11, 0x11, 0x11, 0x10, 0x0A,
	0x07, 0x1F, 0x2B, 0x17, 0x33, 0x35, 0x23, 0x35, 0x33, 0x15, 0x23, 0x15,
	0x23, 0x27, 0x33, 0x35, 0x23, 0x35, 0x33, 0x15, 0x23, 0x15, 0x23, 0xFA,
	0x32, 0x32, 0x96, 0x32, 0x64, 0xC8, 0x32, 0x32, 0x96, 0x32, 0x64, 0x32,
	0x32, 0x96, 0xC8, 0x32, 0x32, 0x32, 0x96, 0xC8, 0x32, 0x00, 0x00, 0x02,
	0x00, 0x32, 0x01, 0xF4, 0x01, 0x90, 0x02, 0xEE, 0x00, 0x09, 0x00, 0x13,
	0x00, 0x59, 0x4B, 0xB0, 0x21, 0x50, 0x58, 0x40, 0x1E, 0x07, 0x01, 0x00,
	0x02, 0x03, 0x03, 0x00, 0x72, 0x05, 0x01, 0x03, 0x06, 0x01, 0x04, 0x03,
	0x04, 0x64, 0x09, 0x01, 0x02, 0x02, 0x01, 0x5F, 0x08, 0x01, 0x01, 0x01,
	0x16, 0x02, 0x4E, 0x1B, 0x40, 0x1F, 0x07, 0x01, 0x00, 0x02, 0x03, 0x02,
	0x00, 0x03, 0x80, 0x05, 0x01, 0x03, 0x06, 0x01, 0x04, 0x03, 0x04, 0x64,
	0x09, 0x01, 0x02, 0x02, 0x01, 0x5F, 0x08, 0x01, 0x01, 0x01, 0x16, 0x02,
	0x4E, 0x59, 0x40, 0x0E, 0x13, 0x12, 0x11, 0x11, 0x11, 0x11, 0x11, 0x11,
	0x11, 0x11, 0x10, 0x0A, 0x07, 0x1F, 0x2B, 0x13, 0x33, 0x35, 0x33, 0x15,
	0x23, 0x15, 0x33, 0x15, 0x23, 0x27, 0x33, 0x15, 0x23, 0x35, 0x33, 0x35,
	0x33, 0x15, 0x23, 0xFA, 0x32, 0x64, 0x32, 0x32, 0x96, 0x64, 0x32, 0x96,
	0x32, 0x64, 0x32, 0x02, 0xBC, 0x32, 0x32, 0x32, 0x96, 0x96, 0x96, 0xC8,
	0x32, 0x32, 0x00, 0x02, 0x00, 0x32, 0x01, 0xF4, 0x01, 0x90, 0x02, 0xEE,
	0x00, 0x09, 0x00, 0x13, 0x00, 0x5F, 0x4B, 0xB0, 0x21, 0x50, 0x58, 0x40,
	0x21, 0x08, 0x01, 0x03, 0x01, 0x00, 0x01, 0x03, 0x72, 0x06, 0x01, 0x01,
	0x01, 0x02, 0x5F, 0x07, 0x01, 0x02, 0x02, 0x16, 0x4D, 0x09, 0x01, 0x04,
	0x04, 0x00, 0x5F, 0x05, 0x01, 0x00, 0x00, 0x19, 0x04, 0x4E, 0x1B, 0x40,
	0x22, 0x08, 0x01, 0x03, 0x01, 0x00, 0x01, 0x03, 0x00, 0x80, 0x06, 0x01,
	0x01, 0x01, 0x02, 0x5F, 0x07, 0x01, 0x02, 0x02, 0x16, 0x4D, 0x09, 0x01,
	0x04, 0x04, 0x00, 0x5F, 0x05, 0x01, 0x00, 0x00, 0x19, 0x04, 0x4E, 0x59,
	0x40, 0x0E, 0x13, 0x12, 0x11, 0x11, 0x11, 0x11, 0x11, 0x11, 0x11, 0x11,
	0x10, 0x0A, 0x07, 0x1F, 0x2B, 0x13, 0x33, 0x35, 0x23, 0x35, 0x33, 0x15,
	0x23, 0x15, 0x23, 0x27, 0x33, 0x35, 0x23, 0x35, 0x33, 0x15, 0x23, 0x15,
	0x23, 0xFA, 0x32, 0x32, 0x96, 0x32, 0x64, 0xC8, 0x32, 0x32, 0x96, 0x32,
	0x64, 0x02, 0x26, 0x32, 0x96, 0xC8, 0x32, 0x32, 0x32, 0x96, 0xC8, 0x32,
	0x00, 0x01, 0x00, 0x32, 0x01, 0xF4, 0x00, 0xC8, 0x02, 0xEE, 0x00, 0x09,
	0x00, 0x48, 0x4B, 0xB0, 0x21, 0x50, 0x58, 0x40, 0x19, 0x00, 0x02, 0x04,
	0x00, 0x00, 0x02, 0x72, 0x00, 0x00, 0x00, 0x01, 0x00, 0x01, 0x64, 0x00,
	0x04, 0x04, 0x03, 0x5F, 0x00, 0x03, 0x03, 0x16, 0x04, 0x4E, 0x1B, 0x40,
	0x1A, 0x00, 0x02, 0x04, 0x00, 0x04, 0x02, 0x00, 0x80, 0x00, 0x00, 0x00,
	0x01, 0x00, 0x01, 0x64, 0x00, 0x04, 0x04, 0x03, 0x5F, 0x00, 0x03, 0x03,
	0x16, 0x04, 0x4E, 0x59, 0xB7, 0x11, 0x11, 0x11, 0x11, 0x10, 0x05, 0x07,
	0x1B, 0x2B, 0x13, 0x33, 0x15, 0x23, 0x35, 0x33, 0x35, 0x33, 0x15, 0x23,
	0x96, 0x32, 0x96, 0x32, 0x64, 0x32, 0x02, 0x8A, 0x96, 0xC8, 0x32, 0x32,
	0x00, 0x01, 0x00, 0x32, 0x01, 0xF4, 0x00, 0xC8, 0x02, 0xEE, 0x00, 0x09,
	0x00, 0x4E, 0x4B, 0xB0, 0x21, 0x50, 0x58, 0x40, 0x1C, 0x00, 0x04, 0x02,
	0x01, 0x02, 0x04, 0x72, 0x00, 0x02, 0x02, 0x03, 0x5F, 0x00, 0x03, 0x03,
	0x16, 0x4D, 0x00, 0x00, 0x00, 0x01, 0x5F, 0x00, 0x01, 0x01, 0x19, 0x00,
	0x4E, 0x1B, 0x40, 0x1D, 0x00, 0x04, 0x02, 0x01, 0x02, 0x04, 0x01, 0x80,
	0x00, 0x02, 0x02, 0x03, 0x5F, 0x00, 0x03, 0x03, 0x16, 0x4D, 0x00, 0x00,
	0x00, 0x01, 0x5F, 0x00, 0x01, 0x01, 0x19, 0x00, 0x4E, 0x59, 0xB7, 0x11,
	0x11, 0x11, 0x11, 0x10, 0x05, 0x07, 0x1B, 0x2B, 0x13, 0x23, 0x35, 0x33,
	0x35, 0x23, 0x35, 0x33, 0x15, 0x23, 0x96, 0x64, 0x32, 0x32, 0x96, 0x32,
	0x01, 0xF4, 0x32, 0x32, 0x96, 0xC8, 0x00, 0x02, 0x00, 0x32, 0x00, 0x32,
	0x02, 0xEE, 0x02, 0x58, 0x00, 0x27, 0x00, 0x4F, 0x00, 0xC2, 0x40, 0xBF,
	0x19, 0x01, 0x05, 0x1C, 0x01, 0x08, 0x01, 0x05, 0x08, 0x67, 0x14, 0x01,
	0x00, 0x29, 0x27, 0x28, 0x03, 0x13, 0x0A, 0x00, 0x13, 0x67, 0x1E, 0x01,
	0x0A, 0x12, 0x0D, 0x0A, 0x57, 0x15, 0x01, 0x01, 0x26, 0x01, 0x12, 0x0B,
	0x01, 0x12, 0x67, 0x16, 0x01, 0x02, 0x25, 0x01, 0x11, 0x0C, 0x02, 0x11,
	0x67, 0x17, 0x01, 0x03, 0x24, 0x01, 0x10, 0x0D, 0x03, 0x10, 0x67, 0x20,
	0x01, 0x0C, 0x23, 0x21, 0x0F, 0x03, 0x0D, 0x0E, 0x0C, 0x0D, 0x67, 0x1F,
	0x01, 0x0B, 0x22, 0x01, 0x0E, 0x0B, 0x0E, 0x63, 0x1B, 0x01, 0x07, 0x07,
	0x04, 0x5F, 0x1A, 0x18, 0x06, 0x03, 0x04, 0x04, 0x19, 0x4D, 0x1D, 0x01,
	0x09, 0x09, 0x04, 0x5F, 0x1A, 0x18, 0x06, 0x03, 0x04, 0x04, 0x19, 0x09,
	0x4E, 0x28, 0x28, 0x00, 0x00, 0x28, 0x4F, 0x28, 0x4F, 0x4E, 0x4D, 0x4C,
	0x4B, 0x4A, 0x49, 0x48, 0x47, 0x46, 0x45, 0x44, 0x43, 0x42, 0x41, 0x40,
	0x3F, 0x3E, 0x3D, 0x3C, 0x3B, 0x3A, 0x39, 0x38, 0x37, 0x36, 0x35, 0x34,
	0x33, 0x32, 0x31, 0x30, 0x2F, 0x2E, 0x2D, 0x2C, 0x2B, 0x2A, 0x29, 0x00,
	0x27, 0x00, 0x27, 0x26, 0x25, 0x24, 0x23, 0x22, 0x21, 0x20, 0x1F, 0x1E,
	0x1D, 0x1C, 0x1B, 0x1A, 0x19, 0x18, 0x17, 0x16, 0x15, 0x14, 0x13, 0x11,
	0x11, 0x11, 0x11, 0x11, 0x11, 0x11, 0x11, 0x11, 0x2A, 0x07, 0x1F, 0x2B,
	0x01, 0x35, 0x33, 0x35, 0x33, 0x35, 0x33, 0x35, 0x33, 0x35, 0x33, 0x35,
	0x33, 0x15, 0x33, 0x15, 0x23, 0x15, 0x23, 0x15, 0x23, 0x15, 0x33, 0x15,
	0x33, 0x15, 0x33, 0x15, 0x23, 0x15, 0x23, 0x35, 0x23, 0x35, 0x23, 0x35,
	0x23, 0x35, 0x23, 0x35, 0x21, 0x35, 0x33, 0x35, 0x33, 0x35, 0x33, 0x35,
	0x33, 0x35, 0x33, 0x35, 0x33, 0x15, 0x33, 0x15, 0x23, 0x15, 0x23, 0x15,
	0x23, 0x15, 0x33, 0x15, 0x33, 0x15, 0x33, 0x15, 0x23, 0x15, 0x23, 0x35,
	0x23, 0x35, 0x23, 0x35, 0x23, 0x35, 0x23, 0x35, 0x01, 0x90, 0x32, 0x32,
	0x32, 0x32, 0x32, 0x32, 0x32, 0x32, 0x32, 0x32, 0x32, 0x32, 0x32, 0x32,
	0x32, 0x32, 0x32, 0x32, 0x32, 0xFE, 0x70, 0x32, 0x32, 0x32, 0x32, 0x32,
	0x32, 0x32, 0x32, 0x32, 0x32, 0x32, 0x32, 0x32, 0x32, 0x32, 0x32, 0x32,
	0x32, 0x32, 0x01, 0x2C, 0x32, 0x32, 0x32, 0x32, 0x32, 0x32, 0x32, 0x64,
	0x32, 0x32, 0x32, 0x32, 0x32, 0x64, 0x32, 0x32, 0x32, 0x32, 0x32, 0x32,
	0x32, 0x32, 0x32, 0x32, 0x32, 0x32, 0x32, 0x64, 0x32, 0x32, 0x32, 0x32,
	0x32, 0x64, 0x32, 0x32, 0x32, 0x32, 0x32, 0x32, 0x00, 0x02, 0x00, 0x32,
	0x00, 0x32, 0x02, 0xEE, 0x02, 0x58, 0x00, 0x27, 0x00, 0x4F, 0x00, 0xB8,
	0x40, 0xB5, 0x1C, 0x01, 0x08, 0x19, 0x01, 0x05, 0x0C, 0x08, 0x05, 0x67,
	0x21, 0x01, 0x0D, 0x22, 0x01, 0x0E, 0x03, 0x0D, 0x0E, 0x67, 0x17, 0x01,
	0x03, 0x0F, 0x00, 0x03, 0x57, 0x20, 0x01, 0x0C, 0x23, 0x01, 0x0F, 0x02,
	0x0C, 0x0F, 0x67, 0x1F, 0x01, 0x0B, 0x24, 0x01, 0x10, 0x01, 0x0B, 0x10,
	0x67, 0x1E, 0x01, 0x0A, 0x25, 0x01, 0x11, 0x00, 0x0A, 0x11, 0x67, 0x15,
	0x01, 0x01, 0x26, 0x14, 0x12, 0x03, 0x00, 0x13, 0x01, 0x00, 0x67, 0x16,
	0x01, 0x02, 0x27, 0x01, 0x13, 0x02, 0x13, 0x63, 0x1A, 0x01, 0x06, 0x06,
	0x07, 0x5F, 0x1D, 0x1B, 0x09, 0x03, 0x07, 0x07, 0x19, 0x4D, 0x18, 0x01,
	0x04, 0x04, 0x07, 0x5F, 0x1D, 0x1B, 0x09, 0x03, 0x07, 0x07, 0x19, 0x04,
	0x4E, 0x4F, 0x4E, 0x4D, 0x4C, 0x4B, 0x4A, 0x49, 0x48, 0x47, 0x46, 0x45,
	0x44, 0x43, 0x42, 0x41, 0x40, 0x3F, 0x3E, 0x3D, 0x3C, 0x3B, 0x3A, 0x39,
	0x38, 0x37, 0x36, 0x35, 0x34, 0x33, 0x32, 0x31, 0x30, 0x2F, 0x2E, 0x2D,
	0x2C, 0x2B, 0x2A, 0x29, 0x28, 0x27, 0x26, 0x25, 0x24, 0x23, 0x22, 0x21,
	0x20, 0x1F, 0x1E, 0x1D, 0x1C, 0x1B, 0x1A, 0x19, 0x18, 0x17, 0x16, 0x15,
	0x14, 0x13, 0x12, 0x11, 0x11, 0x11, 0x11, 0x11, 0x11, 0x11, 0x11, 0x10,
	0x28, 0x07, 0x1F, 0x2B, 0x37, 0x23, 0x35, 0x33, 0x35, 0x33, 0x35, 0x33,
	0x35, 0x23, 0x35, 0x23, 0x35, 0x23, 0x35, 0x33, 0x35, 0x33, 0x15, 0x33,
	0x15, 0x33, 0x15, 0x33, 0x15, 0x33, 0x15, 0x33, 0x15, 0x23, 0x15, 0x23,
	0x15, 0x23, 0x15, 0x23, 0x15, 0x23, 0x15, 0x23, 0x25, 0x23, 0x35, 0x33,
	0x35, 0x33, 0x35, 0x33, 0x35, 0x23, 0x35, 0x23, 0x35, 0x23, 0x35, 0x33,
	0x35, 0x33, 0x15, 0x33, 0x15, 0x33, 0x15, 0x33, 0x15, 0x33, 0x15, 0x33,
	0x15, 0x23, 0x15, 0x23, 0x15, 0x23, 0x15, 0x23, 0x15, 0x23, 0x15, 0x23,
	0x64, 0x32, 0x32, 0x32, 0x32, 0x32, 0x32, 0x32, 0x32, 0x32, 0x32, 0x32,
	0x32, 0x32, 0x32, 0x32, 0x32, 0x32, 0x32, 0x32, 0x32, 0x01, 0x5E, 0x32,
	0x32, 0x32, 0x32, 0x32, 0x32, 0x32, 0x32, 0x32, 0x32, 0x32, 0x32, 0x32,
	0x32, 0x32, 0x32, 0x32, 0x32, 0x32, 0x32, 0x64, 0x64, 0x32, 0x32, 0x32,
	0x32, 0x32, 0x64, 0x32, 0x32, 0x32, 0x32, 0x32, 0x32, 0x32, 0x32, 0x32,
	0x32, 0x32, 0x32, 0x32, 0x64, 0x32, 0x32, 0x32, 0x32, 0x32, 0x64, 0x32,
	0x32, 0x32, 0x32, 0x32, 0x32, 0x32, 0x32, 0x32, 0x32, 0x32, 0x32, 0x00,
	0x00, 0x01, 0x00, 0x32, 0x00, 0x32, 0x01, 0x90, 0x02, 0x58, 0x00, 0x27,
	0x00, 0x7F, 0x40, 0x7C, 0x00, 0x05, 0x00, 0x08, 0x01, 0x05, 0x08, 0x67,
	0x00, 0x00, 0x14, 0x01, 0x13, 0x0A, 0x00, 0x13, 0x67, 0x00, 0x0A, 0x12,
	0x0D, 0x0A, 0x57, 0x00, 0x01, 0x00, 0x12, 0x0B, 0x01, 0x12, 0x67, 0x00,
	0x02, 0x00, 0x11, 0x0C, 0x02, 0x11, 0x67, 0x00, 0x03, 0x00, 0x10, 0x0D,
	0x03, 0x10, 0x67, 0x00, 0x0C, 0x0F, 0x01, 0x0D, 0x0E, 0x0C, 0x0D, 0x67,
	0x00, 0x0B, 0x00, 0x0E, 0x0B, 0x0E, 0x63, 0x00, 0x07, 0x07, 0x04, 0x5F,
	0x06, 0x01, 0x04, 0x04, 0x19, 0x4D, 0x00, 0x09, 0x09, 0x04, 0x5F, 0x06,
	0x01, 0x04, 0x04, 0x19, 0x09, 0x4E, 0x00, 0x00, 0x00, 0x27, 0x00, 0x27,
	0x26, 0x25, 0x24, 0x23, 0x22, 0x21, 0x20, 0x1F, 0x1E, 0x1D, 0x1C, 0x1B,
	0x1A, 0x19, 0x18, 0x17, 0x16, 0x15, 0x14, 0x13, 0x11, 0x11, 0x11, 0x11,
	0x11, 0x11, 0x11, 0x11, 0x11, 0x15, 0x07, 0x1F, 0x2B, 0x13, 0x35, 0x33,
	0x35, 0x33, 0x35, 0x33, 0x35, 0x33, 0x35, 0x33, 0x35, 0x33, 0x15, 0x33,
	0x15, 0x23, 0x15, 0x23, 0x15, 0x23, 0x15, 0x33, 0x15, 0x33, 0x15, 0x33,
	0x15, 0x23, 0x15, 0x23, 0x35, 0x23, 0x35, 0x23, 0x35, 0x23, 0x35, 0x23,
	0x35, 0x32, 0x32, 0x32, 0x32, 0x32, 0x32, 0x32, 0x32, 0x32, 0x32, 0x32,
	0x32, 0x32, 0x32, 0x32, 0x32, 0x32, 0x32, 0x32, 0x32, 0x01, 0x2C, 0x32,
	0x32, 0x32, 0x32, 0x32, 0x32, 0x32, 0x64, 0x32, 0x32, 0x32, 0x32, 0x32,
	0x64, 0x32, 0x32, 0x32, 0x32, 0x32, 0x32, 0x00, 0x00, 0x01, 0x00, 0x32,
	0x00, 0x32, 0x01, 0x90, 0x02, 0x58, 0x00, 0x27, 0x00, 0x7A, 0x40, 0x77,
	0x00, 0x08, 0x00, 0x05, 0x0C, 0x08, 0x05, 0x67, 0x00, 0x0D, 0x00, 0x0E,
	0x03, 0x0D, 0x0E, 0x67, 0x00, 0x03, 0x0F, 0x00, 0x03, 0x57, 0x00, 0x0C,
	0x00, 0x0F, 0x02, 0x0C, 0x0F, 0x67, 0x00, 0x0B, 0x00, 0x10, 0x01, 0x0B,
	0x10, 0x67, 0x00, 0x0A, 0x00, 0x11, 0x00, 0x0A, 0x11, 0x67, 0x00, 0x01,
	0x12, 0x01, 0x00, 0x13, 0x01, 0x00, 0x67, 0x00, 0x02, 0x00, 0x13, 0x02,
	0x13, 0x63, 0x00, 0x06, 0x06, 0x07, 0x5F, 0x09, 0x01, 0x07, 0x07, 0x19,
	0x4D, 0x00, 0x04, 0x04, 0x07, 0x5F, 0x09, 0x01, 0x07, 0x07, 0x19, 0x04,
	0x4E, 0x27, 0x26, 0x25, 0x24, 0x23, 0x22, 0x21, 0x20, 0x1F, 0x1E, 0x1D,
	0x1C, 0x1B, 0x1A, 0x19, 0x18, 0x17, 0x16, 0x15, 0x14, 0x13, 0x12, 0x11,
	0x11, 0x11, 0x11, 0x11, 0x11, 0x11, 0x11, 0x10, 0x14, 0x07, 0x1F, 0x2B,
	0x37, 0x23, 0x35, 0x33, 0x35, 0x33, 0x35, 0x33, 0x35, 0x23, 0x35, 0x23,
	0x35, 0x23, 0x35, 0x33, 0x35, 0x33, 0x15, 0x33, 0x15, 0x33, 0x15, 0x33,
	0x15, 0x33, 0x15, 0x33, 0x15, 0x23, 0x15, 0x23, 0x15, 0x23, 0x15, 0x23,
	0x15, 0x23, 0x15, 0x23, 0x64, 0x32, 0x32, 0x32, 0x32, 0x32, 0x32, 0x32,
	0x32, 0x32, 0x32, 0x32, 0x32, 0x32, 0x32, 0x32, 0x32, 0x32, 0x32, 0x32,
	0x32, 0x64, 0x64, 0x32, 0x32, 0x32, 0x32, 0x32, 0x64, 0x32, 0x32, 0x32,
	0x32, 0x32, 0x32, 0x32, 0x32, 0x32, 0x32, 0x32, 0x32, 0x00, 0x00, 0x02,
	0x00, 0x32, 0x01, 0xF4, 0x01, 0x90, 0x02, 0xEE, 0x00, 0x07, 0x00, 0x0F,
	0x00, 0x44, 0x4B, 0xB0, 0x21, 0x50, 0x58, 0x40, 0x16, 0x07, 0x01, 0x03,
	0x00, 0x00, 0x03, 0x71, 0x06, 0x04, 0x02, 0x03, 0x00, 0x00, 0x01, 0x5F,
	0x05, 0x01, 0x01, 0x01, 0x16, 0x00, 0x4E, 0x1B, 0x40, 0x15, 0x07, 0x01,
	0x03, 0x00, 0x03, 0x86, 0x06, 0x04, 0x02, 0x03, 0x00, 0x00, 0x01, 0x5F,
	0x05, 0x01, 0x01, 0x01, 0x16, 0x00, 0x4E, 0x59, 0x40, 0x0B, 0x11, 0x11,
	0x11, 0x11, 0x11, 0x11, 0x11, 0x10, 0x08, 0x07, 0x1E, 0x2B, 0x01, 0x23,
	0x35, 0x33, 0x15, 0x23, 0x15, 0x23, 0x27, 0x23, 0x35, 0x33, 0x15, 0x23,
	0x15, 0x23, 0x01, 0x2C, 0x32, 0x96, 0x32, 0x32, 0xC8, 0x32, 0x96, 0x32,
	0x32, 0x02, 0x26, 0xC8, 0xC8, 0x32, 0x32, 0xC8, 0xC8, 0x32, 0x00, 0x01,
	0x00, 0x32, 0x01, 0xF4, 0x00, 0xC8, 0x02, 0xEE, 0x00, 0x07, 0x00, 0x37,
	0x4B, 0xB0, 0x21, 0x50, 0x58, 0x40, 0x12, 0x00, 0x03, 0x00, 0x00, 0x03,
	0x71, 0x02, 0x01, 0x00, 0x00, 0x01, 0x5F, 0x00, 0x01, 0x01, 0x16, 0x00,
	0x4E, 0x1B, 0x40, 0x11, 0x00, 0x03, 0x00, 0x03, 0x86, 0x02, 0x01, 0x00,
	0x00, 0x01, 0x5F, 0x00, 0x01, 0x01, 0x16, 0x00, 0x4E, 0x59, 0xB6, 0x11,
	0x11, 0x11, 0x10, 0x04, 0x07, 0x1A, 0x2B, 0x13, 0x23, 0x35, 0x33, 0x15,
	0x23, 0x15, 0x23, 0x64, 0x32, 0x96, 0x32, 0x32, 0x02, 0x26, 0xC8, 0xC8,
	0x32, 0x00, 0x00, 0x05, 0x00, 0x32, 0x00, 0x00, 0x01, 0xF4, 0x02, 0xEE,
	0x00, 0x0B, 0x00, 0x0F, 0x00, 0x1B, 0x00, 0x27, 0x00, 0x3B, 0x00, 0xFE,
	0x4B, 0xB0, 0x22, 0x50, 0x58, 0x40, 0x5C, 0x04, 0x01, 0x02, 0x16, 0x01,
	0x03, 0x02, 0x72, 0x05, 0x01, 0x01, 0x15, 0x00, 0x01, 0x70, 0x00, 0x18,
	0x00, 0x03, 0x16, 0x18, 0x03, 0x67, 0x1A, 0x01, 0x16, 0x1B, 0x01, 0x15,
	0x00, 0x16, 0x15, 0x67, 0x19, 0x01, 0x17, 0x1C, 0x01, 0x14, 0x1D, 0x17,
	0x14, 0x67, 0x00, 0x00, 0x00, 0x1D, 0x06, 0x00, 0x1D, 0x68, 0x0E, 0x01,
	0x0A, 0x0D, 0x07, 0x0A, 0x57, 0x10, 0x08, 0x02, 0x06, 0x11, 0x01, 0x0D,
	0x0C, 0x06, 0x0D, 0x67, 0x0F, 0x01, 0x09, 0x12, 0x01, 0x0C, 0x07, 0x09,
	0x0C, 0x67, 0x0E, 0x01, 0x0A, 0x0A, 0x07, 0x5F, 0x13, 0x0B, 0x02, 0x07,
	0x0A, 0x07, 0x4F, 0x1B, 0x40, 0x5E, 0x04, 0x01, 0x02, 0x16, 0x01, 0x16,
	0x02, 0x01, 0x80, 0x05, 0x01, 0x01, 0x15, 0x16, 0x01, 0x15, 0x7E, 0x00,
	0x18, 0x00, 0x03, 0x16, 0x18, 0x03, 0x67, 0x1A, 0x01, 0x16, 0x1B, 0x01,
	0x15, 0x00, 0x16, 0x15, 0x67, 0x19, 0x01, 0x17, 0x1C, 0x01, 0x14, 0x1D,
	0x17, 0x14, 0x67, 0x00, 0x00, 0x00, 0x1D, 0x06, 0x00, 0x1D, 0x68, 0x0E,
	0x01, 0x0A, 0x0D, 0x07, 0x0A, 0x57, 0x10, 0x08, 0x02, 0x06, 0x11, 0x01,
	0x0D, 0x0C, 0x06, 0x0D, 0x67, 0x0F, 0x01, 0x09, 0x12, 0x01, 0x0C, 0x07,
	0x09, 0x0C, 0x67, 0x0E, 0x01, 0x0A, 0x0A, 0x07, 0x5F, 0x13, 0x0B, 0x02,
	0x07, 0x0A, 0x07, 0x4F, 0x59, 0x40, 0x36, 0x3B, 0x3A, 0x39, 0x38, 0x37,
	0x36, 0x35, 0x34, 0x33, 0x32, 0x31, 0x30, 0x2F, 0x2E, 0x2D, 0x2C, 0x2B,
	0x2A, 0x29, 0x28, 0x27, 0x26, 0x25, 0x24, 0x23, 0x22, 0x21, 0x20, 0x1F,
	0x1E, 0x1D, 0x1C, 0x1B, 0x1A, 0x19, 0x18, 0x17, 0x16, 0x15, 0x14, 0x13,
	0x12, 0x11, 0x11, 0x11, 0x11, 0x11, 0x11, 0x11, 0x11, 0x10, 0x1E, 0x06,
	0x1F, 0x2B, 0x13, 0x33, 0x35, 0x33, 0x35, 0x23, 0x35, 0x23, 0x15, 0x23,
	0x15, 0x33, 0x15, 0x33, 0x11, 0x23, 0x03, 0x33, 0x15, 0x33, 0x15, 0x33,
	0x15, 0x23, 0x35, 0x23, 0x35, 0x23, 0x25, 0x33, 0x35, 0x33, 0x35, 0x33,
	0x15, 0x23, 0x15, 0x23, 0x15, 0x23, 0x03, 0x23, 0x35, 0x23, 0x35, 0x33,
	0x35, 0x33, 0x35, 0x33, 0x15, 0x33, 0x15, 0x33, 0x15, 0x23, 0x15, 0x23,
	0x15, 0x23, 0xFA, 0x32, 0x32, 0x32, 0x32, 0x32, 0x32, 0x32, 0x32, 0xC8,
	0x32, 0x32, 0x32, 0x32, 0x32, 0x32, 0x01, 0x2C, 0x32, 0x32, 0x32, 0x32,
	0x32, 0x32, 0x96, 0x32, 0x32, 0x32, 0x32, 0x96, 0x32, 0x32, 0x32, 0x32,
	0x96, 0x01, 0xF4, 0x32, 0x32, 0x32, 0x32, 0x32, 0xC8, 0xFE, 0xA2, 0x01,
	0x5E, 0x32, 0x32, 0xFA, 0x32, 0x32, 0x96, 0x32, 0x32, 0xFA, 0x32, 0x32,
	0x01, 0xC2, 0x32, 0x96, 0x32, 0x32, 0x32, 0x32, 0x96, 0x32, 0x32, 0x00,
	0x00, 0x02, 0x00, 0x32, 0xFF, 0xCE, 0x03, 0x52, 0x02, 0xEE, 0x00, 0x09,
	0x00, 0x4B, 0x01, 0x55, 0x4B, 0xB0, 0x21, 0x50, 0x58, 0x40, 0x7F, 0x20,
	0x01, 0x1E, 0x09, 0x08, 0x1F, 0x1E, 0x72, 0x1C, 0x01, 0x00, 0x02, 0x0F,
	0x01, 0x00, 0x72, 0x00, 0x23, 0x07, 0x06, 0x24, 0x23, 0x72, 0x0C, 0x01,
	0x0A, 0x21, 0x01, 0x1D, 0x18, 0x0A, 0x1D, 0x67, 0x04, 0x01, 0x02, 0x00,
	0x17, 0x02, 0x57, 0x00, 0x16, 0x15, 0x01, 0x0F, 0x01, 0x16, 0x0F, 0x67,
	0x19, 0x01, 0x17, 0x14, 0x12, 0x02, 0x10, 0x11, 0x17, 0x10, 0x67, 0x1B,
	0x01, 0x01, 0x13, 0x01, 0x11, 0x22, 0x01, 0x11, 0x68, 0x0E, 0x01, 0x08,
	0x00, 0x07, 0x23, 0x08, 0x07, 0x67, 0x0D, 0x01, 0x09, 0x00, 0x06, 0x24,
	0x09, 0x06, 0x67, 0x00, 0x24, 0x00, 0x25, 0x24, 0x25, 0x64, 0x00, 0x1F,
	0x1F, 0x0B, 0x5F, 0x00, 0x0B, 0x0B, 0x16, 0x4D, 0x00, 0x03, 0x03, 0x18,
	0x5F, 0x1A, 0x01, 0x18, 0x18, 0x19, 0x4D, 0x00, 0x22, 0x22, 0x05, 0x5F,
	0x00, 0x05, 0x05, 0x17, 0x05, 0x4E, 0x1B, 0x40, 0x82, 0x20, 0x01, 0x1E,
	0x09, 0x08, 0x09, 0x1E, 0x08, 0x80, 0x1C, 0x01, 0x00, 0x02, 0x0F, 0x02,
	0x00, 0x0F, 0x80, 0x00, 0x23, 0x07, 0x06, 0x07, 0x23, 0x06, 0x80, 0x0C,
	0x01, 0x0A, 0x21, 0x01, 0x1D, 0x18, 0x0A, 0x1D, 0x67, 0x04, 0x01, 0x02,
	0x00, 0x17, 0x02, 0x57, 0x00, 0x16, 0x15, 0x01, 0x0F, 0x01, 0x16, 0x0F,
	0x67, 0x19, 0x01, 0x17, 0x14, 0x12, 0x02, 0x10, 0x11, 0x17, 0x10, 0x67,
	0x1B, 0x01, 0x01, 0x13, 0x01, 0x11, 0x22, 0x01, 0x11, 0x68, 0x0E, 0x01,
	0x08, 0x00, 0x07, 0x23, 0x08, 0x07, 0x67, 0x0D, 0x01, 0x09, 0x00, 0x06,
	0x24, 0x09, 0x06, 0x67, 0x00, 0x24, 0x00, 0x25, 0x24, 0x25, 0x64, 0x00,
	0x1F, 0x1F, 0x0B, 0x5F, 0x00, 0x0B, 0x0B, 0x16, 0x4D, 0x00, 0x03, 0x03,
	0x18, 0x5F, 0x1A, 0x01, 0x18, 0x18, 0x19, 0x4D, 0x00, 0x22, 0x22, 0x05,
	0x5F, 0x00, 0x05, 0x05, 0x17, 0x05, 0x4E, 0x59, 0x40, 0x46, 0x4B, 0x4A,
	0x49, 0x48, 0x47, 0x46, 0x45, 0x44, 0x43, 0x42, 0x41, 0x40, 0x3F, 0x3E,
	0x3D, 0x3C, 0x3B, 0x3A, 0x39, 0x38, 0x37, 0x36, 0x35, 0x34, 0x33, 0x32,
	0x31, 0x30, 0x2F, 0x2E, 0x2D, 0x2C, 0x2B, 0x2A, 0x29, 0x28, 0x27, 0x26,
	0x25, 0x24, 0x23, 0x22, 0x21, 0x20, 0x1F, 0x1E, 0x1D, 0x1C, 0x1B, 0x1A,
	0x19, 0x18, 0x17, 0x16, 0x15, 0x14, 0x13, 0x12, 0x11, 0x11, 0x11, 0x11,
	0x11, 0x11, 0x11, 0x11, 0x10, 0x26, 0x07, 0x1F, 0x2B, 0x01, 0x33, 0x15,
	0x33, 0x35, 0x23, 0x35, 0x23, 0x15, 0x23, 0x03, 0x23, 0x35, 0x23, 0x35,
	0x23, 0x11, 0x33, 0x35, 0x33, 0x35, 0x33, 0x35, 0x21, 0x15, 0x33, 0x15,
	0x33, 0x15, 0x33, 0x11, 0x23, 0x15, 0x23, 0x15, 0x23, 0x35, 0x23, 0x15,
	0x23, 0x35, 0x23, 0x35, 0x23, 0x35, 0x33, 0x35, 0x33, 0x35, 0x33, 0x15,
	0x33, 0x35, 0x33, 0x11, 0x33, 0x35, 0x33, 0x35, 0x23, 0x35, 0x23, 0x35,
	0x21, 0x15, 0x23, 0x15, 0x23, 0x11, 0x33, 0x15, 0x33, 0x15, 0x21, 0x15,
	0x21, 0x01, 0x5E, 0x32, 0x96, 0x32, 0x64, 0x32, 0x96, 0x32, 0x32, 0x32,
	0x32, 0x32, 0x32, 0x01, 0xF4, 0x32, 0x32, 0x32, 0x32, 0x32, 0x96, 0x32,
	0xC8, 0x32, 0x32, 0x32, 0x32, 0x96, 0x32, 0x64, 0x32, 0x32, 0x32, 0x32,
	0xFE, 0x70, 0x32, 0x32, 0x32, 0x32, 0x01, 0xC2, 0xFE, 0x0C, 0x01, 0x2C,
	0x32, 0x96, 0x32, 0x32, 0xFE, 0x70, 0x32, 0x32, 0x01, 0xF4, 0x32, 0x32,
	0x32, 0x32, 0x32, 0x32, 0xFE, 0xA2, 0x32, 0x32, 0x32, 0x32, 0x32, 0x32,
	0xC8, 0x32, 0x32, 0x32, 0x32, 0xFE, 0xD4, 0x32, 0xFA, 0x32, 0x32, 0x32,
	0x32, 0xFE, 0x70, 0x32, 0x32, 0x64, 0x00, 0x03, 0x00, 0x32, 0x00, 0x00,
	0x03, 0x20, 0x02, 0xEE, 0x00, 0x0B, 0x00, 0x43, 0x00, 0x51, 0x01, 0x8B,
	0x4B, 0xB0, 0x21, 0x50, 0x58, 0x40, 0x97, 0x04, 0x01, 0x02, 0x0B, 0x0A,
	0x03, 0x02, 0x72, 0x00, 0x08, 0x11, 0x07, 0x11, 0x08, 0x07, 0x80, 0x24,
	0x01, 0x22, 0x17, 0x18, 0x18, 0x22, 0x72, 0x00, 0x19, 0x1D, 0x1C, 0x1A,
	0x19, 0x72, 0x00, 0x0A, 0x01, 0x0B, 0x0A, 0x57, 0x0F, 0x01, 0x0B, 0x10,
	0x01, 0x09, 0x00, 0x0B, 0x09, 0x67, 0x00, 0x00, 0x11, 0x16, 0x00, 0x57,
	0x0E, 0x01, 0x0C, 0x00, 0x11, 0x08, 0x0C, 0x11, 0x67, 0x15, 0x01, 0x07,
	0x28, 0x26, 0x02, 0x16, 0x13, 0x07, 0x16, 0x67, 0x00, 0x13, 0x21, 0x01,
	0x1D, 0x19, 0x13, 0x1D, 0x67, 0x14, 0x12, 0x02, 0x06, 0x20, 0x1E, 0x02,
	0x1C, 0x1A, 0x06, 0x1C, 0x67, 0x00, 0x03, 0x03, 0x0D, 0x5F, 0x00, 0x0D,
	0x0D, 0x16, 0x4D, 0x00, 0x27, 0x27, 0x01, 0x5F, 0x05, 0x01, 0x01, 0x01,
	0x19, 0x4D, 0x25, 0x01, 0x17, 0x17, 0x01, 0x5F, 0x05, 0x01, 0x01, 0x01,
	0x19, 0x4D, 0x23, 0x01, 0x18, 0x18, 0x1B, 0x60, 0x1F, 0x01, 0x1B, 0x1B,
	0x17, 0x4D, 0x00, 0x1A, 0x1A, 0x1B, 0x60, 0x1F, 0x01, 0x1B, 0x1B, 0x17,
	0x1B, 0x4E, 0x1B, 0x40, 0x9A, 0x04, 0x01, 0x02, 0x0B, 0x0A, 0x0B, 0x02,
	0x0A, 0x80, 0x00, 0x08, 0x11, 0x07, 0x11, 0x08, 0x07, 0x80, 0x24, 0x01,
	0x22, 0x17, 0x18, 0x17, 0x22, 0x18, 0x80, 0x00, 0x19, 0x1D, 0x1C, 0x1D,
	0x19, 0x1C, 0x80, 0x00, 0x0A, 0x01, 0x0B, 0x0A, 0x57, 0x0F, 0x01, 0x0B,
	0x10, 0x01, 0x09, 0x00, 0x0B, 0x09, 0x67, 0x00, 0x00, 0x11, 0x16, 0x00,
	0x57, 0x0E, 0x01, 0x0C, 0x00, 0x11, 0x08, 0x0C, 0x11, 0x67, 0x15, 0x01,
	0x07, 0x28, 0x26, 0x02, 0x16, 0x13, 0x07, 0x16, 0x67, 0x00, 0x13, 0x21,
	0x01, 0x1D, 0x19, 0x13, 0x1D, 0x67, 0x14, 0x12, 0x02, 0x06, 0x20, 0x1E,
	0x02, 0x1C, 0x1A, 0x06, 0x1C, 0x67, 0x00, 0x03, 0x03, 0x0D, 0x5F, 0x00,
	0x0D, 0x0D, 0x16, 0x4D, 0x00, 0x27, 0x27, 0x01, 0x5F, 0x05, 0x01, 0x01,
	0x01, 0x19, 0x4D, 0x25, 0x01, 0x17, 0x17, 0x01, 0x5F, 0x05, 0x01, 0x01,
	0x01, 0x19, 0x4D, 0x23, 0x01, 0x18, 0x18, 0x1B, 0x60, 0x1F, 0x01, 0x1B,
	0x1B, 0x17, 0x4D, 0x00, 0x1A, 0x1A, 0x1B, 0x60, 0x1F, 0x01, 0x1B, 0x1B,
	0x17, 0x1B, 0x4E, 0x59, 0x40, 0x4C, 0x51, 0x50, 0x4F, 0x4E, 0x4D, 0x4C,
	0x4B, 0x4A, 0x49, 0x48, 0x47, 0x46, 0x45, 0x44, 0x43, 0x42, 0x41, 0x40,
	0x3F, 0x3E, 0x3D, 0x3C, 0x3B, 0x3A, 0x39, 0x38, 0x37, 0x36, 0x35, 0x34,
	0x33, 0x32, 0x31, 0x30, 0x2F, 0x2E, 0x2D, 0x2C, 0x2B, 0x2A, 0x29, 0x28,
	0x27, 0x26, 0x25, 0x24, 0x23, 0x22, 0x21, 0x20, 0x1F, 0x1E, 0x1D, 0x1C,
	0x1B, 0x1A, 0x19, 0x18, 0x17, 0x16, 0x15, 0x14, 0x13, 0x12, 0x11, 0x11,
	0x11, 0x11, 0x11, 0x11, 0x11, 0x11, 0x10, 0x29, 0x07, 0x1F, 0x2B, 0x01,
	0x33, 0x35, 0x33, 0x35, 0x23, 0x35, 0x23, 0x15, 0x23, 0x15, 0x33, 0x07,
	0x33, 0x35, 0x33, 0x35, 0x33, 0x35, 0x23, 0x35, 0x23, 0x35, 0x33, 0x35,
	0x33, 0x35, 0x33, 0x15, 0x33, 0x15, 0x33, 0x15, 0x23, 0x15, 0x23, 0x15,
	0x33, 0x15, 0x33, 0x35, 0x33, 0x35, 0x33, 0x15, 0x23, 0x15, 0x23, 0x15,
	0x33, 0x15, 0x33, 0x15, 0x33, 0x15, 0x23, 0x35, 0x23, 0x35, 0x23, 0x15,
	0x23, 0x15, 0x21, 0x35, 0x23, 0x35, 0x23, 0x37, 0x33, 0x15, 0x33, 0x35,
	0x33, 0x35, 0x23, 0x35, 0x23, 0x35, 0x23, 0x15, 0x23, 0x01, 0x2C, 0x32,
	0x32, 0x32, 0x32, 0x32, 0x32, 0xFA, 0x32, 0x32, 0x32, 0x32, 0x32, 0x32,
	0x32, 0xFA, 0x32, 0x32, 0x32, 0x32, 0x32, 0x32, 0x32, 0x96, 0x32, 0x32,
	0x32, 0x32, 0x32, 0xC8, 0x32, 0x32, 0x32, 0xFE, 0xD4, 0x32, 0x32, 0x96,
	0x32, 0x64, 0x32, 0x32, 0x32, 0x32, 0x32, 0x01, 0xF4, 0x32, 0x32, 0x32,
	0x32, 0x32, 0xC8, 0x32, 0x32, 0x32, 0x32, 0x64, 0x32, 0x32, 0x32, 0x32,
	0x96, 0x32, 0x64, 0x32, 0x32, 0x32, 0x64, 0x32, 0x64, 0x32, 0x32, 0x32,
	0x32, 0x32, 0x32, 0x32, 0x32, 0x32, 0x64, 0x32, 0x32, 0x32, 0x32, 0x32,
	0x32, 0x00, 0x00, 0x02, 0x00, 0x32, 0x00, 0x00, 0x01, 0xF4, 0x02, 0xEE,
	0x00, 0x0D, 0x00, 0x11, 0x00, 0x31, 0x40, 0x2E, 0x00, 0x02, 0x00, 0x01,
	0x00, 0x02, 0x01, 0x67, 0x00, 0x03, 0x00, 0x00, 0x06, 0x03, 0x00, 0x67,
	0x00, 0x06, 0x06, 0x04, 0x5F, 0x07, 0x01, 0x04, 0x04, 0x16, 0x4D, 0x08,
	0x01, 0x05, 0x05, 0x17, 0x05, 0x4E, 0x11, 0x11, 0x11, 0x11, 0x11, 0x11,
	0x11, 0x11, 0x10, 0x09, 0x07, 0x1F, 0x2B, 0x13, 0x23, 0x35, 0x23, 0x35,
	0x33, 0x35, 0x33, 0x35, 0x33, 0x11, 0x23, 0x11, 0x23, 0x13, 0x33, 0x11,
	0x23, 0x96, 0x32, 0x32, 0x32, 0x32, 0xC8, 0x64, 0x64, 0xFA, 0x64, 0x64,
	0x01, 0xC2, 0x32, 0x96, 0x32, 0x32, 0xFD, 0x12, 0x01, 0x90, 0x01, 0x5E,
	0xFD, 0x12, 0x00, 0x02, 0x00, 0x32, 0xFF, 0x9C, 0x02, 0x26, 0x02, 0xEE,
	0x00, 0x33, 0x00, 0x3F, 0x00, 0xAF, 0x40, 0xAC, 0x0A, 0x01, 0x08, 0x0B,
	0x05, 0x08, 0x57, 0x00, 0x04, 0x00, 0x03, 0x0C, 0x04, 0x03, 0x67, 0x00,
	0x0D, 0x1D, 0x12, 0x0D, 0x57, 0x00, 0x0C, 0x00, 0x1D, 0x02, 0x0C, 0x1D,
	0x67, 0x0E, 0x01, 0x02, 0x0F, 0x01, 0x01, 0x1A, 0x02, 0x01, 0x67, 0x07,
	0x01, 0x05, 0x00, 0x00, 0x19, 0x05, 0x00, 0x67, 0x00, 0x1A, 0x00, 0x19,
	0x10, 0x1A, 0x19, 0x68, 0x1F, 0x01, 0x1B, 0x00, 0x18, 0x15, 0x1B, 0x18,
	0x67, 0x17, 0x01, 0x15, 0x14, 0x01, 0x12, 0x13, 0x15, 0x12, 0x67, 0x00,
	0x16, 0x00, 0x13, 0x16, 0x13, 0x64, 0x00, 0x09, 0x09, 0x06, 0x5F, 0x00,
	0x06, 0x06, 0x16, 0x4D, 0x1E, 0x01, 0x1C, 0x1C, 0x0B, 0x5F, 0x00, 0x0B,
	0x0B, 0x19, 0x4D, 0x00, 0x10, 0x10, 0x11, 0x5F, 0x00, 0x11, 0x11, 0x17,
	0x11, 0x4E, 0x3F, 0x3E, 0x3D, 0x3C, 0x3B, 0x3A, 0x39, 0x38, 0x37, 0x36,
	0x35, 0x34, 0x33, 0x32, 0x31, 0x30, 0x2F, 0x2E, 0x2D, 0x2C, 0x2B, 0x2A,
	0x29, 0x28, 0x27, 0x26, 0x25, 0x24, 0x23, 0x22, 0x21, 0x20, 0x1F, 0x1E,
	0x1D, 0x1C, 0x1B, 0x1A, 0x19, 0x18, 0x17, 0x16, 0x15, 0x14, 0x13, 0x12,
	0x11, 0x11, 0x11, 0x11, 0x11, 0x11, 0x11, 0x11, 0x10, 0x20, 0x07, 0x1F,
	0x2B, 0x37, 0x23, 0x35, 0x23, 0x35, 0x33, 0x35, 0x23, 0x35, 0x33, 0x35,
	0x33, 0x35, 0x21, 0x15, 0x33, 0x15, 0x23, 0x35, 0x23, 0x15, 0x23, 0x15,
	0x33, 0x15, 0x33, 0x15, 0x33, 0x15, 0x33, 0x15, 0x23, 0x15, 0x33, 0x15,
	0x23, 0x15, 0x23, 0x15, 0x21, 0x35, 0x23, 0x35, 0x33, 0x15, 0x33, 0x35,
	0x33, 0x35, 0x23, 0x35, 0x23, 0x37, 0x33, 0x35, 0x33, 0x35, 0x23, 0x35,
	0x23, 0x15, 0x23, 0x15, 0x33, 0x96, 0x32, 0x32, 0x32, 0x32, 0x32, 0x32,
	0x01, 0x5E, 0x32, 0x96, 0x96, 0x32, 0x32, 0xC8, 0x32, 0x32, 0x32, 0x32,
	0x32, 0x32, 0xFE, 0xA2, 0x32, 0x96, 0x96, 0x32, 0x32, 0xC8, 0x64, 0x64,
	0x32, 0x32, 0x64, 0x32, 0x32, 0xC8, 0x32, 0x96, 0x64, 0x96, 0x32, 0x32,
	0x32, 0x64, 0x32, 0x32, 0x32, 0x32, 0x32, 0x32, 0x96, 0x64, 0x96, 0x32,
	0x32, 0x32, 0x64, 0x32, 0x32, 0x32, 0x32, 0x64, 0x32, 0x32, 0x32, 0x32,
	0x32, 0x00, 0x00, 0x03, 0x00, 0x32, 0xFF, 0xCE, 0x03, 0x52, 0x02, 0xEE,
	0x00, 0x1B, 0x00, 0x37, 0x00, 0x4B, 0x01, 0x56, 0xB1, 0x06, 0x64, 0x44,
	0x4B, 0xB0, 0x21, 0x50, 0x58, 0x40, 0x7C, 0x25, 0x01, 0x1D, 0x04, 0x03,
	0x1C, 0x1D, 0x72, 0x22, 0x01, 0x20, 0x02, 0x01, 0x21, 0x20, 0x72, 0x00,
	0x06, 0x00, 0x1C, 0x04, 0x06, 0x1C, 0x67, 0x07, 0x01, 0x05, 0x24, 0x01,
	0x1E, 0x11, 0x05, 0x1E, 0x67, 0x00, 0x11, 0x00, 0x14, 0x0F, 0x11, 0x14,
	0x67, 0x12, 0x01, 0x10, 0x15, 0x01, 0x13, 0x16, 0x10, 0x13, 0x67, 0x00,
	0x0F, 0x00, 0x0E, 0x17, 0x0F, 0x0E, 0x67, 0x18, 0x01, 0x16, 0x1B, 0x01,
	0x19, 0x1A, 0x16, 0x19, 0x67, 0x00, 0x17, 0x00, 0x1A, 0x1F, 0x17, 0x1A,
	0x68, 0x09, 0x01, 0x03, 0x0A, 0x01, 0x02, 0x20, 0x03, 0x02, 0x67, 0x08,
	0x01, 0x04, 0x0B, 0x01, 0x01, 0x21, 0x04, 0x01, 0x67, 0x00, 0x21, 0x00,
	0x0D, 0x21, 0x57, 0x23, 0x01, 0x1F, 0x0C, 0x01, 0x00, 0x0D, 0x1F, 0x00,
	0x67, 0x00, 0x21, 0x21, 0x0D, 0x60, 0x00, 0x0D, 0x21, 0x0D, 0x50, 0x1B,
	0x40, 0x7E, 0x25, 0x01, 0x1D, 0x04, 0x03, 0x04, 0x1D, 0x03, 0x80, 0x22,
	0x01, 0x20, 0x02, 0x01, 0x02, 0x20, 0x01, 0x80, 0x00, 0x06, 0x00, 0x1C,
	0x04, 0x06, 0x1C, 0x67, 0x07, 0x01, 0x05, 0x24, 0x01, 0x1E, 0x11, 0x05,
	0x1E, 0x67, 0x00, 0x11, 0x00, 0x14, 0x0F, 0x11, 0x14, 0x67, 0x12, 0x01,
	0x10, 0x15, 0x01, 0x13, 0x16, 0x10, 0x13, 0x67, 0x00, 0x0F, 0x00, 0x0E,
	0x17, 0x0F, 0x0E, 0x67, 0x18, 0x01, 0x16, 0x1B, 0x01, 0x19, 0x1A, 0x16,
	0x19, 0x67, 0x00, 0x17, 0x00, 0x1A, 0x1F, 0x17, 0x1A, 0x68, 0x09, 0x01,
	0x03, 0x0A, 0x01, 0x02, 0x20, 0x03, 0x02, 0x67, 0x08, 0x01, 0x04, 0x0B,
	0x01, 0x01, 0x21, 0x04, 0x01, 0x67, 0x00, 0x21, 0x00, 0x0D, 0x21, 0x57,
	0x23, 0x01, 0x1F, 0x0C, 0x01, 0x00, 0x0D, 0x1F, 0x00, 0x67, 0x00, 0x21,
	0x21, 0x0D, 0x60, 0x00, 0x0D, 0x21, 0x0D, 0x50, 0x59, 0x40, 0x46, 0x4B,
	0x4A, 0x49, 0x48, 0x47, 0x46, 0x45, 0x44, 0x43, 0x42, 0x41, 0x40, 0x3F,
	0x3E, 0x3D, 0x3C, 0x3B, 0x3A, 0x39, 0x38, 0x37, 0x36, 0x35, 0x34, 0x33,
	0x32, 0x31, 0x30, 0x2F, 0x2E, 0x2D, 0x2C, 0x2B, 0x2A, 0x29, 0x28, 0x27,
	0x26, 0x25, 0x24, 0x23, 0x22, 0x21, 0x20, 0x1F, 0x1E, 0x1D, 0x1C, 0x1B,
	0x1A, 0x19, 0x18, 0x17, 0x16, 0x15, 0x14, 0x13, 0x12, 0x11, 0x11, 0x11,
	0x11, 0x11, 0x11, 0x11, 0x11, 0x10, 0x26, 0x07, 0x1F, 0x2B, 0xB1, 0x06,
	0x00, 0x44, 0x33, 0x23, 0x35, 0x23, 0x35, 0x23, 0x11, 0x33, 0x35, 0x33,
	0x35, 0x33, 0x35, 0x21, 0x15, 0x33, 0x15, 0x33, 0x15, 0x33, 0x11, 0x23,
	0x15, 0x23, 0x15, 0x23, 0x15, 0x21, 0x13, 0x23, 0x35, 0x33, 0x35, 0x33,
	0x35, 0x33, 0x15, 0x33, 0x15, 0x23, 0x35, 0x23, 0x15, 0x23, 0x15, 0x33,
	0x15, 0x33, 0x35, 0x33, 0x15, 0x23, 0x15, 0x23, 0x35, 0x23, 0x01, 0x21,
	0x15, 0x23, 0x15, 0x23, 0x11, 0x33, 0x15, 0x33, 0x15, 0x21, 0x35, 0x33,
	0x35, 0x33, 0x11, 0x23, 0x35, 0x23, 0xC8, 0x32, 0x32, 0x32, 0x32, 0x32,
	0x32, 0x01, 0xF4, 0x32, 0x32, 0x32, 0x32, 0x32, 0x32, 0xFE, 0x0C, 0x64,
	0x32, 0x32, 0x32, 0xFA, 0x32, 0x64, 0x96, 0x32, 0x32, 0x96, 0x64, 0x32,
	0xFA, 0x32, 0x01, 0x5E, 0xFE, 0x70, 0x32, 0x32, 0x32, 0x32, 0x01, 0x90,
	0x32, 0x32, 0x32, 0x32, 0x32, 0x32, 0x01, 0xF4, 0x32, 0x32, 0x32, 0x32,
	0x32, 0x32, 0xFE, 0x0C, 0x32, 0x32, 0x32, 0x01, 0x2C, 0xC8, 0x32, 0x32,
	0x32, 0x64, 0x32, 0x32, 0x64, 0x32, 0x32, 0x64, 0x32, 0x32, 0x01, 0xC2,
	0x32, 0x32, 0xFE, 0x70, 0x32, 0x32, 0x32, 0x32, 0x01, 0x90, 0x32, 0x00,
	0x00, 0x04, 0x00, 0x32, 0x00, 0xFA, 0x02, 0x58, 0x02, 0xEE, 0x00, 0x0B,
	0x00, 0x17, 0x00, 0x1B, 0x00, 0x2F, 0x00, 0xFB, 0xB1, 0x06, 0x64, 0x44,
	0x4B, 0xB0, 0x21, 0x50, 0x58, 0x40, 0x5C, 0x04, 0x01, 0x02, 0x0E, 0x0A,
	0x03, 0x02, 0x72, 0x00, 0x0B, 0x0D, 0x0C, 0x0D, 0x0B, 0x72, 0x05, 0x01,
	0x01, 0x07, 0x13, 0x00, 0x01, 0x72, 0x00, 0x10, 0x00, 0x03, 0x0E, 0x10,
	0x03, 0x67, 0x00, 0x0A, 0x00, 0x0D, 0x0B, 0x0A, 0x0D, 0x67, 0x00, 0x0C,
	0x00, 0x08, 0x06, 0x0C, 0x08, 0x67, 0x00, 0x06, 0x09, 0x01, 0x07, 0x01,
	0x06, 0x07, 0x67, 0x12, 0x01, 0x0E, 0x17, 0x01, 0x13, 0x00, 0x0E, 0x13,
	0x67, 0x00, 0x00, 0x14, 0x15, 0x00, 0x57, 0x11, 0x01, 0x0F, 0x16, 0x01,
	0x14, 0x15, 0x0F, 0x14, 0x67, 0x00, 0x00, 0x00, 0x15, 0x60, 0x00, 0x15,
	0x00, 0x15, 0x50, 0x1B, 0x40, 0x5F, 0x04, 0x01, 0x02, 0x0E, 0x0A, 0x0E,
	0x02, 0x0A, 0x80, 0x00, 0x0B, 0x0D, 0x0C, 0x0D, 0x0B, 0x0C, 0x80, 0x05,
	0x01, 0x01, 0x07, 0x13, 0x07, 0x01, 0x13, 0x80, 0x00, 0x10, 0x00, 0x03,
	0x0E, 0x10, 0x03, 0x67, 0x00, 0x0A, 0x00, 0x0D, 0x0B, 0x0A, 0x0D, 0x67,
	0x00, 0x0C, 0x00, 0x08, 0x06, 0x0C, 0x08, 0x67, 0x00, 0x06, 0x09, 0x01,
	0x07, 0x01, 0x06, 0x07, 0x67, 0x12, 0x01, 0x0E, 0x17, 0x01, 0x13, 0x00,
	0x0E, 0x13, 0x67, 0x00, 0x00, 0x14, 0x15, 0x00, 0x57, 0x11, 0x01, 0x0F,
	0x16, 0x01, 0x14, 0x15, 0x0F, 0x14, 0x67, 0x00, 0x00, 0x00, 0x15, 0x60,
	0x00, 0x15, 0x00, 0x15, 0x50, 0x59, 0x40, 0x2A, 0x2F, 0x2E, 0x2D, 0x2C,
	0x2B, 0x2A, 0x29, 0x28, 0x27, 0x26, 0x25, 0x24, 0x23, 0x22, 0x21, 0x20,
	0x1F, 0x1E, 0x1D, 0x1C, 0x1B, 0x1A, 0x19, 0x18, 0x17, 0x16, 0x15, 0x14,
	0x13, 0x12, 0x11, 0x11, 0x11, 0x11, 0x11, 0x11, 0x11, 0x11, 0x10, 0x18,
	0x07, 0x1F, 0x2B, 0xB1, 0x06, 0x00, 0x44, 0x13, 0x33, 0x35, 0x33, 0x35,
	0x23, 0x35, 0x23, 0x15, 0x23, 0x15, 0x33, 0x37, 0x33, 0x15, 0x23, 0x35,
	0x23, 0x15, 0x23, 0x35, 0x33, 0x15, 0x23, 0x23, 0x33, 0x35, 0x23, 0x27,
	0x33, 0x35, 0x33, 0x35, 0x21, 0x15, 0x33, 0x15, 0x33, 0x11, 0x23, 0x15,
	0x23, 0x15, 0x21, 0x35, 0x23, 0x35, 0x23, 0xC8, 0xFA, 0x32, 0x32, 0xFA,
	0x32, 0x32, 0xC8, 0x32, 0x64, 0x32, 0x64, 0xFA, 0x32, 0x64, 0x32, 0x32,
	0xFA, 0x32, 0x32, 0x01, 0x5E, 0x32, 0x32, 0x32, 0x32, 0xFE, 0xA2, 0x32,
	0x32, 0x01, 0x5E, 0x32, 0xC8, 0x32, 0x32, 0xC8, 0x32, 0x32, 0x32, 0x32,
	0xC8, 0x64, 0x32, 0x64, 0x32, 0x32, 0x32, 0x32, 0xFE, 0xD4, 0x32, 0x32,
	0x32, 0x32, 0x00, 0x02, 0x00, 0x32, 0x00, 0x00, 0x05, 0x46, 0x02, 0xEE,
	0x00, 0x2B, 0x00, 0x33, 0x00, 0x7B, 0x40, 0x78, 0x18, 0x0D, 0x02, 0x01,
	0x12, 0x01, 0x86, 0x16, 0x0C, 0x02, 0x02, 0x19, 0x01, 0x17, 0x05, 0x02,
	0x17, 0x67, 0x00, 0x07, 0x00, 0x12, 0x07, 0x57, 0x0B, 0x01, 0x03, 0x0E,
	0x01, 0x00, 0x0F, 0x03, 0x00, 0x67, 0x0A, 0x01, 0x04, 0x15, 0x01, 0x0F,
	0x10, 0x04, 0x0F, 0x67, 0x09, 0x01, 0x05, 0x14, 0x01, 0x10, 0x11, 0x05,
	0x10, 0x67, 0x08, 0x01, 0x06, 0x13, 0x01, 0x11, 0x12, 0x06, 0x11, 0x67,
	0x00, 0x07, 0x07, 0x12, 0x5F, 0x00, 0x12, 0x07, 0x12, 0x4F, 0x33, 0x32,
	0x31, 0x30, 0x2F, 0x2E, 0x2D, 0x2C, 0x2B, 0x2A, 0x29, 0x28, 0x27, 0x26,
	0x25, 0x24, 0x23, 0x22, 0x21, 0x20, 0x1F, 0x1E, 0x1D, 0x1C, 0x1B, 0x1A,
	0x19, 0x18, 0x17, 0x16, 0x15, 0x14, 0x13, 0x12, 0x11, 0x11, 0x11, 0x11,
	0x11, 0x11, 0x11, 0x11, 0x10, 0x1A, 0x06, 0x1F, 0x2B, 0x01, 0x23, 0x11,
	0x23, 0x11, 0x33, 0x15, 0x33, 0x15, 0x33, 0x15, 0x33, 0x15, 0x33, 0x15,
	0x33, 0x35, 0x33, 0x35, 0x33, 0x35, 0x33, 0x35, 0x33, 0x35, 0x33, 0x11,
	0x23, 0x11, 0x23, 0x15, 0x23, 0x15, 0x23, 0x15, 0x23, 0x15, 0x23, 0x35,
	0x23, 0x35, 0x23, 0x35, 0x23, 0x01, 0x21, 0x15, 0x23, 0x11, 0x23, 0x11,
	0x23, 0x03, 0x20, 0x32, 0x96, 0x96, 0x32, 0x32, 0x32, 0x32, 0x32, 0x32,
	0x32, 0x32, 0x32, 0x96, 0x96, 0x32, 0x32, 0x32, 0x32, 0x32, 0x32, 0x32,
	0x32, 0xFD, 0x12, 0x01, 0xC2, 0x96, 0x96, 0x96, 0x01, 0xC2, 0xFE, 0x3E,
	0x02, 0xEE, 0x32, 0x32, 0x32, 0x32, 0x32, 0x32, 0x32, 0x32, 0x32, 0x32,
	0xFD, 0x12, 0x01, 0xC2, 0x32, 0x32, 0x32, 0x32, 0x32, 0x32, 0x32, 0x01,
	0x5E, 0x96, 0xFD, 0xA8, 0x02, 0x58, 0x00, 0x02, 0x00, 0x32, 0x01, 0xC2,
	0x01, 0x5E, 0x02, 0xEE, 0x00, 0x0B, 0x00, 0x0F, 0x00, 0x3F, 0xB1, 0x06,
	0x64, 0x44, 0x40, 0x34, 0x00, 0x02, 0x00, 0x06, 0x07, 0x02, 0x06, 0x67,
	0x08, 0x01, 0x07, 0x00, 0x05, 0x07, 0x57, 0x03, 0x01, 0x01, 0x04, 0x01,
	0x00, 0x05, 0x01, 0x00, 0x67, 0x08, 0x01, 0x07, 0x07, 0x05, 0x5F, 0x00,
	0x05, 0x07, 0x05, 0x4F, 0x0C, 0x0C, 0x0C, 0x0F, 0x0C, 0x0F, 0x12, 0x11,
	0x11, 0x11, 0x11, 0x11, 0x10, 0x09, 0x07, 0x1D, 0x2B, 0xB1, 0x06, 0x00,
	0x44, 0x13, 0x23, 0x35, 0x33, 0x35, 0x33, 0x15, 0x33, 0x15, 0x23, 0x15,
	0x23, 0x37, 0x35, 0x23, 0x15, 0x64, 0x32, 0x32, 0xC8, 0x32, 0x32, 0xC8,
	0x96, 0x64, 0x01, 0xF4, 0xC8, 0x32, 0x32, 0xC8, 0x32, 0x64, 0x64, 0x64,
	0x00, 0x01, 0x00, 0x96, 0xFF, 0x6A, 0x01, 0x2C, 0x02, 0xEE, 0x00, 0x03,
	0x00, 0x13, 0x40, 0x10, 0x00, 0x01, 0x00, 0x01, 0x86, 0x00, 0x00, 0x00,
	0x16, 0x00, 0x4E, 0x11, 0x10, 0x02, 0x07, 0x18, 0x2B, 0x13, 0x33, 0x11,
	0x23, 0x96, 0x96, 0x96, 0x02, 0xEE, 0xFC, 0x7C, 0x00, 0x02, 0x00, 0x32,
	0xFF, 0xCE, 0x02, 0x26, 0x02, 0x8A, 0x00, 0x23, 0x00, 0x2B, 0x00, 0x65,
	0x40, 0x62, 0x07, 0x01, 0x01, 0x15, 0x01, 0x08, 0x0B, 0x01, 0x08, 0x68,
	0x12, 0x01, 0x0B, 0x0C, 0x01, 0x00, 0x0D, 0x0B, 0x00, 0x67, 0x06, 0x01,
	0x02, 0x11, 0x01, 0x0D, 0x0E, 0x02, 0x0D, 0x67, 0x13, 0x01, 0x0A, 0x10,
	0x01, 0x0E, 0x0F, 0x0A, 0x0E, 0x68, 0x00, 0x04, 0x00, 0x0F, 0x04, 0x0F,
	0x63, 0x14, 0x01, 0x09, 0x09, 0x03, 0x5F, 0x05, 0x01, 0x03, 0x03, 0x19,
	0x09, 0x4E, 0x2B, 0x2A, 0x29, 0x28, 0x27, 0x26, 0x25, 0x24, 0x23, 0x22,
	0x21, 0x20, 0x1F, 0x1E, 0x1D, 0x1C, 0x1B, 0x1A, 0x19, 0x18, 0x17, 0x16,
	0x15, 0x14, 0x13, 0x12, 0x11, 0x11, 0x11, 0x11, 0x11, 0x11, 0x11, 0x11,
	0x10, 0x16, 0x07, 0x1F, 0x2B, 0x37, 0x23, 0x11, 0x33, 0x35, 0x33, 0x35,
	0x33, 0x35, 0x33, 0x15, 0x33, 0x15, 0x33, 0x15, 0x33, 0x15, 0x23, 0x35,
	0x23, 0x15, 0x33, 0x35, 0x33, 0x15, 0x23, 0x15, 0x23, 0x15, 0x23, 0x15,
	0x23, 0x35, 0x23, 0x35, 0x23, 0x37, 0x33, 0x15, 0x33, 0x35, 0x23, 0x15,
	0x23, 0x64, 0x32, 0x32, 0x32, 0x64, 0x64, 0x64, 0x32, 0x32, 0x96, 0x32,
	0x32, 0x96, 0x32, 0x32, 0x64, 0x64, 0x64, 0x32, 0x32, 0x32, 0x32, 0x32,
	0x32, 0x96, 0x01, 0x2C, 0x32, 0x32, 0x64, 0x64, 0x32, 0x32, 0x64, 0x32,
	0xC8, 0x32, 0x64, 0x32, 0x32, 0x64, 0x64, 0x32, 0x96, 0x32, 0xC8, 0x32,
	0x00, 0x03, 0x00, 0x32, 0xFF, 0x9C, 0x02, 0x8A, 0x03, 0x20, 0x00, 0x07,
	0x00, 0x0F, 0x00, 0x43, 0x01, 0x46, 0x4B, 0xB0, 0x21, 0x50, 0x58, 0x40,
	0x7B, 0x00, 0x0F, 0x0E, 0x0F, 0x85, 0x14, 0x01, 0x02, 0x01, 0x13, 0x01,
	0x02, 0x72, 0x00, 0x03, 0x13, 0x00, 0x00, 0x03, 0x72, 0x00, 0x05, 0x06,
	0x20, 0x06, 0x05, 0x72, 0x21, 0x01, 0x04, 0x20, 0x07, 0x07, 0x04, 0x72,
	0x00, 0x1C, 0x1B, 0x1C, 0x86, 0x00, 0x13, 0x03, 0x0C, 0x13, 0x58, 0x12,
	0x01, 0x0C, 0x00, 0x0B, 0x17, 0x0C, 0x0B, 0x68, 0x11, 0x01, 0x0D, 0x00,
	0x0A, 0x18, 0x0D, 0x0A, 0x67, 0x00, 0x18, 0x06, 0x19, 0x18, 0x57, 0x16,
	0x01, 0x00, 0x09, 0x01, 0x06, 0x05, 0x00, 0x06, 0x68, 0x00, 0x20, 0x1F,
	0x01, 0x19, 0x1A, 0x20, 0x19, 0x67, 0x00, 0x17, 0x1E, 0x01, 0x1A, 0x1B,
	0x17, 0x1A, 0x67, 0x15, 0x01, 0x01, 0x01, 0x0E, 0x5F, 0x10, 0x01, 0x0E,
	0x0E, 0x16, 0x4D, 0x08, 0x01, 0x07, 0x07, 0x1B, 0x60, 0x1D, 0x01, 0x1B,
	0x1B, 0x17, 0x1B, 0x4E, 0x1B, 0x40, 0x7F, 0x00, 0x0F, 0x0E, 0x0F, 0x85,
	0x14, 0x01, 0x02, 0x01, 0x13, 0x01, 0x02, 0x13, 0x80, 0x00, 0x03, 0x13,
	0x00, 0x13, 0x03, 0x00, 0x80, 0x00, 0x05, 0x06, 0x20, 0x06, 0x05, 0x20,
	0x80, 0x21, 0x01, 0x04, 0x20, 0x07, 0x20, 0x04, 0x07, 0x80, 0x00, 0x1C,
	0x1B, 0x1C, 0x86, 0x00, 0x13, 0x03, 0x0C, 0x13, 0x58, 0x12, 0x01, 0x0C,
	0x00, 0x0B, 0x17, 0x0C, 0x0B, 0x68, 0x11, 0x01, 0x0D, 0x00, 0x0A, 0x18,
	0x0D, 0x0A, 0x67, 0x00, 0x18, 0x06, 0x19, 0x18, 0x57, 0x16, 0x01, 0x00,
	0x09, 0x01, 0x06, 0x05, 0x00, 0x06, 0x68, 0x00, 0x20, 0x1F, 0x01, 0x19,
	0x1A, 0x20, 0x19, 0x67, 0x00, 0x17, 0x1E, 0x01, 0x1A, 0x1B, 0x17, 0x1A,
	0x67, 0x15, 0x01, 0x01, 0x01, 0x0E, 0x5F, 0x10, 0x01, 0x0E, 0x0E, 0x16,
	0x4D, 0x08, 0x01, 0x07, 0x07, 0x1B, 0x60, 0x1D, 0x01, 0x1B, 0x1B, 0x17,
	0x1B, 0x4E, 0x59, 0x40, 0x3E, 0x43, 0x42, 0x41, 0x40, 0x3F, 0x3E, 0x3D,
	0x3C, 0x3B, 0x3A, 0x39, 0x38, 0x37, 0x36, 0x35, 0x34, 0x33, 0x32, 0x31,
	0x30, 0x2F, 0x2E, 0x2D, 0x2C, 0x2B, 0x2A, 0x29, 0x28, 0x27, 0x26, 0x25,
	0x24, 0x23, 0x22, 0x21, 0x20, 0x1F, 0x1E, 0x1D, 0x1C, 0x1B, 0x1A, 0x19,
	0x18, 0x17, 0x16, 0x15, 0x14, 0x13, 0x12, 0x11, 0x11, 0x11, 0x11, 0x11,
	0x11, 0x11, 0x11, 0x10, 0x22, 0x07, 0x1F, 0x2B, 0x13, 0x33, 0x35, 0x23,
	0x15, 0x23, 0x15, 0x33, 0x01, 0x33, 0x35, 0x23, 0x35, 0x23, 0x15, 0x33,
	0x21, 0x33, 0x35, 0x23, 0x35, 0x23, 0x35, 0x23, 0x35, 0x33, 0x35, 0x33,
	0x35, 0x33, 0x35, 0x33, 0x15, 0x33, 0x15, 0x33, 0x15, 0x33, 0x15, 0x23,
	0x35, 0x23, 0x35, 0x23, 0x15, 0x33, 0x15, 0x33, 0x15, 0x33, 0x15, 0x23,
	0x15, 0x23, 0x15, 0x23, 0x15, 0x23, 0x35, 0x23, 0x35, 0x23, 0x35, 0x23,
	0x35, 0x33, 0x15, 0x33, 0xC8, 0x64, 0x64, 0x32, 0x32, 0x01, 0x2C, 0x32,
	0x32, 0x64, 0x64, 0xFE, 0xD4, 0x64, 0x96, 0x32, 0x32, 0x32, 0x32, 0x96,
	0x64, 0x96, 0x32, 0x32, 0x64, 0x32, 0x64, 0x96, 0x32, 0x32, 0x32, 0x32,
	0x96, 0x64, 0x96, 0x32, 0x32, 0x64, 0x32, 0x01, 0xC2, 0x96, 0x32, 0x32,
	0xFE, 0xD4, 0x32, 0x32, 0x96, 0x96, 0x32, 0x32, 0xFA, 0x32, 0x32, 0x32,
	0x32, 0x32, 0x32, 0x96, 0x32, 0x32, 0x96, 0x32, 0x32, 0xFA, 0x32, 0x32,
	0x64, 0x64, 0x32, 0x32, 0x96, 0x32, 0x00, 0x01, 0x00, 0x32, 0x00, 0x00,
	0x02, 0x8A, 0x02, 0xEE, 0x00, 0x33, 0x00, 0xE8, 0x4B, 0xB0, 0x21, 0x50,
	0x58, 0x40, 0x55, 0x0B, 0x01, 0x09, 0x0A, 0x08, 0x0A, 0x09, 0x72, 0x12,
	0x01, 0x10, 0x13, 0x11, 0x11, 0x10, 0x72, 0x07, 0x01, 0x03, 0x00, 0x08,
	0x02, 0x03, 0x08, 0x68, 0x0C, 0x01, 0x02, 0x0D, 0x01, 0x01, 0x00, 0x02,
	0x01, 0x67, 0x0E, 0x01, 0x00, 0x19, 0x01, 0x0F, 0x13, 0x00, 0x0F, 0x67,
	0x00, 0x13, 0x18, 0x01, 0x14, 0x15, 0x13, 0x14, 0x67, 0x06, 0x01, 0x04,
	0x17, 0x01, 0x15, 0x16, 0x04, 0x15, 0x67, 0x00, 0x0A, 0x0A, 0x05, 0x5F,
	0x00, 0x05, 0x05, 0x16, 0x4D, 0x00, 0x11, 0x11, 0x16, 0x60, 0x00, 0x16,
	0x16, 0x17, 0x16, 0x4E, 0x1B, 0x40, 0x57, 0x0B, 0x01, 0x09, 0x0A, 0x08,
	0x0A, 0x09, 0x08, 0x80, 0x12, 0x01, 0x10, 0x13, 0x11, 0x13, 0x10, 0x11,
	0x80, 0x07, 0x01, 0x03, 0x00, 0x08, 0x02, 0x03, 0x08, 0x68, 0x0C, 0x01,
	0x02, 0x0D, 0x01, 0x01, 0x00, 0x02, 0x01, 0x67, 0x0E, 0x01, 0x00, 0x19,
	0x01, 0x0F, 0x13, 0x00, 0x0F, 0x67, 0x00, 0x13, 0x18, 0x01, 0x14, 0x15,
	0x13, 0x14, 0x67, 0x06, 0x01, 0x04, 0x17, 0x01, 0x15, 0x16, 0x04, 0x15,
	0x67, 0x00, 0x0A, 0x0A, 0x05, 0x5F, 0x00, 0x05, 0x05, 0x16, 0x4D, 0x00,
	0x11, 0x11, 0x16, 0x60, 0x00, 0x16, 0x16, 0x17, 0x16, 0x4E, 0x59, 0x40,
	0x2E, 0x33, 0x32, 0x31, 0x30, 0x2F, 0x2E, 0x2D, 0x2C, 0x2B, 0x2A, 0x29,
	0x28, 0x27, 0x26, 0x25, 0x24, 0x23, 0x22, 0x21, 0x20, 0x1F, 0x1E, 0x1D,
	0x1C, 0x1B, 0x1A, 0x19, 0x18, 0x17, 0x16, 0x15, 0x14, 0x13, 0x12, 0x11,
	0x11, 0x11, 0x11, 0x11, 0x11, 0x11, 0x11, 0x10, 0x1A, 0x07, 0x1F, 0x2B,
	0x13, 0x33, 0x35, 0x23, 0x35, 0x33, 0x35, 0x33, 0x35, 0x33, 0x35, 0x21,
	0x15, 0x33, 0x15, 0x33, 0x15, 0x23, 0x35, 0x23, 0x35, 0x23, 0x15, 0x23,
	0x15, 0x33, 0x15, 0x23, 0x15, 0x33, 0x15, 0x23, 0x15, 0x33, 0x15, 0x33,
	0x35, 0x33, 0x35, 0x33, 0x15, 0x23, 0x15, 0x23, 0x15, 0x21, 0x35, 0x23,
	0x35, 0x23, 0x35, 0x23, 0x32, 0x64, 0x64, 0x64, 0x32, 0x32, 0x01, 0x2C,
	0x32, 0x32, 0x96, 0x32, 0x64, 0x32, 0x96, 0x96, 0x96, 0x96, 0x32, 0x64,
	0x32, 0x96, 0x32, 0x32, 0xFE, 0xD4, 0x32, 0x32, 0x64, 0x01, 0x5E, 0x32,
	0x64, 0x96, 0x32, 0x32, 0x32, 0x32, 0x96, 0x32, 0x32, 0x32, 0x32, 0x64,
	0x32, 0x64, 0x32, 0x32, 0x32, 0x32, 0x96, 0x32, 0x32, 0x32, 0x32, 0x96,
	0x00, 0x01, 0x00, 0x32, 0x00, 0x00, 0x01, 0xF4, 0x02, 0xEE, 0x00, 0x25,
	0x01, 0x12, 0x4B, 0xB0, 0x10, 0x50, 0x58, 0x40, 0x48, 0x00, 0x0B, 0x0A,
	0x04, 0x0A, 0x0B, 0x72, 0x00, 0x01, 0x02, 0x10, 0x00, 0x01, 0x72, 0x08,
	0x01, 0x06, 0x00, 0x09, 0x05, 0x06, 0x09, 0x67, 0x00, 0x05, 0x00, 0x04,
	0x0D, 0x05, 0x04, 0x67, 0x0E, 0x01, 0x03, 0x0F, 0x01, 0x02, 0x01, 0x03,
	0x02, 0x67, 0x00, 0x0D, 0x00, 0x10, 0x00, 0x0D, 0x10, 0x67, 0x0C, 0x01,
	0x0A, 0x0A, 0x07, 0x5F, 0x00, 0x07, 0x07, 0x16, 0x4D, 0x11, 0x01, 0x00,
	0x00, 0x12, 0x60, 0x00, 0x12, 0x12, 0x17, 0x12, 0x4E, 0x1B, 0x4B, 0xB0,
	0x21, 0x50, 0x58, 0x40, 0x49, 0x00, 0x0B, 0x0A, 0x04, 0x0A, 0x0B, 0x72,
	0x00, 0x01, 0x02, 0x10, 0x02, 0x01, 0x10, 0x80, 0x08, 0x01, 0x06, 0x00,
	0x09, 0x05, 0x06, 0x09, 0x67, 0x00, 0x05, 0x00, 0x04, 0x0D, 0x05, 0x04,
	0x67, 0x0E, 0x01, 0x03, 0x0F, 0x01, 0x02, 0x01, 0x03, 0x02, 0x67, 0x00,
	0x0D, 0x00, 0x10, 0x00, 0x0D, 0x10, 0x67, 0x0C, 0x01, 0x0A, 0x0A, 0x07,
	0x5F, 0x00, 0x07, 0x07, 0x16, 0x4D, 0x11, 0x01, 0x00, 0x00, 0x12, 0x60,
	0x00, 0x12, 0x12, 0x17, 0x12, 0x4E, 0x1B, 0x40, 0x4A, 0x00, 0x0B, 0x0A,
	0x04, 0x0A, 0x0B, 0x04, 0x80, 0x00, 0x01, 0x02, 0x10, 0x02, 0x01, 0x10,
	0x80, 0x08, 0x01, 0x06, 0x00, 0x09, 0x05, 0x06, 0x09, 0x67, 0x00, 0x05,
	0x00, 0x04, 0x0D, 0x05, 0x04, 0x67, 0x0E, 0x01, 0x03, 0x0F, 0x01, 0x02,
	0x01, 0x03, 0x02, 0x67, 0x00, 0x0D, 0x00, 0x10, 0x00, 0x0D, 0x10, 0x67,
	0x0C, 0x01, 0x0A, 0x0A, 0x07, 0x5F, 0x00, 0x07, 0x07, 0x16, 0x4D, 0x11,
	0x01, 0x00, 0x00, 0x12, 0x60, 0x00, 0x12, 0x12, 0x17, 0x12, 0x4E, 0x59,
	0x59, 0x40, 0x20, 0x25, 0x24, 0x23, 0x22, 0x21, 0x20, 0x1F, 0x1E, 0x1D,
	0x1C, 0x1B, 0x1A, 0x19, 0x18, 0x17, 0x16, 0x15, 0x14, 0x13, 0x12, 0x11,
	0x11, 0x11, 0x11, 0x11, 0x11, 0x11, 0x11, 0x10, 0x13, 0x07, 0x1F, 0x2B,
	0x37, 0x33, 0x35, 0x33, 0x35, 0x23, 0x35, 0x33, 0x35, 0x23, 0x35, 0x33,
	0x35, 0x33, 0x35, 0x33, 0x15, 0x33, 0x15, 0x23, 0x15, 0x23, 0x15, 0x23,
	0x35, 0x23, 0x15, 0x33, 0x15, 0x33, 0x15, 0x23, 0x15, 0x23, 0x15, 0x33,
	0x15, 0x21, 0x32, 0x32, 0x32, 0x64, 0x64, 0x32, 0x32, 0x32, 0xFA, 0x32,
	0x32, 0x32, 0x32, 0x64, 0x32, 0x96, 0x96, 0x32, 0xFA, 0xFE, 0x3E, 0x96,
	0x64, 0x32, 0x64, 0x64, 0x96, 0x32, 0x32, 0x32, 0x32, 0x32, 0x32, 0x32,
	0x64, 0x64, 0x64, 0x64, 0x32, 0x96, 0x00, 0x01, 0x00, 0x32, 0x00, 0x00,
	0x02, 0x58, 0x02, 0xEE, 0x00, 0x2B, 0x01, 0x6D, 0x4B, 0xB0, 0x0B, 0x50,
	0x58, 0x40, 0x48, 0x0B, 0x01, 0x07, 0x05, 0x04, 0x02, 0x07, 0x72, 0x0E,
	0x01, 0x04, 0x08, 0x05, 0x04, 0x70, 0x0A, 0x01, 0x08, 0x03, 0x09, 0x08,
	0x70, 0x0F, 0x01, 0x03, 0x09, 0x05, 0x03, 0x70, 0x10, 0x01, 0x02, 0x11,
	0x01, 0x01, 0x00, 0x02, 0x01, 0x68, 0x12, 0x01, 0x00, 0x15, 0x01, 0x13,
	0x14, 0x00, 0x13, 0x67, 0x0D, 0x01, 0x05, 0x05, 0x06, 0x5F, 0x0C, 0x01,
	0x06, 0x06, 0x16, 0x4D, 0x00, 0x09, 0x09, 0x14, 0x60, 0x00, 0x14, 0x14,
	0x17, 0x14, 0x4E, 0x1B, 0x4B, 0xB0, 0x10, 0x50, 0x58, 0x40, 0x49, 0x0B,
	0x01, 0x07, 0x05, 0x04, 0x05, 0x07, 0x04, 0x80, 0x0E, 0x01, 0x04, 0x08,
	0x05, 0x04, 0x70, 0x0A, 0x01, 0x08, 0x03, 0x09, 0x08, 0x70, 0x0F, 0x01,
	0x03, 0x09, 0x05, 0x03, 0x70, 0x10, 0x01, 0x02, 0x11, 0x01, 0x01, 0x00,
	0x02, 0x01, 0x68, 0x12, 0x01, 0x00, 0x15, 0x01, 0x13, 0x14, 0x00, 0x13,
	0x67, 0x0D, 0x01, 0x05, 0x05, 0x06, 0x5F, 0x0C, 0x01, 0x06, 0x06, 0x16,
	0x4D, 0x00, 0x09, 0x09, 0x14, 0x60, 0x00, 0x14, 0x14, 0x17, 0x14, 0x4E,
	0x1B, 0x4B, 0xB0, 0x21, 0x50, 0x58, 0x40, 0x4A, 0x0B, 0x01, 0x07, 0x05,
	0x04, 0x05, 0x07, 0x04, 0x80, 0x0E, 0x01, 0x04, 0x08, 0x05, 0x04, 0x70,
	0x0A, 0x01, 0x08, 0x03, 0x09, 0x08, 0x70, 0x0F, 0x01, 0x03, 0x09, 0x05,
	0x03, 0x09, 0x7E, 0x10, 0x01, 0x02, 0x11, 0x01, 0x01, 0x00, 0x02, 0x01,
	0x68, 0x12, 0x01, 0x00, 0x15, 0x01, 0x13, 0x14, 0x00, 0x13, 0x67, 0x0D,
	0x01, 0x05, 0x05, 0x06, 0x5F, 0x0C, 0x01, 0x06, 0x06, 0x16, 0x4D, 0x00,
	0x09, 0x09, 0x14, 0x60, 0x00, 0x14, 0x14, 0x17, 0x14, 0x4E, 0x1B, 0x40,
	0x4C, 0x0B, 0x01, 0x07, 0x05, 0x04, 0x05, 0x07, 0x04, 0x80, 0x0E, 0x01,
	0x04, 0x08, 0x05, 0x04, 0x08, 0x7E, 0x0A, 0x01, 0x08, 0x03, 0x05, 0x08,
	0x03, 0x7E, 0x0F, 0x01, 0x03, 0x09, 0x05, 0x03, 0x09, 0x7E, 0x10, 0x01,
	0x02, 0x11, 0x01, 0x01, 0x00, 0x02, 0x01, 0x68, 0x12, 0x01, 0x00, 0x15,
	0x01, 0x13, 0x14, 0x00, 0x13, 0x67, 0x0D, 0x01, 0x05, 0x05, 0x06, 0x5F,
	0x0C, 0x01, 0x06, 0x06, 0x16, 0x4D, 0x00, 0x09, 0x09, 0x14, 0x60, 0x00,
	0x14, 0x14, 0x17, 0x14, 0x4E, 0x59, 0x59, 0x59, 0x40, 0x26, 0x2B, 0x2A,
	0x29, 0x28, 0x27, 0x26, 0x25, 0x24, 0x23, 0x22, 0x21, 0x20, 0x1F, 0x1E,
	0x1D, 0x1C, 0x1B, 0x1A, 0x19, 0x18, 0x17, 0x16, 0x15, 0x14, 0x13, 0x12,
	0x11, 0x11, 0x11, 0x11, 0x11, 0x11, 0x11, 0x11, 0x10, 0x16, 0x07, 0x1F,
	0x2B, 0x37, 0x33, 0x35, 0x23, 0x35, 0x33, 0x35, 0x23, 0x35, 0x23, 0x35,
	0x23, 0x35, 0x33, 0x15, 0x33, 0x15, 0x33, 0x15, 0x33, 0x35, 0x33, 0x35,
	0x33, 0x35, 0x33, 0x15, 0x23, 0x15, 0x23, 0x15, 0x23, 0x15, 0x33, 0x15,
	0x23, 0x15, 0x33, 0x15, 0x23, 0x15, 0x23, 0x35, 0x23, 0x64, 0x96, 0x96,
	0x64, 0x32, 0x32, 0x32, 0x96, 0x32, 0x32, 0x32, 0x32, 0x32, 0x96, 0x32,
	0x32, 0x32, 0x64, 0x96, 0x96, 0x96, 0x96, 0x96, 0xC8, 0x32, 0x64, 0x32,
	0x32, 0x32, 0xFA, 0xFA, 0x32, 0x32, 0x32, 0x32, 0xFA, 0xFA, 0x32, 0x32,
	0x32, 0x64, 0x32, 0x64, 0x64, 0x64, 0x00, 0x01, 0x00, 0x32, 0x00, 0x64,
	0x02, 0x58, 0x02, 0x8A, 0x00, 0x0B, 0x00, 0x26, 0x40, 0x23, 0x00, 0x01,
	0x00, 0x04, 0x01, 0x57, 0x02, 0x01, 0x00, 0x05, 0x01, 0x03, 0x04, 0x00,
	0x03, 0x67, 0x00, 0x01, 0x01, 0x04, 0x5F, 0x00, 0x04, 0x01, 0x04, 0x4F,
	0x11, 0x11, 0x11, 0x11, 0x11, 0x10, 0x06, 0x07, 0x1C, 0x2B, 0x13, 0x33,
	0x35, 0x33, 0x15, 0x33, 0x15, 0x23, 0x15, 0x23, 0x35, 0x23, 0x32, 0xC8,
	0x96, 0xC8, 0xC8, 0x96, 0xC8, 0x01, 0xC2, 0xC8, 0xC8, 0x96, 0xC8, 0xC8,
	0x00, 0x01, 0x00, 0x32, 0x01, 0x2C, 0x02, 0x58, 0x01, 0xC2, 0x00, 0x03,
	0x00, 0x18, 0x40, 0x15, 0x00, 0x00, 0x01, 0x01, 0x00, 0x57, 0x00, 0x00,
	0x00, 0x01, 0x5F, 0x00, 0x01, 0x00, 0x01, 0x4F, 0x11, 0x10, 0x02, 0x06,
	0x18, 0x2B, 0x13, 0x21, 0x15, 0x21, 0x32, 0x02, 0x26, 0xFD, 0xDA, 0x01,
	0xC2, 0x96, 0x00, 0x01, 0x00, 0x32, 0x00, 0x32, 0x02, 0x26, 0x02, 0x58,
	0x00, 0x3B, 0x00, 0x8E, 0x40, 0x8B, 0x0E, 0x01, 0x08, 0x11, 0x01, 0x05,
	0x04, 0x08, 0x05, 0x67, 0x13, 0x01, 0x03, 0x02, 0x00, 0x03, 0x57, 0x00,
	0x0B, 0x00, 0x1A, 0x01, 0x0B, 0x1A, 0x67, 0x0C, 0x01, 0x0A, 0x1B, 0x01,
	0x19, 0x00, 0x0A, 0x19, 0x67, 0x15, 0x01, 0x01, 0x1C, 0x18, 0x16, 0x03,
	0x00, 0x17, 0x01, 0x00, 0x67, 0x14, 0x01, 0x02, 0x1D, 0x01, 0x17, 0x02,
	0x17, 0x63, 0x10, 0x01, 0x06, 0x06, 0x07, 0x5F, 0x0F, 0x0D, 0x09, 0x03,
	0x07, 0x07, 0x19, 0x4D, 0x12, 0x01, 0x04, 0x04, 0x07, 0x5F, 0x0F, 0x0D,
	0x09, 0x03, 0x07, 0x07, 0x19, 0x04, 0x4E, 0x3B, 0x3A, 0x39, 0x38, 0x37,
	0x36, 0x35, 0x34, 0x33, 0x32, 0x31, 0x30, 0x2F, 0x2E, 0x2D, 0x2C, 0x2B,
	0x2A, 0x29, 0x28, 0x27, 0x26, 0x25, 0x24, 0x23, 0x22, 0x21, 0x20, 0x1F,
	0x1E, 0x1D, 0x1C, 0x1B, 0x1A, 0x19, 0x18, 0x17, 0x16, 0x15, 0x14, 0x13,
	0x12, 0x11, 0x11, 0x11, 0x11, 0x11, 0x11, 0x11, 0x11, 0x10, 0x1E, 0x07,
	0x1F, 0x2B, 0x37, 0x23, 0x35, 0x33, 0x35, 0x33, 0x35, 0x33, 0x35, 0x23,
	0x35, 0x23, 0x35, 0x23, 0x35, 0x33, 0x35, 0x33, 0x15, 0x33, 0x15, 0x33,
	0x15, 0x33, 0x35, 0x33, 0x35, 0x33, 0x35, 0x33, 0x15, 0x33, 0x15, 0x23,
	0x15, 0x23, 0x15, 0x23, 0x15, 0x33, 0x15, 0x33, 0x15, 0x33, 0x15, 0x23,
	0x15, 0x23, 0x35, 0x23, 0x35, 0x23, 0x35, 0x23, 0x15, 0x23, 0x15, 0x23,
	0x15, 0x23, 0x64, 0x32, 0x32, 0x32, 0x32, 0x32, 0x32, 0x32, 0x32, 0x32,
	0x32, 0x32, 0x64, 0x32, 0x32, 0x32, 0x32, 0x32, 0x32, 0x32, 0x32, 0x32,
	0x32, 0x32, 0x32, 0x32, 0x32, 0x64, 0x32, 0x32, 0x32, 0x64, 0x64, 0x32,
	0x32, 0x32, 0x32, 0x32, 0x64, 0x32, 0x32, 0x32, 0x32, 0x32, 0x32, 0x32,
	0x32, 0x64, 0x32, 0x32, 0x32, 0x32, 0x32, 0x64, 0x32, 0x32, 0x32, 0x32,
	0x32, 0x32, 0x32, 0x00, 0x00, 0x03, 0x00, 0x32, 0x00, 0x64, 0x02, 0x58,
	0x02, 0x8A, 0x00, 0x03, 0x00, 0x07, 0x00, 0x0B, 0x00, 0x2C, 0x40, 0x29,
	0x00, 0x00, 0x00, 0x01, 0x02, 0x00, 0x01, 0x67, 0x00, 0x02, 0x00, 0x03,
	0x04, 0x02, 0x03, 0x67, 0x00, 0x04, 0x05, 0x05, 0x04, 0x57, 0x00, 0x04,
	0x04, 0x05, 0x5F, 0x00, 0x05, 0x04, 0x05, 0x4F, 0x11, 0x11, 0x11, 0x11,
	0x11, 0x10, 0x06, 0x07, 0x1C, 0x2B, 0x13, 0x33, 0x15, 0x23, 0x07, 0x21,
	0x15, 0x21, 0x17, 0x33, 0x15, 0x23, 0xFA, 0x96, 0x96, 0xC8, 0x02, 0x26,
	0xFD, 0xDA, 0xC8, 0x96, 0x96, 0x02, 0x8A, 0x96, 0x32, 0x96, 0x32, 0x96,
	0x00, 0x02, 0x00, 0x32, 0x00, 0x96, 0x02, 0x26, 0x02, 0x26, 0x00, 0x03,
	0x00, 0x07, 0x00, 0x1C, 0x40, 0x19, 0x00, 0x02, 0x00, 0x03, 0x02, 0x03,
	0x63, 0x00, 0x01, 0x01, 0x00, 0x5F, 0x00, 0x00, 0x00, 0x19, 0x01, 0x4E,
	0x11, 0x11, 0x11, 0x10, 0x04, 0x07, 0x1A, 0x2B, 0x13, 0x21, 0x15, 0x21,
	0x15, 0x21, 0x15, 0x21, 0x32, 0x01, 0xF4, 0xFE, 0x0C, 0x01, 0xF4, 0xFE,
	0x0C, 0x02, 0x26, 0x96, 0x64, 0x96, 0x00, 0x01, 0x00, 0x32, 0x00, 0x32,
	0x02, 0x26, 0x02, 0x58, 0x00, 0x1F, 0x00, 0x5F, 0x40, 0x5C, 0x00, 0x06,
	0x00, 0x05, 0x09, 0x06, 0x05, 0x67, 0x00, 0x08, 0x00, 0x03, 0x02, 0x08,
	0x03, 0x67, 0x00, 0x0A, 0x00, 0x0B, 0x01, 0x0A, 0x0B, 0x67, 0x00, 0x09,
	0x00, 0x0C, 0x00, 0x09, 0x0C, 0x67, 0x00, 0x02, 0x00, 0x0D, 0x0E, 0x02,
	0x0D, 0x67, 0x00, 0x01, 0x00, 0x0E, 0x0F, 0x01, 0x0E, 0x67, 0x00, 0x00,
	0x00, 0x0F, 0x00, 0x0F, 0x63, 0x00, 0x04, 0x04, 0x07, 0x5F, 0x00, 0x07,
	0x07, 0x19, 0x04, 0x4E, 0x1F, 0x1E, 0x1D, 0x1C, 0x1B, 0x1A, 0x19, 0x18,
	0x17, 0x16, 0x15, 0x14, 0x13, 0x12, 0x11, 0x11, 0x11, 0x11, 0x11, 0x11,
	0x11, 0x11, 0x10, 0x10, 0x07, 0x1F, 0x2B, 0x37, 0x33, 0x35, 0x33, 0x35,
	0x33, 0x35, 0x23, 0x35, 0x23, 0x35, 0x23, 0x35, 0x33, 0x15, 0x33, 0x15,
	0x33, 0x15, 0x33, 0x15, 0x33, 0x15, 0x23, 0x15, 0x23, 0x15, 0x23, 0x15,
	0x23, 0x15, 0x23, 0x32, 0x64, 0x64, 0x32, 0x32, 0x64, 0x64, 0x64, 0x64,
	0x64, 0x64, 0x64, 0x64, 0x64, 0x64, 0x64, 0x64, 0xC8, 0x32, 0x32, 0x32,
	0x32, 0x32, 0x96, 0x32, 0x32, 0x32, 0x32, 0x96, 0x32, 0x32, 0x32, 0x32,
	0x00, 0x01, 0x00, 0x32, 0x00, 0x32, 0x02, 0x26, 0x02, 0x58, 0x00, 0x1F,
	0x00, 0x5F, 0x40, 0x5C, 0x00, 0x0B, 0x00, 0x0C, 0x08, 0x0B, 0x0C, 0x67,
	0x00, 0x09, 0x00, 0x0E, 0x0F, 0x09, 0x0E, 0x67, 0x00, 0x07, 0x00, 0x06,
	0x00, 0x07, 0x06, 0x67, 0x00, 0x08, 0x00, 0x05, 0x01, 0x08, 0x05, 0x67,
	0x00, 0x0F, 0x00, 0x04, 0x03, 0x0F, 0x04, 0x67, 0x00, 0x00, 0x00, 0x03,
	0x02, 0x00, 0x03, 0x67, 0x00, 0x01, 0x00, 0x02, 0x01, 0x02, 0x63, 0x00,
	0x0D, 0x0D, 0x0A, 0x5F, 0x00, 0x0A, 0x0A, 0x19, 0x0D, 0x4E, 0x1F, 0x1E,
	0x1D, 0x1C, 0x1B, 0x1A, 0x19, 0x18, 0x17, 0x16, 0x15, 0x14, 0x13, 0x12,
	0x11, 0x11, 0x11, 0x11, 0x11, 0x11, 0x11, 0x11, 0x10, 0x10, 0x07, 0x1F,
	0x2B, 0x25, 0x33, 0x15, 0x33, 0x15, 0x23, 0x35, 0x23, 0x35, 0x23, 0x35,
	0x23, 0x35, 0x23, 0x35, 0x33, 0x35, 0x33, 0x35, 0x33, 0x35, 0x33, 0x35,
	0x33, 0x15, 0x23, 0x15, 0x23, 0x15, 0x23, 0x15, 0x33, 0x01, 0x5E, 0x64,
	0x64, 0x64, 0x64, 0x64, 0x64, 0x64, 0x64, 0x64, 0x64, 0x64, 0x64, 0x64,
	0x64, 0x32, 0x32, 0xFA, 0x32, 0x96, 0x32, 0x32, 0x32, 0x32, 0x96, 0x32,
	0x32, 0x32, 0x32, 0x96, 0x32, 0x32, 0x32, 0x00, 0x00, 0x01, 0x00, 0x32,
	0x00, 0x96, 0x02, 0x8A, 0x01, 0x90, 0x00, 0x1F, 0x00, 0x50, 0xB1, 0x06,
	0x64, 0x44, 0x40, 0x45, 0x07, 0x01, 0x03, 0x02, 0x09, 0x03, 0x57, 0x08,
	0x06, 0x04, 0x03, 0x02, 0x0D, 0x01, 0x09, 0x00, 0x02, 0x09, 0x67, 0x05,
	0x01, 0x01, 0x0E, 0x0C, 0x0A, 0x03, 0x00, 0x0B, 0x01, 0x00, 0x68, 0x05,
	0x01, 0x01, 0x01, 0x0B, 0x60, 0x0F, 0x01, 0x0B, 0x01, 0x0B, 0x50, 0x1F,
	0x1E, 0x1D, 0x1C, 0x1B, 0x1A, 0x19, 0x18, 0x17, 0x16, 0x15, 0x14, 0x13,
	0x12, 0x11, 0x11, 0x11, 0x11, 0x11, 0x11, 0x11, 0x11, 0x10, 0x10, 0x07,
	0x1F, 0x2B, 0xB1, 0x06, 0x00, 0x44, 0x37, 0x23, 0x35, 0x33, 0x35, 0x33,
	0x35, 0x33, 0x15, 0x33, 0x15, 0x33, 0x35, 0x33, 0x35, 0x33, 0x15, 0x33,
	0x15, 0x23, 0x15, 0x23, 0x15, 0x23, 0x35, 0x23, 0x35, 0x23, 0x15, 0x23,
	0x15, 0x23, 0x64, 0x32, 0x32, 0x32, 0xC8, 0x32, 0x64, 0x32, 0x32, 0x32,
	0x32, 0x32, 0xC8, 0x32, 0x64, 0x32, 0x32, 0xC8, 0x64, 0x32, 0x32, 0x32,
	0x32, 0x32, 0x32, 0x32, 0x64, 0x32, 0x32, 0x32, 0x32, 0x32, 0x32, 0x00,
	0x00, 0x01, 0x00, 0x32, 0x01, 0x90, 0x02, 0x58, 0x02, 0xBC, 0x00, 0x1F,
	0x00, 0xF1, 0xB1, 0x06, 0x64, 0x44, 0x4B, 0xB0, 0x10, 0x50, 0x58, 0x40,
	0x3C, 0x06, 0x01, 0x02, 0x03, 0x0C, 0x00, 0x02, 0x72, 0x07, 0x01, 0x01,
	0x0C, 0x0B, 0x00, 0x01, 0x72, 0x0D, 0x01, 0x0B, 0x00, 0x0C, 0x0B, 0x70,
	0x00, 0x04, 0x00, 0x0C, 0x01, 0x04, 0x0C, 0x67, 0x08, 0x01, 0x00, 0x0A,
	0x09, 0x00, 0x57, 0x05, 0x01, 0x03, 0x0E, 0x01, 0x0A, 0x09, 0x03, 0x0A,
	0x67, 0x08, 0x01, 0x00, 0x00, 0x09, 0x60, 0x0F, 0x01, 0x09, 0x00, 0x09,
	0x50, 0x1B, 0x4B, 0xB0, 0x21, 0x50, 0x58, 0x40, 0x3D, 0x06, 0x01, 0x02,
	0x03, 0x0C, 0x03, 0x02, 0x0C, 0x80, 0x07, 0x01, 0x01, 0x0C, 0x0B, 0x00,
	0x01, 0x72, 0x0D, 0x01, 0x0B, 0x00, 0x0C, 0x0B, 0x70, 0x00, 0x04, 0x00,
	0x0C, 0x01, 0x04, 0x0C, 0x67, 0x08, 0x01, 0x00, 0x0A, 0x09, 0x00, 0x57,
	0x05, 0x01, 0x03, 0x0E, 0x01, 0x0A, 0x09, 0x03, 0x0A, 0x67, 0x08, 0x01,
	0x00, 0x00, 0x09, 0x60, 0x0F, 0x01, 0x09, 0x00, 0x09, 0x50, 0x1B, 0x40,
	0x3F, 0x06, 0x01, 0x02, 0x03, 0x0C, 0x03, 0x02, 0x0C, 0x80, 0x07, 0x01,
	0x01, 0x0C, 0x0B, 0x0C, 0x01, 0x0B, 0x80, 0x0D, 0x01, 0x0B, 0x00, 0x0C,
	0x0B, 0x00, 0x7E, 0x00, 0x04, 0x00, 0x0C, 0x01, 0x04, 0x0C, 0x67, 0x08,
	0x01, 0x00, 0x0A, 0x09, 0x00, 0x57, 0x05, 0x01, 0x03, 0x0E, 0x01, 0x0A,
	0x09, 0x03, 0x0A, 0x67, 0x08, 0x01, 0x00, 0x00, 0x09, 0x60, 0x0F, 0x01,
	0x09, 0x00, 0x09, 0x50, 0x59, 0x59, 0x40, 0x1A, 0x1F, 0x1E, 0x1D, 0x1C,
	0x1B, 0x1A, 0x19, 0x18, 0x17, 0x16, 0x15, 0x14, 0x13, 0x12, 0x11, 0x11,
	0x11, 0x11, 0x11, 0x11, 0x11, 0x11, 0x10, 0x10, 0x07, 0x1F, 0x2B, 0xB1,
	0x06, 0x00, 0x44, 0x13, 0x33, 0x35, 0x33, 0x35, 0x33, 0x35, 0x33, 0x35,
	0x33, 0x15, 0x33, 0x15, 0x33, 0x15, 0x33, 0x15, 0x33, 0x15, 0x23, 0x35,
	0x23, 0x35, 0x23, 0x35, 0x23, 0x15, 0x23, 0x15, 0x23, 0x15, 0x23, 0x32,
	0x32, 0x32, 0x32, 0x32, 0x96, 0x32, 0x32, 0x32, 0x32, 0x96, 0x32, 0x32,
	0x32, 0x32, 0x32, 0x96, 0x01, 0xF4, 0x32, 0x32, 0x32, 0x32, 0x32, 0x32,
	0x32, 0x32, 0x64, 0x32, 0x32, 0x32, 0x32, 0x32, 0x32, 0x00, 0x00, 0x05,
	0x00, 0x32, 0x00, 0x00, 0x03, 0x20, 0x02, 0xEE, 0x00, 0x13, 0x00, 0x47,
	0x00, 0x5B, 0x00, 0x67, 0x00, 0x73, 0x00, 0x00, 0x13, 0x23, 0x35, 0x23,
	0x35, 0x33, 0x35, 0x33, 0x35, 0x33, 0x15, 0x33, 0x15, 0x33, 0x15, 0x23,
	0x15, 0x23, 0x15, 0x23, 0x07, 0x33, 0x35, 0x33, 0x35, 0x33, 0x35, 0x33,
	0x35, 0x33, 0x35, 0x33, 0x35, 0x33, 0x35, 0x33, 0x35, 0x33, 0x35, 0x33,
	0x35, 0x33, 0x35, 0x33, 0x35, 0x33, 0x15, 0x23, 0x15, 0x23, 0x15, 0x23,
	0x15, 0x23, 0x15, 0x23, 0x15, 0x23, 0x15, 0x23, 0x15, 0x23, 0x15, 0x23,
	0x15, 0x23, 0x15, 0x23, 0x15, 0x23, 0x15, 0x23, 0x25, 0x33, 0x35, 0x33,
	0x35, 0x33, 0x15, 0x33, 0x15, 0x33, 0x15, 0x23, 0x15, 0x23, 0x15, 0x23,
	0x35, 0x23, 0x35, 0x23, 0x03, 0x33, 0x35, 0x33, 0x35, 0x23, 0x35, 0x23,
	0x15, 0x23, 0x15, 0x33, 0x01, 0x33, 0x35, 0x23, 0x35, 0x23, 0x15, 0x23,
	0x15, 0x33, 0x15, 0x33, 0x96, 0x32, 0x32, 0x32, 0x32, 0x96, 0x32, 0x32,
	0x32, 0x32, 0x96, 0x32, 0x32, 0x32, 0x32, 0x32, 0x32, 0x32, 0x32, 0x32,
	0x32, 0x32, 0x32, 0x32, 0x32, 0x32, 0x32, 0x32, 0x32, 0x32, 0x32, 0x32,
	0x32, 0x32, 0x32, 0x32, 0x32, 0x32, 0x01, 0x5E, 0x32, 0x32, 0x96, 0x32,
	0x32, 0x32, 0x32, 0x96, 0x32, 0x32, 0xFA, 0x32, 0x32, 0x32, 0x32, 0x32,
	0x32, 0x01, 0xC2, 0x32, 0x32, 0x32, 0x32, 0x32, 0x32, 0x01, 0xC2, 0x32,
	0x96, 0x32, 0x32, 0x32, 0x32, 0x96, 0x32, 0x32, 0xFA, 0x32, 0x32, 0x32,
	0x32, 0x32, 0x32, 0x32, 0x32, 0x32, 0x32, 0x32, 0x32, 0x96, 0x32, 0x32,
	0x32, 0x32, 0x32, 0x32, 0x32, 0x32, 0x32, 0x32, 0x32, 0x32, 0xFA, 0x32,
	0x32, 0x32, 0x32, 0x96, 0x32, 0x32, 0x32, 0x32, 0x01, 0x90, 0x32, 0x32,
	0x32, 0x32, 0x32, 0xFE, 0x70, 0x32, 0x32, 0x32, 0x32, 0x32, 0x00, 0x02,
	0xFF, 0x38, 0x02, 0x8A, 0x00, 0xC8, 0x03, 0x20, 0x00, 0x03, 0x00, 0x07,
	0x00, 0x25, 0xB1, 0x06, 0x64, 0x44, 0x40, 0x1A, 0x02, 0x01, 0x00, 0x01,
	0x01, 0x00, 0x57, 0x02, 0x01, 0x00, 0x00, 0x01, 0x5F, 0x03, 0x01, 0x01,
	0x00, 0x01, 0x4F, 0x11, 0x11, 0x11, 0x10, 0x04, 0x07, 0x1A, 0x2B, 0xB1,
	0x06, 0x00, 0x44, 0x03, 0x33, 0x15, 0x23, 0x37, 0x33, 0x15, 0x23, 0xC8,
	0x96, 0x96, 0xFA, 0x96, 0x96, 0x03, 0x20, 0x96, 0x96, 0x96, 0x00, 0x01,
	0xFF, 0x9C, 0x02, 0x8A, 0x00, 0x32, 0x03, 0x20, 0x00, 0x03, 0x00, 0x20,
	0xB1, 0x06, 0x64, 0x44, 0x40, 0x15, 0x00, 0x00, 0x01, 0x01, 0x00, 0x57,
	0x00, 0x00, 0x00, 0x01, 0x5F, 0x00, 0x01, 0x00, 0x01, 0x4F, 0x11, 0x10,
	0x02, 0x07, 0x18, 0x2B, 0xB1, 0x06, 0x00, 0x44, 0x03, 0x33, 0x15, 0x23,
	0x64, 0x96, 0x96, 0x03, 0x20, 0x96, 0x00, 0x01, 0xFF, 0x9C, 0x02, 0x8A,
	0x00, 0x64, 0x03, 0x52, 0x00, 0x0B, 0x00, 0x6D, 0xB1, 0x06, 0x64, 0x44,
	0x4B, 0xB0, 0x21, 0x50, 0x58, 0x40, 0x26, 0x00, 0x01, 0x00, 0x05, 0x02,
	0x01, 0x72, 0x00, 0x04, 0x02, 0x03, 0x05, 0x04, 0x72, 0x00, 0x00, 0x00,
	0x05, 0x02, 0x00, 0x05, 0x67, 0x00, 0x02, 0x04, 0x03, 0x02, 0x57, 0x00,
	0x02, 0x02, 0x03, 0x60, 0x00, 0x03, 0x02, 0x03, 0x50, 0x1B, 0x40, 0x28,
	0x00, 0x01, 0x00, 0x05, 0x00, 0x01, 0x05, 0x80, 0x00, 0x04, 0x02, 0x03,
	0x02, 0x04, 0x03, 0x80, 0x00, 0x00, 0x00, 0x05, 0x02, 0x00, 0x05, 0x67,
	0x00, 0x02, 0x04, 0x03, 0x02, 0x57, 0x00, 0x02, 0x02, 0x03, 0x60, 0x00,
	0x03, 0x02, 0x03, 0x50, 0x59, 0x40, 0x09, 0x11, 0x11, 0x11, 0x11, 0x11,
	0x10, 0x06, 0x07, 0x1C, 0x2B, 0xB1, 0x06, 0x00, 0x44, 0x03, 0x33, 0x15,
	0x33, 0x15, 0x33, 0x15, 0x23, 0x35, 0x23, 0x35, 0x23, 0x64, 0x64, 0x32,
	0x32, 0x64, 0x32, 0x32, 0x03, 0x52, 0x32, 0x32, 0x64, 0x32, 0x32, 0x00,
	0x00, 0x01, 0xFF, 0x9C, 0x02, 0x8A, 0x00, 0x64, 0x03, 0x52, 0x00, 0x0B,
	0x00, 0x6D, 0xB1, 0x06, 0x64, 0x44, 0x4B, 0xB0, 0x21, 0x50, 0x58, 0x40,
	0x26, 0x00, 0x01, 0x02, 0x03, 0x00, 0x01, 0x72, 0x00, 0x04, 0x00, 0x05,
	0x03, 0x04, 0x72, 0x00, 0x02, 0x00, 0x03, 0x00, 0x02, 0x03, 0x67, 0x00,
	0x00, 0x04, 0x05, 0x00, 0x57, 0x00, 0x00, 0x00, 0x05, 0x60, 0x00, 0x05,
	0x00, 0x05, 0x50, 0x1B, 0x40, 0x28, 0x00, 0x01, 0x02, 0x03, 0x02, 0x01,
	0x03, 0x80, 0x00, 0x04, 0x00, 0x05, 0x00, 0x04, 0x05, 0x80, 0x00, 0x02,
	0x00, 0x03, 0x00, 0x02, 0x03, 0x67, 0x00, 0x00, 0x04, 0x05, 0x00, 0x57,
	0x00, 0x00, 0x00, 0x05, 0x60, 0x00, 0x05, 0x00, 0x05, 0x50, 0x59, 0x40,
	0x09, 0x11, 0x11, 0x11, 0x11, 0x11, 0x10, 0x06, 0x07, 0x1C, 0x2B, 0xB1,
	0x06, 0x00, 0x44, 0x03, 0x33, 0x35, 0x33, 0x35, 0x33, 0x15, 0x23, 0x15,
	0x23, 0x15, 0x23, 0x64, 0x32, 0x32, 0x64, 0x32, 0x32, 0x64, 0x02, 0xEE,
	0x32, 0x32, 0x64, 0x32, 0x32, 0x00, 0x00, 0x02, 0xFF, 0x38, 0x02, 0x8A,
	0x00, 0xC8, 0x03, 0x52, 0x00, 0x0B, 0x00, 0x17, 0x00, 0x84, 0xB1, 0x06,
	0x64, 0x44, 0x4B, 0xB0, 0x21, 0x50, 0x58, 0x40, 0x2D, 0x07, 0x01, 0x04,
	0x05, 0x00, 0x03, 0x04, 0x72, 0x0A, 0x01, 0x01, 0x03, 0x02, 0x00, 0x01,
	0x72, 0x08, 0x01, 0x05, 0x09, 0x01, 0x00, 0x03, 0x05, 0x00, 0x67, 0x06,
	0x01, 0x03, 0x01, 0x02, 0x03, 0x57, 0x06, 0x01, 0x03, 0x03, 0x02, 0x60,
	0x0B, 0x01, 0x02, 0x03, 0x02, 0x50, 0x1B, 0x40, 0x2F, 0x07, 0x01, 0x04,
	0x05, 0x00, 0x05, 0x04, 0x00, 0x80, 0x0A, 0x01, 0x01, 0x03, 0x02, 0x03,
	0x01, 0x02, 0x80, 0x08, 0x01, 0x05, 0x09, 0x01, 0x00, 0x03, 0x05, 0x00,
	0x67, 0x06, 0x01, 0x03, 0x01, 0x02, 0x03, 0x57, 0x06, 0x01, 0x03, 0x03,
	0x02, 0x60, 0x0B, 0x01, 0x02, 0x03, 0x02, 0x50, 0x59, 0x40, 0x12, 0x17,
	0x16, 0x15, 0x14, 0x13, 0x12, 0x11, 0x11, 0x11, 0x11, 0x11, 0x11, 0x11,
	0x11, 0x10, 0x0C, 0x07, 0x1F, 0x2B, 0xB1, 0x06, 0x00, 0x44, 0x11, 0x23,
	0x15, 0x23, 0x15, 0x23, 0x35, 0x33, 0x35, 0x33, 0x35, 0x33, 0x15, 0x33,
	0x35, 0x33, 0x35, 0x33, 0x15, 0x23, 0x15, 0x23, 0x15, 0x23, 0x32, 0x32,
	0x64, 0x32, 0x32, 0x64, 0x32, 0x32, 0x64, 0x32, 0x32, 0x64, 0x02, 0xEE,
	0x32, 0x32, 0x64, 0x32, 0x32, 0x64, 0x32, 0x32, 0x64, 0x32, 0x32, 0x00,
	0x00, 0x01, 0xFF, 0x6A, 0x02, 0x8A, 0x00, 0x96, 0x03, 0x52, 0x00, 0x0F,
	0x00, 0x68, 0xB1, 0x06, 0x64, 0x44, 0x4B, 0xB0, 0x21, 0x50, 0x58, 0x40,
	0x23, 0x03, 0x01, 0x01, 0x02, 0x00, 0x00, 0x01, 0x72, 0x04, 0x01, 0x00,
	0x06, 0x05, 0x00, 0x57, 0x00, 0x02, 0x00, 0x06, 0x05, 0x02, 0x06, 0x67,
	0x04, 0x01, 0x00, 0x00, 0x05, 0x60, 0x07, 0x01, 0x05, 0x00, 0x05, 0x50,
	0x1B, 0x40, 0x24, 0x03, 0x01, 0x01, 0x02, 0x00, 0x02, 0x01, 0x00, 0x80,
	0x04, 0x01, 0x00, 0x06, 0x05, 0x00, 0x57, 0x00, 0x02, 0x00, 0x06, 0x05,
	0x02, 0x06, 0x67, 0x04, 0x01, 0x00, 0x00, 0x05, 0x60, 0x07, 0x01, 0x05,
	0x00, 0x05, 0x50, 0x59, 0x40, 0x0B, 0x11, 0x11, 0x11, 0x11, 0x11, 0x11,
	0x11, 0x10, 0x08, 0x07, 0x1E, 0x2B, 0xB1, 0x06, 0x00, 0x44, 0x03, 0x33,
	0x35, 0x33, 0x35, 0x33, 0x15, 0x33, 0x15, 0x33, 0x15, 0x23, 0x35, 0x23,
	0x15, 0x23, 0x96, 0x32, 0x32, 0x64, 0x32, 0x32, 0x64, 0x64, 0x64, 0x02,
	0xEE, 0x32, 0x32, 0x32, 0x32, 0x64, 0x32, 0x32, 0x00, 0x01, 0xFF, 0x6A,
	0x02, 0x8A, 0x00, 0x96, 0x03, 0x52, 0x00, 0x0F, 0x00, 0x66, 0xB1, 0x06,
	0x64, 0x44, 0x4B, 0xB0, 0x21, 0x50, 0x58, 0x40, 0x22, 0x07, 0x01, 0x05,
	0x00, 0x06, 0x00, 0x05, 0x72, 0x00, 0x02, 0x00, 0x06, 0x02, 0x57, 0x03,
	0x01, 0x01, 0x04, 0x01, 0x00, 0x05, 0x01, 0x00, 0x67, 0x00, 0x02, 0x02,
	0x06, 0x5F, 0x00, 0x06, 0x02, 0x06, 0x4F, 0x1B, 0x40, 0x23, 0x07, 0x01,
	0x05, 0x00, 0x06, 0x00, 0x05, 0x06, 0x80, 0x00, 0x02, 0x00, 0x06, 0x02,
	0x57, 0x03, 0x01, 0x01, 0x04, 0x01, 0x00, 0x05, 0x01, 0x00, 0x67, 0x00,
	0x02, 0x02, 0x06, 0x5F, 0x00, 0x06, 0x02, 0x06, 0x4F, 0x59, 0x40, 0x0B,
	0x11, 0x11, 0x11, 0x11, 0x11, 0x11, 0x11, 0x10, 0x08, 0x07, 0x1E, 0x2B,
	0xB1, 0x06, 0x00, 0x44, 0x03, 0x23, 0x35, 0x33, 0x15, 0x33, 0x35, 0x33,
	0x15, 0x23, 0x15, 0x23, 0x15, 0x23, 0x35, 0x23, 0x64, 0x32, 0x64, 0x64,
	0x64, 0x32, 0x32, 0x64, 0x32, 0x02, 0xEE, 0x64, 0x32, 0x32, 0x64, 0x32,
	0x32, 0x32, 0x00, 0x01, 0xFF, 0x6A, 0x02, 0x8A, 0x00, 0x96, 0x03, 0x52,
	0x00, 0x0B, 0x00, 0x35, 0xB1, 0x06, 0x64, 0x44, 0x40, 0x2A, 0x06, 0x01,
	0x05, 0x01, 0x02, 0x05, 0x57, 0x04, 0x01, 0x00, 0x03, 0x01, 0x01, 0x02,
	0x00, 0x01, 0x67, 0x06, 0x01, 0x05, 0x05, 0x02, 0x5F, 0x00, 0x02, 0x05,
	0x02, 0x4F, 0x00, 0x00, 0x00, 0x0B, 0x00, 0x0B, 0x11, 0x11, 0x11, 0x11,
	0x11, 0x07, 0x07, 0x1B, 0x2B, 0xB1, 0x06, 0x00, 0x44, 0x13, 0x35, 0x33,
	0x15, 0x23, 0x15, 0x23, 0x35, 0x23, 0x35, 0x33, 0x15, 0x32, 0x64, 0x32,
	0xC8, 0x32, 0x64, 0x02, 0xEE, 0x64, 0x96, 0x32, 0x32, 0x96, 0x64, 0x00,
	0x00, 0x02, 0xFF, 0x6A, 0x02, 0x58, 0x00, 0x96, 0x03, 0x84, 0x00, 0x13,
	0x00, 0x17, 0x00, 0x4F, 0xB1, 0x06, 0x64, 0x44, 0x40, 0x44, 0x00, 0x04,
	0x00, 0x0A, 0x02, 0x04, 0x0A, 0x67, 0x06, 0x01, 0x02, 0x07, 0x01, 0x01,
	0x0B, 0x02, 0x01, 0x67, 0x0C, 0x01, 0x0B, 0x00, 0x09, 0x0B, 0x57, 0x05,
	0x01, 0x03, 0x08, 0x01, 0x00, 0x09, 0x03, 0x00, 0x67, 0x0C, 0x01, 0x0B,
	0x0B, 0x09, 0x5F, 0x00, 0x09, 0x0B, 0x09, 0x4F, 0x14, 0x14, 0x14, 0x17,
	0x14, 0x17, 0x16, 0x15, 0x13, 0x12, 0x11, 0x11, 0x11, 0x11, 0x11, 0x11,
	0x11, 0x11, 0x10, 0x0D, 0x07, 0x1F, 0x2B, 0xB1, 0x06, 0x00, 0x44, 0x03,
	0x23, 0x35, 0x23, 0x35, 0x33, 0x35, 0x33, 0x35, 0x33, 0x15, 0x33, 0x15,
	0x33, 0x15, 0x23, 0x15, 0x23, 0x15, 0x23, 0x37, 0x35, 0x23, 0x15, 0x32,
	0x32, 0x32, 0x32, 0x32, 0x64, 0x32, 0x32, 0x32, 0x32, 0x64, 0x64, 0x64,
	0x02, 0x8A, 0x32, 0x64, 0x32, 0x32, 0x32, 0x32, 0x64, 0x32, 0x32, 0x64,
	0x64, 0x64, 0x00, 0x01, 0xFF, 0x6A, 0x02, 0x58, 0x00, 0x96, 0x03, 0x52,
	0x00, 0x13, 0x00, 0x72, 0xB1, 0x06, 0x64, 0x44, 0x4B, 0xB0, 0x21, 0x50,
	0x58, 0x40, 0x28, 0x00, 0x04, 0x03, 0x03, 0x04, 0x70, 0x00, 0x09, 0x00,
	0x00, 0x09, 0x71, 0x00, 0x06, 0x01, 0x00, 0x06, 0x57, 0x07, 0x05, 0x02,
	0x03, 0x00, 0x01, 0x00, 0x03, 0x01, 0x68, 0x00, 0x06, 0x06, 0x00, 0x5F,
	0x08, 0x02, 0x02, 0x00, 0x06, 0x00, 0x4F, 0x1B, 0x40, 0x26, 0x00, 0x04,
	0x03, 0x04, 0x85, 0x00, 0x09, 0x00, 0x09, 0x86, 0x00, 0x06, 0x01, 0x00,
	0x06, 0x57, 0x07, 0x05, 0x02, 0x03, 0x00, 0x01, 0x00, 0x03, 0x01, 0x68,
	0x00, 0x06, 0x06, 0x00, 0x5F, 0x08, 0x02, 0x02, 0x00, 0x06, 0x00, 0x4F,
	0x59, 0x40, 0x0E, 0x13, 0x12, 0x11, 0x11, 0x11, 0x11, 0x11, 0x11, 0x11,
	0x11, 0x10, 0x0A, 0x07, 0x1F, 0x2B, 0xB1, 0x06, 0x00, 0x44, 0x13, 0x23,
	0x35, 0x23, 0x15, 0x23, 0x35, 0x33, 0x35, 0x33, 0x15, 0x33, 0x15, 0x33,
	0x35, 0x33, 0x15, 0x23, 0x15, 0x23, 0x32, 0x32, 0x64, 0x32, 0x32, 0x32,
	0x32, 0x64, 0x32, 0x32, 0x32, 0x02, 0x8A, 0x32, 0x32, 0x96, 0x32, 0x32,
	0x32, 0x32, 0x96, 0x32, 0x00, 0x01, 0xFF, 0x6A, 0x02, 0x8A, 0x00, 0x96,
	0x02, 0xEE, 0x00, 0x03, 0x00, 0x20, 0xB1, 0x06, 0x64, 0x44, 0x40, 0x15,
	0x00, 0x00, 0x01, 0x01, 0x00, 0x57, 0x00, 0x00, 0x00, 0x01, 0x5F, 0x00,
	0x01, 0x00, 0x01, 0x4F, 0x11, 0x10, 0x02, 0x07, 0x18, 0x2B, 0xB1, 0x06,
	0x00, 0x44, 0x03, 0x21, 0x15, 0x21, 0x96, 0x01, 0x2C, 0xFE, 0xD4, 0x02,
	0xEE, 0x64, 0x00, 0x01, 0xFF, 0xCE, 0x02, 0x8A, 0x00, 0x64, 0x03, 0x52,
	0x00, 0x09, 0x00, 0x5C, 0xB1, 0x06, 0x64, 0x44, 0x4B, 0xB0, 0x21, 0x50,
	0x58, 0x40, 0x1F, 0x00, 0x01, 0x03, 0x04, 0x04, 0x01, 0x72, 0x00, 0x02,
	0x00, 0x03, 0x01, 0x02, 0x03, 0x67, 0x00, 0x04, 0x00, 0x00, 0x04, 0x57,
	0x00, 0x04, 0x04, 0x00, 0x60, 0x00, 0x00, 0x04, 0x00, 0x50, 0x1B, 0x40,
	0x20, 0x00, 0x01, 0x03, 0x04, 0x03, 0x01, 0x04, 0x80, 0x00, 0x02, 0x00,
	0x03, 0x01, 0x02, 0x03, 0x67, 0x00, 0x04, 0x00, 0x00, 0x04, 0x57, 0x00,
	0x04, 0x04, 0x00, 0x60, 0x00, 0x00, 0x04, 0x00, 0x50, 0x59, 0xB7, 0x11,
	0x11, 0x11, 0x11, 0x10, 0x05, 0x07, 0x1B, 0x2B, 0xB1, 0x06, 0x00, 0x44,
	0x13, 0x23, 0x35, 0x33, 0x35, 0x33, 0x15, 0x23, 0x15, 0x33, 0x64, 0x96,
	0x32, 0x64, 0x32, 0x32, 0x02, 0x8A, 0x96, 0x32, 0x32, 0x32, 0x00, 0x01,
	0xFF, 0xCE, 0xFE, 0xD4, 0x00, 0x64, 0xFF, 0x9C, 0x00, 0x09, 0x00, 0x5C,
	0xB1, 0x06, 0x64, 0x44, 0x4B, 0xB0, 0x21, 0x50, 0x58, 0x40, 0x1F, 0x00,
	0x01, 0x04, 0x03, 0x04, 0x01, 0x72, 0x00, 0x00, 0x00, 0x04, 0x01, 0x00,
	0x04, 0x67, 0x00, 0x03, 0x02, 0x02, 0x03, 0x57, 0x00, 0x03, 0x03, 0x02,
	0x5F, 0x00, 0x02, 0x03, 0x02, 0x4F, 0x1B, 0x40, 0x20, 0x00, 0x01, 0x04,
	0x03, 0x04, 0x01, 0x03, 0x80, 0x00, 0x00, 0x00, 0x04, 0x01, 0x00, 0x04,
	0x67, 0x00, 0x03, 0x02, 0x02, 0x03, 0x57, 0x00, 0x03, 0x03, 0x02, 0x5F,
	0x00, 0x02, 0x03, 0x02, 0x4F, 0x59, 0xB7, 0x11, 0x11, 0x11, 0x11, 0x10,
	0x05, 0x07, 0x1B, 0x2B, 0xB1, 0x06, 0x00, 0x44, 0x07, 0x33, 0x15, 0x23,
	0x15, 0x23, 0x35, 0x33, 0x35, 0x23, 0x32, 0x96, 0x32, 0x64, 0x32, 0x32,
	0x64, 0x96, 0x32, 0x32, 0x32, 0x00, 0x00, 0x01, 0xFF, 0x9C, 0xFF, 0x06,
	0x00, 0x96, 0x00, 0x00, 0x00, 0x0D, 0x00, 0x6F, 0xB1, 0x06, 0x64, 0x44,
	0x4B, 0xB0, 0x10, 0x50, 0x58, 0x40, 0x27, 0x00, 0x01, 0x00, 0x06, 0x05,
	0x01, 0x72, 0x00, 0x00, 0x00, 0x06, 0x02, 0x00, 0x06, 0x67, 0x00, 0x05,
	0x03, 0x04, 0x05, 0x57, 0x00, 0x02, 0x00, 0x03, 0x04, 0x02, 0x03, 0x67,
	0x00, 0x05, 0x05, 0x04, 0x60, 0x00, 0x04, 0x05, 0x04, 0x50, 0x1B, 0x40,
	0x28, 0x00, 0x01, 0x00, 0x06, 0x00, 0x01, 0x06, 0x80, 0x00, 0x00, 0x00,
	0x06, 0x02, 0x00, 0x06, 0x67, 0x00, 0x05, 0x03, 0x04, 0x05, 0x57, 0x00,
	0x02, 0x00, 0x03, 0x04, 0x02, 0x03, 0x67, 0x00, 0x05, 0x05, 0x04, 0x60,
	0x00, 0x04, 0x05, 0x04, 0x50, 0x59, 0x40, 0x0A, 0x11, 0x11, 0x11, 0x11,
	0x11, 0x11, 0x10, 0x07, 0x07, 0x1D, 0x2B, 0xB1, 0x06, 0x00, 0x44, 0x23,
	0x33, 0x15, 0x33, 0x15, 0x33, 0x15, 0x23, 0x15, 0x23, 0x35, 0x33, 0x35,
	0x23, 0x32, 0x64, 0x32, 0x32, 0x32, 0xC8, 0x96, 0x64, 0x32, 0x32, 0x64,
	0x32, 0x64, 0x32, 0x00, 0x00, 0x01, 0xFF, 0x6A, 0xFF, 0x06, 0x00, 0x64,
	0x00, 0x00, 0x00, 0x0F, 0x00, 0xBC, 0xB1, 0x06, 0x64, 0x44, 0x4B, 0xB0,
	0x10, 0x50, 0x58, 0x40, 0x2E, 0x00, 0x06, 0x00, 0x01, 0x02, 0x06, 0x72,
	0x00, 0x01, 0x05, 0x00, 0x01, 0x70, 0x08, 0x01, 0x07, 0x00, 0x00, 0x06,
	0x07, 0x00, 0x67, 0x00, 0x02, 0x04, 0x03, 0x02, 0x57, 0x00, 0x05, 0x00,
	0x04, 0x03, 0x05, 0x04, 0x67, 0x00, 0x02, 0x02, 0x03, 0x60, 0x00, 0x03,
	0x02, 0x03, 0x50, 0x1B, 0x4B, 0xB0, 0x21, 0x50, 0x58, 0x40, 0x2F, 0x00,
	0x06, 0x00, 0x01, 0x00, 0x06, 0x01, 0x80, 0x00, 0x01, 0x05, 0x00, 0x01,
	0x70, 0x08, 0x01, 0x07, 0x00, 0x00, 0x06, 0x07, 0x00, 0x67, 0x00, 0x02,
	0x04, 0x03, 0x02, 0x57, 0x00, 0x05, 0x00, 0x04, 0x03, 0x05, 0x04, 0x67,
	0x00, 0x02, 0x02, 0x03, 0x60, 0x00, 0x03, 0x02, 0x03, 0x50, 0x1B, 0x40,
	0x30, 0x00, 0x06, 0x00, 0x01, 0x00, 0x06, 0x01, 0x80, 0x00, 0x01, 0x05,
	0x00, 0x01, 0x05, 0x7E, 0x08, 0x01, 0x07, 0x00, 0x00, 0x06, 0x07, 0x00,
	0x67, 0x00, 0x02, 0x04, 0x03, 0x02, 0x57, 0x00, 0x05, 0x00, 0x04, 0x03,
	0x05, 0x04, 0x67, 0x00, 0x02, 0x02, 0x03, 0x60, 0x00, 0x03, 0x02, 0x03,
	0x50, 0x59, 0x59, 0x40, 0x10, 0x00, 0x00, 0x00, 0x0F, 0x00, 0x0F, 0x11,
	0x11, 0x11, 0x11, 0x11, 0x11, 0x11, 0x09, 0x07, 0x1D, 0x2B, 0xB1, 0x06,
	0x00, 0x44, 0x33, 0x15, 0x23, 0x15, 0x23, 0x15, 0x33, 0x15, 0x23, 0x35,
	0x23, 0x35, 0x33, 0x35, 0x33, 0x35, 0x32, 0x32, 0x32, 0x96, 0xC8, 0x32,
	0x32, 0x32, 0x32, 0x32, 0x32, 0x64, 0x32, 0x64, 0x32, 0x32, 0x00, 0x02,
	0xFF, 0x38, 0x03, 0x52, 0x00, 0xC8, 0x03, 0xE8, 0x00, 0x03, 0x00, 0x07,
	0x00, 0x1D, 0x40, 0x1A, 0x02, 0x01, 0x00, 0x01, 0x01, 0x00, 0x57, 0x02,
	0x01, 0x00, 0x00, 0x01, 0x5F, 0x03, 0x01, 0x01, 0x00, 0x01, 0x4F, 0x11,
	0x11, 0x11, 0x10, 0x04, 0x07, 0x1A, 0x2B, 0x13, 0x33, 0x15, 0x23, 0x27,
	0x33, 0x15, 0x23, 0x32, 0x96, 0x96, 0xFA, 0x96, 0x96, 0x03, 0xE8, 0x96,
	0x96, 0x96, 0x00, 0x01, 0xFF, 0x9C, 0x03, 0x52, 0x00, 0x32, 0x03, 0xE8,
	0x00, 0x03, 0x00, 0x18, 0x40, 0x15, 0x00, 0x00, 0x01, 0x01, 0x00, 0x57,
	0x00, 0x00, 0x00, 0x01, 0x5F, 0x00, 0x01, 0x00, 0x01, 0x4F, 0x11, 0x10,
	0x02, 0x07, 0x18, 0x2B, 0x03, 0x33, 0x15, 0x23, 0x64, 0x96, 0x96, 0x03,
	0xE8, 0x96, 0x00, 0x01, 0xFF, 0x9C, 0x03, 0x20, 0x00, 0x64, 0x03, 0xE8,
	0x00, 0x0B, 0x00, 0x65, 0x4B, 0xB0, 0x21, 0x50, 0x58, 0x40, 0x26, 0x00,
	0x05, 0x04, 0x03, 0x00, 0x05, 0x72, 0x00, 0x02, 0x00, 0x01, 0x03, 0x02,
	0x72, 0x00, 0x04, 0x00, 0x03, 0x00, 0x04, 0x03, 0x67, 0x00, 0x00, 0x02,
	0x01, 0x00, 0x57, 0x00, 0x00, 0x00, 0x01, 0x60, 0x00, 0x01, 0x00, 0x01,
	0x50, 0x1B, 0x40, 0x28, 0x00, 0x05, 0x04, 0x03, 0x04, 0x05, 0x03, 0x80,
	0x00, 0x02, 0x00, 0x01, 0x00, 0x02, 0x01, 0x80, 0x00, 0x04, 0x00, 0x03,
	0x00, 0x04, 0x03, 0x67, 0x00, 0x00, 0x02, 0x01, 0x00, 0x57, 0x00, 0x00,
	0x00, 0x01, 0x60, 0x00, 0x01, 0x00, 0x01, 0x50, 0x59, 0x40, 0x09, 0x11,
	0x11, 0x11, 0x11, 0x11, 0x10, 0x06, 0x07, 0x1C, 0x2B, 0x13, 0x33, 0x15,
	0x23, 0x35, 0x23, 0x35, 0x23, 0x35, 0x33, 0x15, 0x33, 0x32, 0x32, 0x64,
	0x32, 0x32, 0x64, 0x32, 0x03, 0x84, 0x64, 0x32, 0x32, 0x64, 0x32, 0x00,
	0x00, 0x01, 0xFF, 0x9C, 0x03, 0x20, 0x00, 0x64, 0x03, 0xE8, 0x00, 0x0B,
	0x00, 0x6C, 0x4B, 0xB0, 0x21, 0x50, 0x58, 0x40, 0x27, 0x00, 0x04, 0x05,
	0x00, 0x03, 0x04, 0x72, 0x00, 0x01, 0x03, 0x02, 0x00, 0x01, 0x72, 0x06,
	0x01, 0x05, 0x00, 0x00, 0x03, 0x05, 0x00, 0x67, 0x00, 0x03, 0x01, 0x02,
	0x03, 0x57, 0x00, 0x03, 0x03, 0x02, 0x60, 0x00, 0x02, 0x03, 0x02, 0x50,
	0x1B, 0x40, 0x29, 0x00, 0x04, 0x05, 0x00, 0x05, 0x04, 0x00, 0x80, 0x00,
	0x01, 0x03, 0x02, 0x03, 0x01, 0x02, 0x80, 0x06, 0x01, 0x05, 0x00, 0x00,
	0x03, 0x05, 0x00, 0x67, 0x00, 0x03, 0x01, 0x02, 0x03, 0x57, 0x00, 0x03,
	0x03, 0x02, 0x60, 0x00, 0x02, 0x03, 0x02, 0x50, 0x59, 0x40, 0x0E, 0x00,
	0x00, 0x00, 0x0B, 0x00, 0x0B, 0x11, 0x11, 0x11, 0x11, 0x11, 0x07, 0x07,
	0x1B, 0x2B, 0x13, 0x15, 0x23, 0x15, 0x23, 0x15, 0x23, 0x35, 0x33, 0x35,
	0x33, 0x35, 0x64, 0x32, 0x32, 0x64, 0x32, 0x32, 0x03, 0xE8, 0x64, 0x32,
	0x32, 0x64, 0x32, 0x32, 0x00, 0x02, 0xFF, 0x38, 0x03, 0x20, 0x00, 0xC8,
	0x03, 0xE8, 0x00, 0x0B, 0x00, 0x17, 0x00, 0x8C, 0x4B, 0xB0, 0x21, 0x50,
	0x58, 0x40, 0x2F, 0x0A, 0x01, 0x04, 0x05, 0x00, 0x03, 0x04, 0x72, 0x07,
	0x01, 0x01, 0x03, 0x02, 0x00, 0x01, 0x72, 0x0D, 0x0B, 0x0C, 0x03, 0x05,
	0x06, 0x01, 0x00, 0x03, 0x05, 0x00, 0x67, 0x09, 0x01, 0x03, 0x01, 0x02,
	0x03, 0x57, 0x09, 0x01, 0x03, 0x03, 0x02, 0x60, 0x08, 0x01, 0x02, 0x03,
	0x02, 0x50, 0x1B, 0x40, 0x31, 0x0A, 0x01, 0x04, 0x05, 0x00, 0x05, 0x04,
	0x00, 0x80, 0x07, 0x01, 0x01, 0x03, 0x02, 0x03, 0x01, 0x02, 0x80, 0x0D,
	0x0B, 0x0C, 0x03, 0x05, 0x06, 0x01, 0x00, 0x03, 0x05, 0x00, 0x67, 0x09,
	0x01, 0x03, 0x01, 0x02, 0x03, 0x57, 0x09, 0x01, 0x03, 0x03, 0x02, 0x60,
	0x08, 0x01, 0x02, 0x03, 0x02, 0x50, 0x59, 0x40, 0x1E, 0x0C, 0x0C, 0x00,
	0x00, 0x0C, 0x17, 0x0C, 0x17, 0x16, 0x15, 0x14, 0x13, 0x12, 0x11, 0x10,
	0x0F, 0x0E, 0x0D, 0x00, 0x0B, 0x00, 0x0B, 0x11, 0x11, 0x11, 0x11, 0x11,
	0x0E, 0x07, 0x1B, 0x2B, 0x11, 0x15, 0x23, 0x15, 0x23, 0x15, 0x23, 0x35,
	0x33, 0x35, 0x33, 0x35, 0x21, 0x15, 0x23, 0x15, 0x23, 0x15, 0x23, 0x35,
	0x33, 0x35, 0x33, 0x35, 0x32, 0x32, 0x64, 0x32, 0x32, 0x01, 0x2C, 0x32,
	0x32, 0x64, 0x32, 0x32, 0x03, 0xE8, 0x64, 0x32, 0x32, 0x64, 0x32, 0x32,
	0x64, 0x32, 0x32, 0x64, 0x32, 0x32, 0x00, 0x01, 0xFF, 0x6A, 0x03, 0x20,
	0x00, 0x96, 0x03, 0xE8, 0x00, 0x0F, 0x00, 0x60, 0x4B, 0xB0, 0x21, 0x50,
	0x58, 0x40, 0x23, 0x07, 0x01, 0x05, 0x06, 0x00, 0x00, 0x05, 0x72, 0x04,
	0x01, 0x00, 0x02, 0x01, 0x00, 0x57, 0x00, 0x06, 0x00, 0x02, 0x01, 0x06,
	0x02, 0x67, 0x04, 0x01, 0x00, 0x00, 0x01, 0x60, 0x03, 0x01, 0x01, 0x00,
	0x01, 0x50, 0x1B, 0x40, 0x24, 0x07, 0x01, 0x05, 0x06, 0x00, 0x06, 0x05,
	0x00, 0x80, 0x04, 0x01, 0x00, 0x02, 0x01, 0x00, 0x57, 0x00, 0x06, 0x00,
	0x02, 0x01, 0x06, 0x02, 0x67, 0x04, 0x01, 0x00, 0x00, 0x01, 0x60, 0x03,
	0x01, 0x01, 0x00, 0x01, 0x50, 0x59, 0x40, 0x0B, 0x11, 0x11, 0x11, 0x11,
	0x11, 0x11, 0x11, 0x10, 0x08, 0x07, 0x1E, 0x2B, 0x13, 0x33, 0x15, 0x23,
	0x35, 0x23, 0x15, 0x23, 0x35, 0x33, 0x35, 0x33, 0x35, 0x33, 0x15, 0x33,
	0x64, 0x32, 0x64, 0x64, 0x64, 0x32, 0x32, 0x64, 0x32, 0x03, 0x84, 0x64,
	0x32, 0x32, 0x64, 0x32, 0x32, 0x32, 0x00, 0x01, 0xFF, 0x6A, 0x03, 0x20,
	0x00, 0x96, 0x03, 0xE8, 0x00, 0x0F, 0x00, 0x5E, 0x4B, 0xB0, 0x21, 0x50,
	0x58, 0x40, 0x22, 0x06, 0x01, 0x00, 0x01, 0x07, 0x01, 0x00, 0x72, 0x00,
	0x03, 0x01, 0x07, 0x03, 0x57, 0x04, 0x01, 0x02, 0x05, 0x01, 0x01, 0x00,
	0x02, 0x01, 0x67, 0x00, 0x03, 0x03, 0x07, 0x5F, 0x00, 0x07, 0x03, 0x07,
	0x4F, 0x1B, 0x40, 0x23, 0x06, 0x01, 0x00, 0x01, 0x07, 0x01, 0x00, 0x07,
	0x80, 0x00, 0x03, 0x01, 0x07, 0x03, 0x57, 0x04, 0x01, 0x02, 0x05, 0x01,
	0x01, 0x00, 0x02, 0x01, 0x67, 0x00, 0x03, 0x03, 0x07, 0x5F, 0x00, 0x07,
	0x03, 0x07, 0x4F, 0x59, 0x40, 0x0B, 0x11, 0x11, 0x11, 0x11, 0x11, 0x11,
	0x11, 0x10, 0x08, 0x07, 0x1E, 0x2B, 0x03, 0x23, 0x35, 0x23, 0x35, 0x33,
	0x15, 0x33, 0x35, 0x33, 0x15, 0x23, 0x15, 0x23, 0x15, 0x23, 0x32, 0x32,
	0x32, 0x64, 0x64, 0x64, 0x32, 0x32, 0x64, 0x03, 0x52, 0x32, 0x64, 0x32,
	0x32, 0x64, 0x32, 0x32, 0x00, 0x01, 0xFF, 0x6A, 0x03, 0x20, 0x00, 0x96,
	0x03, 0xE8, 0x00, 0x0B, 0x00, 0x2D, 0x40, 0x2A, 0x06, 0x01, 0x05, 0x01,
	0x02, 0x05, 0x57, 0x04, 0x01, 0x00, 0x03, 0x01, 0x01, 0x02, 0x00, 0x01,
	0x67, 0x06, 0x01, 0x05, 0x05, 0x02, 0x5F, 0x00, 0x02, 0x05, 0x02, 0x4F,
	0x00, 0x00, 0x00, 0x0B, 0x00, 0x0B, 0x11, 0x11, 0x11, 0x11, 0x11, 0x07,
	0x07, 0x1B, 0x2B, 0x13, 0x35, 0x33, 0x15, 0x23, 0x15, 0x23, 0x35, 0x23,
	0x35, 0x33, 0x15, 0x32, 0x64, 0x32, 0xC8, 0x32, 0x64, 0x03, 0x84, 0x64,
	0x96, 0x32, 0x32, 0x96, 0x64, 0x00, 0x00, 0x02, 0xFF, 0x6A, 0x03, 0x20,
	0x00, 0x96, 0x04, 0x1A, 0x00, 0x0F, 0x00, 0x13, 0x00, 0x79, 0x4B, 0xB0,
	0x0B, 0x50, 0x58, 0x40, 0x2C, 0x04, 0x01, 0x02, 0x03, 0x08, 0x09, 0x02,
	0x72, 0x00, 0x03, 0x00, 0x08, 0x01, 0x03, 0x08, 0x67, 0x05, 0x01, 0x01,
	0x06, 0x01, 0x00, 0x09, 0x01, 0x00, 0x67, 0x0A, 0x01, 0x09, 0x07, 0x07,
	0x09, 0x57, 0x0A, 0x01, 0x09, 0x09, 0x07, 0x60, 0x00, 0x07, 0x09, 0x07,
	0x50, 0x1B, 0x40, 0x2D, 0x04, 0x01, 0x02, 0x03, 0x08, 0x03, 0x02, 0x08,
	0x80, 0x00, 0x03, 0x00, 0x08, 0x01, 0x03, 0x08, 0x67, 0x05, 0x01, 0x01,
	0x06, 0x01, 0x00, 0x09, 0x01, 0x00, 0x67, 0x0A, 0x01, 0x09, 0x07, 0x07,
	0x09, 0x57, 0x0A, 0x01, 0x09, 0x09, 0x07, 0x60, 0x00, 0x07, 0x09, 0x07,
	0x50, 0x59, 0x40, 0x12, 0x10, 0x10, 0x10, 0x13, 0x10, 0x13, 0x12, 0x11,
	0x11, 0x11, 0x11, 0x11, 0x11, 0x11, 0x10, 0x0B, 0x07, 0x1F, 0x2B, 0x03,
	0x23, 0x35, 0x33, 0x35, 0x33, 0x35, 0x33, 0x15, 0x33, 0x15, 0x33, 0x15,
	0x23, 0x15, 0x23, 0x37, 0x35, 0x23, 0x15, 0x64, 0x32, 0x32, 0x32, 0x64,
	0x32, 0x32, 0x32, 0xC8, 0x96, 0x64, 0x03, 0x52, 0x64, 0x32, 0x32, 0x32,
	0x32, 0x64, 0x32, 0x32, 0x64, 0x64, 0x00, 0x01, 0xFF, 0x6A, 0x03, 0x20,
	0x00, 0x96, 0x03, 0xE8, 0x00, 0x0F, 0x00, 0x2B, 0x40, 0x28, 0x05, 0x01,
	0x03, 0x02, 0x00, 0x03, 0x57, 0x04, 0x01, 0x02, 0x06, 0x01, 0x00, 0x01,
	0x02, 0x00, 0x68, 0x04, 0x01, 0x02, 0x02, 0x01, 0x60, 0x07, 0x01, 0x01,
	0x02, 0x01, 0x50, 0x11, 0x11, 0x11, 0x11, 0x11, 0x11, 0x11, 0x10, 0x08,
	0x07, 0x1E, 0x2B, 0x13, 0x23, 0x15, 0x23, 0x35, 0x33, 0x35, 0x33, 0x15,
	0x33, 0x35, 0x33, 0x15, 0x23, 0x15, 0x23, 0x32, 0x96, 0x32, 0x32, 0x32,
	0x96, 0x32, 0x32, 0x32, 0x03, 0x52, 0x32, 0x96, 0x32, 0x32, 0x32, 0x96,
	0x32, 0x00, 0x00, 0x01, 0xFF, 0x6A, 0x03, 0x52, 0x00, 0x96, 0x03, 0xB6,
	0x00, 0x03, 0x00, 0x18, 0x40, 0x15, 0x00, 0x00, 0x01, 0x01, 0x00, 0x57,
	0x00, 0x00, 0x00, 0x01, 0x5F, 0x00, 0x01, 0x00, 0x01, 0x4F, 0x11, 0x10,
	0x02, 0x07, 0x18, 0x2B, 0x03, 0x21, 0x15, 0x21, 0x96, 0x01, 0x2C, 0xFE,
	0xD4, 0x03, 0xB6, 0x64, 0x00, 0x02, 0x00, 0x00, 0x02, 0x8A, 0x01, 0x90,
	0x03, 0x20, 0x00, 0x03, 0x00, 0x07, 0x00, 0x25, 0xB1, 0x06, 0x64, 0x44,
	0x40, 0x1A, 0x02, 0x01, 0x00, 0x01, 0x01, 0x00, 0x57, 0x02, 0x01, 0x00,
	0x00, 0x01, 0x5F, 0x03, 0x01, 0x01, 0x00, 0x01, 0x4F, 0x11, 0x11, 0x11,
	0x10, 0x04, 0x07, 0x1A, 0x2B, 0xB1, 0x06, 0x00, 0x44, 0x11, 0x33, 0x15,
	0x23, 0x37, 0x33, 0x15, 0x23, 0x96, 0x96, 0xFA, 0x96, 0x96, 0x03, 0x20,
	0x96, 0x96, 0x96, 0x00, 0x00, 0x01, 0x00, 0x00, 0x02, 0x8A, 0x00, 0x96,
	0x03, 0x20, 0x00, 0x03, 0x00, 0x20, 0xB1, 0x06, 0x64, 0x44, 0x40, 0x15,
	0x00, 0x00, 0x01, 0x01, 0x00, 0x57, 0x00, 0x00, 0x00, 0x01, 0x5F, 0x00,
	0x01, 0x00, 0x01, 0x4F, 0x11, 0x10, 0x02, 0x07, 0x18, 0x2B, 0xB1, 0x06,
	0x00, 0x44, 0x11, 0x33, 0x15, 0x23, 0x96, 0x96, 0x03, 0x20, 0x96, 0x00,
	0x00, 0x01, 0x00, 0x00, 0x02, 0x8A, 0x00, 0xC8, 0x03, 0x52, 0x00, 0x0B,
	0x00, 0x6D, 0xB1, 0x06, 0x64, 0x44, 0x4B, 0xB0, 0x21, 0x50, 0x58, 0x40,
	0x26, 0x00, 0x01, 0x00, 0x05, 0x02, 0x01, 0x72, 0x00, 0x04, 0x02, 0x03,
	0x05, 0x04, 0x72, 0x00, 0x00, 0x00, 0x05, 0x02, 0x00, 0x05, 0x67, 0x00,
	0x02, 0x04, 0x03, 0x02, 0x57, 0x00, 0x02, 0x02, 0x03, 0x60, 0x00, 0x03,
	0x02, 0x03, 0x50, 0x1B, 0x40, 0x28, 0x00, 0x01, 0x00, 0x05, 0x00, 0x01,
	0x05, 0x80, 0x00, 0x04, 0x02, 0x03, 0x02, 0x04, 0x03, 0x80, 0x00, 0x00,
	0x00, 0x05, 0x02, 0x00, 0x05, 0x67, 0x00, 0x02, 0x04, 0x03, 0x02, 0x57,
	0x00, 0x02, 0x02, 0x03, 0x60, 0x00, 0x03, 0x02, 0x03, 0x50, 0x59, 0x40,
	0x09, 0x11, 0x11, 0x11, 0x11, 0x11, 0x10, 0x06, 0x07, 0x1C, 0x2B, 0xB1,
	0x06, 0x00, 0x44, 0x11, 0x33, 0x15, 0x33, 0x15, 0x33, 0x15, 0x23, 0x35,
	0x23, 0x35, 0x23, 0x64, 0x32, 0x32, 0x64, 0x32, 0x32, 0x03, 0x52, 0x32,
	0x32, 0x64, 0x32, 0x32, 0x00, 0x01, 0x00, 0x00, 0x02, 0x8A, 0x00, 0xC8,
	0x03, 0x52, 0x00, 0x0B, 0x00, 0x6D, 0xB1, 0x06, 0x64, 0x44, 0x4B, 0xB0,
	0x21, 0x50, 0x58, 0x40, 0x26, 0x00, 0x01, 0x02, 0x03, 0x00, 0x01, 0x72,
	0x00, 0x04, 0x00, 0x05, 0x03, 0x04, 0x72, 0x00, 0x02, 0x00, 0x03, 0x00,
	0x02, 0x03, 0x67, 0x00, 0x00, 0x04, 0x05, 0x00, 0x57, 0x00, 0x00, 0x00,
	0x05, 0x60, 0x00, 0x05, 0x00, 0x05, 0x50, 0x1B, 0x40, 0x28, 0x00, 0x01,
	0x02, 0x03, 0x02, 0x01, 0x03, 0x80, 0x00, 0x04, 0x00, 0x05, 0x00, 0x04,
	0x05, 0x80, 0x00, 0x02, 0x00, 0x03, 0x00, 0x02, 0x03, 0x67, 0x00, 0x00,
	0x04, 0x05, 0x00, 0x57, 0x00, 0x00, 0x00, 0x05, 0x60, 0x00, 0x05, 0x00,
	0x05, 0x50, 0x59, 0x40, 0x09, 0x11, 0x11, 0x11, 0x11, 0x11, 0x10, 0x06,
	0x07, 0x1C, 0x2B, 0xB1, 0x06, 0x00, 0x44, 0x11, 0x33, 0x35, 0x33, 0x35,
	0x33, 0x15, 0x23, 0x15, 0x23, 0x15, 0x23, 0x32, 0x32, 0x64, 0x32, 0x32,
	0x64, 0x02, 0xEE, 0x32, 0x32, 0x64, 0x32, 0x32, 0x00, 0x02, 0x00, 0x00,
	0x02, 0x8A, 0x01, 0x90, 0x03, 0x52, 0x00, 0x0B, 0x00, 0x17, 0x00, 0x84,
	0xB1, 0x06, 0x64, 0x44, 0x4B, 0xB0, 0x21, 0x50, 0x58, 0x40, 0x2D, 0x07,
	0x01, 0x01, 0x02, 0x03, 0x00, 0x01, 0x72, 0x0A, 0x01, 0x04, 0x00, 0x05,
	0x03, 0x04, 0x72, 0x08, 0x01, 0x02, 0x09, 0x01, 0x03, 0x00, 0x02, 0x03,
	0x67, 0x06, 0x01, 0x00, 0x04, 0x05, 0x00, 0x57, 0x06, 0x01, 0x00, 0x00,
	0x05, 0x60, 0x0B, 0x01, 0x05, 0x00, 0x05, 0x50, 0x1B, 0x40, 0x2F, 0x07,
	0x01, 0x01, 0x02, 0x03, 0x02, 0x01, 0x03, 0x80, 0x0A, 0x01, 0x04, 0x00,
	0x05, 0x00, 0x04, 0x05, 0x80, 0x08, 0x01, 0x02, 0x09, 0x01, 0x03, 0x00,
	0x02, 0x03, 0x67, 0x06, 0x01, 0x00, 0x04, 0x05, 0x00, 0x57, 0x06, 0x01,
	0x00, 0x00, 0x05, 0x60, 0x0B, 0x01, 0x05, 0x00, 0x05, 0x50, 0x59, 0x40,
	0x12, 0x17, 0x16, 0x15, 0x14, 0x13, 0x12, 0x11, 0x11, 0x11, 0x11, 0x11,
	0x11, 0x11, 0x11, 0x10, 0x0C, 0x07, 0x1F, 0x2B, 0xB1, 0x06, 0x00, 0x44,
	0x11, 0x33, 0x35, 0x33, 0x35, 0x33, 0x15, 0x23, 0x15, 0x23, 0x15, 0x23,
	0x37, 0x33, 0x35, 0x33, 0x35, 0x33, 0x15, 0x23, 0x15, 0x23, 0x15, 0x23,
	0x32, 0x32, 0x64, 0x32, 0x32, 0x64, 0xC8, 0x32, 0x32, 0x64, 0x32, 0x32,
	0x64, 0x02, 0xEE, 0x32, 0x32, 0x64, 0x32, 0x32, 0x64, 0x32, 0x32, 0x64,
	0x32, 0x32, 0x00, 0x01, 0x00, 0x00, 0x02, 0x8A, 0x01, 0x2C, 0x03, 0x52,
	0x00, 0x0F, 0x00, 0x68, 0xB1, 0x06, 0x64, 0x44, 0x4B, 0xB0, 0x21, 0x50,
	0x58, 0x40, 0x23, 0x03, 0x01, 0x01, 0x02, 0x00, 0x00, 0x01, 0x72, 0x04,
	0x01, 0x00, 0x06, 0x05, 0x00, 0x57, 0x00, 0x02, 0x00, 0x06, 0x05, 0x02,
	0x06, 0x67, 0x04, 0x01, 0x00, 0x00, 0x05, 0x60, 0x07, 0x01, 0x05, 0x00,
	0x05, 0x50, 0x1B, 0x40, 0x24, 0x03, 0x01, 0x01, 0x02, 0x00, 0x02, 0x01,
	0x00, 0x80, 0x04, 0x01, 0x00, 0x06, 0x05, 0x00, 0x57, 0x00, 0x02, 0x00,
	0x06, 0x05, 0x02, 0x06, 0x67, 0x04, 0x01, 0x00, 0x00, 0x05, 0x60, 0x07,
	0x01, 0x05, 0x00, 0x05, 0x50, 0x59, 0x40, 0x0B, 0x11, 0x11, 0x11, 0x11,
	0x11, 0x11, 0x11, 0x10, 0x08, 0x07, 0x1E, 0x2B, 0xB1, 0x06, 0x00, 0x44,
	0x11, 0x33, 0x35, 0x33, 0x35, 0x33, 0x15, 0x33, 0x15, 0x33, 0x15, 0x23,
	0x35, 0x23, 0x15, 0x23, 0x32, 0x32, 0x64, 0x32, 0x32, 0x64, 0x64, 0x64,
	0x02, 0xEE, 0x32, 0x32, 0x32, 0x32, 0x64, 0x32, 0x32, 0x00, 0x00, 0x01,
	0x00, 0x00, 0x02, 0x8A, 0x01, 0x2C, 0x03, 0x52, 0x00, 0x0F, 0x00, 0x66,
	0xB1, 0x06, 0x64, 0x44, 0x4B, 0xB0, 0x21, 0x50, 0x58, 0x40, 0x22, 0x07,
	0x01, 0x05, 0x00, 0x06, 0x00, 0x05, 0x72, 0x00, 0x02, 0x00, 0x06, 0x02,
	0x57, 0x03, 0x01, 0x01, 0x04, 0x01, 0x00, 0x05, 0x01, 0x00, 0x67, 0x00,
	0x02, 0x02, 0x06, 0x5F, 0x00, 0x06, 0x02, 0x06, 0x4F, 0x1B, 0x40, 0x23,
	0x07, 0x01, 0x05, 0x00, 0x06, 0x00, 0x05, 0x06, 0x80, 0x00, 0x02, 0x00,
	0x06, 0x02, 0x57, 0x03, 0x01, 0x01, 0x04, 0x01, 0x00, 0x05, 0x01, 0x00,
	0x67, 0x00, 0x02, 0x02, 0x06, 0x5F, 0x00, 0x06, 0x02, 0x06, 0x4F, 0x59,
	0x40, 0x0B, 0x11, 0x11, 0x11, 0x11, 0x11, 0x11, 0x11, 0x10, 0x08, 0x07,
	0x1E, 0x2B, 0xB1, 0x06, 0x00, 0x44, 0x13, 0x23, 0x35, 0x33, 0x15, 0x33,
	0x35, 0x33, 0x15, 0x23, 0x15, 0x23, 0x15, 0x23, 0x35, 0x23, 0x32, 0x32,
	0x64, 0x64, 0x64, 0x32, 0x32, 0x64, 0x32, 0x02, 0xEE, 0x64, 0x32, 0x32,
	0x64, 0x32, 0x32, 0x32, 0x00, 0x01, 0x00, 0x00, 0x02, 0x8A, 0x01, 0x2C,
	0x03, 0x52, 0x00, 0x0B, 0x00, 0x35, 0xB1, 0x06, 0x64, 0x44, 0x40, 0x2A,
	0x06, 0x01, 0x05, 0x01, 0x02, 0x05, 0x57, 0x04, 0x01, 0x00, 0x03, 0x01,
	0x01, 0x02, 0x00, 0x01, 0x67, 0x06, 0x01, 0x05, 0x05, 0x02, 0x5F, 0x00,
	0x02, 0x05, 0x02, 0x4F, 0x00, 0x00, 0x00, 0x0B, 0x00, 0x0B, 0x11, 0x11,
	0x11, 0x11, 0x11, 0x07, 0x07, 0x1B, 0x2B, 0xB1, 0x06, 0x00, 0x44, 0x13,
	0x35, 0x33, 0x15, 0x23, 0x15, 0x23, 0x35, 0x23, 0x35, 0x33, 0x15, 0xC8,
	0x64, 0x32, 0xC8, 0x32, 0x64, 0x02, 0xEE, 0x64, 0x96, 0x32, 0x32, 0x96,
	0x64, 0x00, 0x00, 0x02, 0x00, 0x00, 0x02, 0x58, 0x01, 0x2C, 0x03, 0x84,
	0x00, 0x13, 0x00, 0x17, 0x00, 0x4F, 0xB1, 0x06, 0x64, 0x44, 0x40, 0x44,
	0x00, 0x04, 0x00, 0x0A, 0x02, 0x04, 0x0A, 0x67, 0x06, 0x01, 0x02, 0x07,
	0x01, 0x01, 0x0B, 0x02, 0x01, 0x67, 0x0C, 0x01, 0x0B, 0x00, 0x09, 0x0B,
	0x57, 0x05, 0x01, 0x03, 0x08, 0x01, 0x00, 0x09, 0x03, 0x00, 0x67, 0x0C,
	0x01, 0x0B, 0x0B, 0x09, 0x5F, 0x00, 0x09, 0x0B, 0x09, 0x4F, 0x14, 0x14,
	0x14, 0x17, 0x14, 0x17, 0x16, 0x15, 0x13, 0x12, 0x11, 0x11, 0x11, 0x11,
	0x11, 0x11, 0x11, 0x11, 0x10, 0x0D, 0x07, 0x1F, 0x2B, 0xB1, 0x06, 0x00,
	0x44, 0x13, 0x23, 0x35, 0x23, 0x35, 0x33, 0x35, 0x33, 0x35, 0x33, 0x15,
	0x33, 0x15, 0x33, 0x15, 0x23, 0x15, 0x23, 0x15, 0x23, 0x37, 0x35, 0x23,
	0x15, 0x64, 0x32, 0x32, 0x32, 0x32, 0x64, 0x32, 0x32, 0x32, 0x32, 0x64,
	0x64, 0x64, 0x02, 0x8A, 0x32, 0x64, 0x32, 0x32, 0x32, 0x32, 0x64, 0x32,
	0x32, 0x64, 0x64, 0x64, 0x00, 0x01, 0x00, 0x00, 0x02, 0x58, 0x01, 0x2C,
	0x03, 0x52, 0x00, 0x13, 0x00, 0x72, 0xB1, 0x06, 0x64, 0x44, 0x4B, 0xB0,
	0x21, 0x50, 0x58, 0x40, 0x28, 0x00, 0x04, 0x03, 0x03, 0x04, 0x70, 0x00,
	0x09, 0x00, 0x00, 0x09, 0x71, 0x00, 0x06, 0x01, 0x00, 0x06, 0x57, 0x07,
	0x05, 0x02, 0x03, 0x00, 0x01, 0x00, 0x03, 0x01, 0x68, 0x00, 0x06, 0x06,
	0x00, 0x5F, 0x08, 0x02, 0x02, 0x00, 0x06, 0x00, 0x4F, 0x1B, 0x40, 0x26,
	0x00, 0x04, 0x03, 0x04, 0x85, 0x00, 0x09, 0x00, 0x09, 0x86, 0x00, 0x06,
	0x01, 0x00, 0x06, 0x57, 0x07, 0x05, 0x02, 0x03, 0x00, 0x01, 0x00, 0x03,
	0x01, 0x68, 0x00, 0x06, 0x06, 0x00, 0x5F, 0x08, 0x02, 0x02, 0x00, 0x06,
	0x00, 0x4F, 0x59, 0x40, 0x0E, 0x13, 0x12, 0x11, 0x11, 0x11, 0x11, 0x11,
	0x11, 0x11, 0x11, 0x10, 0x0A, 0x07, 0x1F, 0x2B, 0xB1, 0x06, 0x00, 0x44,
	0x13, 0x23, 0x35, 0x23, 0x15, 0x23, 0x35, 0x33, 0x35, 0x33, 0x15, 0x33,
	0x15, 0x33, 0x35, 0x33, 0x15, 0x23, 0x15, 0x23, 0xC8, 0x32, 0x64, 0x32,
	0x32, 0x32, 0x32, 0x64, 0x32, 0x32, 0x32, 0x02, 0x8A, 0x32, 0x32, 0x96,
	0x32, 0x32, 0x32, 0x32, 0x96, 0x32, 0x00, 0x01, 0x00, 0x00, 0x02, 0x8A,
	0x01, 0x2C, 0x02, 0xEE, 0x00, 0x03, 0x00, 0x20, 0xB1, 0x06, 0x64, 0x44,
	0x40, 0x15, 0x00, 0x00, 0x01, 0x01, 0x00, 0x57, 0x00, 0x00, 0x00, 0x01,
	0x5F, 0x00, 0x01, 0x00, 0x01, 0x4F, 0x11, 0x10, 0x02, 0x07, 0x18, 0x2B,
	0xB1, 0x06, 0x00, 0x44, 0x11, 0x21, 0x15, 0x21, 0x01, 0x2C, 0xFE, 0xD4,
	0x02, 0xEE, 0x64, 0x00, 0x00, 0x01, 0x00, 0x00, 0xFF, 0x06, 0x00, 0xFA,
	0x00, 0x00, 0x00, 0x0D, 0x00, 0x6F, 0xB1, 0x06, 0x64, 0x44, 0x4B, 0xB0,
	0x10, 0x50, 0x58, 0x40, 0x27, 0x00, 0x01, 0x00, 0x06, 0x05, 0x01, 0x72,
	0x00, 0x00, 0x00, 0x06, 0x02, 0x00, 0x06, 0x67, 0x00, 0x05, 0x03, 0x04,
	0x05, 0x57, 0x00, 0x02, 0x00, 0x03, 0x04, 0x02, 0x03, 0x67, 0x00, 0x05,
	0x05, 0x04, 0x60, 0x00, 0x04, 0x05, 0x04, 0x50, 0x1B, 0x40, 0x28, 0x00,
	0x01, 0x00, 0x06, 0x00, 0x01, 0x06, 0x80, 0x00, 0x00, 0x00, 0x06, 0x02,
	0x00, 0x06, 0x67, 0x00, 0x05, 0x03, 0x04, 0x05, 0x57, 0x00, 0x02, 0x00,
	0x03, 0x04, 0x02, 0x03, 0x67, 0x00, 0x05, 0x05, 0x04, 0x60, 0x00, 0x04,
	0x05, 0x04, 0x50, 0x59, 0x40, 0x0A, 0x11, 0x11, 0x11, 0x11, 0x11, 0x11,
	0x10, 0x07, 0x07, 0x1D, 0x2B, 0xB1, 0x06, 0x00, 0x44, 0x33, 0x33, 0x15,
	0x33, 0x15, 0x33, 0x15, 0x23, 0x15, 0x23, 0x35, 0x33, 0x35, 0x23, 0x32,
	0x64, 0x32, 0x32, 0x32, 0xC8, 0x96, 0x64, 0x32, 0x32, 0x64, 0x32, 0x64,
	0x32, 0x00, 0x00, 0x01, 0x00, 0x00, 0xFF, 0x06, 0x00, 0xFA, 0x00, 0x00,
	0x00, 0x0F, 0x00, 0xBC, 0xB1, 0x06, 0x64, 0x44, 0x4B, 0xB0, 0x10, 0x50,
	0x58, 0x40, 0x2E, 0x08, 0x01, 0x07, 0x01, 0x02, 0x03, 0x07, 0x72, 0x00,
	0x02, 0x06, 0x01, 0x02, 0x70, 0x00, 0x00, 0x00, 0x01, 0x07, 0x00, 0x01,
	0x67, 0x00, 0x03, 0x05, 0x04, 0x03, 0x57, 0x00, 0x06, 0x00, 0x05, 0x04,
	0x06, 0x05, 0x67, 0x00, 0x03, 0x03, 0x04, 0x60, 0x00, 0x04, 0x03, 0x04,
	0x50, 0x1B, 0x4B, 0xB0, 0x21, 0x50, 0x58, 0x40, 0x2F, 0x08, 0x01, 0x07,
	0x01, 0x02, 0x01, 0x07, 0x02, 0x80, 0x00, 0x02, 0x06, 0x01, 0x02, 0x70,
	0x00, 0x00, 0x00, 0x01, 0x07, 0x00, 0x01, 0x67, 0x00, 0x03, 0x05, 0x04,
	0x03, 0x57, 0x00, 0x06, 0x00, 0x05, 0x04, 0x06, 0x05, 0x67, 0x00, 0x03,
	0x03, 0x04, 0x60, 0x00, 0x04, 0x03, 0x04, 0x50, 0x1B, 0x40, 0x30, 0x08,
	0x01, 0x07, 0x01, 0x02, 0x01, 0x07, 0x02, 0x80, 0x00, 0x02, 0x06, 0x01,
	0x02, 0x06, 0x7E, 0x00, 0x00, 0x00, 0x01, 0x07, 0x00, 0x01, 0x67, 0x00,
	0x03, 0x05, 0x04, 0x03, 0x57, 0x00, 0x06, 0x00, 0x05, 0x04, 0x06, 0x05,
	0x67, 0x00, 0x03, 0x03, 0x04, 0x60, 0x00, 0x04, 0x03, 0x04, 0x50, 0x59,
	0x59, 0x40, 0x10, 0x00, 0x00, 0x00, 0x0F, 0x00, 0x0F, 0x11, 0x11, 0x11,
	0x11, 0x11, 0x11, 0x11, 0x09, 0x07, 0x1D, 0x2B, 0xB1, 0x06, 0x00, 0x44,
	0x17, 0x35, 0x33, 0x15, 0x23, 0x15, 0x23, 0x15, 0x33, 0x15, 0x23, 0x35,
	0x23, 0x35, 0x33, 0x35, 0x64, 0x64, 0x32, 0x32, 0x96, 0xC8, 0x32, 0x32,
	0x32, 0x32, 0x32, 0x32, 0x32, 0x64, 0x32, 0x64, 0x32, 0x00, 0x00, 0x00
};
