#pragma once
/* D:\Desktop\Jost-Regular.ttf (29.05.2025 20:03:24)
   StartOffset(h): 00000000, EndOffset(h): 0000F053, Довжина(h): 0000F054 */

unsigned char Jost_Regular[61524] = {
	0x00, 0x01, 0x00, 0x00, 0x00, 0x10, 0x01, 0x00, 0x00, 0x04, 0x00, 0x00,
	0x47, 0x44, 0x45, 0x46, 0x02, 0x27, 0x03, 0xED, 0x00, 0x00, 0x01, 0x1C,
	0x00, 0x00, 0x00, 0x1C, 0x47, 0x50, 0x4F, 0x53, 0x12, 0x55, 0x0A, 0x29,
	0x00, 0x00, 0x12, 0x1C, 0x00, 0x00, 0x07, 0x4A, 0x47, 0x53, 0x55, 0x42,
	0xC9, 0x47, 0x21, 0x7F, 0x00, 0x00, 0x02, 0x5C, 0x00, 0x00, 0x00, 0xA4,
	0x4F, 0x53, 0x2F, 0x32, 0x5F, 0x76, 0x35, 0x3F, 0x00, 0x00, 0x01, 0xFC,
	0x00, 0x00, 0x00, 0x60, 0x53, 0x54, 0x41, 0x54, 0xE7, 0x91, 0xCC, 0x23,
	0x00, 0x00, 0x01, 0xB4, 0x00, 0x00, 0x00, 0x48, 0x63, 0x6D, 0x61, 0x70,
	0x95, 0x2F, 0x86, 0xFA, 0x00, 0x00, 0x07, 0x30, 0x00, 0x00, 0x05, 0x22,
	0x67, 0x61, 0x73, 0x70, 0x00, 0x00, 0x00, 0x10, 0x00, 0x00, 0x01, 0x14,
	0x00, 0x00, 0x00, 0x08, 0x67, 0x6C, 0x79, 0x66, 0x2D, 0xC3, 0x20, 0x14,
	0x00, 0x00, 0x2F, 0x68, 0x00, 0x00, 0xC0, 0xEA, 0x68, 0x65, 0x61, 0x64,
	0x15, 0x51, 0x47, 0x1A, 0x00, 0x00, 0x01, 0x7C, 0x00, 0x00, 0x00, 0x36,
	0x68, 0x68, 0x65, 0x61, 0x09, 0x86, 0x05, 0x1F, 0x00, 0x00, 0x01, 0x58,
	0x00, 0x00, 0x00, 0x24, 0x68, 0x6D, 0x74, 0x78, 0x40, 0x72, 0x57, 0x74,
	0x00, 0x00, 0x19, 0x68, 0x00, 0x00, 0x08, 0x4A, 0x6C, 0x6F, 0x63, 0x61,
	0x67, 0x7B, 0x97, 0x47, 0x00, 0x00, 0x03, 0x00, 0x00, 0x00, 0x04, 0x30,
	0x6D, 0x61, 0x78, 0x70, 0x02, 0x27, 0x00, 0xB3, 0x00, 0x00, 0x01, 0x38,
	0x00, 0x00, 0x00, 0x20, 0x6E, 0x61, 0x6D, 0x65, 0xAE, 0xAE, 0xE7, 0xC4,
	0x00, 0x00, 0x0C, 0x54, 0x00, 0x00, 0x05, 0xC6, 0x70, 0x6F, 0x73, 0x74,
	0x01, 0x23, 0xAC, 0x94, 0x00, 0x00, 0x21, 0xB4, 0x00, 0x00, 0x0D, 0xB4,
	0x70, 0x72, 0x65, 0x70, 0x68, 0x06, 0x8C, 0x85, 0x00, 0x00, 0x01, 0x0C,
	0x00, 0x00, 0x00, 0x07, 0xB8, 0x01, 0xFF, 0x85, 0xB0, 0x04, 0x8D, 0x00,
	0x00, 0x01, 0x00, 0x01, 0xFF, 0xFF, 0x00, 0x0F, 0x00, 0x01, 0x00, 0x00,
	0x00, 0x0C, 0x00, 0x00, 0x00, 0x00, 0x00, 0x00, 0x00, 0x02, 0x00, 0x02,
	0x00, 0x01, 0x01, 0xF4, 0x00, 0x01, 0x01, 0xF6, 0x02, 0x16, 0x00, 0x01,
	0x00, 0x01, 0x00, 0x00, 0x02, 0x17, 0x00, 0x84, 0x00, 0x09, 0x00, 0x2D,
	0x00, 0x04, 0x00, 0x01, 0x00, 0x00, 0x00, 0x00, 0x00, 0x00, 0x00, 0x00,
	0x00, 0x00, 0x00, 0x00, 0x00, 0x02, 0x00, 0x01, 0x00, 0x01, 0x00, 0x00,
	0x04, 0x2E, 0xFE, 0x89, 0x00, 0x00, 0x05, 0xE7, 0xFF, 0x91, 0xFE, 0xA0,
	0x05, 0xC4, 0x00, 0x01, 0x00, 0x00, 0x00, 0x00, 0x00, 0x00, 0x00, 0x00,
	0x00, 0x00, 0x00, 0x00, 0x00, 0x00, 0x02, 0x0E, 0x00, 0x01, 0x00, 0x00,
	0x00, 0x03, 0xB5, 0xC3, 0x13, 0x79, 0xAF, 0xD7, 0x5F, 0x0F, 0x3C, 0xF5,
	0x00, 0x03, 0x03, 0xE8, 0x00, 0x00, 0x00, 0x00, 0xD3, 0x81, 0x21, 0x79,
	0x00, 0x00, 0x00, 0x00, 0xDD, 0x61, 0x2C, 0x53, 0xFF, 0x91, 0xFE, 0xA2,
	0x05, 0xC4, 0x04, 0x06, 0x00, 0x00, 0x00, 0x06, 0x00, 0x02, 0x00, 0x00,
	0x00, 0x00, 0x00, 0x00, 0x00, 0x01, 0x00, 0x01, 0x00, 0x08, 0x00, 0x02,
	0x00, 0x00, 0x00, 0x14, 0x00, 0x02, 0x00, 0x00, 0x00, 0x24, 0x00, 0x02,
	0x77, 0x67, 0x68, 0x74, 0x01, 0x00, 0x00, 0x00, 0x69, 0x74, 0x61, 0x6C,
	0x01, 0x1C, 0x00, 0x01, 0x00, 0x14, 0x00, 0x04, 0x00, 0x03, 0x00, 0x01,
	0x00, 0x02, 0x01, 0x1D, 0x00, 0x00, 0x00, 0x00, 0x00, 0x01, 0x00, 0x00,
	0x00, 0x03, 0x00, 0x00, 0x00, 0x02, 0x01, 0x07, 0x01, 0x90, 0x00, 0x00,
	0x02, 0xBC, 0x00, 0x00, 0x00, 0x04, 0x02, 0x22, 0x01, 0x90, 0x00, 0x05,
	0x00, 0x00, 0x02, 0x8A, 0x02, 0x58, 0x00, 0x00, 0x00, 0x4B, 0x02, 0x8A,
	0x02, 0x58, 0x00, 0x00, 0x01, 0x5E, 0x00, 0x32, 0x01, 0x14, 0x00, 0x00,
	0x00, 0x00, 0x00, 0x00, 0x00, 0x00, 0x00, 0x00, 0x00, 0x00, 0xA0, 0x00,
	0x02, 0xEF, 0x00, 0x00, 0x20, 0x5B, 0x00, 0x00, 0x00, 0x10, 0x00, 0x00,
	0x00, 0x00, 0x69, 0x74, 0x2A, 0x00, 0x00, 0xC0, 0x00, 0x00, 0xFF, 0x19,
	0x04, 0x2E, 0xFE, 0x89, 0x00, 0x00, 0x04, 0x2E, 0x01, 0x77, 0x20, 0x00,
	0x00, 0x97, 0x00, 0x00, 0x00, 0x00, 0x01, 0xCC, 0x02, 0xBC, 0x00, 0x00,
	0x00, 0x20, 0x00, 0x02, 0x00, 0x01, 0x00, 0x00, 0x00, 0x0A, 0x00, 0x38,
	0x00, 0x52, 0x00, 0x03, 0x44, 0x46, 0x4C, 0x54, 0x00, 0x20, 0x67, 0x72,
	0x65, 0x6B, 0x00, 0x14, 0x6C, 0x61, 0x74, 0x6E, 0x00, 0x20, 0x00, 0x04,
	0x00, 0x00, 0x00, 0x00, 0xFF, 0xFF, 0x00, 0x01, 0x00, 0x01, 0x00, 0x04,
	0x00, 0x00, 0x00, 0x00, 0xFF, 0xFF, 0x00, 0x02, 0x00, 0x00, 0x00, 0x01,
	0x00, 0x02, 0x73, 0x73, 0x30, 0x31, 0x00, 0x14, 0x74, 0x6E, 0x75, 0x6D,
	0x00, 0x0E, 0x00, 0x00, 0x00, 0x01, 0x00, 0x01, 0x00, 0x00, 0x00, 0x01,
	0x00, 0x00, 0x00, 0x02, 0x00, 0x1E, 0x00, 0x06, 0x00, 0x01, 0x00, 0x00,
	0x00, 0x01, 0x00, 0x08, 0x00, 0x01, 0x00, 0x06, 0x00, 0x0A, 0x00, 0x02,
	0x00, 0x01, 0x01, 0x69, 0x01, 0x72, 0x00, 0x00, 0x00, 0x01, 0x00, 0x00,
	0x00, 0x01, 0x00, 0x08, 0x00, 0x02, 0x00, 0x1C, 0x00, 0x0B, 0x02, 0x0D,
	0x02, 0x0E, 0x02, 0x0F, 0x02, 0x10, 0x02, 0x11, 0x02, 0x12, 0x02, 0x13,
	0x02, 0x14, 0x02, 0x15, 0x02, 0x16, 0x02, 0x0D, 0x00, 0x02, 0x00, 0x02,
	0x00, 0xAC, 0x00, 0xB5, 0x00, 0x00, 0x01, 0x32, 0x01, 0x32, 0x00, 0x0A,
	0x00, 0x00, 0x00, 0x00, 0x00, 0x00, 0x00, 0x00, 0x00, 0x1F, 0x00, 0x45,
	0x00, 0x6B, 0x00, 0x94, 0x00, 0xD6, 0x01, 0x14, 0x01, 0x52, 0x01, 0x78,
	0x01, 0xAF, 0x01, 0xEE, 0x02, 0x2C, 0x02, 0x5F, 0x02, 0xB9, 0x02, 0xF4,
	0x03, 0x32, 0x03, 0x75, 0x03, 0xB3, 0x03, 0xDE, 0x04, 0x14, 0x04, 0x34,
	0x04, 0x5B, 0x04, 0x82, 0x04, 0xAC, 0x04, 0xEB, 0x05, 0x12, 0x05, 0x4A,
	0x05, 0x7A, 0x05, 0xBA, 0x05, 0xE4, 0x05, 0xFF, 0x06, 0x38, 0x06, 0x7B,
	0x06, 0xCC, 0x07, 0x15, 0x07, 0x56, 0x07, 0x71, 0x07, 0x96, 0x07, 0xA3,
	0x07, 0xB7, 0x07, 0xCB, 0x07, 0xE2, 0x08, 0x0E, 0x08, 0x3E, 0x08, 0x52,
	0x08, 0x77, 0x08, 0xA4, 0x08, 0xC1, 0x08, 0xE0, 0x09, 0x0A, 0x09, 0x25,
	0x09, 0x48, 0x09, 0x58, 0x09, 0x6F, 0x09, 0x87, 0x09, 0x9F, 0x09, 0xB8,
	0x09, 0xCE, 0x0A, 0x07, 0x0A, 0x24, 0x0A, 0x41, 0x0A, 0x61, 0x0A, 0x97,
	0x0A, 0xD4, 0x0B, 0x12, 0x0B, 0x53, 0x0B, 0xAC, 0x0C, 0x02, 0x0C, 0x3F,
	0x0C, 0x8D, 0x0C, 0x99, 0x0C, 0xBF, 0x0C, 0xFE, 0x0D, 0x2F, 0x0D, 0x67,
	0x0D, 0xA0, 0x0D, 0xDB, 0x0E, 0x23, 0x0E, 0x6B, 0x0E, 0xBE, 0x0F, 0x14,
	0x0F, 0x86, 0x0F, 0xDC, 0x10, 0x2F, 0x10, 0x41, 0x10, 0x4C, 0x10, 0x68,
	0x10, 0x82, 0x10, 0xA5, 0x10, 0xCF, 0x10, 0xFA, 0x11, 0x27, 0x11, 0x69,
	0x11, 0xAF, 0x11, 0xD9, 0x12, 0x14, 0x12, 0x56, 0x12, 0x62, 0x12, 0x6E,
	0x12, 0x80, 0x12, 0x9A, 0x12, 0xBE, 0x12, 0xCA, 0x12, 0xD6, 0x12, 0xE2,
	0x12, 0xEE, 0x12, 0xFA, 0x13, 0x17, 0x13, 0x2E, 0x13, 0x4C, 0x13, 0x6D,
	0x13, 0xA2, 0x13, 0xAE, 0x13, 0xC3, 0x13, 0xE0, 0x14, 0x05, 0x14, 0x24,
	0x14, 0x56, 0x14, 0x88, 0x14, 0xC8, 0x14, 0xF1, 0x15, 0x23, 0x15, 0x45,
	0x15, 0x6B, 0x15, 0x8B, 0x15, 0xA4, 0x15, 0xCE, 0x16, 0x08, 0x16, 0x20,
	0x16, 0x71, 0x16, 0x85, 0x16, 0xBD, 0x16, 0xDC, 0x17, 0x08, 0x17, 0x46,
	0x17, 0x56, 0x17, 0x6D, 0x17, 0x8A, 0x17, 0xAA, 0x17, 0xD1, 0x18, 0x10,
	0x18, 0x37, 0x18, 0x83, 0x18, 0xA1, 0x18, 0xC7, 0x18, 0xFD, 0x19, 0x18,
	0x19, 0x3A, 0x19, 0x58, 0x19, 0x71, 0x19, 0x8C, 0x19, 0xC2, 0x19, 0xD5,
	0x19, 0xFB, 0x1A, 0x2E, 0x1A, 0x40, 0x1A, 0x56, 0x1A, 0x84, 0x1A, 0xC1,
	0x1A, 0xDE, 0x1A, 0xF4, 0x1B, 0x17, 0x1B, 0x2F, 0x1B, 0x4B, 0x1B, 0x76,
	0x1B, 0xA6, 0x1B, 0xCF, 0x1C, 0x09, 0x1C, 0x4C, 0x1C, 0x7D, 0x1C, 0xC7,
	0x1D, 0x17, 0x1D, 0x68, 0x1D, 0xBB, 0x1E, 0x27, 0x1E, 0x8F, 0x1E, 0xF7,
	0x1F, 0x46, 0x1F, 0xA7, 0x20, 0x10, 0x20, 0x48, 0x20, 0x78, 0x20, 0xCF,
	0x21, 0x07, 0x21, 0x42, 0x21, 0x82, 0x21, 0xBD, 0x21, 0xF7, 0x22, 0x39,
	0x22, 0x75, 0x22, 0xBC, 0x23, 0x04, 0x23, 0x4E, 0x23, 0xAD, 0x23, 0xF3,
	0x24, 0x4B, 0x24, 0x9B, 0x24, 0xFD, 0x25, 0x47, 0x25, 0x6D, 0x25, 0xBA,
	0x26, 0x12, 0x26, 0x77, 0x26, 0xD4, 0x27, 0x29, 0x27, 0x4F, 0x27, 0x80,
	0x27, 0x9D, 0x27, 0xB1, 0x27, 0xC5, 0x27, 0xDC, 0x28, 0x08, 0x28, 0x38,
	0x28, 0x4C, 0x28, 0x71, 0x28, 0xAD, 0x28, 0xDD, 0x29, 0x07, 0x29, 0x1F,
	0x29, 0x3F, 0x29, 0x4C, 0x29, 0x60, 0x29, 0x75, 0x29, 0x89, 0x29, 0xC1,
	0x29, 0xE4, 0x2A, 0x2C, 0x2A, 0x58, 0x2A, 0x85, 0x2A, 0xB4, 0x2A, 0xE5,
	0x2B, 0x1E, 0x2B, 0x57, 0x2B, 0x93, 0x2B, 0xE8, 0x2C, 0x39, 0x2C, 0x71,
	0x2C, 0xBA, 0x2C, 0xC6, 0x2C, 0xFF, 0x2D, 0x37, 0x2D, 0x5A, 0x2D, 0x84,
	0x2D, 0xAF, 0x2D, 0xDC, 0x2E, 0x16, 0x2E, 0x58, 0x2E, 0xA4, 0x2E, 0xF2,
	0x2F, 0x5A, 0x2F, 0xA8, 0x2F, 0xF3, 0x30, 0x06, 0x30, 0x11, 0x30, 0x2B,
	0x30, 0x46, 0x30, 0x68, 0x30, 0x94, 0x30, 0xC0, 0x30, 0xEF, 0x31, 0x33,
	0x31, 0x7B, 0x31, 0xA6, 0x31, 0xE2, 0x32, 0x26, 0x32, 0x32, 0x32, 0x3E,
	0x32, 0x50, 0x32, 0x68, 0x32, 0x8A, 0x32, 0x96, 0x32, 0xA2, 0x32, 0xAD,
	0x32, 0xB9, 0x32, 0xC5, 0x32, 0xDE, 0x32, 0xF4, 0x33, 0x12, 0x33, 0x48,
	0x33, 0x69, 0x33, 0x74, 0x33, 0x89, 0x33, 0xA6, 0x33, 0xCB, 0x33, 0xEA,
	0x34, 0x40, 0x34, 0xBA, 0x35, 0x02, 0x35, 0x3D, 0x35, 0x76, 0x35, 0xB8,
	0x35, 0xE6, 0x35, 0xF3, 0x36, 0x3A, 0x36, 0x51, 0x36, 0x6E, 0x36, 0x83,
	0x36, 0xB0, 0x36, 0xE0, 0x37, 0x50, 0x37, 0x5B, 0x37, 0x7B, 0x37, 0x83,
	0x37, 0xA7, 0x37, 0xF0, 0x38, 0x42, 0x38, 0x83, 0x38, 0x92, 0x38, 0xA8,
	0x38, 0xC4, 0x39, 0x04, 0x39, 0x4B, 0x39, 0xAA, 0x39, 0xCC, 0x3A, 0x0E,
	0x3A, 0x2C, 0x3A, 0x62, 0x3A, 0x88, 0x3A, 0x9F, 0x3A, 0xBD, 0x3A, 0xD8,
	0x3A, 0xFD, 0x3B, 0x17, 0x3B, 0x48, 0x3B, 0x5B, 0x3B, 0x94, 0x3B, 0xC4,
	0x3B, 0xD7, 0x3B, 0xED, 0x3C, 0x1B, 0x3C, 0x54, 0x3C, 0x6D, 0x3C, 0x84,
	0x3C, 0xA6, 0x3C, 0xBE, 0x3C, 0xDA, 0x3D, 0x01, 0x3D, 0x2E, 0x3D, 0x54,
	0x3D, 0x8B, 0x3D, 0xC8, 0x3D, 0xF6, 0x3E, 0x32, 0x3E, 0x58, 0x3E, 0x66,
	0x3E, 0x74, 0x3E, 0x86, 0x3E, 0xB0, 0x3E, 0xBD, 0x3E, 0xDB, 0x3E, 0xF1,
	0x3F, 0x16, 0x3F, 0x3F, 0x3F, 0x54, 0x3F, 0x66, 0x3F, 0x74, 0x3F, 0x81,
	0x3F, 0xAD, 0x3F, 0xD3, 0x40, 0x09, 0x40, 0x19, 0x40, 0x47, 0x40, 0x94,
	0x40, 0xAB, 0x40, 0xE5, 0x41, 0x21, 0x41, 0x33, 0x41, 0x96, 0x41, 0xD3,
	0x42, 0x09, 0x42, 0x19, 0x42, 0x47, 0x42, 0x94, 0x42, 0xB1, 0x42, 0xF0,
	0x43, 0x2C, 0x43, 0x3E, 0x43, 0xA1, 0x43, 0xDE, 0x43, 0xEE, 0x44, 0x18,
	0x44, 0x57, 0x44, 0x85, 0x44, 0xC3, 0x45, 0x20, 0x45, 0x52, 0x45, 0x6C,
	0x45, 0xA2, 0x45, 0xDA, 0x45, 0xEB, 0x46, 0x44, 0x46, 0x7C, 0x46, 0xAD,
	0x46, 0xBD, 0x46, 0xE6, 0x47, 0x25, 0x47, 0x3F, 0x47, 0x74, 0x47, 0xAB,
	0x47, 0xBC, 0x48, 0x15, 0x48, 0x4D, 0x48, 0x72, 0x48, 0xBE, 0x49, 0x0E,
	0x49, 0x61, 0x49, 0xCE, 0x4A, 0x17, 0x4A, 0x7A, 0x4A, 0xF2, 0x4B, 0x45,
	0x4B, 0x91, 0x4C, 0x02, 0x4C, 0x6F, 0x4D, 0x0A, 0x4D, 0x9C, 0x4E, 0x09,
	0x4E, 0x15, 0x4E, 0x21, 0x4E, 0x2D, 0x4E, 0x3A, 0x4E, 0x47, 0x4E, 0x54,
	0x4E, 0x6E, 0x4E, 0x88, 0x4E, 0x99, 0x4E, 0xA9, 0x4E, 0xE2, 0x4F, 0x1B,
	0x4F, 0x4B, 0x4F, 0xB2, 0x50, 0x45, 0x51, 0x03, 0x51, 0x11, 0x51, 0x26,
	0x51, 0x33, 0x51, 0x40, 0x51, 0x54, 0x51, 0x67, 0x51, 0x74, 0x51, 0x87,
	0x51, 0x98, 0x51, 0xA8, 0x51, 0xC4, 0x51, 0xDF, 0x52, 0x08, 0x52, 0x1B,
	0x52, 0x35, 0x52, 0x4B, 0x52, 0x59, 0x52, 0x7E, 0x52, 0x9C, 0x52, 0xD2,
	0x52, 0xF0, 0x53, 0x0E, 0x53, 0x4C, 0x53, 0x89, 0x53, 0x99, 0x53, 0xA8,
	0x53, 0xB8, 0x53, 0xC5, 0x53, 0xD7, 0x54, 0x53, 0x54, 0xAC, 0x55, 0x28,
	0x55, 0x45, 0x55, 0x5B, 0x55, 0x71, 0x55, 0xB6, 0x55, 0xC9, 0x55, 0xD6,
	0x55, 0xEF, 0x56, 0x1B, 0x56, 0x34, 0x56, 0x47, 0x56, 0x59, 0x56, 0x6B,
	0x56, 0x83, 0x56, 0x9B, 0x56, 0xF1, 0x57, 0x0C, 0x57, 0x1B, 0x57, 0x5B,
	0x57, 0x96, 0x57, 0xAB, 0x57, 0xC1, 0x57, 0xE6, 0x57, 0xF6, 0x58, 0x0C,
	0x58, 0x27, 0x58, 0x75, 0x58, 0xA7, 0x58, 0xFE, 0x59, 0x38, 0x59, 0x7D,
	0x59, 0xCC, 0x59, 0xF0, 0x5A, 0x29, 0x5A, 0x65, 0x5A, 0x9F, 0x5A, 0xB0,
	0x5A, 0xF2, 0x5B, 0x00, 0x5B, 0x0E, 0x5B, 0x23, 0x5B, 0x34, 0x5B, 0x45,
	0x5B, 0x63, 0x5B, 0x8D, 0x5B, 0x9A, 0x5B, 0xC0, 0x5B, 0xD6, 0x5B, 0xFC,
	0x5C, 0x29, 0x5C, 0x4E, 0x5C, 0xAF, 0x5D, 0x0C, 0x5D, 0x35, 0x5D, 0x5B,
	0x5D, 0x71, 0x5D, 0x71, 0x5D, 0x7D, 0x5D, 0x7D, 0x5D, 0xB6, 0x5D, 0xF7,
	0x5E, 0x38, 0x5E, 0x7C, 0x5E, 0xD9, 0x5F, 0x32, 0x5F, 0x8B, 0x5F, 0xCB,
	0x60, 0x1C, 0x60, 0x75, 0x00, 0x00, 0x00, 0x02, 0x00, 0x00, 0x00, 0x03,
	0x00, 0x00, 0x00, 0x14, 0x00, 0x03, 0x00, 0x01, 0x00, 0x00, 0x00, 0x14,
	0x00, 0x04, 0x05, 0x0E, 0x00, 0x00, 0x00, 0x88, 0x00, 0x80, 0x00, 0x06,
	0x00, 0x08, 0x00, 0x00, 0x00, 0x0D, 0x00, 0x2F, 0x00, 0x39, 0x00, 0x7E,
	0x01, 0x7E, 0x01, 0x92, 0x02, 0x13, 0x02, 0x1B, 0x02, 0x37, 0x02, 0xC7,
	0x02, 0xDD, 0x03, 0x04, 0x03, 0x08, 0x03, 0x0C, 0x03, 0x12, 0x03, 0x28,
	0x03, 0x94, 0x03, 0xA9, 0x03, 0xBC, 0x03, 0xC0, 0x04, 0x01, 0x04, 0x03,
	0x04, 0x0E, 0x04, 0x13, 0x04, 0x1A, 0x04, 0x23, 0x04, 0x2F, 0x04, 0x3A,
	0x04, 0x43, 0x04, 0x4F, 0x04, 0x51, 0x04, 0x53, 0x04, 0x5E, 0x1E, 0x89,
	0x1E, 0x9E, 0x1E, 0xF3, 0x20, 0x10, 0x20, 0x14, 0x20, 0x1A, 0x20, 0x1E,
	0x20, 0x22, 0x20, 0x26, 0x20, 0x31, 0x20, 0x3A, 0x20, 0x3D, 0x20, 0x44,
	0x20, 0x70, 0x20, 0x79, 0x20, 0x89, 0x20, 0xAC, 0x20, 0xBD, 0x21, 0x22,
	0x21, 0x5E, 0x22, 0x02, 0x22, 0x05, 0x22, 0x0F, 0x22, 0x12, 0x22, 0x15,
	0x22, 0x1A, 0x22, 0x1E, 0x22, 0x2B, 0x22, 0x48, 0x22, 0x60, 0x22, 0x65,
	0x25, 0xCA, 0xFF, 0x19, 0xFF, 0xFF, 0x00, 0x00, 0x00, 0x00, 0x00, 0x0D,
	0x00, 0x20, 0x00, 0x30, 0x00, 0x3A, 0x00, 0xA0, 0x01, 0x92, 0x02, 0x12,
	0x02, 0x18, 0x02, 0x37, 0x02, 0xC6, 0x02, 0xD8, 0x03, 0x00, 0x03, 0x06,
	0x03, 0x0A, 0x03, 0x12, 0x03, 0x26, 0x03, 0x94, 0x03, 0xA9, 0x03, 0xBC,
	0x03, 0xC0, 0x04, 0x00, 0x04, 0x03, 0x04, 0x0C, 0x04, 0x10, 0x04, 0x14,
	0x04, 0x1B, 0x04, 0x24, 0x04, 0x30, 0x04, 0x3B, 0x04, 0x44, 0x04, 0x50,
	0x04, 0x53, 0x04, 0x5C, 0x1E, 0x80, 0x1E, 0x9E, 0x1E, 0xF2, 0x20, 0x10,
	0x20, 0x12, 0x20, 0x18, 0x20, 0x1C, 0x20, 0x20, 0x20, 0x26, 0x20, 0x30,
	0x20, 0x39, 0x20, 0x3D, 0x20, 0x44, 0x20, 0x70, 0x20, 0x74, 0x20, 0x80,
	0x20, 0xAC, 0x20, 0xBD, 0x21, 0x22, 0x21, 0x50, 0x22, 0x02, 0x22, 0x05,
	0x22, 0x0F, 0x22, 0x11, 0x22, 0x15, 0x22, 0x19, 0x22, 0x1E, 0x22, 0x2B,
	0x22, 0x48, 0x22, 0x60, 0x22, 0x64, 0x25, 0xCA, 0xFF, 0x10, 0xFF, 0xFF,
	0x02, 0x0C, 0x01, 0xFD, 0x00, 0x00, 0x01, 0x39, 0x00, 0x00, 0x00, 0x00,
	0x00, 0x62, 0x00, 0x00, 0x00, 0x00, 0xFE, 0xF8, 0xFF, 0x35, 0x00, 0x00,
	0xFE, 0x5A, 0xFE, 0x59, 0xFE, 0x58, 0xFE, 0x53, 0xFE, 0x40, 0xFC, 0xF0,
	0xFC, 0xDC, 0xFD, 0x74, 0xFD, 0x71, 0xFC, 0x8D, 0xFC, 0x87, 0x00, 0x00,
	0xFC, 0x76, 0x00, 0x00, 0xFC, 0x7B, 0xFC, 0x7C, 0x00, 0x00, 0xFD, 0x07,
	0xFD, 0x08, 0xFC, 0xE9, 0xFC, 0xE3, 0x00, 0x00, 0x00, 0x00, 0xE1, 0xE5,
	0x00, 0x00, 0xE1, 0x95, 0xE1, 0x94, 0x00, 0x00, 0x00, 0x00, 0x00, 0x00,
	0xE1, 0xA0, 0xE1, 0x81, 0xE1, 0x82, 0xE1, 0x99, 0xE1, 0x89, 0xE1, 0x13,
	0xE1, 0x10, 0xE1, 0x0A, 0xE1, 0x47, 0xE1, 0x38, 0xE0, 0xE5, 0xE0, 0x44,
	0xDF, 0xE2, 0xDF, 0xE0, 0xDF, 0xD7, 0x00, 0x00, 0xDF, 0xD4, 0xDF, 0xD1,
	0xDF, 0xCE, 0xDF, 0xC2, 0xDF, 0x99, 0xDF, 0x82, 0xDF, 0x7B, 0xDC, 0x3F,
	0x02, 0x63, 0x00, 0x01, 0x00, 0x00, 0x00, 0x00, 0x00, 0x84, 0x00, 0x00,
	0x00, 0xA0, 0x01, 0x28, 0x00, 0x00, 0x02, 0xE2, 0x02, 0xE4, 0x00, 0x00,
	0x00, 0x00, 0x02, 0xE6, 0x00, 0x00, 0x00, 0x00, 0x00, 0x00, 0x00, 0x00,
	0x00, 0x00, 0x00, 0x00, 0x00, 0x00, 0x00, 0x00, 0x00, 0x00, 0x00, 0x00,
	0x00, 0x00, 0x02, 0xDA, 0x00, 0x00, 0x02, 0xDC, 0x00, 0x00, 0x00, 0x00,
	0x02, 0xE4, 0x00, 0x00, 0x00, 0x00, 0x00, 0x00, 0x00, 0x00, 0x02, 0xF0,
	0x02, 0xF4, 0x00, 0x00, 0x03, 0x04, 0x00, 0x00, 0x00, 0x00, 0x03, 0x02,
	0x03, 0x06, 0x03, 0x0A, 0x00, 0x00, 0x00, 0x00, 0x00, 0x00, 0x00, 0x00,
	0x00, 0x00, 0x00, 0x00, 0x00, 0x00, 0x00, 0x00, 0x00, 0x00, 0x00, 0x00,
	0x00, 0x00, 0x00, 0x00, 0x00, 0x00, 0x00, 0x00, 0x00, 0x00, 0x02, 0xF0,
	0x00, 0x00, 0x00, 0x00, 0x00, 0x00, 0x00, 0x00, 0x00, 0x00, 0x00, 0x00,
	0x00, 0x00, 0x00, 0x00, 0x00, 0x00, 0x00, 0x00, 0x00, 0x01, 0x01, 0xC7,
	0x01, 0xB4, 0x01, 0xAF, 0x01, 0xEE, 0x01, 0xB0, 0x01, 0xD1, 0x01, 0xB3,
	0x01, 0xA9, 0x01, 0xAA, 0x01, 0xBF, 0x01, 0xD7, 0x01, 0xC3, 0x01, 0xA4,
	0x01, 0xC2, 0x01, 0xCB, 0x01, 0xC4, 0x01, 0xC5, 0x01, 0xDD, 0x01, 0xDC,
	0x01, 0xDE, 0x01, 0xC9, 0x01, 0xD0, 0x00, 0x03, 0x00, 0x0D, 0x00, 0x0E,
	0x00, 0x14, 0x00, 0x16, 0x00, 0x20, 0x00, 0x21, 0x00, 0x26, 0x00, 0x28,
	0x00, 0x32, 0x00, 0x34, 0x00, 0x36, 0x00, 0x3A, 0x00, 0x3B, 0x00, 0x40,
	0x00, 0x49, 0x00, 0x4A, 0x00, 0x4B, 0x00, 0x50, 0x00, 0x56, 0x00, 0x5A,
	0x00, 0x65, 0x00, 0x66, 0x00, 0x6D, 0x00, 0x6E, 0x00, 0x73, 0x01, 0xAB,
	0x01, 0xCC, 0x01, 0xAC, 0x01, 0xF6, 0x01, 0xA3, 0x01, 0xF9, 0x00, 0xAC,
	0x00, 0xB6, 0x00, 0xB7, 0x00, 0xBD, 0x00, 0xBF, 0x00, 0xC9, 0x00, 0xCA,
	0x00, 0xCF, 0x00, 0xD1, 0x00, 0xDA, 0x00, 0xDC, 0x00, 0xDE, 0x00, 0xE2,
	0x00, 0xE3, 0x00, 0xE8, 0x00, 0xF1, 0x00, 0xF2, 0x00, 0xF3, 0x00, 0xF8,
	0x00, 0xFE, 0x01, 0x02, 0x01, 0x0D, 0x01, 0x0E, 0x01, 0x15, 0x01, 0x16,
	0x01, 0x1B, 0x01, 0xAD, 0x01, 0xCE, 0x01, 0xAE, 0x01, 0xF7, 0x00, 0x02,
	0x01, 0xC8, 0x01, 0xEF, 0x01, 0xF0, 0x01, 0xF1, 0x01, 0xF2, 0x01, 0xCF,
	0x01, 0xD2, 0x02, 0x00, 0x02, 0x05, 0x01, 0x58, 0x01, 0xBD, 0x01, 0xE3,
	0x02, 0x0B, 0x02, 0x06, 0x01, 0xFF, 0x02, 0x08, 0x01, 0xD9, 0x01, 0x7E,
	0x01, 0x7F, 0x01, 0xF8, 0x01, 0xE8, 0x01, 0xD3, 0x01, 0xD4, 0x02, 0x03,
	0x01, 0x7D, 0x01, 0x59, 0x01, 0xBE, 0x01, 0x80, 0x01, 0x81, 0x01, 0x82,
	0x01, 0xCA, 0x00, 0x04, 0x00, 0x05, 0x00, 0x06, 0x00, 0x07, 0x00, 0x08,
	0x00, 0x09, 0x00, 0x77, 0x00, 0x0F, 0x00, 0x17, 0x00, 0x18, 0x00, 0x19,
	0x00, 0x1A, 0x00, 0x29, 0x00, 0x2A, 0x00, 0x2B, 0x00, 0x2C, 0x00, 0x78,
	0x00, 0x3C, 0x00, 0x41, 0x00, 0x42, 0x00, 0x43, 0x00, 0x44, 0x00, 0x45,
	0x01, 0xDB, 0x00, 0x79, 0x00, 0x5B, 0x00, 0x5C, 0x00, 0x5D, 0x00, 0x5E,
	0x00, 0x6F, 0x00, 0x7A, 0x01, 0x1F, 0x00, 0xAD, 0x00, 0xAE, 0x00, 0xAF,
	0x00, 0xB0, 0x00, 0xB1, 0x00, 0xB2, 0x01, 0x20, 0x00, 0xB8, 0x00, 0xC0,
	0x00, 0xC1, 0x00, 0xC2, 0x00, 0xC3, 0x00, 0xD2, 0x00, 0xD3, 0x00, 0xD4,
	0x00, 0xD5, 0x01, 0x21, 0x00, 0xE4, 0x00, 0xE9, 0x00, 0xEA, 0x00, 0xEB,
	0x00, 0xEC, 0x00, 0xED, 0x01, 0xDA, 0x01, 0x22, 0x01, 0x03, 0x01, 0x04,
	0x01, 0x05, 0x01, 0x06, 0x01, 0x17, 0x01, 0x23, 0x01, 0x18, 0x00, 0x0A,
	0x00, 0xB3, 0x00, 0x0B, 0x00, 0xB4, 0x00, 0x0C, 0x00, 0xB5, 0x00, 0x10,
	0x00, 0xB9, 0x00, 0x11, 0x00, 0xBA, 0x00, 0x12, 0x00, 0xBB, 0x00, 0x13,
	0x00, 0xBC, 0x00, 0x15, 0x00, 0xBE, 0x00, 0x7B, 0x01, 0x24, 0x00, 0x1B,
	0x00, 0xC4, 0x00, 0x1C, 0x00, 0xC5, 0x00, 0x1D, 0x00, 0xC6, 0x00, 0x1E,
	0x00, 0xC7, 0x00, 0x1F, 0x00, 0xC8, 0x00, 0x22, 0x00, 0xCB, 0x00, 0x23,
	0x00, 0xCC, 0x00, 0x24, 0x00, 0xCD, 0x00, 0x25, 0x00, 0xCE, 0x00, 0x27,
	0x00, 0xD0, 0x00, 0x7C, 0x01, 0x25, 0x00, 0x2D, 0x00, 0xD6, 0x00, 0x2E,
	0x00, 0xD7, 0x00, 0x2F, 0x00, 0xD8, 0x00, 0x30, 0x00, 0xD9, 0x00, 0x31,
	0x01, 0x26, 0x00, 0x7D, 0x01, 0x27, 0x00, 0x33, 0x00, 0xDB, 0x00, 0x35,
	0x00, 0xDD, 0x01, 0x28, 0x00, 0x37, 0x00, 0xDF, 0x00, 0x38, 0x00, 0xE0,
	0x00, 0x39, 0x00, 0xE1, 0x00, 0x7E, 0x01, 0x29, 0x00, 0x7F, 0x01, 0x2A,
	0x00, 0x3D, 0x00, 0xE5, 0x00, 0x3E, 0x00, 0xE6, 0x00, 0x3F, 0x00, 0xE7,
	0x01, 0x2B, 0x00, 0x80, 0x01, 0x2C, 0x00, 0x46, 0x00, 0xEE, 0x00, 0x47,
	0x00, 0xEF, 0x00, 0x48, 0x00, 0xF0, 0x00, 0x81, 0x01, 0x2D, 0x00, 0x4C,
	0x00, 0xF4, 0x00, 0x4D, 0x00, 0xF5, 0x00, 0x4E, 0x00, 0xF6, 0x00, 0x51,
	0x00, 0xF9, 0x00, 0x52, 0x00, 0xFA, 0x00, 0x53, 0x00, 0xFB, 0x00, 0x54,
	0x00, 0xFC, 0x00, 0x57, 0x00, 0xFF, 0x00, 0x58, 0x01, 0x00, 0x00, 0x82,
	0x01, 0x2E, 0x00, 0x5F, 0x01, 0x07, 0x00, 0x60, 0x01, 0x08, 0x00, 0x61,
	0x01, 0x09, 0x00, 0x62, 0x01, 0x0A, 0x00, 0x63, 0x01, 0x0B, 0x00, 0x64,
	0x01, 0x0C, 0x00, 0x67, 0x01, 0x0F, 0x00, 0x70, 0x01, 0x19, 0x00, 0x71,
	0x00, 0x74, 0x01, 0x1C, 0x00, 0x75, 0x01, 0x1D, 0x00, 0x76, 0x01, 0x1E,
	0x00, 0x4F, 0x00, 0xF7, 0x00, 0x55, 0x00, 0xFD, 0x00, 0x59, 0x01, 0x01,
	0x01, 0xFD, 0x02, 0x01, 0x02, 0x02, 0x02, 0x04, 0x01, 0xFE, 0x01, 0xFA,
	0x00, 0x95, 0x00, 0x92, 0x00, 0x9F, 0x00, 0x8B, 0x00, 0x8C, 0x00, 0x8F,
	0x00, 0x90, 0x00, 0x91, 0x00, 0x93, 0x00, 0x94, 0x01, 0x32, 0x01, 0x33,
	0x01, 0x34, 0x01, 0x35, 0x01, 0x37, 0x01, 0x38, 0x01, 0x3B, 0x01, 0x3C,
	0x01, 0x3D, 0x01, 0x3E, 0x01, 0x40, 0x01, 0x41, 0x01, 0x3F, 0x01, 0x4B,
	0x00, 0x68, 0x01, 0x10, 0x00, 0x69, 0x01, 0x11, 0x00, 0x6A, 0x01, 0x12,
	0x00, 0x6B, 0x01, 0x13, 0x00, 0x6C, 0x01, 0x14, 0x00, 0x72, 0x01, 0x1A,
	0x01, 0xB5, 0x01, 0xB6, 0x01, 0xB9, 0x01, 0xB7, 0x01, 0xB8, 0x01, 0xBA,
	0x01, 0xC0, 0x01, 0xC1, 0x01, 0xD5, 0x01, 0xE7, 0x01, 0xD8, 0x00, 0x00,
	0x00, 0x00, 0x00, 0x1F, 0x01, 0x7A, 0x00, 0x03, 0x00, 0x01, 0x04, 0x09,
	0x00, 0x00, 0x00, 0xAA, 0x03, 0xA2, 0x00, 0x03, 0x00, 0x01, 0x04, 0x09,
	0x00, 0x01, 0x00, 0x08, 0x03, 0x9A, 0x00, 0x03, 0x00, 0x01, 0x04, 0x09,
	0x00, 0x02, 0x00, 0x0E, 0x03, 0x8C, 0x00, 0x03, 0x00, 0x01, 0x04, 0x09,
	0x00, 0x03, 0x00, 0x2C, 0x03, 0x60, 0x00, 0x03, 0x00, 0x01, 0x04, 0x09,
	0x00, 0x04, 0x00, 0x18, 0x03, 0x48, 0x00, 0x03, 0x00, 0x01, 0x04, 0x09,
	0x00, 0x05, 0x00, 0x1A, 0x03, 0x2E, 0x00, 0x03, 0x00, 0x01, 0x04, 0x09,
	0x00, 0x06, 0x00, 0x18, 0x03, 0x16, 0x00, 0x03, 0x00, 0x01, 0x04, 0x09,
	0x00, 0x0D, 0x01, 0x20, 0x01, 0xF6, 0x00, 0x03, 0x00, 0x01, 0x04, 0x09,
	0x00, 0x0E, 0x00, 0x34, 0x01, 0xC2, 0x00, 0x03, 0x00, 0x01, 0x04, 0x09,
	0x00, 0x19, 0x00, 0x12, 0x01, 0xB0, 0x00, 0x03, 0x00, 0x01, 0x04, 0x09,
	0x01, 0x00, 0x00, 0x0C, 0x01, 0xA4, 0x00, 0x03, 0x00, 0x01, 0x04, 0x09,
	0x01, 0x01, 0x00, 0x08, 0x01, 0x9C, 0x00, 0x03, 0x00, 0x01, 0x04, 0x09,
	0x01, 0x03, 0x00, 0x14, 0x01, 0x88, 0x00, 0x03, 0x00, 0x01, 0x04, 0x09,
	0x01, 0x05, 0x00, 0x0A, 0x01, 0x7E, 0x00, 0x03, 0x00, 0x01, 0x04, 0x09,
	0x01, 0x07, 0x00, 0x0E, 0x03, 0x8C, 0x00, 0x03, 0x00, 0x01, 0x04, 0x09,
	0x01, 0x09, 0x00, 0x0C, 0x01, 0x72, 0x00, 0x03, 0x00, 0x01, 0x04, 0x09,
	0x01, 0x0B, 0x00, 0x10, 0x01, 0x62, 0x00, 0x03, 0x00, 0x01, 0x04, 0x09,
	0x01, 0x0D, 0x00, 0x08, 0x01, 0x5A, 0x00, 0x03, 0x00, 0x01, 0x04, 0x09,
	0x01, 0x0F, 0x00, 0x12, 0x01, 0x48, 0x00, 0x03, 0x00, 0x01, 0x04, 0x09,
	0x01, 0x11, 0x00, 0x0A, 0x01, 0x3E, 0x00, 0x03, 0x00, 0x01, 0x04, 0x09,
	0x01, 0x13, 0x00, 0x1C, 0x01, 0x22, 0x00, 0x03, 0x00, 0x01, 0x04, 0x09,
	0x01, 0x14, 0x00, 0x28, 0x00, 0xFA, 0x00, 0x03, 0x00, 0x01, 0x04, 0x09,
	0x01, 0x15, 0x00, 0x1E, 0x00, 0xDC, 0x00, 0x03, 0x00, 0x01, 0x04, 0x09,
	0x01, 0x16, 0x00, 0x22, 0x00, 0xBA, 0x00, 0x03, 0x00, 0x01, 0x04, 0x09,
	0x01, 0x17, 0x00, 0x20, 0x00, 0x9A, 0x00, 0x03, 0x00, 0x01, 0x04, 0x09,
	0x01, 0x18, 0x00, 0x24, 0x00, 0x76, 0x00, 0x03, 0x00, 0x01, 0x04, 0x09,
	0x01, 0x19, 0x00, 0x1C, 0x00, 0x5A, 0x00, 0x03, 0x00, 0x01, 0x04, 0x09,
	0x01, 0x1A, 0x00, 0x26, 0x00, 0x34, 0x00, 0x03, 0x00, 0x01, 0x04, 0x09,
	0x01, 0x1B, 0x00, 0x1E, 0x00, 0x16, 0x00, 0x03, 0x00, 0x01, 0x04, 0x09,
	0x01, 0x1C, 0x00, 0x0C, 0x00, 0x0A, 0x00, 0x03, 0x00, 0x01, 0x04, 0x09,
	0x01, 0x1D, 0x00, 0x0A, 0x00, 0x00, 0x00, 0x52, 0x00, 0x6F, 0x00, 0x6D,
	0x00, 0x61, 0x00, 0x6E, 0x00, 0x49, 0x00, 0x74, 0x00, 0x61, 0x00, 0x6C,
	0x00, 0x69, 0x00, 0x63, 0x00, 0x4A, 0x00, 0x6F, 0x00, 0x73, 0x00, 0x74,
	0x00, 0x52, 0x00, 0x6F, 0x00, 0x6D, 0x00, 0x61, 0x00, 0x6E, 0x00, 0x2D,
	0x00, 0x42, 0x00, 0x6C, 0x00, 0x61, 0x00, 0x63, 0x00, 0x6B, 0x00, 0x4A,
	0x00, 0x6F, 0x00, 0x73, 0x00, 0x74, 0x00, 0x52, 0x00, 0x6F, 0x00, 0x6D,
	0x00, 0x61, 0x00, 0x6E, 0x00, 0x2D, 0x00, 0x45, 0x00, 0x78, 0x00, 0x74,
	0x00, 0x72, 0x00, 0x61, 0x00, 0x42, 0x00, 0x6F, 0x00, 0x6C, 0x00, 0x64,
	0x00, 0x4A, 0x00, 0x6F, 0x00, 0x73, 0x00, 0x74, 0x00, 0x52, 0x00, 0x6F,
	0x00, 0x6D, 0x00, 0x61, 0x00, 0x6E, 0x00, 0x2D, 0x00, 0x42, 0x00, 0x6F,
	0x00, 0x6C, 0x00, 0x64, 0x00, 0x4A, 0x00, 0x6F, 0x00, 0x73, 0x00, 0x74,
	0x00, 0x52, 0x00, 0x6F, 0x00, 0x6D, 0x00, 0x61, 0x00, 0x6E, 0x00, 0x2D,
	0x00, 0x53, 0x00, 0x65, 0x00, 0x6D, 0x00, 0x69, 0x00, 0x42, 0x00, 0x6F,
	0x00, 0x6C, 0x00, 0x64, 0x00, 0x4A, 0x00, 0x6F, 0x00, 0x73, 0x00, 0x74,
	0x00, 0x52, 0x00, 0x6F, 0x00, 0x6D, 0x00, 0x61, 0x00, 0x6E, 0x00, 0x2D,
	0x00, 0x4D, 0x00, 0x65, 0x00, 0x64, 0x00, 0x69, 0x00, 0x75, 0x00, 0x6D,
	0x00, 0x4A, 0x00, 0x6F, 0x00, 0x73, 0x00, 0x74, 0x00, 0x52, 0x00, 0x6F,
	0x00, 0x6D, 0x00, 0x61, 0x00, 0x6E, 0x00, 0x2D, 0x00, 0x52, 0x00, 0x65,
	0x00, 0x67, 0x00, 0x75, 0x00, 0x6C, 0x00, 0x61, 0x00, 0x72, 0x00, 0x4A,
	0x00, 0x6F, 0x00, 0x73, 0x00, 0x74, 0x00, 0x52, 0x00, 0x6F, 0x00, 0x6D,
	0x00, 0x61, 0x00, 0x6E, 0x00, 0x2D, 0x00, 0x4C, 0x00, 0x69, 0x00, 0x67,
	0x00, 0x68, 0x00, 0x74, 0x00, 0x4A, 0x00, 0x6F, 0x00, 0x73, 0x00, 0x74,
	0x00, 0x52, 0x00, 0x6F, 0x00, 0x6D, 0x00, 0x61, 0x00, 0x6E, 0x00, 0x2D,
	0x00, 0x45, 0x00, 0x78, 0x00, 0x74, 0x00, 0x72, 0x00, 0x61, 0x00, 0x4C,
	0x00, 0x69, 0x00, 0x67, 0x00, 0x68, 0x00, 0x74, 0x00, 0x4A, 0x00, 0x6F,
	0x00, 0x73, 0x00, 0x74, 0x00, 0x52, 0x00, 0x6F, 0x00, 0x6D, 0x00, 0x61,
	0x00, 0x6E, 0x00, 0x2D, 0x00, 0x54, 0x00, 0x68, 0x00, 0x69, 0x00, 0x6E,
	0x00, 0x42, 0x00, 0x6C, 0x00, 0x61, 0x00, 0x63, 0x00, 0x6B, 0x00, 0x45,
	0x00, 0x78, 0x00, 0x74, 0x00, 0x72, 0x00, 0x61, 0x00, 0x42, 0x00, 0x6F,
	0x00, 0x6C, 0x00, 0x64, 0x00, 0x42, 0x00, 0x6F, 0x00, 0x6C, 0x00, 0x64,
	0x00, 0x53, 0x00, 0x65, 0x00, 0x6D, 0x00, 0x69, 0x00, 0x42, 0x00, 0x6F,
	0x00, 0x6C, 0x00, 0x64, 0x00, 0x4D, 0x00, 0x65, 0x00, 0x64, 0x00, 0x69,
	0x00, 0x75, 0x00, 0x6D, 0x00, 0x4C, 0x00, 0x69, 0x00, 0x67, 0x00, 0x68,
	0x00, 0x74, 0x00, 0x45, 0x00, 0x78, 0x00, 0x74, 0x00, 0x72, 0x00, 0x61,
	0x00, 0x4C, 0x00, 0x69, 0x00, 0x67, 0x00, 0x68, 0x00, 0x74, 0x00, 0x54,
	0x00, 0x68, 0x00, 0x69, 0x00, 0x6E, 0x00, 0x57, 0x00, 0x65, 0x00, 0x69,
	0x00, 0x67, 0x00, 0x68, 0x00, 0x74, 0x00, 0x4A, 0x00, 0x6F, 0x00, 0x73,
	0x00, 0x74, 0x00, 0x52, 0x00, 0x6F, 0x00, 0x6D, 0x00, 0x61, 0x00, 0x6E,
	0x00, 0x68, 0x00, 0x74, 0x00, 0x74, 0x00, 0x70, 0x00, 0x3A, 0x00, 0x2F,
	0x00, 0x2F, 0x00, 0x73, 0x00, 0x63, 0x00, 0x72, 0x00, 0x69, 0x00, 0x70,
	0x00, 0x74, 0x00, 0x73, 0x00, 0x2E, 0x00, 0x73, 0x00, 0x69, 0x00, 0x6C,
	0x00, 0x2E, 0x00, 0x6F, 0x00, 0x72, 0x00, 0x67, 0x00, 0x2F, 0x00, 0x4F,
	0x00, 0x46, 0x00, 0x4C, 0x00, 0x54, 0x00, 0x68, 0x00, 0x69, 0x00, 0x73,
	0x00, 0x20, 0x00, 0x46, 0x00, 0x6F, 0x00, 0x6E, 0x00, 0x74, 0x00, 0x20,
	0x00, 0x53, 0x00, 0x6F, 0x00, 0x66, 0x00, 0x74, 0x00, 0x77, 0x00, 0x61,
	0x00, 0x72, 0x00, 0x65, 0x00, 0x20, 0x00, 0x69, 0x00, 0x73, 0x00, 0x20,
	0x00, 0x6C, 0x00, 0x69, 0x00, 0x63, 0x00, 0x65, 0x00, 0x6E, 0x00, 0x73,
	0x00, 0x65, 0x00, 0x64, 0x00, 0x20, 0x00, 0x75, 0x00, 0x6E, 0x00, 0x64,
	0x00, 0x65, 0x00, 0x72, 0x00, 0x20, 0x00, 0x74, 0x00, 0x68, 0x00, 0x65,
	0x00, 0x20, 0x00, 0x53, 0x00, 0x49, 0x00, 0x4C, 0x00, 0x20, 0x00, 0x4F,
	0x00, 0x70, 0x00, 0x65, 0x00, 0x6E, 0x00, 0x20, 0x00, 0x46, 0x00, 0x6F,
	0x00, 0x6E, 0x00, 0x74, 0x00, 0x20, 0x00, 0x4C, 0x00, 0x69, 0x00, 0x63,
	0x00, 0x65, 0x00, 0x6E, 0x00, 0x73, 0x00, 0x65, 0x00, 0x2C, 0x00, 0x20,
	0x00, 0x56, 0x00, 0x65, 0x00, 0x72, 0x00, 0x73, 0x00, 0x69, 0x00, 0x6F,
	0x00, 0x6E, 0x00, 0x20, 0x00, 0x31, 0x00, 0x2E, 0x00, 0x31, 0x00, 0x2E,
	0x00, 0x20, 0x00, 0x54, 0x00, 0x68, 0x00, 0x69, 0x00, 0x73, 0x00, 0x20,
	0x00, 0x6C, 0x00, 0x69, 0x00, 0x63, 0x00, 0x65, 0x00, 0x6E, 0x00, 0x73,
	0x00, 0x65, 0x00, 0x20, 0x00, 0x69, 0x00, 0x73, 0x00, 0x20, 0x00, 0x61,
	0x00, 0x76, 0x00, 0x61, 0x00, 0x69, 0x00, 0x6C, 0x00, 0x61, 0x00, 0x62,
	0x00, 0x6C, 0x00, 0x65, 0x00, 0x20, 0x00, 0x77, 0x00, 0x69, 0x00, 0x74,
	0x00, 0x68, 0x00, 0x20, 0x00, 0x61, 0x00, 0x20, 0x00, 0x46, 0x00, 0x41,
	0x00, 0x51, 0x00, 0x20, 0x00, 0x61, 0x00, 0x74, 0x00, 0x3A, 0x00, 0x20,
	0x00, 0x68, 0x00, 0x74, 0x00, 0x74, 0x00, 0x70, 0x00, 0x3A, 0x00, 0x2F,
	0x00, 0x2F, 0x00, 0x73, 0x00, 0x63, 0x00, 0x72, 0x00, 0x69, 0x00, 0x70,
	0x00, 0x74, 0x00, 0x73, 0x00, 0x2E, 0x00, 0x73, 0x00, 0x69, 0x00, 0x6C,
	0x00, 0x2E, 0x00, 0x6F, 0x00, 0x72, 0x00, 0x67, 0x00, 0x2F, 0x00, 0x4F,
	0x00, 0x46, 0x00, 0x4C, 0x00, 0x4A, 0x00, 0x6F, 0x00, 0x73, 0x00, 0x74,
	0x00, 0x2D, 0x00, 0x52, 0x00, 0x65, 0x00, 0x67, 0x00, 0x75, 0x00, 0x6C,
	0x00, 0x61, 0x00, 0x72, 0x00, 0x56, 0x00, 0x65, 0x00, 0x72, 0x00, 0x73,
	0x00, 0x69, 0x00, 0x6F, 0x00, 0x6E, 0x00, 0x20, 0x00, 0x33, 0x00, 0x2E,
	0x00, 0x37, 0x00, 0x31, 0x00, 0x30, 0x00, 0x4A, 0x00, 0x6F, 0x00, 0x73,
	0x00, 0x74, 0x00, 0x20, 0x00, 0x52, 0x00, 0x65, 0x00, 0x67, 0x00, 0x75,
	0x00, 0x6C, 0x00, 0x61, 0x00, 0x72, 0x00, 0x33, 0x00, 0x2E, 0x00, 0x37,
	0x00, 0x31, 0x00, 0x30, 0x00, 0x3B, 0x00, 0x69, 0x00, 0x74, 0x00, 0x2A,
	0x00, 0x3B, 0x00, 0x4A, 0x00, 0x6F, 0x00, 0x73, 0x00, 0x74, 0x00, 0x2D,
	0x00, 0x52, 0x00, 0x65, 0x00, 0x67, 0x00, 0x75, 0x00, 0x6C, 0x00, 0x61,
	0x00, 0x72, 0x00, 0x52, 0x00, 0x65, 0x00, 0x67, 0x00, 0x75, 0x00, 0x6C,
	0x00, 0x61, 0x00, 0x72, 0x00, 0x4A, 0x00, 0x6F, 0x00, 0x73, 0x00, 0x74,
	0x00, 0x43, 0x00, 0x6F, 0x00, 0x70, 0x00, 0x79, 0x00, 0x72, 0x00, 0x69,
	0x00, 0x67, 0x00, 0x68, 0x00, 0x74, 0x00, 0x20, 0x00, 0x32, 0x00, 0x30,
	0x00, 0x32, 0x00, 0x30, 0x00, 0x20, 0x00, 0x54, 0x00, 0x68, 0x00, 0x65,
	0x00, 0x20, 0x00, 0x4A, 0x00, 0x6F, 0x00, 0x73, 0x00, 0x74, 0x00, 0x20,
	0x00, 0x50, 0x00, 0x72, 0x00, 0x6F, 0x00, 0x6A, 0x00, 0x65, 0x00, 0x63,
	0x00, 0x74, 0x00, 0x20, 0x00, 0x41, 0x00, 0x75, 0x00, 0x74, 0x00, 0x68,
	0x00, 0x6F, 0x00, 0x72, 0x00, 0x73, 0x00, 0x20, 0x00, 0x28, 0x00, 0x68,
	0x00, 0x74, 0x00, 0x74, 0x00, 0x70, 0x00, 0x73, 0x00, 0x3A, 0x00, 0x2F,
	0x00, 0x2F, 0x00, 0x67, 0x00, 0x69, 0x00, 0x74, 0x00, 0x68, 0x00, 0x75,
	0x00, 0x62, 0x00, 0x2E, 0x00, 0x63, 0x00, 0x6F, 0x00, 0x6D, 0x00, 0x2F,
	0x00, 0x69, 0x00, 0x6E, 0x00, 0x64, 0x00, 0x65, 0x00, 0x73, 0x00, 0x74,
	0x00, 0x72, 0x00, 0x75, 0x00, 0x63, 0x00, 0x74, 0x00, 0x69, 0x00, 0x62,
	0x00, 0x6C, 0x00, 0x65, 0x00, 0x2D, 0x00, 0x74, 0x00, 0x79, 0x00, 0x70,
	0x00, 0x65, 0x00, 0x2F, 0x00, 0x4A, 0x00, 0x6F, 0x00, 0x73, 0x00, 0x74,
	0x00, 0x29, 0x00, 0x00, 0x00, 0x01, 0x00, 0x00, 0x00, 0x0A, 0x00, 0x24,
	0x00, 0x32, 0x00, 0x02, 0x44, 0x46, 0x4C, 0x54, 0x00, 0x0E, 0x6C, 0x61,
	0x74, 0x6E, 0x00, 0x0E, 0x00, 0x04, 0x00, 0x00, 0x00, 0x00, 0xFF, 0xFF,
	0x00, 0x01, 0x00, 0x00, 0x00, 0x01, 0x6B, 0x65, 0x72, 0x6E, 0x00, 0x08,
	0x00, 0x00, 0x00, 0x01, 0x00, 0x00, 0x00, 0x01, 0x00, 0x04, 0x00, 0x02,
	0x00, 0x00, 0x00, 0x01, 0x00, 0x08, 0x00, 0x02, 0x01, 0xB4, 0x00, 0x04,
	0x00, 0x00, 0x04, 0xE0, 0x03, 0x26, 0x00, 0x0F, 0x00, 0x0E, 0x00, 0x00,
	0x00, 0x00, 0x00, 0x00, 0x00, 0x00, 0x00, 0x00, 0xFF, 0xE2, 0x00, 0x00,
	0xFF, 0xFB, 0x00, 0x00, 0x00, 0x00, 0xFF, 0x9C, 0xFF, 0xB0, 0x00, 0x00,
	0x00, 0x00, 0x00, 0x00, 0x00, 0x00, 0x00, 0x00, 0x00, 0x00, 0xFF, 0xCE,
	0xFF, 0xE2, 0x00, 0x00, 0xFF, 0xF1, 0x00, 0x00, 0xFF, 0xF1, 0xFF, 0x9C,
	0xFF, 0xB0, 0x00, 0x00, 0x00, 0x00, 0x00, 0x00, 0x00, 0x00, 0x00, 0x00,
	0x00, 0x00, 0xFF, 0xE2, 0x00, 0x00, 0xFF, 0xE2, 0x00, 0x0F, 0x00, 0x00,
	0x00, 0x00, 0xFF, 0xE2, 0xFF, 0xE2, 0x00, 0x00, 0x00, 0x00, 0x00, 0x00,
	0x00, 0x00, 0x00, 0x00, 0x00, 0x00, 0x00, 0x00, 0xFF, 0xE2, 0x00, 0x00,
	0x00, 0x00, 0x00, 0x00, 0x00, 0x00, 0xFF, 0xB0, 0xFF, 0xCE, 0x00, 0x00,
	0x00, 0x00, 0x00, 0x00, 0xFF, 0xCE, 0xFF, 0xCE, 0xFF, 0xE2, 0xFF, 0x6A,
	0x00, 0x00, 0x00, 0x00, 0x00, 0x00, 0xFF, 0x9C, 0x00, 0x00, 0x00, 0x00,
	0x00, 0x00, 0x00, 0x00, 0xFF, 0xCE, 0x00, 0x00, 0x00, 0x00, 0x00, 0x00,
	0xFF, 0xE2, 0x00, 0x1E, 0xFF, 0xA6, 0x00, 0x00, 0xFF, 0xCE, 0x00, 0x00,
	0x00, 0x32, 0xFF, 0xBA, 0xFF, 0x9C, 0x00, 0x00, 0xFF, 0xEC, 0x00, 0x00,
	0xFF, 0xF1, 0x00, 0x00, 0x00, 0x0F, 0xFF, 0xC4, 0x00, 0x00, 0xFF, 0xB0,
	0x00, 0x1E, 0x00, 0x00, 0x00, 0x1E, 0xFF, 0xE2, 0xFF, 0xE2, 0x00, 0x00,
	0x00, 0x00, 0x00, 0x00, 0x00, 0x00, 0x00, 0x00, 0x00, 0x00, 0xFF, 0xF1,
	0x00, 0x00, 0xFF, 0xF1, 0x00, 0x00, 0x00, 0x00, 0x00, 0x00, 0xFF, 0xE2,
	0xFF, 0xF1, 0x00, 0x00, 0x00, 0x00, 0x00, 0x00, 0xFF, 0xF1, 0x00, 0x00,
	0x00, 0x00, 0x00, 0x1E, 0x00, 0x00, 0x00, 0x00, 0x00, 0x0F, 0x00, 0x00,
	0x00, 0x1E, 0xFF, 0xF1, 0xFF, 0xF1, 0x00, 0x00, 0xFF, 0xF6, 0x00, 0x00,
	0xFF, 0xB0, 0xFF, 0xBA, 0xFF, 0xF1, 0xFF, 0x9C, 0x00, 0x00, 0x00, 0x00,
	0x00, 0x00, 0xFF, 0x9C, 0xFF, 0xCE, 0x00, 0x28, 0x00, 0x1E, 0x00, 0x00,
	0xFF, 0xBA, 0x00, 0x00, 0xFF, 0xE2, 0x00, 0x00, 0xFF, 0xCE, 0x00, 0x00,
	0x00, 0x00, 0x00, 0x00, 0xFF, 0xCE, 0x00, 0x00, 0x00, 0x0F, 0x00, 0x1E,
	0x00, 0x1E, 0x00, 0x00, 0xFF, 0xE2, 0x00, 0x00, 0xFF, 0x9C, 0xFF, 0xB0,
	0xFF, 0xCE, 0xFF, 0x9C, 0x00, 0x00, 0x00, 0x1E, 0xFF, 0xE2, 0xFF, 0x9C,
	0xFF, 0xE2, 0x00, 0x1E, 0x00, 0x1E, 0x00, 0x00, 0xFF, 0xB0, 0x00, 0x00,
	0xFF, 0xE2, 0xFF, 0xEC, 0x00, 0x00, 0xFF, 0xBA, 0x00, 0x00, 0xFF, 0xE2,
	0x00, 0x00, 0xFF, 0xE2, 0x00, 0x00, 0xFF, 0xE2, 0x00, 0x00, 0x00, 0x00,
	0xFF, 0xEC, 0x00, 0x00, 0x00, 0x00, 0x00, 0x00, 0x00, 0x00, 0x00, 0x00,
	0x00, 0x00, 0x00, 0x00, 0x00, 0x00, 0x00, 0x00, 0x00, 0x00, 0x00, 0x00,
	0x00, 0x00, 0x00, 0x3C, 0x00, 0x00, 0x00, 0x00, 0x00, 0x00, 0x00, 0x00,
	0x00, 0x00, 0x00, 0x00, 0xFF, 0xE2, 0x00, 0x00, 0x00, 0x00, 0x00, 0x00,
	0x00, 0x00, 0xFF, 0xB0, 0xFF, 0xCE, 0x00, 0x3C, 0x00, 0x00, 0x00, 0x02,
	0x00, 0x3D, 0x00, 0x03, 0x00, 0x0E, 0x00, 0x00, 0x00, 0x14, 0x00, 0x15,
	0x00, 0x0C, 0x00, 0x20, 0x00, 0x25, 0x00, 0x0E, 0x00, 0x32, 0x00, 0x32,
	0x00, 0x14, 0x00, 0x34, 0x00, 0x34, 0x00, 0x15, 0x00, 0x36, 0x00, 0x38,
	0x00, 0x16, 0x00, 0x40, 0x00, 0x47, 0x00, 0x19, 0x00, 0x49, 0x00, 0x49,
	0x00, 0x21, 0x00, 0x56, 0x00, 0x56, 0x00, 0x22, 0x00, 0x65, 0x00, 0x67,
	0x00, 0x23, 0x00, 0x6D, 0x00, 0x6F, 0x00, 0x26, 0x00, 0x71, 0x00, 0x71,
	0x00, 0x29, 0x00, 0x73, 0x00, 0x73, 0x00, 0x2A, 0x00, 0x79, 0x00, 0x79,
	0x00, 0x2B, 0x00, 0x7B, 0x00, 0x7B, 0x00, 0x2C, 0x00, 0x7F, 0x00, 0x7F,
	0x00, 0x2D, 0x00, 0x86, 0x00, 0x89, 0x00, 0x2E, 0x00, 0x8B, 0x00, 0x8B,
	0x00, 0x32, 0x00, 0x8F, 0x00, 0x90, 0x00, 0x33, 0x00, 0x94, 0x00, 0x94,
	0x00, 0x35, 0x00, 0x97, 0x00, 0x97, 0x00, 0x36, 0x00, 0x99, 0x00, 0x99,
	0x00, 0x37, 0x00, 0x9B, 0x00, 0xA1, 0x00, 0x38, 0x00, 0xA6, 0x00, 0xA6,
	0x00, 0x3F, 0x00, 0xA8, 0x00, 0xAA, 0x00, 0x40, 0x00, 0xAC, 0x00, 0xB7,
	0x00, 0x43, 0x00, 0xBF, 0x00, 0xC8, 0x00, 0x4F, 0x00, 0xCA, 0x00, 0xCA,
	0x00, 0x59, 0x00, 0xCF, 0x00, 0xD0, 0x00, 0x5A, 0x00, 0xDA, 0x00, 0xDD,
	0x00, 0x5C, 0x00, 0xE2, 0x00, 0xEF, 0x00, 0x60, 0x00, 0xF1, 0x00, 0xF6,
	0x00, 0x6E, 0x00, 0xF8, 0x00, 0xF8, 0x00, 0x74, 0x01, 0x02, 0x01, 0x02,
	0x00, 0x75, 0x01, 0x0D, 0x01, 0x0E, 0x00, 0x76, 0x01, 0x15, 0x01, 0x16,
	0x00, 0x78, 0x01, 0x1B, 0x01, 0x1B, 0x00, 0x7A, 0x01, 0x1E, 0x01, 0x1F,
	0x00, 0x7B, 0x01, 0x22, 0x01, 0x22, 0x00, 0x7D, 0x01, 0x26, 0x01, 0x26,
	0x00, 0x7E, 0x01, 0x28, 0x01, 0x28, 0x00, 0x7F, 0x01, 0x2D, 0x01, 0x2D,
	0x00, 0x80, 0x01, 0x32, 0x01, 0x32, 0x00, 0x81, 0x01, 0x34, 0x01, 0x3D,
	0x00, 0x82, 0x01, 0x40, 0x01, 0x40, 0x00, 0x8C, 0x01, 0x42, 0x01, 0x4A,
	0x00, 0x8D, 0x01, 0x4D, 0x01, 0x51, 0x00, 0x96, 0x01, 0x53, 0x01, 0x53,
	0x00, 0x9B, 0x01, 0x56, 0x01, 0x59, 0x00, 0x9C, 0x01, 0x6C, 0x01, 0x6C,
	0x00, 0xA0, 0x01, 0x70, 0x01, 0x72, 0x00, 0xA1, 0x01, 0xB3, 0x01, 0xB8,
	0x00, 0xA4, 0x01, 0xBF, 0x01, 0xBF, 0x00, 0xAA, 0x01, 0xC9, 0x01, 0xC9,
	0x00, 0xAB, 0x01, 0xCB, 0x01, 0xCC, 0x00, 0xAC, 0x01, 0xD0, 0x01, 0xD0,
	0x00, 0xAE, 0x01, 0xF8, 0x01, 0xF9, 0x00, 0xAF, 0x01, 0xFB, 0x01, 0xFB,
	0x00, 0xB1, 0x01, 0xFD, 0x02, 0x02, 0x00, 0xB2, 0x02, 0x08, 0x02, 0x08,
	0x00, 0xB8, 0x02, 0x0D, 0x02, 0x16, 0x00, 0xB9, 0x00, 0x02, 0x00, 0x49,
	0x00, 0x03, 0x00, 0x0C, 0x00, 0x04, 0x00, 0x0E, 0x00, 0x13, 0x00, 0x03,
	0x00, 0x21, 0x00, 0x25, 0x00, 0x03, 0x00, 0x32, 0x00, 0x32, 0x00, 0x0C,
	0x00, 0x40, 0x00, 0x47, 0x00, 0x03, 0x00, 0x4A, 0x00, 0x4A, 0x00, 0x03,
	0x00, 0x56, 0x00, 0x56, 0x00, 0x0A, 0x00, 0x65, 0x00, 0x67, 0x00, 0x0B,
	0x00, 0x6D, 0x00, 0x6D, 0x00, 0x06, 0x00, 0x6E, 0x00, 0x6E, 0x00, 0x0A,
	0x00, 0x71, 0x00, 0x71, 0x00, 0x0A, 0x00, 0x73, 0x00, 0x73, 0x00, 0x06,
	0x00, 0x77, 0x00, 0x77, 0x00, 0x04, 0x00, 0x79, 0x00, 0x79, 0x00, 0x03,
	0x00, 0x81, 0x00, 0x81, 0x00, 0x03, 0x00, 0x86, 0x00, 0x86, 0x00, 0x04,
	0x00, 0x8B, 0x00, 0x8B, 0x00, 0x04, 0x00, 0x8F, 0x00, 0x8F, 0x00, 0x06,
	0x00, 0x99, 0x00, 0x99, 0x00, 0x03, 0x00, 0x9C, 0x00, 0x9C, 0x00, 0x03,
	0x00, 0x9D, 0x00, 0x9D, 0x00, 0x0A, 0x00, 0x9E, 0x00, 0x9F, 0x00, 0x06,
	0x00, 0xA0, 0x00, 0xA0, 0x00, 0x03, 0x00, 0xA1, 0x00, 0xA1, 0x00, 0x06,
	0x00, 0xAC, 0x00, 0xAC, 0x00, 0x08, 0x00, 0xB7, 0x00, 0xBC, 0x00, 0x01,
	0x00, 0xBE, 0x00, 0xC8, 0x00, 0x01, 0x00, 0xCA, 0x00, 0xCD, 0x00, 0x01,
	0x00, 0xDA, 0x00, 0xDB, 0x00, 0x0C, 0x00, 0xE2, 0x00, 0xE7, 0x00, 0x02,
	0x00, 0xE8, 0x00, 0xEF, 0x00, 0x01, 0x00, 0xF1, 0x00, 0xF1, 0x00, 0x02,
	0x00, 0xF2, 0x00, 0xF2, 0x00, 0x01, 0x00, 0xF3, 0x00, 0xF6, 0x00, 0x02,
	0x00, 0xF8, 0x00, 0xF8, 0x00, 0x08, 0x01, 0x02, 0x01, 0x02, 0x00, 0x0D,
	0x01, 0x0D, 0x01, 0x0E, 0x00, 0x07, 0x01, 0x15, 0x01, 0x15, 0x00, 0x09,
	0x01, 0x16, 0x01, 0x18, 0x00, 0x07, 0x01, 0x1B, 0x01, 0x1B, 0x00, 0x09,
	0x01, 0x26, 0x01, 0x26, 0x00, 0x02, 0x01, 0x2D, 0x01, 0x2D, 0x00, 0x01,
	0x01, 0x32, 0x01, 0x32, 0x00, 0x08, 0x01, 0x34, 0x01, 0x35, 0x00, 0x02,
	0x01, 0x37, 0x01, 0x37, 0x00, 0x04, 0x01, 0x38, 0x01, 0x3A, 0x00, 0x01,
	0x01, 0x3B, 0x01, 0x3B, 0x00, 0x09, 0x01, 0x3C, 0x01, 0x3C, 0x00, 0x08,
	0x01, 0x3D, 0x01, 0x3D, 0x00, 0x02, 0x01, 0x40, 0x01, 0x40, 0x00, 0x02,
	0x01, 0x42, 0x01, 0x44, 0x00, 0x02, 0x01, 0x45, 0x01, 0x45, 0x00, 0x01,
	0x01, 0x46, 0x01, 0x47, 0x00, 0x02, 0x01, 0x48, 0x01, 0x48, 0x00, 0x01,
	0x01, 0x4A, 0x01, 0x4B, 0x00, 0x07, 0x01, 0x4C, 0x01, 0x4C, 0x00, 0x01,
	0x01, 0x4D, 0x01, 0x4D, 0x00, 0x09, 0x01, 0x4E, 0x01, 0x4E, 0x00, 0x02,
	0x01, 0x50, 0x01, 0x51, 0x00, 0x02, 0x01, 0x53, 0x01, 0x56, 0x00, 0x02,
	0x01, 0x57, 0x01, 0x57, 0x00, 0x08, 0x01, 0x58, 0x01, 0x59, 0x00, 0x05,
	0x01, 0x70, 0x01, 0x70, 0x00, 0x06, 0x01, 0xB3, 0x01, 0xB8, 0x00, 0x05,
	0x01, 0xBF, 0x01, 0xBF, 0x00, 0x05, 0x01, 0xC2, 0x01, 0xC3, 0x00, 0x04,
	0x01, 0xCB, 0x01, 0xCB, 0x00, 0x04, 0x01, 0xCC, 0x01, 0xCC, 0x00, 0x0B,
	0x01, 0xD0, 0x01, 0xD0, 0x00, 0x03, 0x01, 0xDB, 0x01, 0xDB, 0x00, 0x09,
	0x01, 0xF9, 0x01, 0xF9, 0x00, 0x05, 0x01, 0xFF, 0x01, 0xFF, 0x00, 0x05,
	0x02, 0x0D, 0x02, 0x16, 0x00, 0x01, 0x00, 0x02, 0x00, 0x5C, 0x00, 0x03,
	0x00, 0x0C, 0x00, 0x05, 0x00, 0x0D, 0x00, 0x0E, 0x00, 0x07, 0x00, 0x14,
	0x00, 0x15, 0x00, 0x02, 0x00, 0x20, 0x00, 0x20, 0x00, 0x0C, 0x00, 0x21,
	0x00, 0x25, 0x00, 0x02, 0x00, 0x32, 0x00, 0x32, 0x00, 0x0D, 0x00, 0x34,
	0x00, 0x34, 0x00, 0x0A, 0x00, 0x36, 0x00, 0x38, 0x00, 0x05, 0x00, 0x40,
	0x00, 0x47, 0x00, 0x02, 0x00, 0x49, 0x00, 0x49, 0x00, 0x0C, 0x00, 0x56,
	0x00, 0x56, 0x00, 0x0B, 0x00, 0x65, 0x00, 0x67, 0x00, 0x09, 0x00, 0x6D,
	0x00, 0x6D, 0x00, 0x0A, 0x00, 0x6E, 0x00, 0x6F, 0x00, 0x0B, 0x00, 0x71,
	0x00, 0x71, 0x00, 0x0B, 0x00, 0x73, 0x00, 0x73, 0x00, 0x0A, 0x00, 0x79,
	0x00, 0x79, 0x00, 0x02, 0x00, 0x7B, 0x00, 0x7B, 0x00, 0x02, 0x00, 0x7F,
	0x00, 0x7F, 0x00, 0x05, 0x00, 0x86, 0x00, 0x86, 0x00, 0x05, 0x00, 0x87,
	0x00, 0x88, 0x00, 0x07, 0x00, 0x89, 0x00, 0x89, 0x00, 0x0B, 0x00, 0x8B,
	0x00, 0x8B, 0x00, 0x05, 0x00, 0x8F, 0x00, 0x8F, 0x00, 0x0A, 0x00, 0x90,
	0x00, 0x90, 0x00, 0x07, 0x00, 0x94, 0x00, 0x94, 0x00, 0x0A, 0x00, 0x97,
	0x00, 0x97, 0x00, 0x05, 0x00, 0x99, 0x00, 0x99, 0x00, 0x02, 0x00, 0x9B,
	0x00, 0x9B, 0x00, 0x0C, 0x00, 0x9C, 0x00, 0x9C, 0x00, 0x07, 0x00, 0x9D,
	0x00, 0x9D, 0x00, 0x0B, 0x00, 0x9E, 0x00, 0x9F, 0x00, 0x09, 0x00, 0xA0,
	0x00, 0xA0, 0x00, 0x02, 0x00, 0xA1, 0x00, 0xA1, 0x00, 0x0A, 0x00, 0xA6,
	0x00, 0xA6, 0x00, 0x01, 0x00, 0xA8, 0x00, 0xA8, 0x00, 0x01, 0x00, 0xA9,
	0x00, 0xAA, 0x00, 0x02, 0x00, 0xB6, 0x00, 0xB6, 0x00, 0x01, 0x00, 0xB7,
	0x00, 0xB7, 0x00, 0x03, 0x00, 0xBF, 0x00, 0xBF, 0x00, 0x01, 0x00, 0xC4,
	0x00, 0xC8, 0x00, 0x01, 0x00, 0xCA, 0x00, 0xCA, 0x00, 0x0E, 0x00, 0xDA,
	0x00, 0xDB, 0x00, 0x0D, 0x00, 0xDC, 0x00, 0xDD, 0x00, 0x08, 0x00, 0xE8,
	0x00, 0xEF, 0x00, 0x01, 0x00, 0xF1, 0x00, 0xF1, 0x00, 0x01, 0x00, 0xF2,
	0x00, 0xF2, 0x00, 0x0E, 0x00, 0xF3, 0x00, 0xF6, 0x00, 0x06, 0x01, 0x02,
	0x01, 0x02, 0x00, 0x03, 0x01, 0x0D, 0x01, 0x0E, 0x00, 0x06, 0x01, 0x15,
	0x01, 0x15, 0x00, 0x08, 0x01, 0x16, 0x01, 0x16, 0x00, 0x06, 0x01, 0x1B,
	0x01, 0x1B, 0x00, 0x08, 0x01, 0x1E, 0x01, 0x1E, 0x00, 0x08, 0x01, 0x1F,
	0x01, 0x1F, 0x00, 0x07, 0x01, 0x22, 0x01, 0x22, 0x00, 0x01, 0x01, 0x26,
	0x01, 0x26, 0x00, 0x03, 0x01, 0x28, 0x01, 0x28, 0x00, 0x08, 0x01, 0x2D,
	0x01, 0x2D, 0x00, 0x01, 0x01, 0x35, 0x01, 0x36, 0x00, 0x06, 0x01, 0x38,
	0x01, 0x3A, 0x00, 0x01, 0x01, 0x3B, 0x01, 0x3B, 0x00, 0x08, 0x01, 0x3D,
	0x01, 0x3D, 0x00, 0x03, 0x01, 0x40, 0x01, 0x40, 0x00, 0x08, 0x01, 0x42,
	0x01, 0x42, 0x00, 0x03, 0x01, 0x44, 0x01, 0x44, 0x00, 0x03, 0x01, 0x45,
	0x01, 0x45, 0x00, 0x01, 0x01, 0x46, 0x01, 0x46, 0x00, 0x03, 0x01, 0x47,
	0x01, 0x47, 0x00, 0x01, 0x01, 0x48, 0x01, 0x48, 0x00, 0x03, 0x01, 0x49,
	0x01, 0x4A, 0x00, 0x06, 0x01, 0x4D, 0x01, 0x4D, 0x00, 0x08, 0x01, 0x4F,
	0x01, 0x50, 0x00, 0x03, 0x01, 0x53, 0x01, 0x53, 0x00, 0x03, 0x01, 0x56,
	0x01, 0x56, 0x00, 0x01, 0x01, 0x57, 0x01, 0x57, 0x00, 0x03, 0x01, 0x58,
	0x01, 0x59, 0x00, 0x04, 0x01, 0x6C, 0x01, 0x6C, 0x00, 0x07, 0x01, 0x70,
	0x01, 0x70, 0x00, 0x09, 0x01, 0x71, 0x01, 0x71, 0x00, 0x07, 0x01, 0x72,
	0x01, 0x72, 0x00, 0x0C, 0x01, 0xB3, 0x01, 0xB8, 0x00, 0x04, 0x01, 0xBF,
	0x01, 0xBF, 0x00, 0x04, 0x01, 0xC9, 0x01, 0xC9, 0x00, 0x0C, 0x01, 0xCB,
	0x01, 0xCB, 0x00, 0x09, 0x01, 0xCC, 0x01, 0xCC, 0x00, 0x05, 0x01, 0xD0,
	0x01, 0xD0, 0x00, 0x02, 0x01, 0xF8, 0x01, 0xF9, 0x00, 0x04, 0x01, 0xFB,
	0x01, 0xFB, 0x00, 0x04, 0x01, 0xFD, 0x02, 0x02, 0x00, 0x04, 0x02, 0x08,
	0x02, 0x08, 0x00, 0x04, 0x02, 0x0D, 0x02, 0x16, 0x00, 0x03, 0x00, 0x00,
	0x01, 0xF4, 0x00, 0x00, 0x01, 0x2C, 0x00, 0x00, 0x01, 0x2C, 0x00, 0x00,
	0x02, 0x94, 0x00, 0x05, 0x02, 0x94, 0x00, 0x05, 0x02, 0x94, 0x00, 0x05,
	0x02, 0x94, 0x00, 0x05, 0x02, 0x94, 0x00, 0x05, 0x02, 0x94, 0x00, 0x05,
	0x02, 0x94, 0x00, 0x05, 0x02, 0x94, 0x00, 0x05, 0x02, 0x94, 0x00, 0x05,
	0x02, 0x94, 0x00, 0x05, 0x02, 0x2E, 0x00, 0x50, 0x02, 0xAD, 0x00, 0x28,
	0x02, 0xAD, 0x00, 0x28, 0x02, 0xAD, 0x00, 0x28, 0x02, 0xAD, 0x00, 0x28,
	0x02, 0xAD, 0x00, 0x28, 0x02, 0xAD, 0x00, 0x28, 0x02, 0xA8, 0x00, 0x50,
	0x02, 0xA8, 0x00, 0x50, 0x02, 0x26, 0x00, 0x50, 0x02, 0x26, 0x00, 0x50,
	0x02, 0x26, 0x00, 0x50, 0x02, 0x26, 0x00, 0x50, 0x02, 0x26, 0x00, 0x50,
	0x02, 0x26, 0x00, 0x50, 0x02, 0x26, 0x00, 0x50, 0x02, 0x26, 0x00, 0x50,
	0x02, 0x26, 0x00, 0x50, 0x02, 0x26, 0x00, 0x50, 0x01, 0xF4, 0x00, 0x50,
	0x03, 0x07, 0x00, 0x28, 0x03, 0x07, 0x00, 0x28, 0x03, 0x07, 0x00, 0x28,
	0x03, 0x07, 0x00, 0x28, 0x03, 0x07, 0x00, 0x28, 0x02, 0xCB, 0x00, 0x50,
	0x02, 0xCB, 0x00, 0x50, 0x00, 0xF5, 0x00, 0x50, 0x00, 0xF5, 0xFF, 0xF8,
	0x00, 0xF5, 0x00, 0x1C, 0x00, 0xF5, 0xFF, 0xDA, 0x00, 0xF5, 0xFF, 0xE0,
	0x00, 0xF5, 0xFF, 0xD6, 0x00, 0xF5, 0xFF, 0xCC, 0x00, 0xF5, 0xFF, 0xDD,
	0x00, 0xF5, 0xFF, 0xF8, 0x00, 0xF5, 0x00, 0x43, 0x00, 0xF0, 0xFF, 0x91,
	0x00, 0xF0, 0xFF, 0x91, 0x02, 0x35, 0x00, 0x50, 0x02, 0x35, 0x00, 0x50,
	0x01, 0xC2, 0x00, 0x50, 0x01, 0xC2, 0x00, 0x50, 0x01, 0xC2, 0x00, 0x50,
	0x01, 0xC2, 0x00, 0x50, 0x03, 0x2A, 0x00, 0x28, 0x03, 0x07, 0x00, 0x50,
	0x03, 0x07, 0x00, 0x50, 0x03, 0x07, 0x00, 0x50, 0x03, 0x07, 0x00, 0x50,
	0x03, 0x07, 0x00, 0x50, 0x03, 0x16, 0x00, 0x28, 0x03, 0x16, 0x00, 0x28,
	0x03, 0x16, 0x00, 0x28, 0x03, 0x16, 0x00, 0x28, 0x03, 0x16, 0x00, 0x28,
	0x03, 0x16, 0x00, 0x28, 0x03, 0x16, 0x00, 0x28, 0x03, 0x16, 0x00, 0x28,
	0x03, 0x16, 0x00, 0x28, 0x02, 0x24, 0x00, 0x50, 0x03, 0x16, 0x00, 0x28,
	0x02, 0x30, 0x00, 0x50, 0x02, 0x30, 0x00, 0x50, 0x02, 0x30, 0x00, 0x50,
	0x02, 0x30, 0x00, 0x50, 0x02, 0x30, 0x00, 0x50, 0x02, 0x24, 0x00, 0x26,
	0x02, 0x24, 0x00, 0x28, 0x02, 0x24, 0x00, 0x28, 0x02, 0x24, 0x00, 0x28,
	0x02, 0x24, 0x00, 0x28, 0x02, 0x24, 0x00, 0x28, 0x01, 0xD1, 0x00, 0x0A,
	0x01, 0xD1, 0x00, 0x0A, 0x01, 0xD1, 0x00, 0x0A, 0x01, 0xD1, 0x00, 0x0A,
	0x02, 0x72, 0x00, 0x4B, 0x02, 0x72, 0x00, 0x4B, 0x02, 0x72, 0x00, 0x4B,
	0x02, 0x72, 0x00, 0x4B, 0x02, 0x72, 0x00, 0x4B, 0x02, 0x72, 0x00, 0x4B,
	0x02, 0x72, 0x00, 0x4B, 0x02, 0x72, 0x00, 0x4B, 0x02, 0x72, 0x00, 0x4B,
	0x02, 0x72, 0x00, 0x4B, 0x02, 0x72, 0x00, 0x4B, 0x02, 0x94, 0x00, 0x05,
	0x03, 0xDE, 0x00, 0x0A, 0x03, 0xDE, 0x00, 0x0A, 0x03, 0xDE, 0x00, 0x0A,
	0x03, 0xDE, 0x00, 0x0A, 0x03, 0xDE, 0x00, 0x0A, 0x03, 0xDE, 0x00, 0x0A,
	0x03, 0xDE, 0x00, 0x0A, 0x02, 0x2B, 0x00, 0x0A, 0x02, 0x31, 0x00, 0x05,
	0x02, 0x31, 0x00, 0x05, 0x02, 0x31, 0x00, 0x05, 0x02, 0x31, 0x00, 0x05,
	0x02, 0x31, 0x00, 0x05, 0x02, 0x21, 0x00, 0x0F, 0x02, 0x21, 0x00, 0x0F,
	0x02, 0x21, 0x00, 0x0F, 0x02, 0x21, 0x00, 0x0F, 0x03, 0xC0, 0x00, 0x05,
	0x02, 0xA8, 0x00, 0x05, 0x03, 0x16, 0x00, 0x28, 0x02, 0x26, 0x00, 0x50,
	0x02, 0xA8, 0x00, 0x05, 0x02, 0xCB, 0x00, 0x05, 0x01, 0xEA, 0x00, 0x50,
	0x01, 0xC2, 0x00, 0x50, 0x01, 0xC2, 0xFF, 0xF1, 0x03, 0x07, 0x00, 0x50,
	0x03, 0xD9, 0x00, 0x28, 0x01, 0xD1, 0x00, 0x0A, 0x02, 0xCC, 0x00, 0x50,
	0x02, 0x58, 0x00, 0x12, 0x02, 0x58, 0x00, 0x42, 0x02, 0x94, 0x00, 0x05,
	0x02, 0x24, 0x00, 0x50, 0x02, 0x2E, 0x00, 0x50, 0x01, 0xB3, 0x00, 0x50,
	0x01, 0xB3, 0x00, 0x50, 0x03, 0x1B, 0x00, 0x28, 0x02, 0x26, 0x00, 0x50,
	0x02, 0x26, 0x00, 0x50, 0x02, 0x26, 0x00, 0x50, 0x03, 0x7F, 0x00, 0x05,
	0x02, 0x5E, 0x00, 0x3C, 0x03, 0x07, 0x00, 0x50, 0x03, 0x07, 0x00, 0x50,
	0x03, 0x07, 0x00, 0x50, 0x02, 0x35, 0x00, 0x50, 0x02, 0x35, 0x00, 0x50,
	0x02, 0x92, 0x00, 0x0A, 0x03, 0x2A, 0x00, 0x28, 0x02, 0xCB, 0x00, 0x50,
	0x03, 0x16, 0x00, 0x28, 0x02, 0xCB, 0x00, 0x50, 0x02, 0x24, 0x00, 0x50,
	0x02, 0xAD, 0x00, 0x28, 0x01, 0xD1, 0x00, 0x0A, 0x02, 0x35, 0x00, 0x00,
	0x02, 0x35, 0x00, 0x00, 0x03, 0x0F, 0x00, 0x28, 0x02, 0x2B, 0x00, 0x0A,
	0x02, 0xF8, 0x00, 0x50, 0x02, 0x67, 0x00, 0x50, 0x03, 0xD9, 0x00, 0x50,
	0x04, 0x06, 0x00, 0x50, 0x02, 0x92, 0x00, 0x0A, 0x02, 0xFD, 0x00, 0x50,
	0x02, 0x24, 0x00, 0x50, 0x02, 0xAD, 0x00, 0x46, 0x04, 0x06, 0x00, 0x50,
	0x02, 0x30, 0x00, 0x0A, 0x01, 0xE1, 0x00, 0x1E, 0x01, 0xE5, 0x00, 0x1E,
	0x01, 0xE5, 0x00, 0x1E, 0x01, 0xE5, 0x00, 0x1E, 0x01, 0xE5, 0x00, 0x1E,
	0x01, 0xE5, 0x00, 0x1E, 0x01, 0xE5, 0x00, 0x1E, 0x01, 0xE5, 0x00, 0x1E,
	0x01, 0xE5, 0x00, 0x1E, 0x01, 0xE5, 0x00, 0x1E, 0x02, 0x3A, 0x00, 0x46,
	0x01, 0xDE, 0x00, 0x1E, 0x01, 0xDE, 0x00, 0x1E, 0x01, 0xDE, 0x00, 0x1E,
	0x01, 0xDE, 0x00, 0x1E, 0x01, 0xDE, 0x00, 0x1E, 0x01, 0xDE, 0x00, 0x1E,
	0x02, 0x3A, 0x00, 0x23, 0x02, 0x3A, 0x00, 0x23, 0x02, 0x03, 0x00, 0x23,
	0x02, 0x03, 0x00, 0x23, 0x02, 0x03, 0x00, 0x23, 0x02, 0x03, 0x00, 0x23,
	0x02, 0x03, 0x00, 0x23, 0x02, 0x03, 0x00, 0x23, 0x02, 0x03, 0x00, 0x23,
	0x02, 0x03, 0x00, 0x23, 0x02, 0x03, 0x00, 0x23, 0x02, 0x03, 0x00, 0x23,
	0x01, 0x1E, 0x00, 0x28, 0x02, 0x3A, 0x00, 0x23, 0x02, 0x3A, 0x00, 0x23,
	0x02, 0x3A, 0x00, 0x23, 0x02, 0x3A, 0x00, 0x23, 0x02, 0x3A, 0x00, 0x23,
	0x02, 0x0D, 0x00, 0x4B, 0x02, 0x0D, 0xFF, 0xDA, 0x01, 0x04, 0x00, 0x4B,
	0x01, 0x04, 0xFF, 0xE2, 0x01, 0x04, 0x00, 0x41, 0x01, 0x04, 0xFF, 0xE2,
	0x01, 0x04, 0xFF, 0xE7, 0x01, 0x04, 0xFF, 0xDD, 0x01, 0x04, 0xFF, 0xD3,
	0x01, 0x04, 0xFF, 0xE4, 0x01, 0x04, 0xFF, 0xFD, 0x00, 0xFA, 0xFF, 0xC3,
	0x00, 0xFA, 0xFF, 0xC3, 0x01, 0xB8, 0x00, 0x46, 0x01, 0xB8, 0x00, 0x46,
	0x00, 0xE6, 0x00, 0x4B, 0x00, 0xE6, 0x00, 0x14, 0x00, 0xE6, 0x00, 0x1F,
	0x00, 0xE6, 0x00, 0x4B, 0x03, 0x0C, 0x00, 0x4B, 0x02, 0x0D, 0x00, 0x4B,
	0x02, 0x0D, 0x00, 0x4B, 0x02, 0x0D, 0x00, 0x4B, 0x02, 0x0D, 0x00, 0x4B,
	0x02, 0x0D, 0x00, 0x4B, 0x02, 0x22, 0x00, 0x23, 0x02, 0x22, 0x00, 0x23,
	0x02, 0x22, 0x00, 0x23, 0x02, 0x22, 0x00, 0x23, 0x02, 0x22, 0x00, 0x23,
	0x02, 0x22, 0x00, 0x23, 0x02, 0x22, 0x00, 0x23, 0x02, 0x22, 0x00, 0x23,
	0x02, 0x22, 0x00, 0x23, 0x02, 0x3A, 0x00, 0x46, 0x02, 0x3A, 0x00, 0x23,
	0x01, 0x57, 0x00, 0x4B, 0x01, 0x57, 0x00, 0x4B, 0x01, 0x57, 0x00, 0x1F,
	0x01, 0x57, 0x00, 0x2E, 0x01, 0x57, 0x00, 0x31, 0x01, 0x93, 0x00, 0x1F,
	0x01, 0x93, 0x00, 0x19, 0x01, 0x93, 0x00, 0x19, 0x01, 0x93, 0x00, 0x19,
	0x01, 0x93, 0x00, 0x19, 0x01, 0x93, 0x00, 0x19, 0x00, 0xF0, 0x00, 0x05,
	0x00, 0xF0, 0xFF, 0xE5, 0x01, 0x5E, 0x00, 0x05, 0x00, 0xF0, 0x00, 0x05,
	0x02, 0x0D, 0x00, 0x4B, 0x02, 0x0D, 0x00, 0x4B, 0x02, 0x0D, 0x00, 0x4B,
	0x02, 0x0D, 0x00, 0x4B, 0x02, 0x0D, 0x00, 0x4B, 0x02, 0x0D, 0x00, 0x4B,
	0x02, 0x0D, 0x00, 0x4B, 0x02, 0x0D, 0x00, 0x4B, 0x02, 0x0D, 0x00, 0x4B,
	0x02, 0x0D, 0x00, 0x4B, 0x02, 0x0D, 0x00, 0x4B, 0x01, 0xB8, 0x00, 0x00,
	0x02, 0xA8, 0x00, 0x05, 0x02, 0xA8, 0x00, 0x05, 0x02, 0xA8, 0x00, 0x05,
	0x02, 0xA8, 0x00, 0x05, 0x02, 0xA8, 0x00, 0x05, 0x02, 0xA8, 0x00, 0x05,
	0x02, 0xA8, 0x00, 0x05, 0x01, 0xA4, 0x00, 0x00, 0x01, 0xB8, 0x00, 0x00,
	0x01, 0xB8, 0x00, 0x00, 0x01, 0xB8, 0x00, 0x00, 0x01, 0xB8, 0x00, 0x00,
	0x01, 0xB8, 0x00, 0x00, 0x01, 0xCC, 0x00, 0x0F, 0x01, 0xCC, 0x00, 0x0F,
	0x01, 0xCC, 0x00, 0x0F, 0x01, 0xCC, 0x00, 0x0F, 0x02, 0x35, 0x00, 0x48,
	0x03, 0x39, 0x00, 0x1E, 0x02, 0x40, 0x00, 0x32, 0x02, 0x22, 0x00, 0x23,
	0x02, 0x3A, 0x00, 0x46, 0x02, 0x3A, 0x00, 0x23, 0x02, 0x0D, 0x00, 0x05,
	0x01, 0x04, 0x00, 0x5A, 0x01, 0xFE, 0x00, 0x4B, 0x01, 0xB8, 0x00, 0x46,
	0x01, 0x72, 0x00, 0x4B, 0x00, 0xE6, 0xFF, 0xF1, 0x02, 0x7B, 0x00, 0x46,
	0x02, 0x0D, 0x00, 0x4B, 0x03, 0x84, 0x00, 0x23, 0x00, 0xF0, 0x00, 0x05,
	0x00, 0xFA, 0xFF, 0xC3, 0x02, 0x0D, 0x00, 0x4B, 0x02, 0x1C, 0x00, 0x1E,
	0x01, 0xE5, 0x00, 0x1E, 0x02, 0x22, 0x00, 0x23, 0x01, 0xC5, 0x00, 0x4B,
	0x01, 0x4A, 0x00, 0x50, 0x01, 0x4A, 0x00, 0x50, 0x02, 0x8F, 0x00, 0x28,
	0x02, 0x03, 0x00, 0x23, 0x02, 0x03, 0x00, 0x23, 0x02, 0x03, 0x00, 0x23,
	0x02, 0xA3, 0x00, 0x00, 0x01, 0xD7, 0x00, 0x3C, 0x02, 0x21, 0x00, 0x50,
	0x02, 0x21, 0x00, 0x50, 0x02, 0x21, 0x00, 0x50, 0x01, 0xB8, 0x00, 0x46,
	0x01, 0xB8, 0x00, 0x46, 0x02, 0x2E, 0x00, 0x0A, 0x02, 0x5F, 0x00, 0x05,
	0x02, 0x35, 0x00, 0x4B, 0x02, 0x22, 0x00, 0x23, 0x02, 0x0D, 0x00, 0x4B,
	0x02, 0x3A, 0x00, 0x46, 0x01, 0xDE, 0x00, 0x1E, 0x01, 0x18, 0x00, 0x05,
	0x01, 0xB8, 0x00, 0x00, 0x01, 0xB8, 0x00, 0x00, 0x02, 0x4A, 0x00, 0x23,
	0x01, 0xA4, 0x00, 0x00, 0x02, 0x35, 0x00, 0x4B, 0x01, 0xE5, 0x00, 0x32,
	0x03, 0x0C, 0x00, 0x4B, 0x03, 0x34, 0x00, 0x4B, 0x02, 0x42, 0x00, 0x05,
	0x02, 0x85, 0x00, 0x4B, 0x01, 0xE3, 0x00, 0x4B, 0x01, 0xDE, 0x00, 0x32,
	0x02, 0xEA, 0x00, 0x4B, 0x01, 0xE3, 0x00, 0x35, 0x00, 0xEE, 0x00, 0x14,
	0x01, 0x16, 0x00, 0x14, 0x00, 0x00, 0x00, 0x00, 0x00, 0x00, 0x00, 0x0F,
	0x00, 0x00, 0x00, 0x00, 0x00, 0x00, 0x00, 0x00, 0x00, 0x00, 0x00, 0x00,
	0x00, 0x00, 0x00, 0x00, 0x00, 0x00, 0x00, 0x00, 0x00, 0x00, 0x00, 0x00,
	0x00, 0x00, 0x00, 0x00, 0x00, 0x00, 0x00, 0x00, 0x00, 0x00, 0x00, 0x00,
	0x00, 0x00, 0x00, 0x00, 0x00, 0x00, 0x00, 0x00, 0x00, 0x00, 0x00, 0x00,
	0x00, 0x00, 0x00, 0x00, 0x02, 0x58, 0x00, 0x28, 0x01, 0xC2, 0x00, 0x50,
	0x02, 0x39, 0x00, 0x14, 0x02, 0x22, 0x00, 0x3C, 0x02, 0x47, 0x00, 0x14,
	0x02, 0x34, 0x00, 0x1E, 0x02, 0x40, 0x00, 0x32, 0x02, 0x0D, 0x00, 0x1E,
	0x02, 0x22, 0x00, 0x37, 0x02, 0x40, 0x00, 0x32, 0x02, 0x44, 0x00, 0x1E,
	0x02, 0x44, 0x00, 0x73, 0x02, 0x44, 0x00, 0x1A, 0x02, 0x44, 0x00, 0x4D,
	0x02, 0x44, 0x00, 0x12, 0x02, 0x44, 0x00, 0x26, 0x02, 0x44, 0x00, 0x34,
	0x02, 0x44, 0x00, 0x3A, 0x02, 0x44, 0x00, 0x48, 0x02, 0x44, 0x00, 0x34,
	0x01, 0xD6, 0x00, 0x98, 0x01, 0x5A, 0x00, 0x19, 0x01, 0x38, 0x00, 0x19,
	0x02, 0xF2, 0x00, 0x1E, 0x03, 0x33, 0x00, 0x1E, 0x03, 0x34, 0x00, 0x1E,
	0x01, 0x74, 0x00, 0x1E, 0x01, 0x82, 0x00, 0x1E, 0x01, 0x64, 0x00, 0x1E,
	0x01, 0x5A, 0x00, 0x24, 0x01, 0x62, 0x00, 0x1E, 0x01, 0x42, 0x00, 0x1E,
	0x01, 0x5A, 0x00, 0x2A, 0x01, 0x74, 0x00, 0x1E, 0x01, 0x3A, 0x00, 0x5A,
	0x01, 0x5A, 0x00, 0x19, 0x01, 0x38, 0x00, 0x19, 0x01, 0x82, 0x00, 0x1E,
	0x01, 0x64, 0x00, 0x1E, 0x01, 0x5A, 0x00, 0x23, 0x01, 0x62, 0x00, 0x1E,
	0x01, 0x42, 0x00, 0x1E, 0x01, 0x5A, 0x00, 0x19, 0x03, 0x4A, 0x00, 0x1E,
	0x03, 0x10, 0x00, 0x1E, 0x04, 0x38, 0x00, 0x1E, 0x02, 0xF3, 0x00, 0x1E,
	0x03, 0x72, 0x00, 0x1E, 0x02, 0xE8, 0x00, 0x1E, 0x03, 0x67, 0x00, 0x1E,
	0x03, 0x3F, 0x00, 0x1E, 0x03, 0x62, 0x00, 0x1E, 0x02, 0xDE, 0x00, 0x1E,
	0x03, 0x58, 0x00, 0x1E, 0x02, 0xF8, 0x00, 0x1E, 0x03, 0x4F, 0x00, 0x1E,
	0x03, 0x72, 0x00, 0x1E, 0x03, 0x04, 0x00, 0x1E, 0x01, 0xF4, 0x00, 0x00,
	0x00, 0xD2, 0x00, 0x05, 0x00, 0xD2, 0x00, 0x05, 0x02, 0x4E, 0x00, 0x46,
	0x02, 0xE4, 0x00, 0x46, 0x03, 0x7A, 0x00, 0x46, 0x01, 0x36, 0x00, 0x5A,
	0x01, 0x36, 0x00, 0x1E, 0x01, 0x2C, 0x00, 0x64, 0x01, 0x2C, 0x00, 0x14,
	0x01, 0x37, 0x00, 0x32, 0x01, 0x37, 0x00, 0x3B, 0x02, 0x5D, 0x00, 0x23,
	0x02, 0xEF, 0x00, 0x23, 0x04, 0x6B, 0x00, 0x23, 0x05, 0xE7, 0x00, 0x23,
	0x01, 0x1D, 0x00, 0x50, 0x01, 0xD1, 0x00, 0x50, 0x01, 0x13, 0x00, 0x46,
	0x01, 0x13, 0x00, 0x32, 0x01, 0xDB, 0x00, 0x46, 0x01, 0xDB, 0x00, 0x32,
	0x01, 0x13, 0x00, 0x3C, 0x01, 0xDB, 0x00, 0x32, 0x01, 0x5E, 0x00, 0x28,
	0x01, 0x5E, 0x00, 0x46, 0x01, 0xFE, 0x00, 0x28, 0x01, 0xFE, 0x00, 0x46,
	0x02, 0x50, 0x00, 0x64, 0x02, 0x3A, 0x00, 0x5A, 0x02, 0x3A, 0x00, 0x5A,
	0x01, 0x2C, 0x00, 0x5F, 0x01, 0x34, 0x00, 0x3C, 0x01, 0x2C, 0x00, 0x5F,
	0x01, 0x4A, 0x00, 0x3C, 0x03, 0x84, 0x00, 0x5F, 0x01, 0x2C, 0x00, 0x5F,
	0x01, 0x2C, 0x00, 0x5F, 0x02, 0x2D, 0x00, 0x3C, 0x02, 0x2D, 0x00, 0x3C,
	0x02, 0x03, 0x00, 0x0F, 0x02, 0x03, 0x00, 0x0F, 0x02, 0xC1, 0x00, 0x3C,
	0x01, 0x12, 0x00, 0x64, 0x01, 0x12, 0x00, 0x64, 0x03, 0x02, 0x00, 0x23,
	0x02, 0xA3, 0x00, 0x28, 0x01, 0x98, 0x00, 0x1E, 0x02, 0x42, 0x00, 0x3C,
	0x01, 0x2C, 0x00, 0x5F, 0x01, 0x2C, 0x00, 0x5F, 0x02, 0x2D, 0x00, 0x3C,
	0x02, 0x67, 0x00, 0x41, 0x02, 0x4E, 0x00, 0x46, 0x02, 0x67, 0x00, 0x41,
	0x02, 0x6F, 0x00, 0x3C, 0x02, 0x54, 0x00, 0x41, 0x02, 0x67, 0x00, 0x41,
	0x02, 0x80, 0x00, 0x41, 0x02, 0x80, 0x00, 0x41, 0x02, 0x58, 0x00, 0x28,
	0x02, 0x58, 0x00, 0x41, 0x02, 0x58, 0x00, 0x3A, 0x02, 0x58, 0x00, 0x41,
	0x02, 0x6C, 0x00, 0x41, 0x02, 0x22, 0x00, 0x23, 0x02, 0x58, 0x00, 0x56,
	0x02, 0x58, 0x00, 0x4B, 0x02, 0x58, 0x00, 0x64, 0x02, 0x0D, 0x00, 0x4B,
	0x02, 0x03, 0x00, 0x0F, 0x01, 0x2C, 0x00, 0x5F, 0x02, 0x58, 0x00, 0x2D,
	0x02, 0xEE, 0x00, 0x16, 0x02, 0x58, 0x00, 0x73, 0x02, 0x44, 0x00, 0x37,
	0x02, 0x44, 0x00, 0x51, 0x02, 0x44, 0x00, 0x40, 0x02, 0x44, 0x00, 0x25,
	0x02, 0x44, 0x00, 0x0F, 0x02, 0x44, 0x00, 0x0F, 0x02, 0x58, 0x00, 0x73,
	0x02, 0x7E, 0x00, 0x1E, 0x01, 0xFE, 0x00, 0x41, 0x02, 0x3F, 0x00, 0x41,
	0x01, 0x77, 0x00, 0x4B, 0x01, 0x77, 0x00, 0x4B, 0x00, 0x00, 0x00, 0x00,
	0x01, 0xE0, 0x00, 0x50, 0x01, 0xE0, 0x00, 0x50, 0x02, 0x22, 0x00, 0x73,
	0x02, 0x12, 0x00, 0x64, 0x01, 0xFE, 0x00, 0x50, 0x01, 0xD6, 0x00, 0x50,
	0x01, 0x2C, 0x00, 0x5F, 0x01, 0x16, 0x00, 0x25, 0x01, 0x5E, 0x00, 0x4F,
	0x01, 0x04, 0x00, 0x10, 0x03, 0x20, 0x00, 0x28, 0x03, 0x20, 0x00, 0x28,
	0x02, 0x99, 0x00, 0x20, 0x01, 0x16, 0x00, 0x14, 0x02, 0x58, 0x00, 0x64,
	0x01, 0x2C, 0x00, 0x00, 0x00, 0xD2, 0x00, 0x05, 0x01, 0x2C, 0x00, 0x00,
	0x02, 0x3A, 0x00, 0x23, 0x00, 0x23, 0x00, 0x23, 0x00, 0x23, 0x00, 0x23,
	0x00, 0x23, 0x00, 0x23, 0x00, 0x23, 0x00, 0x23, 0x00, 0x23, 0x00, 0x00,
	0x00, 0x02, 0x00, 0x00, 0x00, 0x00, 0x00, 0x00, 0xFF, 0x9C, 0x00, 0x32,
	0x00, 0x00, 0x00, 0x00, 0x00, 0x00, 0x00, 0x00, 0x00, 0x00, 0x00, 0x00,
	0x00, 0x00, 0x00, 0x00, 0x00, 0x00, 0x00, 0x00, 0x02, 0x17, 0x00, 0x00,
	0x00, 0x03, 0x01, 0x02, 0x00, 0x24, 0x00, 0xAD, 0x00, 0xC9, 0x00, 0xC7,
	0x00, 0xAE, 0x00, 0x62, 0x00, 0x63, 0x01, 0x03, 0x01, 0x04, 0x01, 0x05,
	0x00, 0x25, 0x00, 0x26, 0x00, 0x64, 0x00, 0xFD, 0x01, 0x06, 0x01, 0x07,
	0x00, 0xFF, 0x00, 0x27, 0x01, 0x08, 0x00, 0x28, 0x00, 0xCB, 0x00, 0x65,
	0x00, 0xC8, 0x00, 0xCA, 0x01, 0x09, 0x01, 0x0A, 0x01, 0x0B, 0x01, 0x0C,
	0x01, 0x0D, 0x00, 0x29, 0x00, 0x2A, 0x01, 0x0E, 0x00, 0xF8, 0x01, 0x0F,
	0x01, 0x10, 0x00, 0x2B, 0x01, 0x11, 0x00, 0x2C, 0x00, 0xCF, 0x00, 0xCC,
	0x00, 0xCD, 0x00, 0xCE, 0x01, 0x12, 0x01, 0x13, 0x01, 0x14, 0x01, 0x15,
	0x00, 0xFA, 0x00, 0x2D, 0x01, 0x16, 0x00, 0x2E, 0x01, 0x17, 0x00, 0x2F,
	0x01, 0x18, 0x01, 0x19, 0x01, 0x1A, 0x00, 0x30, 0x00, 0x31, 0x00, 0x66,
	0x01, 0x1B, 0x01, 0x1C, 0x01, 0x1D, 0x00, 0x32, 0x00, 0xD3, 0x00, 0xD0,
	0x00, 0xD1, 0x00, 0xAF, 0x00, 0x67, 0x01, 0x1E, 0x01, 0x1F, 0x01, 0x20,
	0x00, 0x33, 0x00, 0x34, 0x00, 0x35, 0x01, 0x21, 0x01, 0x22, 0x01, 0x23,
	0x01, 0x24, 0x00, 0x36, 0x01, 0x25, 0x01, 0x26, 0x00, 0xFB, 0x00, 0xE4,
	0x01, 0x27, 0x00, 0x37, 0x01, 0x28, 0x01, 0x29, 0x01, 0x2A, 0x00, 0x38,
	0x00, 0xD6, 0x00, 0xD4, 0x00, 0xD5, 0x00, 0x68, 0x01, 0x2B, 0x01, 0x2C,
	0x01, 0x2D, 0x01, 0x2E, 0x01, 0x2F, 0x01, 0x30, 0x00, 0x39, 0x00, 0x3A,
	0x01, 0x31, 0x01, 0x32, 0x01, 0x33, 0x01, 0x34, 0x01, 0x35, 0x01, 0x36,
	0x00, 0x3B, 0x00, 0x3C, 0x00, 0xEB, 0x01, 0x37, 0x00, 0xBB, 0x01, 0x38,
	0x00, 0x3D, 0x01, 0x39, 0x01, 0x3A, 0x00, 0xE6, 0x00, 0x90, 0x00, 0xE9,
	0x00, 0x91, 0x00, 0xED, 0x01, 0x3B, 0x01, 0x3C, 0x01, 0x3D, 0x01, 0x3E,
	0x00, 0xE2, 0x01, 0x3F, 0x00, 0xB0, 0x01, 0x40, 0x01, 0x41, 0x01, 0x42,
	0x01, 0x43, 0x01, 0x44, 0x01, 0x45, 0x01, 0x46, 0x01, 0x47, 0x01, 0x48,
	0x01, 0x49, 0x01, 0x4A, 0x01, 0x4B, 0x01, 0x4C, 0x01, 0x4D, 0x01, 0x4E,
	0x01, 0x4F, 0x01, 0x50, 0x01, 0x51, 0x01, 0x52, 0x01, 0x53, 0x01, 0x54,
	0x01, 0x55, 0x01, 0x56, 0x01, 0x57, 0x01, 0x58, 0x01, 0x59, 0x01, 0x5A,
	0x01, 0x5B, 0x01, 0x5C, 0x01, 0x5D, 0x01, 0x5E, 0x01, 0x5F, 0x01, 0x60,
	0x01, 0x61, 0x01, 0x62, 0x01, 0x63, 0x01, 0x64, 0x01, 0x65, 0x01, 0x66,
	0x01, 0x67, 0x01, 0x68, 0x01, 0x69, 0x00, 0x44, 0x00, 0x6A, 0x00, 0x69,
	0x00, 0x6B, 0x00, 0x6D, 0x00, 0x6C, 0x00, 0x6E, 0x01, 0x6A, 0x01, 0x6B,
	0x01, 0x6C, 0x00, 0x45, 0x00, 0x46, 0x00, 0x6F, 0x00, 0xFE, 0x01, 0x6D,
	0x01, 0x6E, 0x01, 0x00, 0x00, 0x47, 0x01, 0x6F, 0x00, 0x48, 0x00, 0x71,
	0x00, 0x70, 0x00, 0x72, 0x00, 0x73, 0x01, 0x70, 0x01, 0x71, 0x01, 0x72,
	0x01, 0x73, 0x01, 0x74, 0x00, 0x49, 0x00, 0x4A, 0x01, 0x75, 0x00, 0xF9,
	0x01, 0x76, 0x01, 0x77, 0x00, 0x4B, 0x01, 0x78, 0x00, 0x4C, 0x00, 0x75,
	0x00, 0x74, 0x00, 0x76, 0x00, 0x77, 0x01, 0x79, 0x01, 0x7A, 0x01, 0x7B,
	0x01, 0x7C, 0x00, 0x4D, 0x01, 0x7D, 0x00, 0x4E, 0x01, 0x7E, 0x00, 0x4F,
	0x01, 0x7F, 0x01, 0x80, 0x01, 0x81, 0x00, 0x50, 0x00, 0x51, 0x00, 0x78,
	0x01, 0x82, 0x01, 0x83, 0x01, 0x84, 0x00, 0x52, 0x00, 0x7A, 0x00, 0x79,
	0x00, 0x7B, 0x00, 0x7D, 0x00, 0x7C, 0x01, 0x85, 0x01, 0x86, 0x01, 0x87,
	0x00, 0x53, 0x00, 0x54, 0x00, 0x55, 0x01, 0x88, 0x01, 0x89, 0x01, 0x8A,
	0x01, 0x8B, 0x00, 0x56, 0x01, 0x8C, 0x01, 0x8D, 0x00, 0xFC, 0x00, 0xE5,
	0x01, 0x8E, 0x00, 0x57, 0x01, 0x8F, 0x01, 0x90, 0x01, 0x91, 0x00, 0x58,
	0x00, 0x7F, 0x00, 0x7E, 0x00, 0x80, 0x00, 0x81, 0x01, 0x92, 0x01, 0x93,
	0x01, 0x94, 0x01, 0x95, 0x01, 0x96, 0x01, 0x97, 0x00, 0x59, 0x00, 0x5A,
	0x01, 0x98, 0x01, 0x99, 0x01, 0x9A, 0x01, 0x9B, 0x01, 0x9C, 0x01, 0x9D,
	0x00, 0x5B, 0x00, 0x5C, 0x00, 0xEC, 0x00, 0xBA, 0x01, 0x9E, 0x01, 0x9F,
	0x00, 0x5D, 0x01, 0xA0, 0x01, 0xA1, 0x00, 0xE7, 0x00, 0x89, 0x00, 0xA0,
	0x00, 0xEA, 0x00, 0xA1, 0x00, 0xEE, 0x01, 0x01, 0x01, 0xA2, 0x00, 0xD7,
	0x01, 0xA3, 0x01, 0xA4, 0x01, 0xA5, 0x00, 0xE3, 0x01, 0xA6, 0x01, 0xA7,
	0x00, 0xB1, 0x01, 0xA8, 0x01, 0xA9, 0x01, 0xAA, 0x00, 0x9B, 0x01, 0xAB,
	0x01, 0xAC, 0x01, 0xAD, 0x01, 0xAE, 0x01, 0xAF, 0x01, 0xB0, 0x01, 0xB1,
	0x01, 0xB2, 0x01, 0xB3, 0x01, 0xB4, 0x01, 0xB5, 0x01, 0xB6, 0x01, 0xB7,
	0x01, 0xB8, 0x01, 0xB9, 0x01, 0xBA, 0x01, 0xBB, 0x01, 0xBC, 0x01, 0xBD,
	0x01, 0xBE, 0x01, 0xBF, 0x01, 0xC0, 0x01, 0xC1, 0x01, 0xC2, 0x01, 0xC3,
	0x01, 0xC4, 0x01, 0xC5, 0x01, 0xC6, 0x01, 0xC7, 0x01, 0xC8, 0x01, 0xC9,
	0x01, 0xCA, 0x01, 0xCB, 0x01, 0xCC, 0x01, 0xCD, 0x01, 0xCE, 0x01, 0xCF,
	0x01, 0xD0, 0x00, 0x9D, 0x00, 0x9E, 0x01, 0xD1, 0x01, 0xD2, 0x01, 0xD3,
	0x01, 0xD4, 0x01, 0xD5, 0x01, 0xD6, 0x01, 0xD7, 0x01, 0xD8, 0x01, 0xD9,
	0x01, 0xDA, 0x01, 0xDB, 0x01, 0xDC, 0x01, 0xDD, 0x01, 0xDE, 0x01, 0xDF,
	0x00, 0x13, 0x00, 0x14, 0x00, 0x15, 0x00, 0x16, 0x00, 0x17, 0x00, 0x18,
	0x00, 0x19, 0x00, 0x1A, 0x00, 0x1B, 0x00, 0x1C, 0x01, 0xE0, 0x01, 0xE1,
	0x01, 0xE2, 0x01, 0xE3, 0x01, 0xE4, 0x01, 0xE5, 0x01, 0xE6, 0x01, 0xE7,
	0x01, 0xE8, 0x01, 0xE9, 0x01, 0xEA, 0x01, 0xEB, 0x01, 0xEC, 0x00, 0xF5,
	0x00, 0xF4, 0x00, 0xF6, 0x01, 0xED, 0x01, 0xEE, 0x01, 0xEF, 0x01, 0xF0,
	0x01, 0xF1, 0x01, 0xF2, 0x01, 0xF3, 0x01, 0xF4, 0x01, 0xF5, 0x01, 0xF6,
	0x01, 0xF7, 0x01, 0xF8, 0x01, 0xF9, 0x01, 0xFA, 0x01, 0xFB, 0x01, 0xFC,
	0x01, 0xFD, 0x01, 0xFE, 0x01, 0xFF, 0x02, 0x00, 0x02, 0x01, 0x02, 0x02,
	0x02, 0x03, 0x02, 0x04, 0x02, 0x05, 0x02, 0x06, 0x02, 0x07, 0x02, 0x08,
	0x02, 0x09, 0x02, 0x0A, 0x02, 0x0B, 0x02, 0x0C, 0x00, 0x42, 0x00, 0x10,
	0x02, 0x0D, 0x02, 0x0E, 0x00, 0xB2, 0x00, 0xB3, 0x00, 0x0B, 0x00, 0x0C,
	0x00, 0x3E, 0x00, 0x40, 0x00, 0x5E, 0x00, 0x60, 0x00, 0x06, 0x00, 0x08,
	0x00, 0xC6, 0x02, 0x0F, 0x00, 0x0A, 0x00, 0x05, 0x00, 0xB6, 0x00, 0xB7,
	0x00, 0xB4, 0x00, 0xB5, 0x00, 0xC4, 0x00, 0xC5, 0x00, 0xBE, 0x00, 0xBF,
	0x00, 0xA9, 0x00, 0xAA, 0x00, 0x0D, 0x00, 0x82, 0x00, 0xC2, 0x00, 0x11,
	0x00, 0x0F, 0x00, 0x1D, 0x00, 0x1E, 0x00, 0xAB, 0x00, 0x04, 0x00, 0xA3,
	0x00, 0x22, 0x00, 0xA2, 0x00, 0x12, 0x00, 0x3F, 0x00, 0xBC, 0x00, 0x5F,
	0x00, 0xE8, 0x00, 0x23, 0x00, 0x09, 0x00, 0x86, 0x00, 0x88, 0x00, 0xC3,
	0x00, 0x87, 0x02, 0x10, 0x00, 0x0E, 0x00, 0xEF, 0x00, 0x93, 0x00, 0xB8,
	0x00, 0xF0, 0x00, 0x20, 0x00, 0x1F, 0x00, 0x21, 0x00, 0x94, 0x00, 0x95,
	0x00, 0xA7, 0x00, 0x8F, 0x00, 0xA4, 0x00, 0x98, 0x02, 0x11, 0x00, 0x9A,
	0x00, 0x99, 0x00, 0x97, 0x02, 0x12, 0x02, 0x13, 0x00, 0xA5, 0x00, 0x92,
	0x00, 0x9C, 0x00, 0x07, 0x00, 0x84, 0x00, 0x85, 0x00, 0xBD, 0x00, 0x96,
	0x02, 0x14, 0x00, 0xA6, 0x02, 0x15, 0x00, 0x41, 0x00, 0x61, 0x00, 0x8D,
	0x00, 0x43, 0x00, 0xDF, 0x00, 0xD8, 0x00, 0xE1, 0x00, 0xDB, 0x00, 0xD9,
	0x00, 0xDA, 0x00, 0x8E, 0x00, 0xDC, 0x00, 0xDD, 0x00, 0xDE, 0x00, 0xE0,
	0x00, 0x8B, 0x00, 0x8A, 0x00, 0x8C, 0x00, 0x83, 0x00, 0xB9, 0x02, 0x16,
	0x02, 0x17, 0x02, 0x18, 0x02, 0x19, 0x02, 0x1A, 0x02, 0x1B, 0x02, 0x1C,
	0x02, 0x1D, 0x02, 0x1E, 0x02, 0x1F, 0x02, 0x20, 0x02, 0x21, 0x02, 0x22,
	0x07, 0x75, 0x6E, 0x69, 0x30, 0x30, 0x41, 0x30, 0x07, 0x41, 0x6D, 0x61,
	0x63, 0x72, 0x6F, 0x6E, 0x06, 0x41, 0x62, 0x72, 0x65, 0x76, 0x65, 0x07,
	0x41, 0x6F, 0x67, 0x6F, 0x6E, 0x65, 0x6B, 0x0B, 0x43, 0x63, 0x69, 0x72,
	0x63, 0x75, 0x6D, 0x66, 0x6C, 0x65, 0x78, 0x0A, 0x43, 0x64, 0x6F, 0x74,
	0x61, 0x63, 0x63, 0x65, 0x6E, 0x74, 0x06, 0x44, 0x63, 0x61, 0x72, 0x6F,
	0x6E, 0x07, 0x45, 0x6D, 0x61, 0x63, 0x72, 0x6F, 0x6E, 0x06, 0x45, 0x62,
	0x72, 0x65, 0x76, 0x65, 0x0A, 0x45, 0x64, 0x6F, 0x74, 0x61, 0x63, 0x63,
	0x65, 0x6E, 0x74, 0x07, 0x45, 0x6F, 0x67, 0x6F, 0x6E, 0x65, 0x6B, 0x06,
	0x45, 0x63, 0x61, 0x72, 0x6F, 0x6E, 0x0B, 0x47, 0x63, 0x69, 0x72, 0x63,
	0x75, 0x6D, 0x66, 0x6C, 0x65, 0x78, 0x0A, 0x47, 0x64, 0x6F, 0x74, 0x61,
	0x63, 0x63, 0x65, 0x6E, 0x74, 0x07, 0x75, 0x6E, 0x69, 0x30, 0x31, 0x32,
	0x32, 0x0B, 0x48, 0x63, 0x69, 0x72, 0x63, 0x75, 0x6D, 0x66, 0x6C, 0x65,
	0x78, 0x06, 0x49, 0x74, 0x69, 0x6C, 0x64, 0x65, 0x07, 0x49, 0x6D, 0x61,
	0x63, 0x72, 0x6F, 0x6E, 0x06, 0x49, 0x62, 0x72, 0x65, 0x76, 0x65, 0x07,
	0x49, 0x6F, 0x67, 0x6F, 0x6E, 0x65, 0x6B, 0x0B, 0x4A, 0x63, 0x69, 0x72,
	0x63, 0x75, 0x6D, 0x66, 0x6C, 0x65, 0x78, 0x07, 0x75, 0x6E, 0x69, 0x30,
	0x31, 0x33, 0x36, 0x06, 0x4C, 0x61, 0x63, 0x75, 0x74, 0x65, 0x07, 0x75,
	0x6E, 0x69, 0x30, 0x31, 0x33, 0x42, 0x06, 0x4C, 0x63, 0x61, 0x72, 0x6F,
	0x6E, 0x06, 0x4E, 0x61, 0x63, 0x75, 0x74, 0x65, 0x07, 0x75, 0x6E, 0x69,
	0x30, 0x31, 0x34, 0x35, 0x06, 0x4E, 0x63, 0x61, 0x72, 0x6F, 0x6E, 0x07,
	0x4F, 0x6D, 0x61, 0x63, 0x72, 0x6F, 0x6E, 0x06, 0x4F, 0x62, 0x72, 0x65,
	0x76, 0x65, 0x0D, 0x4F, 0x68, 0x75, 0x6E, 0x67, 0x61, 0x72, 0x75, 0x6D,
	0x6C, 0x61, 0x75, 0x74, 0x06, 0x52, 0x61, 0x63, 0x75, 0x74, 0x65, 0x07,
	0x75, 0x6E, 0x69, 0x30, 0x31, 0x35, 0x36, 0x06, 0x52, 0x63, 0x61, 0x72,
	0x6F, 0x6E, 0x07, 0x75, 0x6E, 0x69, 0x30, 0x32, 0x31, 0x32, 0x06, 0x53,
	0x61, 0x63, 0x75, 0x74, 0x65, 0x0B, 0x53, 0x63, 0x69, 0x72, 0x63, 0x75,
	0x6D, 0x66, 0x6C, 0x65, 0x78, 0x07, 0x75, 0x6E, 0x69, 0x30, 0x32, 0x31,
	0x38, 0x07, 0x75, 0x6E, 0x69, 0x30, 0x31, 0x36, 0x32, 0x06, 0x54, 0x63,
	0x61, 0x72, 0x6F, 0x6E, 0x07, 0x75, 0x6E, 0x69, 0x30, 0x32, 0x31, 0x41,
	0x06, 0x55, 0x74, 0x69, 0x6C, 0x64, 0x65, 0x07, 0x55, 0x6D, 0x61, 0x63,
	0x72, 0x6F, 0x6E, 0x06, 0x55, 0x62, 0x72, 0x65, 0x76, 0x65, 0x05, 0x55,
	0x72, 0x69, 0x6E, 0x67, 0x0D, 0x55, 0x68, 0x75, 0x6E, 0x67, 0x61, 0x72,
	0x75, 0x6D, 0x6C, 0x61, 0x75, 0x74, 0x07, 0x55, 0x6F, 0x67, 0x6F, 0x6E,
	0x65, 0x6B, 0x0B, 0x57, 0x63, 0x69, 0x72, 0x63, 0x75, 0x6D, 0x66, 0x6C,
	0x65, 0x78, 0x06, 0x57, 0x67, 0x72, 0x61, 0x76, 0x65, 0x06, 0x57, 0x61,
	0x63, 0x75, 0x74, 0x65, 0x09, 0x57, 0x64, 0x69, 0x65, 0x72, 0x65, 0x73,
	0x69, 0x73, 0x07, 0x75, 0x6E, 0x69, 0x31, 0x45, 0x38, 0x36, 0x07, 0x75,
	0x6E, 0x69, 0x31, 0x45, 0x38, 0x38, 0x0B, 0x59, 0x63, 0x69, 0x72, 0x63,
	0x75, 0x6D, 0x66, 0x6C, 0x65, 0x78, 0x06, 0x59, 0x67, 0x72, 0x61, 0x76,
	0x65, 0x06, 0x5A, 0x61, 0x63, 0x75, 0x74, 0x65, 0x0A, 0x5A, 0x64, 0x6F,
	0x74, 0x61, 0x63, 0x63, 0x65, 0x6E, 0x74, 0x06, 0x44, 0x63, 0x72, 0x6F,
	0x61, 0x74, 0x04, 0x48, 0x62, 0x61, 0x72, 0x02, 0x49, 0x4A, 0x04, 0x4C,
	0x64, 0x6F, 0x74, 0x03, 0x45, 0x6E, 0x67, 0x04, 0x54, 0x62, 0x61, 0x72,
	0x07, 0x75, 0x6E, 0x69, 0x31, 0x45, 0x39, 0x45, 0x07, 0x75, 0x6E, 0x69,
	0x30, 0x33, 0x39, 0x34, 0x07, 0x75, 0x6E, 0x69, 0x30, 0x33, 0x41, 0x39,
	0x07, 0x75, 0x6E, 0x69, 0x30, 0x34, 0x31, 0x30, 0x07, 0x75, 0x6E, 0x69,
	0x30, 0x34, 0x31, 0x31, 0x07, 0x75, 0x6E, 0x69, 0x30, 0x34, 0x31, 0x32,
	0x07, 0x75, 0x6E, 0x69, 0x30, 0x34, 0x31, 0x33, 0x07, 0x75, 0x6E, 0x69,
	0x30, 0x34, 0x30, 0x33, 0x07, 0x75, 0x6E, 0x69, 0x30, 0x34, 0x31, 0x34,
	0x07, 0x75, 0x6E, 0x69, 0x30, 0x34, 0x31, 0x35, 0x07, 0x75, 0x6E, 0x69,
	0x30, 0x34, 0x30, 0x30, 0x07, 0x75, 0x6E, 0x69, 0x30, 0x34, 0x30, 0x31,
	0x07, 0x75, 0x6E, 0x69, 0x30, 0x34, 0x31, 0x36, 0x07, 0x75, 0x6E, 0x69,
	0x30, 0x34, 0x31, 0x37, 0x07, 0x75, 0x6E, 0x69, 0x30, 0x34, 0x31, 0x38,
	0x07, 0x75, 0x6E, 0x69, 0x30, 0x34, 0x30, 0x44, 0x07, 0x75, 0x6E, 0x69,
	0x30, 0x34, 0x31, 0x39, 0x07, 0x75, 0x6E, 0x69, 0x30, 0x34, 0x31, 0x41,
	0x07, 0x75, 0x6E, 0x69, 0x30, 0x34, 0x30, 0x43, 0x07, 0x75, 0x6E, 0x69,
	0x30, 0x34, 0x31, 0x42, 0x07, 0x75, 0x6E, 0x69, 0x30, 0x34, 0x31, 0x43,
	0x07, 0x75, 0x6E, 0x69, 0x30, 0x34, 0x31, 0x44, 0x07, 0x75, 0x6E, 0x69,
	0x30, 0x34, 0x31, 0x45, 0x07, 0x75, 0x6E, 0x69, 0x30, 0x34, 0x31, 0x46,
	0x07, 0x75, 0x6E, 0x69, 0x30, 0x34, 0x32, 0x30, 0x07, 0x75, 0x6E, 0x69,
	0x30, 0x34, 0x32, 0x31, 0x07, 0x75, 0x6E, 0x69, 0x30, 0x34, 0x32, 0x32,
	0x07, 0x75, 0x6E, 0x69, 0x30, 0x34, 0x32, 0x33, 0x07, 0x75, 0x6E, 0x69,
	0x30, 0x34, 0x30, 0x45, 0x07, 0x75, 0x6E, 0x69, 0x30, 0x34, 0x32, 0x34,
	0x07, 0x75, 0x6E, 0x69, 0x30, 0x34, 0x32, 0x35, 0x07, 0x75, 0x6E, 0x69,
	0x30, 0x34, 0x32, 0x36, 0x07, 0x75, 0x6E, 0x69, 0x30, 0x34, 0x32, 0x37,
	0x07, 0x75, 0x6E, 0x69, 0x30, 0x34, 0x32, 0x38, 0x07, 0x75, 0x6E, 0x69,
	0x30, 0x34, 0x32, 0x39, 0x07, 0x75, 0x6E, 0x69, 0x30, 0x34, 0x32, 0x41,
	0x07, 0x75, 0x6E, 0x69, 0x30, 0x34, 0x32, 0x42, 0x07, 0x75, 0x6E, 0x69,
	0x30, 0x34, 0x32, 0x43, 0x07, 0x75, 0x6E, 0x69, 0x30, 0x34, 0x32, 0x44,
	0x07, 0x75, 0x6E, 0x69, 0x30, 0x34, 0x32, 0x45, 0x07, 0x75, 0x6E, 0x69,
	0x30, 0x34, 0x32, 0x46, 0x07, 0x61, 0x6D, 0x61, 0x63, 0x72, 0x6F, 0x6E,
	0x06, 0x61, 0x62, 0x72, 0x65, 0x76, 0x65, 0x07, 0x61, 0x6F, 0x67, 0x6F,
	0x6E, 0x65, 0x6B, 0x0B, 0x63, 0x63, 0x69, 0x72, 0x63, 0x75, 0x6D, 0x66,
	0x6C, 0x65, 0x78, 0x0A, 0x63, 0x64, 0x6F, 0x74, 0x61, 0x63, 0x63, 0x65,
	0x6E, 0x74, 0x06, 0x64, 0x63, 0x61, 0x72, 0x6F, 0x6E, 0x07, 0x65, 0x6D,
	0x61, 0x63, 0x72, 0x6F, 0x6E, 0x06, 0x65, 0x62, 0x72, 0x65, 0x76, 0x65,
	0x0A, 0x65, 0x64, 0x6F, 0x74, 0x61, 0x63, 0x63, 0x65, 0x6E, 0x74, 0x07,
	0x65, 0x6F, 0x67, 0x6F, 0x6E, 0x65, 0x6B, 0x06, 0x65, 0x63, 0x61, 0x72,
	0x6F, 0x6E, 0x0B, 0x67, 0x63, 0x69, 0x72, 0x63, 0x75, 0x6D, 0x66, 0x6C,
	0x65, 0x78, 0x0A, 0x67, 0x64, 0x6F, 0x74, 0x61, 0x63, 0x63, 0x65, 0x6E,
	0x74, 0x07, 0x75, 0x6E, 0x69, 0x30, 0x31, 0x32, 0x33, 0x0B, 0x68, 0x63,
	0x69, 0x72, 0x63, 0x75, 0x6D, 0x66, 0x6C, 0x65, 0x78, 0x06, 0x69, 0x74,
	0x69, 0x6C, 0x64, 0x65, 0x07, 0x69, 0x6D, 0x61, 0x63, 0x72, 0x6F, 0x6E,
	0x06, 0x69, 0x62, 0x72, 0x65, 0x76, 0x65, 0x07, 0x69, 0x6F, 0x67, 0x6F,
	0x6E, 0x65, 0x6B, 0x0B, 0x6A, 0x63, 0x69, 0x72, 0x63, 0x75, 0x6D, 0x66,
	0x6C, 0x65, 0x78, 0x07, 0x75, 0x6E, 0x69, 0x30, 0x31, 0x33, 0x37, 0x06,
	0x6C, 0x61, 0x63, 0x75, 0x74, 0x65, 0x07, 0x75, 0x6E, 0x69, 0x30, 0x31,
	0x33, 0x43, 0x06, 0x6C, 0x63, 0x61, 0x72, 0x6F, 0x6E, 0x06, 0x6E, 0x61,
	0x63, 0x75, 0x74, 0x65, 0x07, 0x75, 0x6E, 0x69, 0x30, 0x31, 0x34, 0x36,
	0x06, 0x6E, 0x63, 0x61, 0x72, 0x6F, 0x6E, 0x07, 0x6F, 0x6D, 0x61, 0x63,
	0x72, 0x6F, 0x6E, 0x06, 0x6F, 0x62, 0x72, 0x65, 0x76, 0x65, 0x0D, 0x6F,
	0x68, 0x75, 0x6E, 0x67, 0x61, 0x72, 0x75, 0x6D, 0x6C, 0x61, 0x75, 0x74,
	0x06, 0x72, 0x61, 0x63, 0x75, 0x74, 0x65, 0x07, 0x75, 0x6E, 0x69, 0x30,
	0x31, 0x35, 0x37, 0x06, 0x72, 0x63, 0x61, 0x72, 0x6F, 0x6E, 0x07, 0x75,
	0x6E, 0x69, 0x30, 0x32, 0x31, 0x33, 0x06, 0x73, 0x61, 0x63, 0x75, 0x74,
	0x65, 0x0B, 0x73, 0x63, 0x69, 0x72, 0x63, 0x75, 0x6D, 0x66, 0x6C, 0x65,
	0x78, 0x07, 0x75, 0x6E, 0x69, 0x30, 0x32, 0x31, 0x39, 0x07, 0x75, 0x6E,
	0x69, 0x30, 0x31, 0x36, 0x33, 0x06, 0x74, 0x63, 0x61, 0x72, 0x6F, 0x6E,
	0x07, 0x75, 0x6E, 0x69, 0x30, 0x32, 0x31, 0x42, 0x06, 0x75, 0x74, 0x69,
	0x6C, 0x64, 0x65, 0x07, 0x75, 0x6D, 0x61, 0x63, 0x72, 0x6F, 0x6E, 0x06,
	0x75, 0x62, 0x72, 0x65, 0x76, 0x65, 0x05, 0x75, 0x72, 0x69, 0x6E, 0x67,
	0x0D, 0x75, 0x68, 0x75, 0x6E, 0x67, 0x61, 0x72, 0x75, 0x6D, 0x6C, 0x61,
	0x75, 0x74, 0x07, 0x75, 0x6F, 0x67, 0x6F, 0x6E, 0x65, 0x6B, 0x0B, 0x77,
	0x63, 0x69, 0x72, 0x63, 0x75, 0x6D, 0x66, 0x6C, 0x65, 0x78, 0x06, 0x77,
	0x67, 0x72, 0x61, 0x76, 0x65, 0x06, 0x77, 0x61, 0x63, 0x75, 0x74, 0x65,
	0x09, 0x77, 0x64, 0x69, 0x65, 0x72, 0x65, 0x73, 0x69, 0x73, 0x07, 0x75,
	0x6E, 0x69, 0x31, 0x45, 0x38, 0x37, 0x07, 0x75, 0x6E, 0x69, 0x31, 0x45,
	0x38, 0x39, 0x0B, 0x79, 0x63, 0x69, 0x72, 0x63, 0x75, 0x6D, 0x66, 0x6C,
	0x65, 0x78, 0x06, 0x79, 0x67, 0x72, 0x61, 0x76, 0x65, 0x06, 0x7A, 0x61,
	0x63, 0x75, 0x74, 0x65, 0x0A, 0x7A, 0x64, 0x6F, 0x74, 0x61, 0x63, 0x63,
	0x65, 0x6E, 0x74, 0x04, 0x68, 0x62, 0x61, 0x72, 0x02, 0x69, 0x6A, 0x0C,
	0x6B, 0x67, 0x72, 0x65, 0x65, 0x6E, 0x6C, 0x61, 0x6E, 0x64, 0x69, 0x63,
	0x04, 0x6C, 0x64, 0x6F, 0x74, 0x0B, 0x6E, 0x61, 0x70, 0x6F, 0x73, 0x74,
	0x72, 0x6F, 0x70, 0x68, 0x65, 0x03, 0x65, 0x6E, 0x67, 0x04, 0x74, 0x62,
	0x61, 0x72, 0x07, 0x75, 0x6E, 0x69, 0x30, 0x32, 0x33, 0x37, 0x07, 0x75,
	0x6E, 0x69, 0x30, 0x33, 0x42, 0x43, 0x07, 0x75, 0x6E, 0x69, 0x30, 0x34,
	0x33, 0x30, 0x07, 0x75, 0x6E, 0x69, 0x30, 0x34, 0x33, 0x31, 0x07, 0x75,
	0x6E, 0x69, 0x30, 0x34, 0x33, 0x32, 0x07, 0x75, 0x6E, 0x69, 0x30, 0x34,
	0x33, 0x33, 0x07, 0x75, 0x6E, 0x69, 0x30, 0x34, 0x35, 0x33, 0x07, 0x75,
	0x6E, 0x69, 0x30, 0x34, 0x33, 0x34, 0x07, 0x75, 0x6E, 0x69, 0x30, 0x34,
	0x33, 0x35, 0x07, 0x75, 0x6E, 0x69, 0x30, 0x34, 0x35, 0x30, 0x07, 0x75,
	0x6E, 0x69, 0x30, 0x34, 0x35, 0x31, 0x07, 0x75, 0x6E, 0x69, 0x30, 0x34,
	0x33, 0x36, 0x07, 0x75, 0x6E, 0x69, 0x30, 0x34, 0x33, 0x37, 0x07, 0x75,
	0x6E, 0x69, 0x30, 0x34, 0x33, 0x38, 0x07, 0x75, 0x6E, 0x69, 0x30, 0x34,
	0x33, 0x39, 0x07, 0x75, 0x6E, 0x69, 0x30, 0x34, 0x35, 0x44, 0x07, 0x75,
	0x6E, 0x69, 0x30, 0x34, 0x33, 0x41, 0x07, 0x75, 0x6E, 0x69, 0x30, 0x34,
	0x35, 0x43, 0x07, 0x75, 0x6E, 0x69, 0x30, 0x34, 0x33, 0x42, 0x07, 0x75,
	0x6E, 0x69, 0x30, 0x34, 0x33, 0x43, 0x07, 0x75, 0x6E, 0x69, 0x30, 0x34,
	0x33, 0x44, 0x07, 0x75, 0x6E, 0x69, 0x30, 0x34, 0x33, 0x45, 0x07, 0x75,
	0x6E, 0x69, 0x30, 0x34, 0x33, 0x46, 0x07, 0x75, 0x6E, 0x69, 0x30, 0x34,
	0x34, 0x30, 0x07, 0x75, 0x6E, 0x69, 0x30, 0x34, 0x34, 0x31, 0x07, 0x75,
	0x6E, 0x69, 0x30, 0x34, 0x34, 0x32, 0x07, 0x75, 0x6E, 0x69, 0x30, 0x34,
	0x34, 0x33, 0x07, 0x75, 0x6E, 0x69, 0x30, 0x34, 0x35, 0x45, 0x07, 0x75,
	0x6E, 0x69, 0x30, 0x34, 0x34, 0x34, 0x07, 0x75, 0x6E, 0x69, 0x30, 0x34,
	0x34, 0x35, 0x07, 0x75, 0x6E, 0x69, 0x30, 0x34, 0x34, 0x36, 0x07, 0x75,
	0x6E, 0x69, 0x30, 0x34, 0x34, 0x37, 0x07, 0x75, 0x6E, 0x69, 0x30, 0x34,
	0x34, 0x38, 0x07, 0x75, 0x6E, 0x69, 0x30, 0x34, 0x34, 0x39, 0x07, 0x75,
	0x6E, 0x69, 0x30, 0x34, 0x34, 0x41, 0x07, 0x75, 0x6E, 0x69, 0x30, 0x34,
	0x34, 0x42, 0x07, 0x75, 0x6E, 0x69, 0x30, 0x34, 0x34, 0x43, 0x07, 0x75,
	0x6E, 0x69, 0x30, 0x34, 0x34, 0x44, 0x07, 0x75, 0x6E, 0x69, 0x30, 0x34,
	0x34, 0x45, 0x07, 0x75, 0x6E, 0x69, 0x30, 0x34, 0x34, 0x46, 0x09, 0x67,
	0x72, 0x61, 0x76, 0x65, 0x63, 0x6F, 0x6D, 0x62, 0x09, 0x61, 0x63, 0x75,
	0x74, 0x65, 0x63, 0x6F, 0x6D, 0x62, 0x07, 0x75, 0x6E, 0x69, 0x30, 0x33,
	0x30, 0x32, 0x09, 0x74, 0x69, 0x6C, 0x64, 0x65, 0x63, 0x6F, 0x6D, 0x62,
	0x07, 0x75, 0x6E, 0x69, 0x30, 0x33, 0x30, 0x34, 0x07, 0x75, 0x6E, 0x69,
	0x30, 0x33, 0x30, 0x36, 0x07, 0x75, 0x6E, 0x69, 0x30, 0x33, 0x30, 0x37,
	0x07, 0x75, 0x6E, 0x69, 0x30, 0x33, 0x30, 0x38, 0x07, 0x75, 0x6E, 0x69,
	0x30, 0x33, 0x30, 0x41, 0x07, 0x75, 0x6E, 0x69, 0x30, 0x33, 0x30, 0x42,
	0x07, 0x75, 0x6E, 0x69, 0x30, 0x33, 0x30, 0x43, 0x07, 0x75, 0x6E, 0x69,
	0x30, 0x33, 0x31, 0x32, 0x07, 0x75, 0x6E, 0x69, 0x30, 0x33, 0x32, 0x36,
	0x07, 0x75, 0x6E, 0x69, 0x30, 0x33, 0x32, 0x37, 0x07, 0x75, 0x6E, 0x69,
	0x30, 0x33, 0x32, 0x38, 0x07, 0x75, 0x6E, 0x69, 0x46, 0x46, 0x31, 0x30,
	0x07, 0x75, 0x6E, 0x69, 0x46, 0x46, 0x31, 0x31, 0x07, 0x75, 0x6E, 0x69,
	0x46, 0x46, 0x31, 0x32, 0x07, 0x75, 0x6E, 0x69, 0x46, 0x46, 0x31, 0x33,
	0x07, 0x75, 0x6E, 0x69, 0x46, 0x46, 0x31, 0x34, 0x07, 0x75, 0x6E, 0x69,
	0x46, 0x46, 0x31, 0x35, 0x07, 0x75, 0x6E, 0x69, 0x46, 0x46, 0x31, 0x36,
	0x07, 0x75, 0x6E, 0x69, 0x46, 0x46, 0x31, 0x37, 0x07, 0x75, 0x6E, 0x69,
	0x46, 0x46, 0x31, 0x38, 0x07, 0x75, 0x6E, 0x69, 0x46, 0x46, 0x31, 0x39,
	0x07, 0x75, 0x6E, 0x69, 0x30, 0x30, 0x42, 0x39, 0x07, 0x75, 0x6E, 0x69,
	0x30, 0x30, 0x42, 0x32, 0x07, 0x75, 0x6E, 0x69, 0x30, 0x30, 0x42, 0x33,
	0x07, 0x75, 0x6E, 0x69, 0x32, 0x30, 0x37, 0x30, 0x07, 0x75, 0x6E, 0x69,
	0x32, 0x30, 0x37, 0x34, 0x07, 0x75, 0x6E, 0x69, 0x32, 0x30, 0x37, 0x35,
	0x07, 0x75, 0x6E, 0x69, 0x32, 0x30, 0x37, 0x36, 0x07, 0x75, 0x6E, 0x69,
	0x32, 0x30, 0x37, 0x37, 0x07, 0x75, 0x6E, 0x69, 0x32, 0x30, 0x37, 0x38,
	0x07, 0x75, 0x6E, 0x69, 0x32, 0x30, 0x37, 0x39, 0x07, 0x75, 0x6E, 0x69,
	0x32, 0x30, 0x38, 0x30, 0x07, 0x75, 0x6E, 0x69, 0x32, 0x30, 0x38, 0x31,
	0x07, 0x75, 0x6E, 0x69, 0x32, 0x30, 0x38, 0x32, 0x07, 0x75, 0x6E, 0x69,
	0x32, 0x30, 0x38, 0x33, 0x07, 0x75, 0x6E, 0x69, 0x32, 0x30, 0x38, 0x34,
	0x07, 0x75, 0x6E, 0x69, 0x32, 0x30, 0x38, 0x35, 0x07, 0x75, 0x6E, 0x69,
	0x32, 0x30, 0x38, 0x36, 0x07, 0x75, 0x6E, 0x69, 0x32, 0x30, 0x38, 0x37,
	0x07, 0x75, 0x6E, 0x69, 0x32, 0x30, 0x38, 0x38, 0x07, 0x75, 0x6E, 0x69,
	0x32, 0x30, 0x38, 0x39, 0x07, 0x75, 0x6E, 0x69, 0x32, 0x31, 0x35, 0x30,
	0x07, 0x75, 0x6E, 0x69, 0x32, 0x31, 0x35, 0x31, 0x07, 0x75, 0x6E, 0x69,
	0x32, 0x31, 0x35, 0x32, 0x08, 0x6F, 0x6E, 0x65, 0x74, 0x68, 0x69, 0x72,
	0x64, 0x09, 0x74, 0x77, 0x6F, 0x74, 0x68, 0x69, 0x72, 0x64, 0x73, 0x07,
	0x75, 0x6E, 0x69, 0x32, 0x31, 0x35, 0x35, 0x07, 0x75, 0x6E, 0x69, 0x32,
	0x31, 0x35, 0x36, 0x07, 0x75, 0x6E, 0x69, 0x32, 0x31, 0x35, 0x37, 0x07,
	0x75, 0x6E, 0x69, 0x32, 0x31, 0x35, 0x38, 0x07, 0x75, 0x6E, 0x69, 0x32,
	0x31, 0x35, 0x39, 0x07, 0x75, 0x6E, 0x69, 0x32, 0x31, 0x35, 0x41, 0x09,
	0x6F, 0x6E, 0x65, 0x65, 0x69, 0x67, 0x68, 0x74, 0x68, 0x0C, 0x74, 0x68,
	0x72, 0x65, 0x65, 0x65, 0x69, 0x67, 0x68, 0x74, 0x68, 0x73, 0x0B, 0x66,
	0x69, 0x76, 0x65, 0x65, 0x69, 0x67, 0x68, 0x74, 0x68, 0x73, 0x0C, 0x73,
	0x65, 0x76, 0x65, 0x6E, 0x65, 0x69, 0x67, 0x68, 0x74, 0x68, 0x73, 0x07,
	0x75, 0x6E, 0x69, 0x32, 0x30, 0x31, 0x30, 0x0A, 0x66, 0x69, 0x67, 0x75,
	0x72, 0x65, 0x64, 0x61, 0x73, 0x68, 0x07, 0x75, 0x6E, 0x69, 0x32, 0x30,
	0x33, 0x31, 0x07, 0x75, 0x6E, 0x69, 0x32, 0x30, 0x33, 0x44, 0x08, 0x65,
	0x6D, 0x70, 0x74, 0x79, 0x73, 0x65, 0x74, 0x07, 0x75, 0x6E, 0x69, 0x32,
	0x32, 0x31, 0x35, 0x07, 0x75, 0x6E, 0x69, 0x32, 0x32, 0x31, 0x39, 0x04,
	0x45, 0x75, 0x72, 0x6F, 0x05, 0x72, 0x75, 0x62, 0x6C, 0x65, 0x07, 0x75,
	0x6E, 0x69, 0x30, 0x30, 0x30, 0x44, 0x07, 0x75, 0x6E, 0x69, 0x30, 0x30,
	0x41, 0x44, 0x07, 0x75, 0x6E, 0x69, 0x30, 0x30, 0x30, 0x30, 0x05, 0x61,
	0x2E, 0x61, 0x6C, 0x74, 0x0A, 0x61, 0x67, 0x72, 0x61, 0x76, 0x65, 0x2E,
	0x61, 0x6C, 0x74, 0x0A, 0x61, 0x61, 0x63, 0x75, 0x74, 0x65, 0x2E, 0x61,
	0x6C, 0x74, 0x0F, 0x61, 0x63, 0x69, 0x72, 0x63, 0x75, 0x6D, 0x66, 0x6C,
	0x65, 0x78, 0x2E, 0x61, 0x6C, 0x74, 0x0A, 0x61, 0x74, 0x69, 0x6C, 0x64,
	0x65, 0x2E, 0x61, 0x6C, 0x74, 0x0D, 0x61, 0x64, 0x69, 0x65, 0x72, 0x65,
	0x73, 0x69, 0x73, 0x2E, 0x61, 0x6C, 0x74, 0x09, 0x61, 0x72, 0x69, 0x6E,
	0x67, 0x2E, 0x61, 0x6C, 0x74, 0x0B, 0x61, 0x6D, 0x61, 0x63, 0x72, 0x6F,
	0x6E, 0x2E, 0x61, 0x6C, 0x74, 0x0A, 0x61, 0x62, 0x72, 0x65, 0x76, 0x65,
	0x2E, 0x61, 0x6C, 0x74, 0x0B, 0x61, 0x6F, 0x67, 0x6F, 0x6E, 0x65, 0x6B,
	0x2E, 0x61, 0x6C, 0x74, 0x00, 0x02, 0x00, 0x05, 0x00, 0x00, 0x02, 0x8F,
	0x02, 0xDF, 0x00, 0x03, 0x00, 0x0D, 0x00, 0x00, 0x77, 0x21, 0x27, 0x21,
	0x37, 0x13, 0x17, 0x17, 0x33, 0x01, 0x01, 0x33, 0x37, 0x37, 0x93, 0x01,
	0x72, 0x1E, 0xFE, 0xCA, 0x99, 0x78, 0x08, 0x66, 0x5F, 0xFE, 0xBB, 0xFE,
	0xBB, 0x5F, 0x68, 0x08, 0xD2, 0x50, 0xFC, 0xFE, 0xE6, 0x14, 0xF0, 0x02,
	0xDF, 0xFD, 0x21, 0xF6, 0x12, 0x00, 0x00, 0x03, 0x00, 0x05, 0x00, 0x00,
	0x02, 0x8F, 0x03, 0xD9, 0x00, 0x03, 0x00, 0x0D, 0x00, 0x11, 0x00, 0x00,
	0x77, 0x21, 0x27, 0x21, 0x37, 0x13, 0x17, 0x17, 0x33, 0x01, 0x01, 0x33,
	0x37, 0x37, 0x03, 0x17, 0x37, 0x27, 0x93, 0x01, 0x72, 0x1E, 0xFE, 0xCA,
	0x99, 0x78, 0x08, 0x66, 0x5F, 0xFE, 0xBB, 0xFE, 0xBB, 0x5F, 0x68, 0x08,
	0x0C, 0xB4, 0x2D, 0x96, 0xD2, 0x50, 0xFC, 0xFE, 0xE6, 0x14, 0xF0, 0x02,
	0xDF, 0xFD, 0x21, 0xF6, 0x12, 0x02, 0xA9, 0x96, 0x1E, 0xA0, 0x00, 0x03,
	0x00, 0x05, 0x00, 0x00, 0x02, 0x8F, 0x03, 0xD9, 0x00, 0x03, 0x00, 0x0D,
	0x00, 0x11, 0x00, 0x00, 0x77, 0x21, 0x27, 0x21, 0x37, 0x13, 0x17, 0x17,
	0x33, 0x01, 0x01, 0x33, 0x37, 0x37, 0x13, 0x27, 0x07, 0x17, 0x93, 0x01,
	0x72, 0x1E, 0xFE, 0xCA, 0x99, 0x78, 0x08, 0x66, 0x5F, 0xFE, 0xBB, 0xFE,
	0xBB, 0x5F, 0x68, 0x08, 0xF8, 0x4B, 0x96, 0x2D, 0xD2, 0x50, 0xFC, 0xFE,
	0xE6, 0x14, 0xF0, 0x02, 0xDF, 0xFD, 0x21, 0xF6, 0x12, 0x02, 0xA9, 0x28,
	0xA0, 0x1E, 0x00, 0x03, 0x00, 0x05, 0x00, 0x00, 0x02, 0x8F, 0x03, 0xA7,
	0x00, 0x03, 0x00, 0x0D, 0x00, 0x13, 0x00, 0x00, 0x77, 0x21, 0x27, 0x21,
	0x37, 0x13, 0x17, 0x17, 0x33, 0x01, 0x01, 0x33, 0x37, 0x37, 0x13, 0x17,
	0x37, 0x27, 0x07, 0x17, 0x93, 0x01, 0x72, 0x1E, 0xFE, 0xCA, 0x99, 0x78,
	0x08, 0x66, 0x5F, 0xFE, 0xBB, 0xFE, 0xBB, 0x5F, 0x68, 0x08, 0x76, 0x6E,
	0x32, 0xA0, 0xA0, 0x32, 0xD2, 0x50, 0xFC, 0xFE, 0xE6, 0x14, 0xF0, 0x02,
	0xDF, 0xFD, 0x21, 0xF6, 0x12, 0x02, 0x4A, 0x5F, 0x28, 0x8C, 0x8C, 0x28,
	0x00, 0x03, 0x00, 0x05, 0x00, 0x00, 0x02, 0x8F, 0x03, 0x7F, 0x00, 0x03,
	0x00, 0x0D, 0x00, 0x27, 0x00, 0x00, 0x77, 0x21, 0x27, 0x21, 0x37, 0x13,
	0x17, 0x17, 0x33, 0x01, 0x01, 0x33, 0x37, 0x37, 0x03, 0x17, 0x34, 0x36,
	0x36, 0x33, 0x32, 0x16, 0x16, 0x33, 0x32, 0x36, 0x36, 0x37, 0x27, 0x06,
	0x06, 0x23, 0x22, 0x2E, 0x02, 0x23, 0x22, 0x06, 0x06, 0x93, 0x01, 0x72,
	0x1E, 0xFE, 0xCA, 0x99, 0x78, 0x08, 0x66, 0x5F, 0xFE, 0xBB, 0xFE, 0xBB,
	0x5F, 0x68, 0x08, 0x2F, 0x35, 0x08, 0x16, 0x14, 0x17, 0x21, 0x26, 0x1B,
	0x19, 0x2A, 0x1F, 0x08, 0x2E, 0x0F, 0x1B, 0x0E, 0x14, 0x1A, 0x17, 0x1F,
	0x18, 0x16, 0x2D, 0x20, 0xD2, 0x50, 0xFC, 0xFE, 0xE6, 0x14, 0xF0, 0x02,
	0xDF, 0xFD, 0x21, 0xF6, 0x12, 0x02, 0x24, 0x25, 0x08, 0x18, 0x13, 0x17,
	0x18, 0x15, 0x22, 0x12, 0x2B, 0x18, 0x18, 0x0E, 0x13, 0x0E, 0x15, 0x24,
	0x00, 0x04, 0x00, 0x05, 0x00, 0x00, 0x02, 0x8F, 0x03, 0x89, 0x00, 0x03,
	0x00, 0x0D, 0x00, 0x19, 0x00, 0x25, 0x00, 0x00, 0x77, 0x21, 0x27, 0x21,
	0x37, 0x13, 0x17, 0x17, 0x33, 0x01, 0x01, 0x33, 0x37, 0x37, 0x13, 0x14,
	0x16, 0x33, 0x32, 0x36, 0x35, 0x34, 0x26, 0x23, 0x22, 0x06, 0x07, 0x14,
	0x16, 0x33, 0x32, 0x36, 0x35, 0x34, 0x26, 0x23, 0x22, 0x06, 0x93, 0x01,
	0x72, 0x1E, 0xFE, 0xCA, 0x99, 0x78, 0x08, 0x66, 0x5F, 0xFE, 0xBB, 0xFE,
	0xBB, 0x5F, 0x68, 0x08, 0xA3, 0x21, 0x16, 0x17, 0x20, 0x20, 0x17, 0x16,
	0x21, 0xC8, 0x21, 0x16, 0x17, 0x20, 0x20, 0x17, 0x16, 0x21, 0xD2, 0x50,
	0xFC, 0xFE, 0xE6, 0x14, 0xF0, 0x02, 0xDF, 0xFD, 0x21, 0xF6, 0x12, 0x02,
	0x4A, 0x16, 0x21, 0x21, 0x16, 0x17, 0x20, 0x20, 0x17, 0x16, 0x21, 0x21,
	0x16, 0x17, 0x20, 0x20, 0x00, 0x04, 0x00, 0x05, 0x00, 0x00, 0x02, 0x8F,
	0x03, 0x82, 0x00, 0x03, 0x00, 0x0D, 0x00, 0x19, 0x00, 0x25, 0x00, 0x00,
	0x77, 0x21, 0x27, 0x21, 0x37, 0x13, 0x17, 0x17, 0x33, 0x01, 0x01, 0x33,
	0x37, 0x37, 0x13, 0x14, 0x16, 0x33, 0x32, 0x36, 0x35, 0x34, 0x26, 0x23,
	0x22, 0x06, 0x17, 0x34, 0x36, 0x33, 0x32, 0x16, 0x15, 0x14, 0x06, 0x23,
	0x22, 0x26, 0x93, 0x01, 0x72, 0x1E, 0xFE, 0xCA, 0x99, 0x78, 0x08, 0x66,
	0x5F, 0xFE, 0xBB, 0xFE, 0xBB, 0x5F, 0x68, 0x08, 0x10, 0x3F, 0x27, 0x27,
	0x3F, 0x3F, 0x27, 0x27, 0x3F, 0x33, 0x20, 0x13, 0x13, 0x20, 0x20, 0x13,
	0x13, 0x20, 0xD2, 0x50, 0xFC, 0xFE, 0xE6, 0x14, 0xF0, 0x02, 0xDF, 0xFD,
	0x21, 0xF6, 0x12, 0x02, 0x16, 0x2D, 0x37, 0x37, 0x2D, 0x2D, 0x37, 0x37,
	0x2D, 0x19, 0x1C, 0x1C, 0x19, 0x19, 0x1C, 0x1C, 0x00, 0x03, 0x00, 0x05,
	0x00, 0x00, 0x02, 0x8F, 0x03, 0x66, 0x00, 0x03, 0x00, 0x0D, 0x00, 0x11,
	0x00, 0x00, 0x77, 0x21, 0x27, 0x21, 0x37, 0x13, 0x17, 0x17, 0x33, 0x01,
	0x01, 0x33, 0x37, 0x37, 0x03, 0x21, 0x35, 0x21, 0x93, 0x01, 0x72, 0x1E,
	0xFE, 0xCA, 0x99, 0x78, 0x08, 0x66, 0x5F, 0xFE, 0xBB, 0xFE, 0xBB, 0x5F,
	0x68, 0x08, 0x39, 0x01, 0x5E, 0xFE, 0xA2, 0xD2, 0x50, 0xFC, 0xFE, 0xE6,
	0x14, 0xF0, 0x02, 0xDF, 0xFD, 0x21, 0xF6, 0x12, 0x02, 0x13, 0x4B, 0x00,
	0x00, 0x03, 0x00, 0x05, 0x00, 0x00, 0x02, 0x8F, 0x03, 0xA7, 0x00, 0x03,
	0x00, 0x0D, 0x00, 0x1F, 0x00, 0x00, 0x77, 0x21, 0x27, 0x21, 0x37, 0x13,
	0x17, 0x17, 0x33, 0x01, 0x01, 0x33, 0x37, 0x37, 0x03, 0x14, 0x16, 0x16,
	0x33, 0x32, 0x36, 0x36, 0x35, 0x23, 0x14, 0x06, 0x06, 0x23, 0x22, 0x26,
	0x26, 0x35, 0x93, 0x01, 0x72, 0x1E, 0xFE, 0xCA, 0x99, 0x78, 0x08, 0x66,
	0x5F, 0xFE, 0xBB, 0xFE, 0xBB, 0x5F, 0x68, 0x08, 0x28, 0x23, 0x47, 0x34,
	0x35, 0x46, 0x23, 0x47, 0x0E, 0x26, 0x23, 0x23, 0x26, 0x0E, 0xD2, 0x50,
	0xFC, 0xFE, 0xE6, 0x14, 0xF0, 0x02, 0xDF, 0xFD, 0x21, 0xF6, 0x12, 0x02,
	0x9F, 0x22, 0x41, 0x29, 0x29, 0x41, 0x22, 0x0D, 0x23, 0x1B, 0x1B, 0x23,
	0x0D, 0x00, 0x00, 0x03, 0x00, 0x05, 0xFF, 0x24, 0x02, 0xB5, 0x02, 0xDF,
	0x00, 0x03, 0x00, 0x0D, 0x00, 0x24, 0x00, 0x00, 0x77, 0x21, 0x27, 0x21,
	0x37, 0x13, 0x17, 0x17, 0x33, 0x01, 0x01, 0x33, 0x37, 0x37, 0x01, 0x06,
	0x06, 0x23, 0x22, 0x26, 0x35, 0x34, 0x36, 0x36, 0x37, 0x27, 0x0E, 0x02,
	0x15, 0x14, 0x16, 0x16, 0x33, 0x32, 0x36, 0x37, 0x93, 0x01, 0x72, 0x1E,
	0xFE, 0xCA, 0x99, 0x78, 0x08, 0x66, 0x5F, 0xFE, 0xBB, 0xFE, 0xBB, 0x5F,
	0x68, 0x08, 0x01, 0xC0, 0x0A, 0x14, 0x14, 0x16, 0x1A, 0x19, 0x2A, 0x1A,
	0x29, 0x23, 0x3C, 0x25, 0x1B, 0x36, 0x2A, 0x20, 0x2D, 0x0B, 0xD2, 0x50,
	0xFC, 0xFE, 0xE6, 0x14, 0xF0, 0x02, 0xDF, 0xFD, 0x21, 0xF6, 0x12, 0xFE,
	0x76, 0x0A, 0x0A, 0x17, 0x1B, 0x13, 0x25, 0x21, 0x0B, 0x19, 0x12, 0x2D,
	0x34, 0x1E, 0x1D, 0x2E, 0x19, 0x19, 0x0F, 0x00, 0x00, 0x01, 0x00, 0x50,
	0x00, 0x00, 0x01, 0xFC, 0x02, 0xBC, 0x00, 0x2C, 0x00, 0x00, 0x53, 0x33,
	0x32, 0x36, 0x36, 0x35, 0x34, 0x26, 0x26, 0x23, 0x23, 0x11, 0x33, 0x32,
	0x36, 0x36, 0x35, 0x34, 0x2E, 0x02, 0x23, 0x23, 0x15, 0x33, 0x32, 0x1E,
	0x02, 0x15, 0x14, 0x06, 0x06, 0x23, 0x23, 0x11, 0x33, 0x32, 0x16, 0x15,
	0x14, 0x06, 0x06, 0x23, 0x23, 0x93, 0x71, 0x3F, 0x5D, 0x34, 0x34, 0x5D,
	0x3F, 0xB4, 0xBE, 0x44, 0x6B, 0x3F, 0x24, 0x41, 0x56, 0x33, 0x7B, 0x7B,
	0x22, 0x38, 0x29, 0x16, 0x27, 0x45, 0x2D, 0x69, 0x5F, 0x35, 0x46, 0x20,
	0x38, 0x23, 0x71, 0x01, 0x72, 0x24, 0x46, 0x31, 0x3C, 0x4D, 0x26, 0xFD,
	0x44, 0x2D, 0x5B, 0x45, 0x30, 0x46, 0x2D, 0x16, 0x2F, 0x11, 0x22, 0x32,
	0x20, 0x2B, 0x3C, 0x20, 0x02, 0x26, 0x37, 0x32, 0x21, 0x2E, 0x18, 0x00,
	0x00, 0x01, 0x00, 0x28, 0xFF, 0xF6, 0x02, 0x67, 0x02, 0xC6, 0x00, 0x21,
	0x00, 0x00, 0x53, 0x34, 0x36, 0x36, 0x33, 0x32, 0x16, 0x16, 0x17, 0x35,
	0x26, 0x26, 0x23, 0x22, 0x0E, 0x02, 0x15, 0x14, 0x1E, 0x02, 0x33, 0x32,
	0x36, 0x37, 0x35, 0x0E, 0x02, 0x23, 0x22, 0x26, 0x26, 0x82, 0x49, 0x76,
	0x45, 0x32, 0x53, 0x44, 0x18, 0x2C, 0x68, 0x4D, 0x49, 0x7F, 0x60, 0x36,
	0x36, 0x60, 0x7F, 0x49, 0x4D, 0x68, 0x2C, 0x18, 0x44, 0x53, 0x32, 0x45,
	0x76, 0x49, 0x01, 0x5E, 0x52, 0x7B, 0x46, 0x1A, 0x2F, 0x1F, 0x70, 0x27,
	0x26, 0x35, 0x61, 0x84, 0x4E, 0x4E, 0x84, 0x61, 0x35, 0x26, 0x27, 0x70,
	0x1F, 0x2F, 0x1A, 0x46, 0x7C, 0x00, 0x00, 0x02, 0x00, 0x28, 0xFF, 0x23,
	0x02, 0x67, 0x02, 0xC6, 0x00, 0x21, 0x00, 0x3F, 0x00, 0x00, 0x53, 0x34,
	0x36, 0x36, 0x33, 0x32, 0x16, 0x16, 0x17, 0x35, 0x26, 0x26, 0x23, 0x22,
	0x0E, 0x02, 0x15, 0x14, 0x1E, 0x02, 0x33, 0x32, 0x36, 0x37, 0x35, 0x0E,
	0x02, 0x23, 0x22, 0x26, 0x26, 0x17, 0x07, 0x36, 0x36, 0x33, 0x32, 0x16,
	0x15, 0x14, 0x06, 0x23, 0x22, 0x26, 0x27, 0x07, 0x16, 0x16, 0x33, 0x32,
	0x36, 0x36, 0x35, 0x34, 0x26, 0x26, 0x23, 0x22, 0x22, 0x23, 0x37, 0x82,
	0x49, 0x76, 0x45, 0x32, 0x53, 0x44, 0x18, 0x2C, 0x68, 0x4D, 0x49, 0x7F,
	0x60, 0x36, 0x36, 0x60, 0x7F, 0x49, 0x4D, 0x68, 0x2C, 0x18, 0x44, 0x53,
	0x32, 0x45, 0x76, 0x49, 0xFA, 0x56, 0x10, 0x23, 0x07, 0x1A, 0x18, 0x18,
	0x1A, 0x13, 0x17, 0x0E, 0x22, 0x15, 0x29, 0x1C, 0x1C, 0x30, 0x1E, 0x16,
	0x21, 0x11, 0x02, 0x05, 0x02, 0x3F, 0x01, 0x5E, 0x52, 0x7B, 0x46, 0x1A,
	0x2F, 0x1F, 0x70, 0x27, 0x26, 0x35, 0x61, 0x84, 0x4E, 0x4E, 0x84, 0x61,
	0x35, 0x26, 0x27, 0x70, 0x1F, 0x2F, 0x1A, 0x46, 0x7C, 0xD2, 0xA8, 0x0B,
	0x07, 0x12, 0x12, 0x12, 0x16, 0x0C, 0x0C, 0x28, 0x15, 0x11, 0x16, 0x2A,
	0x1E, 0x19, 0x20, 0x11, 0x70, 0x00, 0x00, 0x02, 0x00, 0x28, 0xFF, 0xF6,
	0x02, 0x67, 0x03, 0xC0, 0x00, 0x21, 0x00, 0x25, 0x00, 0x00, 0x53, 0x34,
	0x36, 0x36, 0x33, 0x32, 0x16, 0x16, 0x17, 0x35, 0x26, 0x26, 0x23, 0x22,
	0x0E, 0x02, 0x15, 0x14, 0x1E, 0x02, 0x33, 0x32, 0x36, 0x37, 0x35, 0x0E,
	0x02, 0x23, 0x22, 0x26, 0x26, 0x01, 0x27, 0x07, 0x17, 0x82, 0x49, 0x76,
	0x45, 0x32, 0x53, 0x44, 0x18, 0x2C, 0x68, 0x4D, 0x49, 0x7F, 0x60, 0x36,
	0x36, 0x60, 0x7F, 0x49, 0x4D, 0x68, 0x2C, 0x18, 0x44, 0x53, 0x32, 0x45,
	0x76, 0x49, 0x01, 0x86, 0x4B, 0x96, 0x2D, 0x01, 0x5E, 0x52, 0x7B, 0x46,
	0x1A, 0x2F, 0x1F, 0x70, 0x27, 0x26, 0x35, 0x61, 0x84, 0x4E, 0x4E, 0x84,
	0x61, 0x35, 0x26, 0x27, 0x70, 0x1F, 0x2F, 0x1A, 0x46, 0x7C, 0x02, 0x8B,
	0x28, 0xA0, 0x1E, 0x00, 0x00, 0x02, 0x00, 0x28, 0xFF, 0xF6, 0x02, 0x67,
	0x03, 0xB6, 0x00, 0x21, 0x00, 0x27, 0x00, 0x00, 0x53, 0x34, 0x36, 0x36,
	0x33, 0x32, 0x16, 0x16, 0x17, 0x35, 0x26, 0x26, 0x23, 0x22, 0x0E, 0x02,
	0x15, 0x14, 0x1E, 0x02, 0x33, 0x32, 0x36, 0x37, 0x35, 0x0E, 0x02, 0x23,
	0x22, 0x26, 0x26, 0x01, 0x17, 0x37, 0x27, 0x07, 0x17, 0x82, 0x49, 0x76,
	0x45, 0x32, 0x53, 0x44, 0x18, 0x2C, 0x68, 0x4D, 0x49, 0x7F, 0x60, 0x36,
	0x36, 0x60, 0x7F, 0x49, 0x4D, 0x68, 0x2C, 0x18, 0x44, 0x53, 0x32, 0x45,
	0x76, 0x49, 0x01, 0x04, 0x6E, 0x32, 0xA0, 0xA0, 0x32, 0x01, 0x5E, 0x52,
	0x7B, 0x46, 0x1A, 0x2F, 0x1F, 0x70, 0x27, 0x26, 0x35, 0x61, 0x84, 0x4E,
	0x4E, 0x84, 0x61, 0x35, 0x26, 0x27, 0x70, 0x1F, 0x2F, 0x1A, 0x46, 0x7C,
	0x02, 0x54, 0x5F, 0x28, 0x8C, 0x8C, 0x28, 0x00, 0x00, 0x02, 0x00, 0x28,
	0xFF, 0xF6, 0x02, 0x67, 0x03, 0x70, 0x00, 0x21, 0x00, 0x2D, 0x00, 0x00,
	0x53, 0x34, 0x36, 0x36, 0x33, 0x32, 0x16, 0x16, 0x17, 0x35, 0x26, 0x26,
	0x23, 0x22, 0x0E, 0x02, 0x15, 0x14, 0x1E, 0x02, 0x33, 0x32, 0x36, 0x37,
	0x35, 0x0E, 0x02, 0x23, 0x22, 0x26, 0x26, 0x13, 0x14, 0x16, 0x33, 0x32,
	0x36, 0x35, 0x34, 0x26, 0x23, 0x22, 0x06, 0x82, 0x49, 0x76, 0x45, 0x32,
	0x53, 0x44, 0x18, 0x2C, 0x68, 0x4D, 0x49, 0x7F, 0x60, 0x36, 0x36, 0x60,
	0x7F, 0x49, 0x4D, 0x68, 0x2C, 0x18, 0x44, 0x53, 0x32, 0x45, 0x76, 0x49,
	0xCD, 0x21, 0x16, 0x17, 0x20, 0x20, 0x17, 0x16, 0x21, 0x01, 0x5E, 0x52,
	0x7B, 0x46, 0x1A, 0x2F, 0x1F, 0x70, 0x27, 0x26, 0x35, 0x61, 0x84, 0x4E,
	0x4E, 0x84, 0x61, 0x35, 0x26, 0x27, 0x70, 0x1F, 0x2F, 0x1A, 0x46, 0x7C,
	0x02, 0x2C, 0x16, 0x21, 0x21, 0x16, 0x17, 0x20, 0x20, 0x00, 0x00, 0x02,
	0x00, 0x28, 0xFF, 0xF6, 0x02, 0x67, 0x03, 0xB6, 0x00, 0x21, 0x00, 0x27,
	0x00, 0x00, 0x53, 0x34, 0x36, 0x36, 0x33, 0x32, 0x16, 0x16, 0x17, 0x35,
	0x26, 0x26, 0x23, 0x22, 0x0E, 0x02, 0x15, 0x14, 0x1E, 0x02, 0x33, 0x32,
	0x36, 0x37, 0x35, 0x0E, 0x02, 0x23, 0x22, 0x26, 0x26, 0x01, 0x27, 0x07,
	0x17, 0x37, 0x27, 0x82, 0x49, 0x76, 0x45, 0x32, 0x53, 0x44, 0x18, 0x2C,
	0x68, 0x4D, 0x49, 0x7F, 0x60, 0x36, 0x36, 0x60, 0x7F, 0x49, 0x4D, 0x68,
	0x2C, 0x18, 0x44, 0x53, 0x32, 0x45, 0x76, 0x49, 0x01, 0x04, 0x6E, 0x32,
	0xA0, 0xA0, 0x32, 0x01, 0x5E, 0x52, 0x7B, 0x46, 0x1A, 0x2F, 0x1F, 0x70,
	0x27, 0x26, 0x35, 0x61, 0x84, 0x4E, 0x4E, 0x84, 0x61, 0x35, 0x26, 0x27,
	0x70, 0x1F, 0x2F, 0x1A, 0x46, 0x7C, 0x02, 0x4A, 0x5F, 0x28, 0x8C, 0x8C,
	0x28, 0x00, 0x00, 0x02, 0x00, 0x50, 0x00, 0x00, 0x02, 0x80, 0x02, 0xBC,
	0x00, 0x03, 0x00, 0x1B, 0x00, 0x00, 0x53, 0x11, 0x33, 0x11, 0x13, 0x32,
	0x36, 0x36, 0x35, 0x34, 0x26, 0x26, 0x23, 0x23, 0x15, 0x33, 0x32, 0x1E,
	0x02, 0x15, 0x14, 0x0E, 0x02, 0x23, 0x23, 0x15, 0x50, 0x55, 0x7D, 0x66,
	0x9E, 0x5A, 0x5A, 0x9E, 0x66, 0xA3, 0xA3, 0x3B, 0x62, 0x46, 0x26, 0x26,
	0x46, 0x62, 0x3B, 0xA3, 0x02, 0xBC, 0xFD, 0x44, 0x02, 0xBC, 0xFD, 0x44,
	0x58, 0x9D, 0x69, 0x69, 0x9D, 0x58, 0x55, 0x25, 0x45, 0x62, 0x3D, 0x3D,
	0x62, 0x45, 0x25, 0x55, 0x00, 0x03, 0x00, 0x50, 0x00, 0x00, 0x02, 0x80,
	0x03, 0xB6, 0x00, 0x03, 0x00, 0x1B, 0x00, 0x21, 0x00, 0x00, 0x53, 0x11,
	0x33, 0x11, 0x13, 0x32, 0x36, 0x36, 0x35, 0x34, 0x26, 0x26, 0x23, 0x23,
	0x15, 0x33, 0x32, 0x1E, 0x02, 0x15, 0x14, 0x0E, 0x02, 0x23, 0x23, 0x15,
	0x13, 0x27, 0x07, 0x17, 0x37, 0x27, 0x50, 0x55, 0x7D, 0x66, 0x9E, 0x5A,
	0x5A, 0x9E, 0x66, 0xA3, 0xA3, 0x3B, 0x62, 0x46, 0x26, 0x26, 0x46, 0x62,
	0x3B, 0xA3, 0xCB, 0x6E, 0x32, 0xA0, 0xA0, 0x32, 0x02, 0xBC, 0xFD, 0x44,
	0x02, 0xBC, 0xFD, 0x44, 0x58, 0x9D, 0x69, 0x69, 0x9D, 0x58, 0x55, 0x25,
	0x45, 0x62, 0x3D, 0x3D, 0x62, 0x45, 0x25, 0x55, 0x03, 0x57, 0x5F, 0x28,
	0x8C, 0x8C, 0x28, 0x00, 0x00, 0x04, 0x00, 0x50, 0x00, 0x00, 0x01, 0xE0,
	0x02, 0xBC, 0x00, 0x03, 0x00, 0x07, 0x00, 0x0B, 0x00, 0x0F, 0x00, 0x00,
	0x73, 0x21, 0x35, 0x21, 0x11, 0x21, 0x35, 0x21, 0x11, 0x21, 0x35, 0x21,
	0x03, 0x11, 0x33, 0x11, 0x7F, 0x01, 0x61, 0xFE, 0x9F, 0x01, 0x61, 0xFE,
	0x9F, 0x01, 0x4D, 0xFE, 0xB3, 0x2F, 0x55, 0x50, 0x02, 0x1C, 0x50, 0xFE,
	0x98, 0x50, 0x01, 0x18, 0xFD, 0x44, 0x02, 0xBC, 0x00, 0x05, 0x00, 0x50,
	0x00, 0x00, 0x01, 0xE0, 0x03, 0xC0, 0x00, 0x03, 0x00, 0x07, 0x00, 0x0B,
	0x00, 0x0F, 0x00, 0x13, 0x00, 0x00, 0x73, 0x21, 0x35, 0x21, 0x11, 0x21,
	0x35, 0x21, 0x11, 0x21, 0x35, 0x21, 0x03, 0x11, 0x33, 0x11, 0x27, 0x17,
	0x37, 0x27, 0x7F, 0x01, 0x61, 0xFE, 0x9F, 0x01, 0x61, 0xFE, 0x9F, 0x01,
	0x4D, 0xFE, 0xB3, 0x2F, 0x55, 0x0F, 0xB4, 0x2D, 0x96, 0x50, 0x02, 0x1C,
	0x50, 0xFE, 0x98, 0x50, 0x01, 0x18, 0xFD, 0x44, 0x02, 0xBC, 0xDC, 0x96,
	0x1E, 0xA0, 0x00, 0x05, 0x00, 0x50, 0x00, 0x00, 0x01, 0xE0, 0x03, 0xC0,
	0x00, 0x03, 0x00, 0x07, 0x00, 0x0B, 0x00, 0x0F, 0x00, 0x13, 0x00, 0x00,
	0x73, 0x21, 0x35, 0x21, 0x11, 0x21, 0x35, 0x21, 0x11, 0x21, 0x35, 0x21,
	0x03, 0x11, 0x33, 0x11, 0x37, 0x27, 0x07, 0x17, 0x7F, 0x01, 0x61, 0xFE,
	0x9F, 0x01, 0x61, 0xFE, 0x9F, 0x01, 0x4D, 0xFE, 0xB3, 0x2F, 0x55, 0xF5,
	0x4B, 0x96, 0x2D, 0x50, 0x02, 0x1C, 0x50, 0xFE, 0x98, 0x50, 0x01, 0x18,
	0xFD, 0x44, 0x02, 0xBC, 0xDC, 0x28, 0xA0, 0x1E, 0x00, 0x05, 0x00, 0x50,
	0x00, 0x00, 0x01, 0xE0, 0x03, 0xB6, 0x00, 0x03, 0x00, 0x07, 0x00, 0x0B,
	0x00, 0x0F, 0x00, 0x15, 0x00, 0x00, 0x73, 0x21, 0x35, 0x21, 0x11, 0x21,
	0x35, 0x21, 0x11, 0x21, 0x35, 0x21, 0x03, 0x11, 0x33, 0x11, 0x37, 0x17,
	0x37, 0x27, 0x07, 0x17, 0x7F, 0x01, 0x61, 0xFE, 0x9F, 0x01, 0x61, 0xFE,
	0x9F, 0x01, 0x4D, 0xFE, 0xB3, 0x2F, 0x55, 0x7D, 0x6E, 0x32, 0xA0, 0xA0,
	0x32, 0x50, 0x02, 0x1C, 0x50, 0xFE, 0x98, 0x50, 0x01, 0x18, 0xFD, 0x44,
	0x02, 0xBC, 0xA5, 0x5F, 0x28, 0x8C, 0x8C, 0x28, 0x00, 0x06, 0x00, 0x50,
	0x00, 0x00, 0x01, 0xE0, 0x03, 0x84, 0x00, 0x03, 0x00, 0x07, 0x00, 0x0B,
	0x00, 0x0F, 0x00, 0x1B, 0x00, 0x27, 0x00, 0x00, 0x73, 0x21, 0x35, 0x21,
	0x11, 0x21, 0x35, 0x21, 0x11, 0x21, 0x35, 0x21, 0x03, 0x11, 0x33, 0x11,
	0x37, 0x14, 0x16, 0x33, 0x32, 0x36, 0x35, 0x34, 0x26, 0x23, 0x22, 0x06,
	0x07, 0x14, 0x16, 0x33, 0x32, 0x36, 0x35, 0x34, 0x26, 0x23, 0x22, 0x06,
	0x7F, 0x01, 0x61, 0xFE, 0x9F, 0x01, 0x61, 0xFE, 0x9F, 0x01, 0x4D, 0xFE,
	0xB3, 0x2F, 0x55, 0xAA, 0x21, 0x16, 0x17, 0x20, 0x20, 0x17, 0x16, 0x21,
	0xC8, 0x21, 0x16, 0x17, 0x20, 0x20, 0x17, 0x16, 0x21, 0x50, 0x02, 0x1C,
	0x50, 0xFE, 0x98, 0x50, 0x01, 0x18, 0xFD, 0x44, 0x02, 0xBC, 0x91, 0x16,
	0x21, 0x21, 0x16, 0x17, 0x20, 0x20, 0x17, 0x16, 0x21, 0x21, 0x16, 0x17,
	0x20, 0x20, 0x00, 0x05, 0x00, 0x50, 0x00, 0x00, 0x01, 0xE0, 0x03, 0x4D,
	0x00, 0x03, 0x00, 0x07, 0x00, 0x0B, 0x00, 0x0F, 0x00, 0x13, 0x00, 0x00,
	0x73, 0x21, 0x35, 0x21, 0x11, 0x21, 0x35, 0x21, 0x11, 0x21, 0x35, 0x21,
	0x03, 0x11, 0x33, 0x11, 0x27, 0x21, 0x35, 0x21, 0x7F, 0x01, 0x61, 0xFE,
	0x9F, 0x01, 0x61, 0xFE, 0x9F, 0x01, 0x4D, 0xFE, 0xB3, 0x2F, 0x55, 0x3C,
	0x01, 0x5E, 0xFE, 0xA2, 0x50, 0x02, 0x1C, 0x50, 0xFE, 0x98, 0x50, 0x01,
	0x18, 0xFD, 0x44, 0x02, 0xBC, 0x46, 0x4B, 0x00, 0x00, 0x05, 0x00, 0x50,
	0x00, 0x00, 0x01, 0xE0, 0x03, 0x8E, 0x00, 0x03, 0x00, 0x07, 0x00, 0x0B,
	0x00, 0x0F, 0x00, 0x21, 0x00, 0x00, 0x73, 0x21, 0x35, 0x21, 0x11, 0x21,
	0x35, 0x21, 0x11, 0x21, 0x35, 0x21, 0x03, 0x11, 0x33, 0x11, 0x27, 0x14,
	0x16, 0x16, 0x33, 0x32, 0x36, 0x36, 0x35, 0x23, 0x14, 0x06, 0x06, 0x23,
	0x22, 0x26, 0x26, 0x35, 0x7F, 0x01, 0x61, 0xFE, 0x9F, 0x01, 0x61, 0xFE,
	0x9F, 0x01, 0x4D, 0xFE, 0xB3, 0x2F, 0x55, 0x2B, 0x23, 0x47, 0x34, 0x35,
	0x46, 0x23, 0x47, 0x0E, 0x26, 0x23, 0x23, 0x26, 0x0E, 0x50, 0x02, 0x1C,
	0x50, 0xFE, 0x98, 0x50, 0x01, 0x18, 0xFD, 0x44, 0x02, 0xBC, 0xD2, 0x22,
	0x41, 0x29, 0x29, 0x41, 0x22, 0x0D, 0x23, 0x1B, 0x1B, 0x23, 0x0D, 0x00,
	0x00, 0x05, 0x00, 0x50, 0x00, 0x00, 0x01, 0xE0, 0x03, 0x70, 0x00, 0x03,
	0x00, 0x07, 0x00, 0x0B, 0x00, 0x0F, 0x00, 0x1B, 0x00, 0x00, 0x73, 0x21,
	0x35, 0x21, 0x11, 0x21, 0x35, 0x21, 0x11, 0x21, 0x35, 0x21, 0x03, 0x11,
	0x33, 0x11, 0x37, 0x14, 0x16, 0x33, 0x32, 0x36, 0x35, 0x34, 0x26, 0x23,
	0x22, 0x06, 0x7F, 0x01, 0x61, 0xFE, 0x9F, 0x01, 0x61, 0xFE, 0x9F, 0x01,
	0x4D, 0xFE, 0xB3, 0x2F, 0x55, 0x3C, 0x21, 0x16, 0x17, 0x20, 0x20, 0x17,
	0x16, 0x21, 0x50, 0x02, 0x1C, 0x50, 0xFE, 0x98, 0x50, 0x01, 0x18, 0xFD,
	0x44, 0x02, 0xBC, 0x7D, 0x16, 0x21, 0x21, 0x16, 0x17, 0x20, 0x20, 0x00,
	0x00, 0x05, 0x00, 0x50, 0xFF, 0x24, 0x01, 0xE0, 0x02, 0xBC, 0x00, 0x03,
	0x00, 0x07, 0x00, 0x0B, 0x00, 0x0F, 0x00, 0x26, 0x00, 0x00, 0x73, 0x21,
	0x35, 0x21, 0x11, 0x21, 0x35, 0x21, 0x11, 0x21, 0x35, 0x21, 0x03, 0x11,
	0x33, 0x11, 0x13, 0x06, 0x06, 0x23, 0x22, 0x26, 0x35, 0x34, 0x36, 0x36,
	0x37, 0x27, 0x0E, 0x02, 0x15, 0x14, 0x16, 0x16, 0x33, 0x32, 0x36, 0x37,
	0x7F, 0x01, 0x61, 0xFE, 0x9F, 0x01, 0x61, 0xFE, 0x9F, 0x01, 0x4D, 0xFE,
	0xB3, 0x2F, 0x55, 0xC8, 0x0A, 0x14, 0x14, 0x16, 0x1A, 0x19, 0x2A, 0x1A,
	0x29, 0x23, 0x3C, 0x25, 0x1B, 0x36, 0x2A, 0x20, 0x2D, 0x0B, 0x50, 0x02,
	0x1C, 0x50, 0xFE, 0x98, 0x50, 0x01, 0x18, 0xFD, 0x44, 0x02, 0xBC, 0xFC,
	0xC2, 0x0A, 0x0A, 0x17, 0x1B, 0x13, 0x25, 0x21, 0x0B, 0x19, 0x12, 0x2D,
	0x34, 0x1E, 0x1D, 0x2E, 0x19, 0x19, 0x0F, 0x00, 0x00, 0x05, 0x00, 0x50,
	0x00, 0x00, 0x01, 0xE0, 0x03, 0xB6, 0x00, 0x03, 0x00, 0x07, 0x00, 0x0B,
	0x00, 0x0F, 0x00, 0x15, 0x00, 0x00, 0x73, 0x21, 0x35, 0x21, 0x11, 0x21,
	0x35, 0x21, 0x11, 0x21, 0x35, 0x21, 0x03, 0x11, 0x33, 0x11, 0x37, 0x27,
	0x07, 0x17, 0x37, 0x27, 0x7F, 0x01, 0x61, 0xFE, 0x9F, 0x01, 0x61, 0xFE,
	0x9F, 0x01, 0x4D, 0xFE, 0xB3, 0x2F, 0x55, 0x73, 0x6E, 0x32, 0xA0, 0xA0,
	0x32, 0x50, 0x02, 0x1C, 0x50, 0xFE, 0x98, 0x50, 0x01, 0x18, 0xFD, 0x44,
	0x02, 0xBC, 0x9B, 0x5F, 0x28, 0x8C, 0x8C, 0x28, 0x00, 0x03, 0x00, 0x50,
	0x00, 0x00, 0x01, 0xB8, 0x02, 0xBC, 0x00, 0x03, 0x00, 0x07, 0x00, 0x0B,
	0x00, 0x00, 0x53, 0x21, 0x35, 0x21, 0x11, 0x21, 0x35, 0x21, 0x03, 0x11,
	0x33, 0x11, 0x7F, 0x01, 0x39, 0xFE, 0xC7, 0x01, 0x2F, 0xFE, 0xD1, 0x2F,
	0x55, 0x02, 0x6C, 0x50, 0xFE, 0x98, 0x50, 0x01, 0x18, 0xFD, 0x44, 0x02,
	0xBC, 0x00, 0x00, 0x01, 0x00, 0x28, 0xFF, 0xF6, 0x02, 0xDA, 0x02, 0xC6,
	0x00, 0x26, 0x00, 0x00, 0x41, 0x33, 0x0E, 0x03, 0x23, 0x22, 0x26, 0x26,
	0x35, 0x34, 0x36, 0x36, 0x33, 0x32, 0x16, 0x17, 0x37, 0x2E, 0x02, 0x23,
	0x22, 0x0E, 0x02, 0x15, 0x14, 0x1E, 0x02, 0x33, 0x32, 0x3E, 0x02, 0x35,
	0x21, 0x01, 0x95, 0xE9, 0x09, 0x27, 0x3C, 0x53, 0x34, 0x4A, 0x78, 0x47,
	0x47, 0x78, 0x4A, 0x50, 0x76, 0x21, 0x3C, 0x1E, 0x57, 0x6D, 0x41, 0x4C,
	0x82, 0x60, 0x35, 0x35, 0x60, 0x82, 0x4C, 0x50, 0x7D, 0x56, 0x2C, 0xFE,
	0xBB, 0x01, 0x13, 0x29, 0x48, 0x38, 0x1F, 0x46, 0x7C, 0x51, 0x52, 0x7B,
	0x46, 0x3F, 0x38, 0x37, 0x31, 0x42, 0x22, 0x35, 0x61, 0x84, 0x4E, 0x4E,
	0x84, 0x61, 0x35, 0x3B, 0x66, 0x83, 0x49, 0x00, 0x00, 0x02, 0x00, 0x28,
	0xFF, 0xF6, 0x02, 0xDA, 0x03, 0xB6, 0x00, 0x26, 0x00, 0x2C, 0x00, 0x00,
	0x41, 0x33, 0x0E, 0x03, 0x23, 0x22, 0x26, 0x26, 0x35, 0x34, 0x36, 0x36,
	0x33, 0x32, 0x16, 0x17, 0x37, 0x2E, 0x02, 0x23, 0x22, 0x0E, 0x02, 0x15,
	0x14, 0x1E, 0x02, 0x33, 0x32, 0x3E, 0x02, 0x35, 0x21, 0x03, 0x17, 0x37,
	0x27, 0x07, 0x17, 0x01, 0x95, 0xE9, 0x09, 0x27, 0x3C, 0x53, 0x34, 0x4A,
	0x78, 0x47, 0x47, 0x78, 0x4A, 0x50, 0x76, 0x21, 0x3C, 0x1E, 0x57, 0x6D,
	0x41, 0x4C, 0x82, 0x60, 0x35, 0x35, 0x60, 0x82, 0x4C, 0x50, 0x7D, 0x56,
	0x2C, 0xFE, 0xBB, 0x0A, 0x6E, 0x32, 0xA0, 0xA0, 0x32, 0x01, 0x13, 0x29,
	0x48, 0x38, 0x1F, 0x46, 0x7C, 0x51, 0x52, 0x7B, 0x46, 0x3F, 0x38, 0x37,
	0x31, 0x42, 0x22, 0x35, 0x61, 0x84, 0x4E, 0x4E, 0x84, 0x61, 0x35, 0x3B,
	0x66, 0x83, 0x49, 0x01, 0xFE, 0x5F, 0x28, 0x8C, 0x8C, 0x28, 0x00, 0x02,
	0x00, 0x28, 0xFF, 0xF6, 0x02, 0xDA, 0x03, 0x8E, 0x00, 0x26, 0x00, 0x38,
	0x00, 0x00, 0x41, 0x33, 0x0E, 0x03, 0x23, 0x22, 0x26, 0x26, 0x35, 0x34,
	0x36, 0x36, 0x33, 0x32, 0x16, 0x17, 0x37, 0x2E, 0x02, 0x23, 0x22, 0x0E,
	0x02, 0x15, 0x14, 0x1E, 0x02, 0x33, 0x32, 0x3E, 0x02, 0x35, 0x21, 0x03,
	0x14, 0x16, 0x16, 0x33, 0x32, 0x36, 0x36, 0x35, 0x23, 0x14, 0x06, 0x06,
	0x23, 0x22, 0x26, 0x26, 0x35, 0x01, 0x95, 0xE9, 0x09, 0x27, 0x3C, 0x53,
	0x34, 0x4A, 0x78, 0x47, 0x47, 0x78, 0x4A, 0x50, 0x76, 0x21, 0x3C, 0x1E,
	0x57, 0x6D, 0x41, 0x4C, 0x82, 0x60, 0x35, 0x35, 0x60, 0x82, 0x4C, 0x50,
	0x7D, 0x56, 0x2C, 0xFE, 0xBB, 0xA8, 0x23, 0x47, 0x34, 0x35, 0x46, 0x23,
	0x47, 0x0E, 0x26, 0x23, 0x23, 0x26, 0x0E, 0x01, 0x13, 0x29, 0x48, 0x38,
	0x1F, 0x46, 0x7C, 0x51, 0x52, 0x7B, 0x46, 0x3F, 0x38, 0x37, 0x31, 0x42,
	0x22, 0x35, 0x61, 0x84, 0x4E, 0x4E, 0x84, 0x61, 0x35, 0x3B, 0x66, 0x83,
	0x49, 0x02, 0x2B, 0x22, 0x41, 0x29, 0x29, 0x41, 0x22, 0x0D, 0x23, 0x1B,
	0x1B, 0x23, 0x0D, 0x00, 0x00, 0x02, 0x00, 0x28, 0xFF, 0xF6, 0x02, 0xDA,
	0x03, 0x70, 0x00, 0x26, 0x00, 0x32, 0x00, 0x00, 0x41, 0x33, 0x0E, 0x03,
	0x23, 0x22, 0x26, 0x26, 0x35, 0x34, 0x36, 0x36, 0x33, 0x32, 0x16, 0x17,
	0x37, 0x2E, 0x02, 0x23, 0x22, 0x0E, 0x02, 0x15, 0x14, 0x1E, 0x02, 0x33,
	0x32, 0x3E, 0x02, 0x35, 0x21, 0x03, 0x14, 0x16, 0x33, 0x32, 0x36, 0x35,
	0x34, 0x26, 0x23, 0x22, 0x06, 0x01, 0x95, 0xE9, 0x09, 0x27, 0x3C, 0x53,
	0x34, 0x4A, 0x78, 0x47, 0x47, 0x78, 0x4A, 0x50, 0x76, 0x21, 0x3C, 0x1E,
	0x57, 0x6D, 0x41, 0x4C, 0x82, 0x60, 0x35, 0x35, 0x60, 0x82, 0x4C, 0x50,
	0x7D, 0x56, 0x2C, 0xFE, 0xBB, 0x41, 0x21, 0x16, 0x17, 0x20, 0x20, 0x17,
	0x16, 0x21, 0x01, 0x13, 0x29, 0x48, 0x38, 0x1F, 0x46, 0x7C, 0x51, 0x52,
	0x7B, 0x46, 0x3F, 0x38, 0x37, 0x31, 0x42, 0x22, 0x35, 0x61, 0x84, 0x4E,
	0x4E, 0x84, 0x61, 0x35, 0x3B, 0x66, 0x83, 0x49, 0x01, 0xD6, 0x16, 0x21,
	0x21, 0x16, 0x17, 0x20, 0x20, 0x00, 0x00, 0x02, 0x00, 0x28, 0xFE, 0xA2,
	0x02, 0xDA, 0x02, 0xC6, 0x00, 0x26, 0x00, 0x2A, 0x00, 0x00, 0x41, 0x33,
	0x0E, 0x03, 0x23, 0x22, 0x26, 0x26, 0x35, 0x34, 0x36, 0x36, 0x33, 0x32,
	0x16, 0x17, 0x37, 0x2E, 0x02, 0x23, 0x22, 0x0E, 0x02, 0x15, 0x14, 0x1E,
	0x02, 0x33, 0x32, 0x3E, 0x02, 0x35, 0x21, 0x03, 0x03, 0x17, 0x37, 0x01,
	0x95, 0xE9, 0x09, 0x27, 0x3C, 0x53, 0x34, 0x4A, 0x78, 0x47, 0x47, 0x78,
	0x4A, 0x50, 0x76, 0x21, 0x3C, 0x1E, 0x57, 0x6D, 0x41, 0x4C, 0x82, 0x60,
	0x35, 0x35, 0x60, 0x82, 0x4C, 0x50, 0x7D, 0x56, 0x2C, 0xFE, 0xBB, 0x06,
	0x58, 0x3A, 0x6E, 0x01, 0x13, 0x29, 0x48, 0x38, 0x1F, 0x46, 0x7C, 0x51,
	0x52, 0x7B, 0x46, 0x3F, 0x38, 0x37, 0x31, 0x42, 0x22, 0x35, 0x61, 0x84,
	0x4E, 0x4E, 0x84, 0x61, 0x35, 0x3B, 0x66, 0x83, 0x49, 0xFE, 0x57, 0xFE,
	0xFD, 0x15, 0xFA, 0x00, 0x00, 0x03, 0x00, 0x50, 0x00, 0x00, 0x02, 0x7B,
	0x02, 0xBC, 0x00, 0x03, 0x00, 0x07, 0x00, 0x0B, 0x00, 0x00, 0x53, 0x21,
	0x35, 0x21, 0x01, 0x11, 0x33, 0x11, 0x21, 0x11, 0x33, 0x11, 0x7F, 0x01,
	0xE0, 0xFE, 0x20, 0x01, 0xA7, 0x55, 0xFD, 0xD5, 0x55, 0x01, 0x54, 0x50,
	0x01, 0x18, 0xFD, 0x44, 0x02, 0xBC, 0xFD, 0x44, 0x02, 0xBC, 0x00, 0x04,
	0x00, 0x50, 0x00, 0x00, 0x02, 0x7B, 0x03, 0xB6, 0x00, 0x03, 0x00, 0x07,
	0x00, 0x0B, 0x00, 0x11, 0x00, 0x00, 0x53, 0x21, 0x35, 0x21, 0x01, 0x11,
	0x33, 0x11, 0x21, 0x11, 0x33, 0x11, 0x37, 0x17, 0x37, 0x27, 0x07, 0x17,
	0x7F, 0x01, 0xE0, 0xFE, 0x20, 0x01, 0xA7, 0x55, 0xFD, 0xD5, 0x55, 0xC1,
	0x6E, 0x32, 0xA0, 0xA0, 0x32, 0x01, 0x54, 0x50, 0x01, 0x18, 0xFD, 0x44,
	0x02, 0xBC, 0xFD, 0x44, 0x02, 0xBC, 0xA5, 0x5F, 0x28, 0x8C, 0x8C, 0x28,
	0x00, 0x01, 0x00, 0x50, 0x00, 0x00, 0x00, 0xA5, 0x02, 0xBC, 0x00, 0x03,
	0x00, 0x00, 0x53, 0x11, 0x33, 0x11, 0x50, 0x55, 0x02, 0xBC, 0xFD, 0x44,
	0x02, 0xBC, 0x00, 0x02, 0xFF, 0xF8, 0x00, 0x00, 0x00, 0xDA, 0x03, 0xC0,
	0x00, 0x03, 0x00, 0x07, 0x00, 0x00, 0x53, 0x11, 0x33, 0x11, 0x27, 0x17,
	0x37, 0x27, 0x50, 0x55, 0xAD, 0xB4, 0x2E, 0x96, 0x02, 0xBC, 0xFD, 0x44,
	0x02, 0xBC, 0xDC, 0x96, 0x1E, 0xA0, 0x00, 0x02, 0x00, 0x1C, 0x00, 0x00,
	0x00, 0xFC, 0x03, 0xC0, 0x00, 0x03, 0x00, 0x07, 0x00, 0x00, 0x53, 0x11,
	0x33, 0x11, 0x37, 0x27, 0x07, 0x17, 0x50, 0x55, 0x57, 0x4A, 0x96, 0x2C,
	0x02, 0xBC, 0xFD, 0x44, 0x02, 0xBC, 0xDC, 0x28, 0xA0, 0x1E, 0x00, 0x02,
	0xFF, 0xDA, 0x00, 0x00, 0x01, 0x1A, 0x03, 0xB6, 0x00, 0x03, 0x00, 0x09,
	0x00, 0x00, 0x53, 0x11, 0x33, 0x11, 0x27, 0x17, 0x37, 0x27, 0x07, 0x17,
	0x50, 0x55, 0x2B, 0x6E, 0x32, 0xA0, 0xA0, 0x32, 0x02, 0xBC, 0xFD, 0x44,
	0x02, 0xBC, 0xA5, 0x5F, 0x28, 0x8C, 0x8C, 0x28, 0x00, 0x03, 0xFF, 0xE0,
	0x00, 0x00, 0x01, 0x16, 0x03, 0x70, 0x00, 0x03, 0x00, 0x0F, 0x00, 0x1B,
	0x00, 0x00, 0x53, 0x11, 0x33, 0x11, 0x37, 0x14, 0x16, 0x33, 0x32, 0x36,
	0x35, 0x34, 0x26, 0x23, 0x22, 0x06, 0x07, 0x14, 0x16, 0x33, 0x32, 0x36,
	0x35, 0x34, 0x26, 0x23, 0x22, 0x06, 0x50, 0x55, 0x03, 0x20, 0x16, 0x17,
	0x21, 0x21, 0x17, 0x16, 0x20, 0xC8, 0x20, 0x16, 0x17, 0x21, 0x21, 0x17,
	0x16, 0x20, 0x02, 0xBC, 0xFD, 0x44, 0x02, 0xBC, 0x7D, 0x16, 0x21, 0x21,
	0x16, 0x17, 0x20, 0x20, 0x17, 0x16, 0x21, 0x21, 0x16, 0x17, 0x20, 0x20,
	0x00, 0x02, 0xFF, 0xD6, 0x00, 0x00, 0x01, 0x20, 0x03, 0x7A, 0x00, 0x03,
	0x00, 0x1D, 0x00, 0x00, 0x53, 0x11, 0x33, 0x11, 0x27, 0x17, 0x34, 0x36,
	0x36, 0x33, 0x32, 0x16, 0x16, 0x33, 0x32, 0x36, 0x36, 0x37, 0x27, 0x06,
	0x06, 0x23, 0x22, 0x2E, 0x02, 0x23, 0x22, 0x06, 0x06, 0x50, 0x55, 0xCF,
	0x35, 0x08, 0x16, 0x14, 0x17, 0x21, 0x26, 0x1B, 0x19, 0x2A, 0x1F, 0x08,
	0x2E, 0x0F, 0x1B, 0x0E, 0x14, 0x1A, 0x17, 0x1F, 0x18, 0x16, 0x2D, 0x20,
	0x02, 0xBC, 0xFD, 0x44, 0x02, 0xBC, 0x6B, 0x25, 0x08, 0x18, 0x13, 0x17,
	0x18, 0x15, 0x22, 0x12, 0x2B, 0x18, 0x18, 0x0E, 0x13, 0x0E, 0x15, 0x24,
	0x00, 0x02, 0xFF, 0xCC, 0x00, 0x00, 0x01, 0x2A, 0x03, 0x4D, 0x00, 0x03,
	0x00, 0x07, 0x00, 0x00, 0x53, 0x11, 0x33, 0x11, 0x27, 0x21, 0x35, 0x21,
	0x50, 0x55, 0xD9, 0x01, 0x5E, 0xFE, 0xA2, 0x02, 0xBC, 0xFD, 0x44, 0x02,
	0xBC, 0x46, 0x4B, 0x00, 0x00, 0x02, 0xFF, 0xDD, 0x00, 0x00, 0x01, 0x19,
	0x03, 0x8E, 0x00, 0x03, 0x00, 0x15, 0x00, 0x00, 0x53, 0x11, 0x33, 0x11,
	0x27, 0x14, 0x16, 0x16, 0x33, 0x32, 0x36, 0x36, 0x35, 0x23, 0x14, 0x06,
	0x06, 0x23, 0x22, 0x26, 0x26, 0x35, 0x50, 0x55, 0xC8, 0x23, 0x47, 0x34,
	0x35, 0x46, 0x23, 0x47, 0x0E, 0x26, 0x23, 0x23, 0x26, 0x0E, 0x02, 0xBC,
	0xFD, 0x44, 0x02, 0xBC, 0xD2, 0x22, 0x41, 0x29, 0x29, 0x41, 0x22, 0x0D,
	0x23, 0x1B, 0x1B, 0x23, 0x0D, 0x00, 0x00, 0x02, 0xFF, 0xF8, 0xFF, 0x24,
	0x00, 0xCB, 0x02, 0xBC, 0x00, 0x03, 0x00, 0x1A, 0x00, 0x00, 0x53, 0x11,
	0x33, 0x11, 0x13, 0x06, 0x06, 0x23, 0x22, 0x26, 0x35, 0x34, 0x36, 0x36,
	0x37, 0x27, 0x0E, 0x02, 0x15, 0x14, 0x16, 0x16, 0x33, 0x32, 0x36, 0x37,
	0x50, 0x55, 0x05, 0x0A, 0x14, 0x14, 0x16, 0x1A, 0x19, 0x2A, 0x1A, 0x29,
	0x23, 0x3C, 0x25, 0x1B, 0x36, 0x2A, 0x20, 0x2D, 0x0B, 0x02, 0xBC, 0xFD,
	0x44, 0x02, 0xBC, 0xFC, 0xC2, 0x0A, 0x0A, 0x17, 0x1B, 0x13, 0x25, 0x21,
	0x0B, 0x19, 0x12, 0x2D, 0x34, 0x1E, 0x1D, 0x2E, 0x19, 0x19, 0x0F, 0x00,
	0x00, 0x02, 0x00, 0x43, 0x00, 0x00, 0x00, 0xB1, 0x03, 0x70, 0x00, 0x03,
	0x00, 0x0F, 0x00, 0x00, 0x53, 0x11, 0x33, 0x11, 0x27, 0x14, 0x16, 0x33,
	0x32, 0x36, 0x35, 0x34, 0x26, 0x23, 0x22, 0x06, 0x50, 0x55, 0x62, 0x21,
	0x16, 0x17, 0x20, 0x20, 0x17, 0x16, 0x21, 0x02, 0xBC, 0xFD, 0x44, 0x02,
	0xBC, 0x7D, 0x16, 0x21, 0x21, 0x16, 0x17, 0x20, 0x20, 0x00, 0x00, 0x01,
	0xFF, 0x91, 0xFF, 0x24, 0x00, 0xA0, 0x02, 0xBC, 0x00, 0x12, 0x00, 0x00,
	0x47, 0x07, 0x1E, 0x02, 0x33, 0x32, 0x3E, 0x02, 0x35, 0x11, 0x23, 0x11,
	0x14, 0x06, 0x23, 0x22, 0x26, 0x43, 0x2C, 0x08, 0x23, 0x31, 0x1A, 0x23,
	0x39, 0x28, 0x15, 0x50, 0x2D, 0x17, 0x1B, 0x29, 0x68, 0x42, 0x0A, 0x17,
	0x11, 0x13, 0x28, 0x3C, 0x29, 0x02, 0xF8, 0xFD, 0x12, 0x31, 0x29, 0x13,
	0x00, 0x02, 0xFF, 0x91, 0xFF, 0x24, 0x01, 0x18, 0x03, 0xB6, 0x00, 0x12,
	0x00, 0x18, 0x00, 0x00, 0x47, 0x07, 0x1E, 0x02, 0x33, 0x32, 0x3E, 0x02,
	0x35, 0x11, 0x23, 0x11, 0x14, 0x06, 0x23, 0x22, 0x26, 0x13, 0x17, 0x37,
	0x27, 0x07, 0x17, 0x43, 0x2C, 0x08, 0x23, 0x31, 0x1A, 0x23, 0x39, 0x28,
	0x15, 0x50, 0x2D, 0x17, 0x1B, 0x29, 0xB0, 0x6E, 0x32, 0xA0, 0xA0, 0x32,
	0x68, 0x42, 0x0A, 0x17, 0x11, 0x13, 0x28, 0x3C, 0x29, 0x02, 0xF8, 0xFD,
	0x12, 0x31, 0x29, 0x13, 0x03, 0xDA, 0x5F, 0x28, 0x8C, 0x8C, 0x28, 0x00,
	0x00, 0x02, 0x00, 0x50, 0x00, 0x00, 0x02, 0x30, 0x02, 0xBC, 0x00, 0x03,
	0x00, 0x09, 0x00, 0x00, 0x53, 0x11, 0x33, 0x11, 0x21, 0x01, 0x01, 0x33,
	0x01, 0x01, 0x50, 0x55, 0x01, 0x13, 0xFE, 0xD3, 0x01, 0x3C, 0x69, 0xFE,
	0xC2, 0x01, 0x2F, 0x02, 0xBC, 0xFD, 0x44, 0x02, 0xBC, 0xFE, 0xB6, 0xFE,
	0x8E, 0x01, 0x74, 0x01, 0x48, 0x00, 0x00, 0x03, 0x00, 0x50, 0xFE, 0xAC,
	0x02, 0x30, 0x02, 0xBC, 0x00, 0x03, 0x00, 0x09, 0x00, 0x0D, 0x00, 0x00,
	0x53, 0x11, 0x33, 0x11, 0x21, 0x01, 0x01, 0x33, 0x01, 0x01, 0x03, 0x03,
	0x17, 0x37, 0x50, 0x55, 0x01, 0x13, 0xFE, 0xD3, 0x01, 0x3C, 0x69, 0xFE,
	0xC2, 0x01, 0x2F, 0xDD, 0x58, 0x3A, 0x6E, 0x02, 0xBC, 0xFD, 0x44, 0x02,
	0xBC, 0xFE, 0xB6, 0xFE, 0x8E, 0x01, 0x74, 0x01, 0x48, 0xFD, 0x08, 0xFE,
	0xFD, 0x15, 0xFA, 0x00, 0x00, 0x01, 0x00, 0x50, 0x00, 0x00, 0x01, 0xB8,
	0x02, 0xBC, 0x00, 0x05, 0x00, 0x00, 0x53, 0x11, 0x21, 0x35, 0x21, 0x11,
	0x50, 0x01, 0x68, 0xFE, 0xED, 0x02, 0xBC, 0xFD, 0x44, 0x50, 0x02, 0x6C,
	0x00, 0x02, 0x00, 0x50, 0x00, 0x00, 0x01, 0xB8, 0x03, 0xC0, 0x00, 0x05,
	0x00, 0x09, 0x00, 0x00, 0x53, 0x11, 0x21, 0x35, 0x21, 0x11, 0x37, 0x27,
	0x07, 0x17, 0x50, 0x01, 0x68, 0xFE, 0xED, 0xE1, 0x4B, 0x96, 0x2D, 0x02,
	0xBC, 0xFD, 0x44, 0x50, 0x02, 0x6C, 0xDC, 0x28, 0xA0, 0x1E, 0x00, 0x02,
	0x00, 0x50, 0xFE, 0xAC, 0x01, 0xB8, 0x02, 0xBC, 0x00, 0x05, 0x00, 0x09,
	0x00, 0x00, 0x53, 0x11, 0x21, 0x35, 0x21, 0x11, 0x13, 0x03, 0x17, 0x37,
	0x50, 0x01, 0x68, 0xFE, 0xED, 0x63, 0x58, 0x3A, 0x6E, 0x02, 0xBC, 0xFD,
	0x44, 0x50, 0x02, 0x6C, 0xFD, 0x08, 0xFE, 0xFD, 0x15, 0xFA, 0x00, 0x02,
	0x00, 0x50, 0x00, 0x00, 0x01, 0xB8, 0x02, 0xC6, 0x00, 0x05, 0x00, 0x09,
	0x00, 0x00, 0x53, 0x11, 0x21, 0x35, 0x21, 0x11, 0x37, 0x03, 0x17, 0x37,
	0x50, 0x01, 0x68, 0xFE, 0xED, 0xA3, 0x58, 0x3A, 0x6E, 0x02, 0xBC, 0xFD,
	0x44, 0x50, 0x02, 0x6C, 0x0A, 0xFE, 0xFD, 0x15, 0xFA, 0x00, 0x00, 0x01,
	0x00, 0x28, 0x00, 0x00, 0x03, 0x02, 0x02, 0xDF, 0x00, 0x09, 0x00, 0x00,
	0x5B, 0x03, 0x33, 0x03, 0x01, 0x01, 0x03, 0x33, 0xB1, 0xE4, 0xE4, 0x34,
	0x55, 0x55, 0xFE, 0xE8, 0xFE, 0xE8, 0x55, 0x55, 0x01, 0xD9, 0xFE, 0x68,
	0x01, 0x98, 0xFE, 0x27, 0x02, 0xDF, 0xFE, 0x05, 0x01, 0xFB, 0xFD, 0x21,
	0x00, 0x01, 0x00, 0x50, 0xFF, 0xDD, 0x02, 0xB7, 0x02, 0xDF, 0x00, 0x07,
	0x00, 0x00, 0x41, 0x11, 0x01, 0x11, 0x33, 0x11, 0x01, 0x11, 0x02, 0x62,
	0xFD, 0xEE, 0x55, 0x02, 0x12, 0x02, 0xBC, 0xFD, 0xF7, 0x02, 0x2C, 0xFD,
	0x21, 0x02, 0x09, 0xFD, 0xD4, 0x02, 0xDF, 0x00, 0x00, 0x02, 0x00, 0x50,
	0xFF, 0xDD, 0x02, 0xB7, 0x03, 0x6B, 0x00, 0x07, 0x00, 0x21, 0x00, 0x00,
	0x41, 0x11, 0x01, 0x11, 0x33, 0x11, 0x01, 0x11, 0x25, 0x17, 0x34, 0x36,
	0x36, 0x33, 0x32, 0x16, 0x16, 0x33, 0x32, 0x36, 0x36, 0x37, 0x27, 0x06,
	0x06, 0x23, 0x22, 0x2E, 0x02, 0x23, 0x22, 0x06, 0x06, 0x02, 0x62, 0xFD,
	0xEE, 0x55, 0x02, 0x12, 0xFE, 0x20, 0x35, 0x08, 0x16, 0x14, 0x17, 0x21,
	0x26, 0x1B, 0x19, 0x2A, 0x1F, 0x08, 0x2E, 0x0F, 0x1B, 0x0E, 0x14, 0x1A,
	0x17, 0x1F, 0x18, 0x16, 0x2D, 0x20, 0x02, 0xBC, 0xFD, 0xF7, 0x02, 0x2C,
	0xFD, 0x21, 0x02, 0x09, 0xFD, 0xD4, 0x02, 0xDF, 0x5C, 0x25, 0x08, 0x18,
	0x13, 0x17, 0x18, 0x15, 0x22, 0x12, 0x2B, 0x18, 0x18, 0x0E, 0x13, 0x0E,
	0x15, 0x24, 0x00, 0x02, 0x00, 0x50, 0xFF, 0xDD, 0x02, 0xB7, 0x03, 0xB1,
	0x00, 0x07, 0x00, 0x0B, 0x00, 0x00, 0x41, 0x11, 0x01, 0x11, 0x33, 0x11,
	0x01, 0x11, 0x27, 0x27, 0x07, 0x17, 0x02, 0x62, 0xFD, 0xEE, 0x55, 0x02,
	0x12, 0x87, 0x4B, 0x96, 0x2D, 0x02, 0xBC, 0xFD, 0xF7, 0x02, 0x2C, 0xFD,
	0x21, 0x02, 0x09, 0xFD, 0xD4, 0x02, 0xDF, 0xCD, 0x28, 0xA0, 0x1E, 0x00,
	0x00, 0x02, 0x00, 0x50, 0xFE, 0xC5, 0x02, 0xB7, 0x02, 0xDF, 0x00, 0x03,
	0x00, 0x0B, 0x00, 0x00, 0x45, 0x03, 0x17, 0x37, 0x13, 0x11, 0x01, 0x11,
	0x33, 0x11, 0x01, 0x11, 0x01, 0x8F, 0x58, 0x3A, 0x6E, 0x83, 0xFD, 0xEE,
	0x55, 0x02, 0x12, 0x23, 0xFE, 0xFD, 0x15, 0xFA, 0x02, 0xFD, 0xFD, 0xF7,
	0x02, 0x2C, 0xFD, 0x21, 0x02, 0x09, 0xFD, 0xD4, 0x02, 0xDF, 0x00, 0x02,
	0x00, 0x50, 0xFF, 0xDD, 0x02, 0xB7, 0x03, 0xCF, 0x00, 0x05, 0x00, 0x0D,
	0x00, 0x00, 0x41, 0x27, 0x07, 0x17, 0x37, 0x27, 0x13, 0x11, 0x01, 0x11,
	0x33, 0x11, 0x01, 0x11, 0x01, 0x90, 0x6E, 0x32, 0xA0, 0xA0, 0x32, 0x64,
	0xFD, 0xEE, 0x55, 0x02, 0x12, 0x03, 0x70, 0x5F, 0x28, 0x8C, 0x8C, 0x28,
	0xFE, 0xED, 0xFD, 0xF7, 0x02, 0x2C, 0xFD, 0x21, 0x02, 0x09, 0xFD, 0xD4,
	0x02, 0xDF, 0x00, 0x02, 0x00, 0x28, 0xFF, 0xF6, 0x02, 0xEE, 0x02, 0xC6,
	0x00, 0x0F, 0x00, 0x23, 0x00, 0x00, 0x53, 0x34, 0x36, 0x36, 0x33, 0x32,
	0x16, 0x16, 0x15, 0x14, 0x06, 0x06, 0x23, 0x22, 0x26, 0x26, 0x27, 0x14,
	0x1E, 0x02, 0x33, 0x32, 0x3E, 0x02, 0x35, 0x34, 0x2E, 0x02, 0x23, 0x22,
	0x0E, 0x02, 0x82, 0x45, 0x78, 0x4C, 0x4D, 0x77, 0x45, 0x45, 0x77, 0x4D,
	0x4C, 0x78, 0x45, 0x5A, 0x35, 0x60, 0x82, 0x4C, 0x4D, 0x81, 0x60, 0x35,
	0x35, 0x60, 0x81, 0x4D, 0x4C, 0x82, 0x60, 0x35, 0x01, 0x5E, 0x4F, 0x7C,
	0x48, 0x48, 0x7C, 0x4F, 0x4F, 0x7C, 0x48, 0x48, 0x7C, 0x4F, 0x4C, 0x84,
	0x61, 0x37, 0x37, 0x61, 0x84, 0x4C, 0x4D, 0x83, 0x61, 0x37, 0x37, 0x61,
	0x83, 0x00, 0x00, 0x03, 0x00, 0x28, 0xFF, 0xF6, 0x02, 0xEE, 0x03, 0xC0,
	0x00, 0x0F, 0x00, 0x23, 0x00, 0x27, 0x00, 0x00, 0x53, 0x34, 0x36, 0x36,
	0x33, 0x32, 0x16, 0x16, 0x15, 0x14, 0x06, 0x06, 0x23, 0x22, 0x26, 0x26,
	0x27, 0x14, 0x1E, 0x02, 0x33, 0x32, 0x3E, 0x02, 0x35, 0x34, 0x2E, 0x02,
	0x23, 0x22, 0x0E, 0x02, 0x13, 0x17, 0x37, 0x27, 0x82, 0x45, 0x78, 0x4C,
	0x4D, 0x77, 0x45, 0x45, 0x77, 0x4D, 0x4C, 0x78, 0x45, 0x5A, 0x35, 0x60,
	0x82, 0x4C, 0x4D, 0x81, 0x60, 0x35, 0x35, 0x60, 0x81, 0x4D, 0x4C, 0x82,
	0x60, 0x35, 0xEB, 0xB4, 0x2D, 0x96, 0x01, 0x5E, 0x4F, 0x7C, 0x48, 0x48,
	0x7C, 0x4F, 0x4F, 0x7C, 0x48, 0x48, 0x7C, 0x4F, 0x4C, 0x84, 0x61, 0x37,
	0x37, 0x61, 0x84, 0x4C, 0x4D, 0x83, 0x61, 0x37, 0x37, 0x61, 0x83, 0x01,
	0xED, 0x96, 0x1E, 0xA0, 0x00, 0x03, 0x00, 0x28, 0xFF, 0xF6, 0x02, 0xEE,
	0x03, 0xC0, 0x00, 0x0F, 0x00, 0x23, 0x00, 0x27, 0x00, 0x00, 0x53, 0x34,
	0x36, 0x36, 0x33, 0x32, 0x16, 0x16, 0x15, 0x14, 0x06, 0x06, 0x23, 0x22,
	0x26, 0x26, 0x27, 0x14, 0x1E, 0x02, 0x33, 0x32, 0x3E, 0x02, 0x35, 0x34,
	0x2E, 0x02, 0x23, 0x22, 0x0E, 0x02, 0x01, 0x27, 0x07, 0x17, 0x82, 0x45,
	0x78, 0x4C, 0x4D, 0x77, 0x45, 0x45, 0x77, 0x4D, 0x4C, 0x78, 0x45, 0x5A,
	0x35, 0x60, 0x82, 0x4C, 0x4D, 0x81, 0x60, 0x35, 0x35, 0x60, 0x81, 0x4D,
	0x4C, 0x82, 0x60, 0x35, 0x01, 0xDB, 0x4B, 0x96, 0x2D, 0x01, 0x5E, 0x4F,
	0x7C, 0x48, 0x48, 0x7C, 0x4F, 0x4F, 0x7C, 0x48, 0x48, 0x7C, 0x4F, 0x4C,
	0x84, 0x61, 0x37, 0x37, 0x61, 0x84, 0x4C, 0x4D, 0x83, 0x61, 0x37, 0x37,
	0x61, 0x83, 0x01, 0xED, 0x28, 0xA0, 0x1E, 0x00, 0x00, 0x03, 0x00, 0x28,
	0xFF, 0xF6, 0x02, 0xEE, 0x03, 0xB6, 0x00, 0x0F, 0x00, 0x23, 0x00, 0x29,
	0x00, 0x00, 0x53, 0x34, 0x36, 0x36, 0x33, 0x32, 0x16, 0x16, 0x15, 0x14,
	0x06, 0x06, 0x23, 0x22, 0x26, 0x26, 0x27, 0x14, 0x1E, 0x02, 0x33, 0x32,
	0x3E, 0x02, 0x35, 0x34, 0x2E, 0x02, 0x23, 0x22, 0x0E, 0x02, 0x01, 0x17,
	0x37, 0x27, 0x07, 0x17, 0x82, 0x45, 0x78, 0x4C, 0x4D, 0x77, 0x45, 0x45,
	0x77, 0x4D, 0x4C, 0x78, 0x45, 0x5A, 0x35, 0x60, 0x82, 0x4C, 0x4D, 0x81,
	0x60, 0x35, 0x35, 0x60, 0x81, 0x4D, 0x4C, 0x82, 0x60, 0x35, 0x01, 0x63,
	0x6E, 0x32, 0xA0, 0xA0, 0x32, 0x01, 0x5E, 0x4F, 0x7C, 0x48, 0x48, 0x7C,
	0x4F, 0x4F, 0x7C, 0x48, 0x48, 0x7C, 0x4F, 0x4C, 0x84, 0x61, 0x37, 0x37,
	0x61, 0x84, 0x4C, 0x4D, 0x83, 0x61, 0x37, 0x37, 0x61, 0x83, 0x01, 0xB6,
	0x5F, 0x28, 0x8C, 0x8C, 0x28, 0x00, 0x00, 0x03, 0x00, 0x28, 0xFF, 0xF6,
	0x02, 0xEE, 0x03, 0x7A, 0x00, 0x0F, 0x00, 0x23, 0x00, 0x3D, 0x00, 0x00,
	0x53, 0x34, 0x36, 0x36, 0x33, 0x32, 0x16, 0x16, 0x15, 0x14, 0x06, 0x06,
	0x23, 0x22, 0x26, 0x26, 0x27, 0x14, 0x1E, 0x02, 0x33, 0x32, 0x3E, 0x02,
	0x35, 0x34, 0x2E, 0x02, 0x23, 0x22, 0x0E, 0x02, 0x13, 0x17, 0x34, 0x36,
	0x36, 0x33, 0x32, 0x16, 0x16, 0x33, 0x32, 0x36, 0x36, 0x37, 0x27, 0x06,
	0x06, 0x23, 0x22, 0x2E, 0x02, 0x23, 0x22, 0x06, 0x06, 0x82, 0x45, 0x78,
	0x4C, 0x4D, 0x77, 0x45, 0x45, 0x77, 0x4D, 0x4C, 0x78, 0x45, 0x5A, 0x35,
	0x60, 0x82, 0x4C, 0x4D, 0x81, 0x60, 0x35, 0x35, 0x60, 0x81, 0x4D, 0x4C,
	0x82, 0x60, 0x35, 0xBE, 0x35, 0x08, 0x16, 0x14, 0x17, 0x21, 0x26, 0x1B,
	0x19, 0x2A, 0x1F, 0x08, 0x2E, 0x0F, 0x1B, 0x0E, 0x14, 0x1A, 0x17, 0x1F,
	0x18, 0x16, 0x2D, 0x20, 0x01, 0x5E, 0x4F, 0x7C, 0x48, 0x48, 0x7C, 0x4F,
	0x4F, 0x7C, 0x48, 0x48, 0x7C, 0x4F, 0x4C, 0x84, 0x61, 0x37, 0x37, 0x61,
	0x84, 0x4C, 0x4D, 0x83, 0x61, 0x37, 0x37, 0x61, 0x83, 0x01, 0x7C, 0x25,
	0x08, 0x18, 0x13, 0x17, 0x18, 0x15, 0x22, 0x12, 0x2B, 0x18, 0x18, 0x0E,
	0x13, 0x0E, 0x15, 0x24, 0x00, 0x04, 0x00, 0x28, 0xFF, 0xF6, 0x02, 0xEE,
	0x03, 0x70, 0x00, 0x0F, 0x00, 0x23, 0x00, 0x2F, 0x00, 0x3B, 0x00, 0x00,
	0x53, 0x34, 0x36, 0x36, 0x33, 0x32, 0x16, 0x16, 0x15, 0x14, 0x06, 0x06,
	0x23, 0x22, 0x26, 0x26, 0x27, 0x14, 0x1E, 0x02, 0x33, 0x32, 0x3E, 0x02,
	0x35, 0x34, 0x2E, 0x02, 0x23, 0x22, 0x0E, 0x02, 0x01, 0x14, 0x16, 0x33,
	0x32, 0x36, 0x35, 0x34, 0x26, 0x23, 0x22, 0x06, 0x07, 0x14, 0x16, 0x33,
	0x32, 0x36, 0x35, 0x34, 0x26, 0x23, 0x22, 0x06, 0x82, 0x45, 0x78, 0x4C,
	0x4D, 0x77, 0x45, 0x45, 0x77, 0x4D, 0x4C, 0x78, 0x45, 0x5A, 0x35, 0x60,
	0x82, 0x4C, 0x4D, 0x81, 0x60, 0x35, 0x35, 0x60, 0x81, 0x4D, 0x4C, 0x82,
	0x60, 0x35, 0x01, 0x90, 0x21, 0x16, 0x17, 0x20, 0x20, 0x17, 0x16, 0x21,
	0xC8, 0x21, 0x16, 0x17, 0x20, 0x20, 0x17, 0x16, 0x21, 0x01, 0x5E, 0x4F,
	0x7C, 0x48, 0x48, 0x7C, 0x4F, 0x4F, 0x7C, 0x48, 0x48, 0x7C, 0x4F, 0x4C,
	0x84, 0x61, 0x37, 0x37, 0x61, 0x84, 0x4C, 0x4D, 0x83, 0x61, 0x37, 0x37,
	0x61, 0x83, 0x01, 0x8E, 0x16, 0x21, 0x21, 0x16, 0x17, 0x20, 0x20, 0x17,
	0x16, 0x21, 0x21, 0x16, 0x17, 0x20, 0x20, 0x00, 0x00, 0x03, 0x00, 0x28,
	0xFF, 0xF6, 0x02, 0xEE, 0x03, 0x4D, 0x00, 0x0F, 0x00, 0x23, 0x00, 0x27,
	0x00, 0x00, 0x53, 0x34, 0x36, 0x36, 0x33, 0x32, 0x16, 0x16, 0x15, 0x14,
	0x06, 0x06, 0x23, 0x22, 0x26, 0x26, 0x27, 0x14, 0x1E, 0x02, 0x33, 0x32,
	0x3E, 0x02, 0x35, 0x34, 0x2E, 0x02, 0x23, 0x22, 0x0E, 0x02, 0x13, 0x21,
	0x35, 0x21, 0x82, 0x45, 0x78, 0x4C, 0x4D, 0x77, 0x45, 0x45, 0x77, 0x4D,
	0x4C, 0x78, 0x45, 0x5A, 0x35, 0x60, 0x82, 0x4C, 0x4D, 0x81, 0x60, 0x35,
	0x35, 0x60, 0x81, 0x4D, 0x4C, 0x82, 0x60, 0x35, 0xB4, 0x01, 0x5E, 0xFE,
	0xA2, 0x01, 0x5E, 0x4F, 0x7C, 0x48, 0x48, 0x7C, 0x4F, 0x4F, 0x7C, 0x48,
	0x48, 0x7C, 0x4F, 0x4C, 0x84, 0x61, 0x37, 0x37, 0x61, 0x84, 0x4C, 0x4D,
	0x83, 0x61, 0x37, 0x37, 0x61, 0x83, 0x01, 0x57, 0x4B, 0x00, 0x00, 0x03,
	0x00, 0x28, 0xFF, 0xF6, 0x02, 0xEE, 0x03, 0x8E, 0x00, 0x0F, 0x00, 0x23,
	0x00, 0x35, 0x00, 0x00, 0x53, 0x34, 0x36, 0x36, 0x33, 0x32, 0x16, 0x16,
	0x15, 0x14, 0x06, 0x06, 0x23, 0x22, 0x26, 0x26, 0x27, 0x14, 0x1E, 0x02,
	0x33, 0x32, 0x3E, 0x02, 0x35, 0x34, 0x2E, 0x02, 0x23, 0x22, 0x0E, 0x02,
	0x13, 0x14, 0x16, 0x16, 0x33, 0x32, 0x36, 0x36, 0x35, 0x23, 0x14, 0x06,
	0x06, 0x23, 0x22, 0x26, 0x26, 0x35, 0x82, 0x45, 0x78, 0x4C, 0x4D, 0x77,
	0x45, 0x45, 0x77, 0x4D, 0x4C, 0x78, 0x45, 0x5A, 0x35, 0x60, 0x82, 0x4C,
	0x4D, 0x81, 0x60, 0x35, 0x35, 0x60, 0x81, 0x4D, 0x4C, 0x82, 0x60, 0x35,
	0xC5, 0x23, 0x47, 0x34, 0x35, 0x46, 0x23, 0x47, 0x0E, 0x26, 0x23, 0x23,
	0x26, 0x0E, 0x01, 0x5E, 0x4F, 0x7C, 0x48, 0x48, 0x7C, 0x4F, 0x4F, 0x7C,
	0x48, 0x48, 0x7C, 0x4F, 0x4C, 0x84, 0x61, 0x37, 0x37, 0x61, 0x84, 0x4C,
	0x4D, 0x83, 0x61, 0x37, 0x37, 0x61, 0x83, 0x01, 0xE3, 0x22, 0x41, 0x29,
	0x29, 0x41, 0x22, 0x0D, 0x23, 0x1B, 0x1B, 0x23, 0x0D, 0x00, 0xFF, 0xFF,
	0x00, 0x28, 0xFF, 0xF6, 0x02, 0xEE, 0x03, 0xD5, 0x04, 0x27, 0x01, 0xFA,
	0x01, 0x05, 0x01, 0x03, 0x02, 0x06, 0x00, 0x40, 0x00, 0x00, 0x00, 0x02,
	0x00, 0x50, 0x00, 0x00, 0x01, 0xFC, 0x02, 0xBC, 0x00, 0x03, 0x00, 0x17,
	0x00, 0x00, 0x53, 0x11, 0x33, 0x11, 0x07, 0x33, 0x32, 0x16, 0x15, 0x14,
	0x06, 0x23, 0x23, 0x15, 0x33, 0x32, 0x36, 0x36, 0x35, 0x34, 0x26, 0x26,
	0x23, 0x23, 0x50, 0x55, 0x26, 0x8F, 0x44, 0x55, 0x55, 0x44, 0x8F, 0x8F,
	0x44, 0x6B, 0x3F, 0x3F, 0x6B, 0x44, 0x8F, 0x02, 0xBC, 0xFD, 0x44, 0x02,
	0xBC, 0x50, 0x41, 0x41, 0x40, 0x42, 0x50, 0x33, 0x5F, 0x40, 0x41, 0x5E,
	0x33, 0x00, 0x00, 0x03, 0x00, 0x28, 0xFF, 0xF6, 0x03, 0x15, 0x02, 0xC6,
	0x00, 0x0F, 0x00, 0x23, 0x00, 0x27, 0x00, 0x00, 0x53, 0x34, 0x36, 0x36,
	0x33, 0x32, 0x16, 0x16, 0x15, 0x14, 0x06, 0x06, 0x23, 0x22, 0x26, 0x26,
	0x27, 0x14, 0x1E, 0x02, 0x33, 0x32, 0x3E, 0x02, 0x35, 0x34, 0x2E, 0x02,
	0x23, 0x22, 0x0E, 0x02, 0x05, 0x01, 0x33, 0x01, 0x82, 0x45, 0x78, 0x4C,
	0x4D, 0x77, 0x45, 0x45, 0x77, 0x4D, 0x4C, 0x78, 0x45, 0x5A, 0x35, 0x60,
	0x82, 0x4C, 0x4D, 0x81, 0x60, 0x35, 0x35, 0x60, 0x81, 0x4D, 0x4C, 0x82,
	0x60, 0x35, 0x01, 0x53, 0x01, 0x2C, 0x6E, 0xFE, 0xD4, 0x01, 0x5E, 0x4F,
	0x7C, 0x48, 0x48, 0x7C, 0x4F, 0x4F, 0x7C, 0x48, 0x48, 0x7C, 0x4F, 0x4C,
	0x84, 0x61, 0x37, 0x37, 0x61, 0x84, 0x4C, 0x4D, 0x83, 0x61, 0x37, 0x37,
	0x61, 0x83, 0x7F, 0xFE, 0xD4, 0x01, 0x2C, 0x00, 0x00, 0x03, 0x00, 0x50,
	0x00, 0x00, 0x02, 0x26, 0x02, 0xBC, 0x00, 0x03, 0x00, 0x07, 0x00, 0x1D,
	0x00, 0x00, 0x53, 0x13, 0x33, 0x03, 0x03, 0x11, 0x33, 0x11, 0x07, 0x33,
	0x32, 0x16, 0x16, 0x15, 0x14, 0x06, 0x06, 0x23, 0x23, 0x15, 0x33, 0x32,
	0x36, 0x36, 0x35, 0x34, 0x26, 0x26, 0x23, 0x23, 0xCD, 0xF0, 0x69, 0xFA,
	0xDC, 0x55, 0x26, 0x8F, 0x2D, 0x45, 0x27, 0x27, 0x45, 0x2D, 0x8F, 0x8F,
	0x44, 0x6B, 0x3F, 0x3F, 0x6B, 0x44, 0x8F, 0x01, 0x59, 0xFE, 0xA7, 0x01,
	0x59, 0x01, 0x63, 0xFD, 0x44, 0x02, 0xBC, 0x4B, 0x20, 0x3C, 0x2B, 0x2B,
	0x3C, 0x20, 0x4B, 0x33, 0x5F, 0x40, 0x41, 0x5E, 0x33, 0x00, 0x00, 0x04,
	0x00, 0x50, 0x00, 0x00, 0x02, 0x26, 0x03, 0xC0, 0x00, 0x03, 0x00, 0x07,
	0x00, 0x1D, 0x00, 0x21, 0x00, 0x00, 0x53, 0x13, 0x33, 0x03, 0x03, 0x11,
	0x33, 0x11, 0x07, 0x33, 0x32, 0x16, 0x16, 0x15, 0x14, 0x06, 0x06, 0x23,
	0x23, 0x15, 0x33, 0x32, 0x36, 0x36, 0x35, 0x34, 0x26, 0x26, 0x23, 0x23,
	0x25, 0x27, 0x07, 0x17, 0xCD, 0xF0, 0x69, 0xFA, 0xDC, 0x55, 0x26, 0x8F,
	0x2D, 0x45, 0x27, 0x27, 0x45, 0x2D, 0x8F, 0x8F, 0x44, 0x6B, 0x3F, 0x3F,
	0x6B, 0x44, 0x8F, 0x01, 0x16, 0x4B, 0x96, 0x2D, 0x01, 0x59, 0xFE, 0xA7,
	0x01, 0x59, 0x01, 0x63, 0xFD, 0x44, 0x02, 0xBC, 0x4B, 0x20, 0x3C, 0x2B,
	0x2B, 0x3C, 0x20, 0x4B, 0x33, 0x5F, 0x40, 0x41, 0x5E, 0x33, 0xDC, 0x28,
	0xA0, 0x1E, 0x00, 0x04, 0x00, 0x50, 0xFE, 0xAC, 0x02, 0x26, 0x02, 0xBC,
	0x00, 0x03, 0x00, 0x07, 0x00, 0x1D, 0x00, 0x21, 0x00, 0x00, 0x53, 0x13,
	0x33, 0x03, 0x03, 0x11, 0x33, 0x11, 0x07, 0x33, 0x32, 0x16, 0x16, 0x15,
	0x14, 0x06, 0x06, 0x23, 0x23, 0x15, 0x33, 0x32, 0x36, 0x36, 0x35, 0x34,
	0x26, 0x26, 0x23, 0x23, 0x13, 0x03, 0x17, 0x37, 0xCD, 0xF0, 0x69, 0xFA,
	0xDC, 0x55, 0x26, 0x8F, 0x2D, 0x45, 0x27, 0x27, 0x45, 0x2D, 0x8F, 0x8F,
	0x44, 0x6B, 0x3F, 0x3F, 0x6B, 0x44, 0x8F, 0xC0, 0x58, 0x3A, 0x6E, 0x01,
	0x59, 0xFE, 0xA7, 0x01, 0x59, 0x01, 0x63, 0xFD, 0x44, 0x02, 0xBC, 0x4B,
	0x20, 0x3C, 0x2B, 0x2B, 0x3C, 0x20, 0x4B, 0x33, 0x5F, 0x40, 0x41, 0x5E,
	0x33, 0xFD, 0x08, 0xFE, 0xFD, 0x15, 0xFA, 0x00, 0x00, 0x04, 0x00, 0x50,
	0x00, 0x00, 0x02, 0x26, 0x03, 0xB6, 0x00, 0x03, 0x00, 0x07, 0x00, 0x1D,
	0x00, 0x23, 0x00, 0x00, 0x53, 0x13, 0x33, 0x03, 0x03, 0x11, 0x33, 0x11,
	0x07, 0x33, 0x32, 0x16, 0x16, 0x15, 0x14, 0x06, 0x06, 0x23, 0x23, 0x15,
	0x33, 0x32, 0x36, 0x36, 0x35, 0x34, 0x26, 0x26, 0x23, 0x23, 0x37, 0x27,
	0x07, 0x17, 0x37, 0x27, 0xCD, 0xF0, 0x69, 0xFA, 0xDC, 0x55, 0x26, 0x8F,
	0x2D, 0x45, 0x27, 0x27, 0x45, 0x2D, 0x8F, 0x8F, 0x44, 0x6B, 0x3F, 0x3F,
	0x6B, 0x44, 0x8F, 0x80, 0x6E, 0x32, 0xA0, 0xA0, 0x32, 0x01, 0x59, 0xFE,
	0xA7, 0x01, 0x59, 0x01, 0x63, 0xFD, 0x44, 0x02, 0xBC, 0x4B, 0x20, 0x3C,
	0x2B, 0x2B, 0x3C, 0x20, 0x4B, 0x33, 0x5F, 0x40, 0x41, 0x5E, 0x33, 0x9B,
	0x5F, 0x28, 0x8C, 0x8C, 0x28, 0x00, 0x00, 0x04, 0x00, 0x50, 0x00, 0x00,
	0x02, 0x26, 0x03, 0x8E, 0x00, 0x03, 0x00, 0x07, 0x00, 0x1D, 0x00, 0x2F,
	0x00, 0x00, 0x53, 0x13, 0x33, 0x03, 0x03, 0x11, 0x33, 0x11, 0x07, 0x33,
	0x32, 0x16, 0x16, 0x15, 0x14, 0x06, 0x06, 0x23, 0x23, 0x15, 0x33, 0x32,
	0x36, 0x36, 0x35, 0x34, 0x26, 0x26, 0x23, 0x23, 0x27, 0x34, 0x36, 0x36,
	0x33, 0x32, 0x16, 0x16, 0x15, 0x23, 0x34, 0x26, 0x26, 0x23, 0x22, 0x06,
	0x06, 0x15, 0xCD, 0xF0, 0x69, 0xFA, 0xDC, 0x55, 0x26, 0x8F, 0x2D, 0x45,
	0x27, 0x27, 0x45, 0x2D, 0x8F, 0x8F, 0x44, 0x6B, 0x3F, 0x3F, 0x6B, 0x44,
	0x8F, 0x0A, 0x23, 0x47, 0x34, 0x35, 0x46, 0x23, 0x47, 0x0E, 0x26, 0x23,
	0x23, 0x26, 0x0E, 0x01, 0x59, 0xFE, 0xA7, 0x01, 0x59, 0x01, 0x63, 0xFD,
	0x44, 0x02, 0xBC, 0x4B, 0x20, 0x3C, 0x2B, 0x2B, 0x3C, 0x20, 0x4B, 0x33,
	0x5F, 0x40, 0x41, 0x5E, 0x33, 0x46, 0x23, 0x40, 0x29, 0x29, 0x40, 0x23,
	0x0D, 0x23, 0x1B, 0x1B, 0x23, 0x0D, 0x00, 0x01, 0x00, 0x26, 0xFF, 0xF6,
	0x01, 0xF7, 0x02, 0xC6, 0x00, 0x32, 0x00, 0x00, 0x77, 0x07, 0x1E, 0x02,
	0x33, 0x32, 0x3E, 0x02, 0x35, 0x34, 0x2E, 0x02, 0x27, 0x2E, 0x02, 0x35,
	0x34, 0x36, 0x33, 0x32, 0x16, 0x16, 0x17, 0x37, 0x2E, 0x02, 0x23, 0x22,
	0x06, 0x06, 0x15, 0x14, 0x1E, 0x02, 0x17, 0x1E, 0x02, 0x15, 0x14, 0x06,
	0x23, 0x22, 0x26, 0x26, 0x6A, 0x44, 0x17, 0x49, 0x61, 0x39, 0x2A, 0x4D,
	0x3D, 0x23, 0x22, 0x35, 0x3E, 0x1C, 0x3D, 0x47, 0x1E, 0x34, 0x39, 0x29,
	0x39, 0x28, 0x0D, 0x49, 0x11, 0x3C, 0x55, 0x39, 0x3B, 0x5C, 0x34, 0x25,
	0x3A, 0x40, 0x1A, 0x28, 0x47, 0x2C, 0x44, 0x38, 0x2A, 0x42, 0x35, 0xD4,
	0x2E, 0x2E, 0x51, 0x31, 0x1C, 0x34, 0x4A, 0x2E, 0x30, 0x45, 0x31, 0x20,
	0x0A, 0x15, 0x2B, 0x31, 0x1D, 0x22, 0x37, 0x20, 0x32, 0x1A, 0x2A, 0x25,
	0x43, 0x2B, 0x2F, 0x52, 0x34, 0x30, 0x42, 0x2D, 0x1D, 0x09, 0x0E, 0x23,
	0x38, 0x2F, 0x30, 0x3E, 0x24, 0x40, 0x00, 0x02, 0x00, 0x28, 0xFF, 0xF6,
	0x01, 0xF7, 0x03, 0xC0, 0x00, 0x34, 0x00, 0x38, 0x00, 0x00, 0x77, 0x07,
	0x1E, 0x02, 0x33, 0x32, 0x36, 0x36, 0x35, 0x34, 0x2E, 0x02, 0x27, 0x2E,
	0x02, 0x35, 0x34, 0x36, 0x36, 0x33, 0x32, 0x16, 0x16, 0x17, 0x37, 0x2E,
	0x02, 0x23, 0x22, 0x06, 0x06, 0x15, 0x14, 0x1E, 0x02, 0x17, 0x1E, 0x02,
	0x15, 0x14, 0x06, 0x06, 0x23, 0x22, 0x2E, 0x02, 0x01, 0x27, 0x07, 0x17,
	0x70, 0x48, 0x16, 0x49, 0x62, 0x39, 0x46, 0x5E, 0x31, 0x22, 0x36, 0x3E,
	0x1B, 0x2A, 0x4A, 0x2E, 0x1C, 0x34, 0x23, 0x27, 0x36, 0x26, 0x0F, 0x45,
	0x0E, 0x3B, 0x56, 0x39, 0x39, 0x5C, 0x36, 0x23, 0x36, 0x3D, 0x1A, 0x28,
	0x4B, 0x31, 0x1B, 0x35, 0x28, 0x21, 0x35, 0x2C, 0x25, 0x01, 0x4A, 0x4B,
	0x96, 0x2D, 0xE2, 0x2B, 0x3A, 0x56, 0x31, 0x32, 0x5B, 0x3B, 0x30, 0x45,
	0x2F, 0x20, 0x0A, 0x10, 0x24, 0x2F, 0x22, 0x1F, 0x2C, 0x19, 0x21, 0x35,
	0x1D, 0x2E, 0x24, 0x45, 0x2D, 0x2B, 0x4F, 0x35, 0x2D, 0x42, 0x2E, 0x1F,
	0x09, 0x0E, 0x26, 0x3A, 0x2D, 0x23, 0x33, 0x1B, 0x16, 0x28, 0x3A, 0x02,
	0xDA, 0x28, 0xA0, 0x1E, 0x00, 0x02, 0x00, 0x28, 0xFF, 0xF6, 0x01, 0xF7,
	0x03, 0xB6, 0x00, 0x34, 0x00, 0x3A, 0x00, 0x00, 0x77, 0x07, 0x1E, 0x02,
	0x33, 0x32, 0x36, 0x36, 0x35, 0x34, 0x2E, 0x02, 0x27, 0x2E, 0x02, 0x35,
	0x34, 0x36, 0x36, 0x33, 0x32, 0x16, 0x16, 0x17, 0x37, 0x2E, 0x02, 0x23,
	0x22, 0x06, 0x06, 0x15, 0x14, 0x1E, 0x02, 0x17, 0x1E, 0x02, 0x15, 0x14,
	0x06, 0x06, 0x23, 0x22, 0x2E, 0x02, 0x13, 0x17, 0x37, 0x27, 0x07, 0x17,
	0x70, 0x48, 0x16, 0x49, 0x62, 0x39, 0x46, 0x5E, 0x31, 0x22, 0x36, 0x3E,
	0x1B, 0x2A, 0x4A, 0x2E, 0x1C, 0x34, 0x23, 0x27, 0x36, 0x26, 0x0F, 0x45,
	0x0E, 0x3B, 0x56, 0x39, 0x39, 0x5C, 0x36, 0x23, 0x36, 0x3D, 0x1A, 0x28,
	0x4B, 0x31, 0x1B, 0x35, 0x28, 0x21, 0x35, 0x2C, 0x25, 0x96, 0x6E, 0x32,
	0xA0, 0xA0, 0x32, 0xE2, 0x2B, 0x3A, 0x56, 0x31, 0x32, 0x5B, 0x3B, 0x30,
	0x45, 0x2F, 0x20, 0x0A, 0x10, 0x24, 0x2F, 0x22, 0x1F, 0x2C, 0x19, 0x21,
	0x35, 0x1D, 0x2E, 0x24, 0x45, 0x2D, 0x2B, 0x4F, 0x35, 0x2D, 0x42, 0x2E,
	0x1F, 0x09, 0x0E, 0x26, 0x3A, 0x2D, 0x23, 0x33, 0x1B, 0x16, 0x28, 0x3A,
	0x02, 0xA3, 0x5F, 0x28, 0x8C, 0x8C, 0x28, 0x00, 0x00, 0x02, 0x00, 0x28,
	0xFF, 0x23, 0x01, 0xF7, 0x02, 0xC6, 0x00, 0x34, 0x00, 0x52, 0x00, 0x00,
	0x77, 0x07, 0x1E, 0x02, 0x33, 0x32, 0x36, 0x36, 0x35, 0x34, 0x2E, 0x02,
	0x27, 0x2E, 0x02, 0x35, 0x34, 0x36, 0x36, 0x33, 0x32, 0x16, 0x16, 0x17,
	0x37, 0x2E, 0x02, 0x23, 0x22, 0x06, 0x06, 0x15, 0x14, 0x1E, 0x02, 0x17,
	0x1E, 0x02, 0x15, 0x14, 0x06, 0x06, 0x23, 0x22, 0x2E, 0x02, 0x17, 0x07,
	0x36, 0x36, 0x33, 0x32, 0x16, 0x15, 0x14, 0x06, 0x23, 0x22, 0x26, 0x27,
	0x07, 0x16, 0x16, 0x33, 0x32, 0x36, 0x36, 0x35, 0x34, 0x26, 0x26, 0x23,
	0x22, 0x22, 0x23, 0x37, 0x70, 0x48, 0x16, 0x49, 0x62, 0x39, 0x41, 0x5F,
	0x35, 0x22, 0x36, 0x3E, 0x1B, 0x2A, 0x4A, 0x2E, 0x17, 0x2F, 0x23, 0x27,
	0x3B, 0x2B, 0x0F, 0x45, 0x12, 0x3A, 0x53, 0x39, 0x3E, 0x5B, 0x32, 0x23,
	0x36, 0x3D, 0x1A, 0x28, 0x4B, 0x31, 0x1B, 0x35, 0x28, 0x21, 0x35, 0x2C,
	0x25, 0xAC, 0x56, 0x10, 0x23, 0x07, 0x1A, 0x18, 0x18, 0x1A, 0x13, 0x17,
	0x0E, 0x22, 0x15, 0x29, 0x1C, 0x1C, 0x30, 0x1E, 0x16, 0x21, 0x11, 0x02,
	0x05, 0x02, 0x3F, 0xE2, 0x2B, 0x3A, 0x56, 0x31, 0x32, 0x5B, 0x3B, 0x30,
	0x45, 0x2F, 0x20, 0x0A, 0x10, 0x24, 0x2F, 0x22, 0x1F, 0x2C, 0x19, 0x21,
	0x35, 0x1D, 0x2E, 0x29, 0x44, 0x29, 0x2E, 0x51, 0x35, 0x30, 0x42, 0x2A,
	0x1B, 0x09, 0x0E, 0x26, 0x3A, 0x2D, 0x23, 0x33, 0x1B, 0x16, 0x28, 0x3A,
	0x83, 0xA8, 0x0B, 0x07, 0x12, 0x12, 0x12, 0x16, 0x0C, 0x0C, 0x28, 0x15,
	0x11, 0x16, 0x2A, 0x1E, 0x19, 0x20, 0x11, 0x70, 0x00, 0x02, 0x00, 0x28,
	0xFF, 0xF6, 0x01, 0xF7, 0x03, 0xB6, 0x00, 0x34, 0x00, 0x3A, 0x00, 0x00,
	0x77, 0x07, 0x1E, 0x02, 0x33, 0x32, 0x36, 0x36, 0x35, 0x34, 0x2E, 0x02,
	0x27, 0x2E, 0x02, 0x35, 0x34, 0x36, 0x36, 0x33, 0x32, 0x16, 0x16, 0x17,
	0x37, 0x2E, 0x02, 0x23, 0x22, 0x06, 0x06, 0x15, 0x14, 0x1E, 0x02, 0x17,
	0x1E, 0x02, 0x15, 0x14, 0x06, 0x06, 0x23, 0x22, 0x2E, 0x02, 0x13, 0x27,
	0x07, 0x17, 0x37, 0x27, 0x70, 0x48, 0x16, 0x49, 0x62, 0x39, 0x46, 0x5E,
	0x31, 0x22, 0x36, 0x3E, 0x1B, 0x2A, 0x4A, 0x2E, 0x1C, 0x34, 0x23, 0x27,
	0x36, 0x26, 0x0F, 0x45, 0x0E, 0x3B, 0x56, 0x39, 0x39, 0x5C, 0x36, 0x23,
	0x36, 0x3D, 0x1A, 0x28, 0x4B, 0x31, 0x1B, 0x35, 0x28, 0x21, 0x35, 0x2C,
	0x25, 0x96, 0x6E, 0x32, 0xA0, 0xA0, 0x32, 0xE2, 0x2B, 0x3A, 0x56, 0x31,
	0x32, 0x5B, 0x3B, 0x30, 0x45, 0x2F, 0x20, 0x0A, 0x10, 0x24, 0x2F, 0x22,
	0x1F, 0x2C, 0x19, 0x21, 0x35, 0x1D, 0x2E, 0x24, 0x45, 0x2D, 0x2B, 0x4F,
	0x35, 0x2D, 0x42, 0x2E, 0x1F, 0x09, 0x0E, 0x26, 0x3A, 0x2D, 0x23, 0x33,
	0x1B, 0x16, 0x28, 0x3A, 0x02, 0x99, 0x5F, 0x28, 0x8C, 0x8C, 0x28, 0x00,
	0x00, 0x02, 0x00, 0x28, 0xFE, 0xA2, 0x01, 0xF7, 0x02, 0xC6, 0x00, 0x34,
	0x00, 0x38, 0x00, 0x00, 0x77, 0x07, 0x1E, 0x02, 0x33, 0x32, 0x36, 0x36,
	0x35, 0x34, 0x2E, 0x02, 0x27, 0x2E, 0x02, 0x35, 0x34, 0x36, 0x36, 0x33,
	0x32, 0x16, 0x16, 0x17, 0x37, 0x2E, 0x02, 0x23, 0x22, 0x06, 0x06, 0x15,
	0x14, 0x1E, 0x02, 0x17, 0x1E, 0x02, 0x15, 0x14, 0x06, 0x06, 0x23, 0x22,
	0x2E, 0x02, 0x13, 0x03, 0x17, 0x37, 0x70, 0x48, 0x16, 0x49, 0x62, 0x39,
	0x46, 0x5E, 0x31, 0x22, 0x36, 0x3E, 0x1B, 0x2A, 0x4A, 0x2E, 0x1C, 0x34,
	0x23, 0x27, 0x36, 0x26, 0x0F, 0x45, 0x0E, 0x3B, 0x56, 0x39, 0x39, 0x5C,
	0x36, 0x23, 0x36, 0x3D, 0x1A, 0x28, 0x4B, 0x31, 0x1B, 0x35, 0x28, 0x21,
	0x35, 0x2C, 0x25, 0xA6, 0x58, 0x3A, 0x6E, 0xE2, 0x2B, 0x3A, 0x56, 0x31,
	0x32, 0x5B, 0x3B, 0x30, 0x45, 0x2F, 0x20, 0x0A, 0x10, 0x24, 0x2F, 0x22,
	0x1F, 0x2C, 0x19, 0x21, 0x35, 0x1D, 0x2E, 0x24, 0x45, 0x2D, 0x2B, 0x4F,
	0x35, 0x2D, 0x42, 0x2E, 0x1F, 0x09, 0x0E, 0x26, 0x3A, 0x2D, 0x23, 0x33,
	0x1B, 0x16, 0x28, 0x3A, 0xFE, 0xFC, 0xFE, 0xFD, 0x15, 0xFA, 0x00, 0x01,
	0x00, 0x0A, 0x00, 0x00, 0x01, 0xC7, 0x02, 0xBC, 0x00, 0x07, 0x00, 0x00,
	0x53, 0x33, 0x11, 0x33, 0x11, 0x33, 0x35, 0x21, 0x0A, 0xB4, 0x55, 0xB4,
	0xFE, 0x43, 0x02, 0x6C, 0xFD, 0x94, 0x02, 0x6C, 0x50, 0x00, 0xFF, 0xFF,
	0x00, 0x0A, 0xFE, 0xF1, 0x01, 0xC7, 0x02, 0xBC, 0x04, 0x26, 0x02, 0x03,
	0x06, 0xCD, 0x02, 0x06, 0x00, 0x56, 0x00, 0x00, 0x00, 0x02, 0x00, 0x0A,
	0x00, 0x00, 0x01, 0xC7, 0x03, 0xB6, 0x00, 0x07, 0x00, 0x0D, 0x00, 0x00,
	0x53, 0x33, 0x11, 0x33, 0x11, 0x33, 0x35, 0x21, 0x37, 0x27, 0x07, 0x17,
	0x37, 0x27, 0x0A, 0xB4, 0x55, 0xB4, 0xFE, 0x43, 0xDF, 0x6E, 0x32, 0xA0,
	0xA0, 0x32, 0x02, 0x6C, 0xFD, 0x94, 0x02, 0x6C, 0x50, 0x9B, 0x5F, 0x28,
	0x8C, 0x8C, 0x28, 0x00, 0x00, 0x02, 0x00, 0x0A, 0xFE, 0xAC, 0x01, 0xC7,
	0x02, 0xBC, 0x00, 0x07, 0x00, 0x0B, 0x00, 0x00, 0x53, 0x33, 0x11, 0x33,
	0x11, 0x33, 0x35, 0x21, 0x13, 0x03, 0x17, 0x37, 0x0A, 0xB4, 0x55, 0xB4,
	0xFE, 0x43, 0xE3, 0x58, 0x3A, 0x6E, 0x02, 0x6C, 0xFD, 0x94, 0x02, 0x6C,
	0x50, 0xFD, 0x08, 0xFE, 0xFD, 0x15, 0xFA, 0x00, 0x00, 0x01, 0x00, 0x4B,
	0xFF, 0xF6, 0x02, 0x27, 0x02, 0xBC, 0x00, 0x15, 0x00, 0x00, 0x53, 0x11,
	0x14, 0x1E, 0x02, 0x33, 0x32, 0x3E, 0x02, 0x35, 0x11, 0x23, 0x11, 0x14,
	0x06, 0x23, 0x22, 0x26, 0x35, 0x11, 0x4B, 0x21, 0x3F, 0x58, 0x36, 0x36,
	0x58, 0x3F, 0x21, 0x55, 0x4E, 0x4B, 0x4B, 0x4E, 0x02, 0xBC, 0xFE, 0x2A,
	0x34, 0x58, 0x40, 0x24, 0x24, 0x40, 0x58, 0x34, 0x01, 0xD6, 0xFE, 0x2A,
	0x48, 0x58, 0x58, 0x48, 0x01, 0xD6, 0x00, 0x02, 0x00, 0x4B, 0xFF, 0xF6,
	0x02, 0x27, 0x03, 0xC0, 0x00, 0x15, 0x00, 0x19, 0x00, 0x00, 0x53, 0x11,
	0x14, 0x1E, 0x02, 0x33, 0x32, 0x3E, 0x02, 0x35, 0x11, 0x23, 0x11, 0x14,
	0x06, 0x23, 0x22, 0x26, 0x35, 0x11, 0x37, 0x17, 0x37, 0x27, 0x4B, 0x21,
	0x3F, 0x58, 0x36, 0x36, 0x58, 0x3F, 0x21, 0x55, 0x4E, 0x4B, 0x4B, 0x4E,
	0x17, 0xB4, 0x2D, 0x96, 0x02, 0xBC, 0xFE, 0x2A, 0x34, 0x58, 0x40, 0x24,
	0x24, 0x40, 0x58, 0x34, 0x01, 0xD6, 0xFE, 0x2A, 0x48, 0x58, 0x58, 0x48,
	0x01, 0xD6, 0xDC, 0x96, 0x1E, 0xA0, 0x00, 0x02, 0x00, 0x4B, 0xFF, 0xF6,
	0x02, 0x27, 0x03, 0xC0, 0x00, 0x15, 0x00, 0x19, 0x00, 0x00, 0x53, 0x11,
	0x14, 0x1E, 0x02, 0x33, 0x32, 0x3E, 0x02, 0x35, 0x11, 0x23, 0x11, 0x14,
	0x06, 0x23, 0x22, 0x26, 0x35, 0x11, 0x25, 0x27, 0x07, 0x17, 0x4B, 0x21,
	0x3F, 0x58, 0x36, 0x36, 0x58, 0x3F, 0x21, 0x55, 0x4E, 0x4B, 0x4B, 0x4E,
	0x01, 0x1B, 0x4B, 0x96, 0x2D, 0x02, 0xBC, 0xFE, 0x2A, 0x34, 0x58, 0x40,
	0x24, 0x24, 0x40, 0x58, 0x34, 0x01, 0xD6, 0xFE, 0x2A, 0x48, 0x58, 0x58,
	0x48, 0x01, 0xD6, 0xDC, 0x28, 0xA0, 0x1E, 0x00, 0x00, 0x02, 0x00, 0x4B,
	0xFF, 0xF6, 0x02, 0x27, 0x03, 0xB6, 0x00, 0x15, 0x00, 0x1B, 0x00, 0x00,
	0x53, 0x11, 0x14, 0x1E, 0x02, 0x33, 0x32, 0x3E, 0x02, 0x35, 0x11, 0x23,
	0x11, 0x14, 0x06, 0x23, 0x22, 0x26, 0x35, 0x11, 0x37, 0x17, 0x37, 0x27,
	0x07, 0x17, 0x4B, 0x21, 0x3F, 0x58, 0x36, 0x36, 0x58, 0x3F, 0x21, 0x55,
	0x4E, 0x4B, 0x4B, 0x4E, 0x99, 0x6E, 0x32, 0xA0, 0xA0, 0x32, 0x02, 0xBC,
	0xFE, 0x2A, 0x34, 0x58, 0x40, 0x24, 0x24, 0x40, 0x58, 0x34, 0x01, 0xD6,
	0xFE, 0x2A, 0x48, 0x58, 0x58, 0x48, 0x01, 0xD6, 0xA5, 0x5F, 0x28, 0x8C,
	0x8C, 0x28, 0x00, 0x03, 0x00, 0x4B, 0xFF, 0xF6, 0x02, 0x27, 0x03, 0x70,
	0x00, 0x15, 0x00, 0x21, 0x00, 0x2D, 0x00, 0x00, 0x53, 0x11, 0x14, 0x1E,
	0x02, 0x33, 0x32, 0x3E, 0x02, 0x35, 0x11, 0x23, 0x11, 0x14, 0x06, 0x23,
	0x22, 0x26, 0x35, 0x11, 0x37, 0x14, 0x16, 0x33, 0x32, 0x36, 0x35, 0x34,
	0x26, 0x23, 0x22, 0x06, 0x07, 0x14, 0x16, 0x33, 0x32, 0x36, 0x35, 0x34,
	0x26, 0x23, 0x22, 0x06, 0x4B, 0x21, 0x3F, 0x58, 0x36, 0x36, 0x58, 0x3F,
	0x21, 0x55, 0x4E, 0x4B, 0x4B, 0x4E, 0xC6, 0x21, 0x16, 0x17, 0x20, 0x20,
	0x17, 0x16, 0x21, 0xC8, 0x21, 0x16, 0x17, 0x20, 0x20, 0x17, 0x16, 0x21,
	0x02, 0xBC, 0xFE, 0x2A, 0x34, 0x58, 0x40, 0x24, 0x24, 0x40, 0x58, 0x34,
	0x01, 0xD6, 0xFE, 0x2A, 0x48, 0x58, 0x58, 0x48, 0x01, 0xD6, 0x7D, 0x16,
	0x21, 0x21, 0x16, 0x17, 0x20, 0x20, 0x17, 0x16, 0x21, 0x21, 0x16, 0x17,
	0x20, 0x20, 0x00, 0x02, 0x00, 0x4B, 0xFF, 0xF6, 0x02, 0x27, 0x03, 0x7A,
	0x00, 0x15, 0x00, 0x2F, 0x00, 0x00, 0x53, 0x11, 0x14, 0x1E, 0x02, 0x33,
	0x32, 0x3E, 0x02, 0x35, 0x11, 0x23, 0x11, 0x14, 0x06, 0x23, 0x22, 0x26,
	0x35, 0x11, 0x27, 0x17, 0x34, 0x36, 0x36, 0x33, 0x32, 0x16, 0x16, 0x33,
	0x32, 0x36, 0x36, 0x37, 0x27, 0x06, 0x06, 0x23, 0x22, 0x2E, 0x02, 0x23,
	0x22, 0x06, 0x06, 0x4B, 0x21, 0x3F, 0x58, 0x36, 0x36, 0x58, 0x3F, 0x21,
	0x55, 0x4E, 0x4B, 0x4B, 0x4E, 0x0C, 0x35, 0x08, 0x16, 0x14, 0x17, 0x21,
	0x26, 0x1B, 0x19, 0x2A, 0x1F, 0x08, 0x2E, 0x0F, 0x1B, 0x0E, 0x14, 0x1A,
	0x17, 0x1F, 0x18, 0x16, 0x2D, 0x20, 0x02, 0xBC, 0xFE, 0x2A, 0x34, 0x58,
	0x40, 0x24, 0x24, 0x40, 0x58, 0x34, 0x01, 0xD6, 0xFE, 0x2A, 0x48, 0x58,
	0x58, 0x48, 0x01, 0xD6, 0x6B, 0x25, 0x08, 0x18, 0x13, 0x17, 0x18, 0x15,
	0x22, 0x12, 0x2B, 0x18, 0x18, 0x0E, 0x13, 0x0E, 0x15, 0x24, 0x00, 0x02,
	0x00, 0x4B, 0xFF, 0xF6, 0x02, 0x27, 0x03, 0x4D, 0x00, 0x15, 0x00, 0x19,
	0x00, 0x00, 0x53, 0x11, 0x14, 0x1E, 0x02, 0x33, 0x32, 0x3E, 0x02, 0x35,
	0x11, 0x23, 0x11, 0x14, 0x06, 0x23, 0x22, 0x26, 0x35, 0x11, 0x27, 0x21,
	0x35, 0x21, 0x4B, 0x21, 0x3F, 0x58, 0x36, 0x36, 0x58, 0x3F, 0x21, 0x55,
	0x4E, 0x4B, 0x4B, 0x4E, 0x16, 0x01, 0x5E, 0xFE, 0xA2, 0x02, 0xBC, 0xFE,
	0x2A, 0x34, 0x58, 0x40, 0x24, 0x24, 0x40, 0x58, 0x34, 0x01, 0xD6, 0xFE,
	0x2A, 0x48, 0x58, 0x58, 0x48, 0x01, 0xD6, 0x46, 0x4B, 0x00, 0x00, 0x02,
	0x00, 0x4B, 0xFF, 0xF6, 0x02, 0x27, 0x03, 0x8E, 0x00, 0x15, 0x00, 0x27,
	0x00, 0x00, 0x53, 0x11, 0x14, 0x1E, 0x02, 0x33, 0x32, 0x3E, 0x02, 0x35,
	0x11, 0x23, 0x11, 0x14, 0x06, 0x23, 0x22, 0x26, 0x35, 0x11, 0x27, 0x14,
	0x16, 0x16, 0x33, 0x32, 0x36, 0x36, 0x35, 0x23, 0x14, 0x06, 0x06, 0x23,
	0x22, 0x26, 0x26, 0x35, 0x4B, 0x21, 0x3F, 0x58, 0x36, 0x36, 0x58, 0x3F,
	0x21, 0x55, 0x4E, 0x4B, 0x4B, 0x4E, 0x05, 0x23, 0x47, 0x34, 0x35, 0x46,
	0x23, 0x47, 0x0E, 0x26, 0x23, 0x23, 0x26, 0x0E, 0x02, 0xBC, 0xFE, 0x2A,
	0x34, 0x58, 0x40, 0x24, 0x24, 0x40, 0x58, 0x34, 0x01, 0xD6, 0xFE, 0x2A,
	0x48, 0x58, 0x58, 0x48, 0x01, 0xD6, 0xD2, 0x22, 0x41, 0x29, 0x29, 0x41,
	0x22, 0x0D, 0x23, 0x1B, 0x1B, 0x23, 0x0D, 0x00, 0x00, 0x03, 0x00, 0x4B,
	0xFF, 0xF6, 0x02, 0x27, 0x03, 0xCA, 0x00, 0x15, 0x00, 0x21, 0x00, 0x2D,
	0x00, 0x00, 0x53, 0x11, 0x14, 0x1E, 0x02, 0x33, 0x32, 0x3E, 0x02, 0x35,
	0x11, 0x23, 0x11, 0x14, 0x06, 0x23, 0x22, 0x26, 0x35, 0x11, 0x37, 0x14,
	0x16, 0x33, 0x32, 0x36, 0x35, 0x34, 0x26, 0x23, 0x22, 0x06, 0x17, 0x34,
	0x36, 0x33, 0x32, 0x16, 0x15, 0x14, 0x06, 0x23, 0x22, 0x26, 0x4B, 0x21,
	0x3F, 0x58, 0x36, 0x36, 0x58, 0x3F, 0x21, 0x55, 0x4E, 0x4B, 0x4B, 0x4E,
	0x33, 0x3F, 0x27, 0x27, 0x3F, 0x3F, 0x27, 0x27, 0x3F, 0x33, 0x20, 0x13,
	0x13, 0x20, 0x20, 0x13, 0x13, 0x20, 0x02, 0xBC, 0xFE, 0x2A, 0x34, 0x58,
	0x40, 0x24, 0x24, 0x40, 0x58, 0x34, 0x01, 0xD6, 0xFE, 0x2A, 0x48, 0x58,
	0x58, 0x48, 0x01, 0xD6, 0xAA, 0x2D, 0x37, 0x37, 0x2D, 0x2D, 0x37, 0x37,
	0x2D, 0x19, 0x1C, 0x1C, 0x19, 0x19, 0x1C, 0x1C, 0xFF, 0xFF, 0x00, 0x4B,
	0xFF, 0xF6, 0x02, 0x27, 0x03, 0xD5, 0x04, 0x27, 0x01, 0xFA, 0x00, 0xB3,
	0x01, 0x03, 0x02, 0x06, 0x00, 0x5A, 0x00, 0x00, 0xFF, 0xFF, 0x00, 0x4B,
	0xFF, 0x20, 0x02, 0x27, 0x02, 0xBC, 0x04, 0x27, 0x02, 0x04, 0x00, 0xA3,
	0xFF, 0xFC, 0x02, 0x06, 0x00, 0x5A, 0x00, 0x00, 0x00, 0x01, 0x00, 0x05,
	0xFF, 0xDD, 0x02, 0x8F, 0x02, 0xBC, 0x00, 0x05, 0x00, 0x00, 0x65, 0x03,
	0x23, 0x01, 0x01, 0x23, 0x01, 0x4A, 0xE6, 0x5F, 0x01, 0x45, 0x01, 0x45,
	0x5F, 0x9E, 0x02, 0x1E, 0xFD, 0x21, 0x02, 0xDF, 0x00, 0x01, 0x00, 0x0A,
	0xFF, 0xDD, 0x03, 0xD4, 0x02, 0xDF, 0x00, 0x09, 0x00, 0x00, 0x65, 0x0B,
	0x02, 0x23, 0x01, 0x13, 0x13, 0x01, 0x23, 0x02, 0xBF, 0xD0, 0xCC, 0xBA,
	0x5F, 0x01, 0x13, 0xD2, 0xD2, 0x01, 0x13, 0x5F, 0xB9, 0x02, 0x26, 0xFD,
	0xDA, 0x02, 0x03, 0xFD, 0x21, 0x02, 0x20, 0xFD, 0xE0, 0x02, 0xDF, 0x00,
	0x00, 0x02, 0x00, 0x0A, 0xFF, 0xDD, 0x03, 0xD4, 0x03, 0xCF, 0x00, 0x09,
	0x00, 0x0F, 0x00, 0x00, 0x65, 0x0B, 0x02, 0x23, 0x01, 0x13, 0x13, 0x01,
	0x23, 0x25, 0x17, 0x37, 0x27, 0x07, 0x17, 0x02, 0xBC, 0xCD, 0xCD, 0xB9,
	0x5F, 0x01, 0x13, 0xD2, 0xD2, 0x01, 0x13, 0x5F, 0xFE, 0x7A, 0x6E, 0x32,
	0xA0, 0xA0, 0x32, 0xAF, 0x02, 0x30, 0xFD, 0xD0, 0x02, 0x0D, 0xFD, 0x21,
	0x02, 0x20, 0xFD, 0xE0, 0x02, 0xDF, 0xBE, 0x5F, 0x28, 0x8C, 0x8C, 0x28,
	0xFF, 0xFF, 0x00, 0x0A, 0xFF, 0xDD, 0x03, 0xD4, 0x03, 0xD9, 0x04, 0x27,
	0x01, 0x5A, 0x01, 0x3B, 0x00, 0xFA, 0x02, 0x06, 0x00, 0x66, 0x00, 0x00,
	0xFF, 0xFF, 0x00, 0x0A, 0xFF, 0xDD, 0x03, 0xD4, 0x03, 0xD9, 0x04, 0x27,
	0x01, 0x5B, 0x01, 0xB3, 0x00, 0xFA, 0x02, 0x06, 0x00, 0x66, 0x00, 0x00,
	0xFF, 0xFF, 0x00, 0x0A, 0xFF, 0xDD, 0x03, 0xD4, 0x03, 0x89, 0x04, 0x27,
	0x02, 0x00, 0x01, 0x04, 0x00, 0xBE, 0x02, 0x06, 0x00, 0x66, 0x00, 0x00,
	0xFF, 0xFF, 0x00, 0x0A, 0xFF, 0xDD, 0x03, 0xD4, 0x03, 0x89, 0x04, 0x27,
	0x02, 0x01, 0x01, 0x59, 0x00, 0x3C, 0x02, 0x06, 0x00, 0x66, 0x00, 0x00,
	0xFF, 0xFF, 0x00, 0x0A, 0xFF, 0x33, 0x03, 0xD4, 0x02, 0xDF, 0x04, 0x27,
	0x02, 0x01, 0x01, 0x59, 0xFC, 0x54, 0x02, 0x06, 0x00, 0x66, 0x00, 0x00,
	0x00, 0x01, 0x00, 0x0A, 0x00, 0x00, 0x02, 0x21, 0x02, 0xBC, 0x00, 0x0B,
	0x00, 0x00, 0x41, 0x03, 0x03, 0x23, 0x13, 0x03, 0x33, 0x13, 0x13, 0x33,
	0x03, 0x13, 0x01, 0xAE, 0x95, 0x92, 0x64, 0xCB, 0xE4, 0x64, 0xAA, 0xA5,
	0x64, 0xDE, 0xCF, 0x02, 0xBC, 0xFE, 0xFD, 0x01, 0x03, 0xFE, 0xB3, 0xFE,
	0x91, 0x01, 0x25, 0xFE, 0xDB, 0x01, 0x6F, 0x01, 0x4D, 0x00, 0x00, 0x01,
	0x00, 0x05, 0x00, 0x00, 0x02, 0x2C, 0x02, 0xBC, 0x00, 0x08, 0x00, 0x00,
	0x41, 0x03, 0x03, 0x23, 0x13, 0x11, 0x33, 0x11, 0x13, 0x01, 0xCD, 0xB5,
	0xB4, 0x5F, 0xE9, 0x55, 0xE9, 0x02, 0xBC, 0xFE, 0xBC, 0x01, 0x44, 0xFE,
	0x71, 0xFE, 0xD3, 0x01, 0x2E, 0x01, 0x8E, 0x00, 0x00, 0x02, 0x00, 0x05,
	0x00, 0x00, 0x02, 0x2C, 0x03, 0xC0, 0x00, 0x03, 0x00, 0x0C, 0x00, 0x00,
	0x41, 0x27, 0x07, 0x17, 0x17, 0x03, 0x03, 0x23, 0x13, 0x11, 0x33, 0x11,
	0x13, 0x01, 0x9A, 0x4A, 0x96, 0x2C, 0xE7, 0xB5, 0xB4, 0x5F, 0xE9, 0x55,
	0xE9, 0x03, 0x98, 0x28, 0xA0, 0x1E, 0x46, 0xFE, 0xBC, 0x01, 0x44, 0xFE,
	0x71, 0xFE, 0xD3, 0x01, 0x2E, 0x01, 0x8E, 0x00, 0x00, 0x02, 0x00, 0x05,
	0x00, 0x00, 0x02, 0x2C, 0x03, 0xB6, 0x00, 0x08, 0x00, 0x0E, 0x00, 0x00,
	0x41, 0x03, 0x03, 0x23, 0x13, 0x11, 0x33, 0x11, 0x13, 0x25, 0x17, 0x37,
	0x27, 0x07, 0x17, 0x01, 0xCD, 0xB5, 0xB4, 0x5F, 0xE9, 0x55, 0xE9, 0xFE,
	0xED, 0x6E, 0x32, 0xA0, 0xA0, 0x32, 0x02, 0xBC, 0xFE, 0xBC, 0x01, 0x44,
	0xFE, 0x71, 0xFE, 0xD3, 0x01, 0x2E, 0x01, 0x8E, 0xA5, 0x5F, 0x28, 0x8C,
	0x8C, 0x28, 0x00, 0x03, 0x00, 0x05, 0x00, 0x00, 0x02, 0x2C, 0x03, 0x70,
	0x00, 0x0B, 0x00, 0x17, 0x00, 0x20, 0x00, 0x00, 0x53, 0x14, 0x16, 0x33,
	0x32, 0x36, 0x35, 0x34, 0x26, 0x23, 0x22, 0x06, 0x17, 0x14, 0x16, 0x33,
	0x32, 0x36, 0x35, 0x34, 0x26, 0x23, 0x22, 0x06, 0x17, 0x03, 0x03, 0x23,
	0x13, 0x11, 0x33, 0x11, 0x13, 0x7E, 0x20, 0x16, 0x17, 0x21, 0x21, 0x17,
	0x16, 0x20, 0xC8, 0x20, 0x16, 0x17, 0x21, 0x21, 0x17, 0x16, 0x20, 0x87,
	0xB5, 0xB4, 0x5F, 0xE9, 0x55, 0xE9, 0x03, 0x39, 0x16, 0x21, 0x21, 0x16,
	0x17, 0x20, 0x20, 0x17, 0x16, 0x21, 0x21, 0x16, 0x17, 0x20, 0x20, 0x94,
	0xFE, 0xBC, 0x01, 0x44, 0xFE, 0x71, 0xFE, 0xD3, 0x01, 0x2E, 0x01, 0x8E,
	0xFF, 0xFF, 0x00, 0x05, 0x00, 0x00, 0x02, 0x2C, 0x03, 0xC0, 0x04, 0x27,
	0x01, 0x5A, 0x00, 0x65, 0x00, 0xE1, 0x02, 0x06, 0x00, 0x6E, 0x00, 0x00,
	0x00, 0x01, 0x00, 0x0F, 0x00, 0x00, 0x02, 0x0D, 0x02, 0xBC, 0x00, 0x07,
	0x00, 0x00, 0x53, 0x21, 0x01, 0x21, 0x35, 0x21, 0x01, 0x21, 0x23, 0x01,
	0x5C, 0xFE, 0x90, 0x01, 0xEA, 0xFE, 0xA4, 0x01, 0x70, 0xFE, 0x16, 0x02,
	0x6C, 0xFD, 0x94, 0x50, 0x02, 0x6C, 0x00, 0x02, 0x00, 0x0F, 0x00, 0x00,
	0x02, 0x0D, 0x03, 0xC0, 0x00, 0x07, 0x00, 0x0B, 0x00, 0x00, 0x53, 0x21,
	0x01, 0x21, 0x35, 0x21, 0x01, 0x21, 0x25, 0x27, 0x07, 0x17, 0x23, 0x01,
	0x5C, 0xFE, 0x90, 0x01, 0xEA, 0xFE, 0xA4, 0x01, 0x70, 0xFE, 0x16, 0x01,
	0x95, 0x4B, 0x96, 0x2D, 0x02, 0x6C, 0xFD, 0x94, 0x50, 0x02, 0x6C, 0xDC,
	0x28, 0xA0, 0x1E, 0x00, 0x00, 0x02, 0x00, 0x0F, 0x00, 0x00, 0x02, 0x0D,
	0x03, 0x70, 0x00, 0x07, 0x00, 0x13, 0x00, 0x00, 0x53, 0x21, 0x01, 0x21,
	0x35, 0x21, 0x01, 0x21, 0x37, 0x14, 0x16, 0x33, 0x32, 0x36, 0x35, 0x34,
	0x26, 0x23, 0x22, 0x06, 0x23, 0x01, 0x5C, 0xFE, 0x90, 0x01, 0xEA, 0xFE,
	0xA4, 0x01, 0x70, 0xFE, 0x16, 0xBE, 0x21, 0x16, 0x17, 0x20, 0x20, 0x17,
	0x16, 0x21, 0x02, 0x6C, 0xFD, 0x94, 0x50, 0x02, 0x6C, 0x7D, 0x16, 0x21,
	0x21, 0x16, 0x17, 0x20, 0x20, 0x00, 0x00, 0x02, 0x00, 0x0F, 0x00, 0x00,
	0x02, 0x0D, 0x03, 0xB6, 0x00, 0x07, 0x00, 0x0D, 0x00, 0x00, 0x53, 0x21,
	0x01, 0x21, 0x35, 0x21, 0x01, 0x21, 0x37, 0x27, 0x07, 0x17, 0x37, 0x27,
	0x23, 0x01, 0x5C, 0xFE, 0x90, 0x01, 0xEA, 0xFE, 0xA4, 0x01, 0x70, 0xFE,
	0x16, 0xF5, 0x6E, 0x32, 0xA0, 0xA0, 0x32, 0x02, 0x6C, 0xFD, 0x94, 0x50,
	0x02, 0x6C, 0x9B, 0x5F, 0x28, 0x8C, 0x8C, 0x28, 0x00, 0x06, 0x00, 0x05,
	0x00, 0x00, 0x03, 0x7A, 0x02, 0xBC, 0x00, 0x03, 0x00, 0x07, 0x00, 0x0B,
	0x00, 0x0F, 0x00, 0x13, 0x00, 0x17, 0x00, 0x00, 0x77, 0x21, 0x35, 0x21,
	0x13, 0x01, 0x33, 0x01, 0x13, 0x21, 0x35, 0x21, 0x13, 0x21, 0x35, 0x21,
	0x13, 0x21, 0x35, 0x21, 0x03, 0x11, 0x33, 0x11, 0xD9, 0x01, 0x2C, 0xFE,
	0xD4, 0xDA, 0xFE, 0x52, 0x5F, 0x01, 0x94, 0x21, 0x01, 0x61, 0xFE, 0x9F,
	0x08, 0x01, 0x59, 0xFE, 0x39, 0x66, 0x01, 0x4D, 0xFE, 0xB3, 0x2F, 0x55,
	0xD2, 0x50, 0x01, 0x9A, 0xFD, 0x44, 0x02, 0x94, 0xFD, 0x6C, 0x50, 0x02,
	0x1C, 0x50, 0xFE, 0x98, 0x50, 0x01, 0x18, 0xFD, 0x44, 0x02, 0xBC, 0x00,
	0x00, 0x03, 0x00, 0x05, 0x00, 0x00, 0x02, 0x80, 0x02, 0xBC, 0x00, 0x03,
	0x00, 0x07, 0x00, 0x1F, 0x00, 0x00, 0x53, 0x21, 0x35, 0x21, 0x13, 0x11,
	0x33, 0x11, 0x13, 0x32, 0x36, 0x36, 0x35, 0x34, 0x26, 0x26, 0x23, 0x23,
	0x15, 0x33, 0x32, 0x1E, 0x02, 0x15, 0x14, 0x0E, 0x02, 0x23, 0x23, 0x15,
	0x05, 0x01, 0x2C, 0xFE, 0xD4, 0x4B, 0x55, 0x7D, 0x66, 0x9E, 0x5A, 0x5A,
	0x9E, 0x66, 0xA3, 0xA3, 0x3B, 0x62, 0x46, 0x26, 0x26, 0x46, 0x62, 0x3B,
	0xA3, 0x01, 0x36, 0x4B, 0x01, 0x3B, 0xFD, 0x44, 0x02, 0xBC, 0xFD, 0x44,
	0x58, 0x9D, 0x69, 0x69, 0x9D, 0x58, 0x55, 0x25, 0x45, 0x62, 0x3D, 0x3D,
	0x62, 0x45, 0x25, 0x55, 0x00, 0x03, 0x00, 0x28, 0xFF, 0xCE, 0x02, 0xEE,
	0x02, 0xEE, 0x00, 0x0F, 0x00, 0x23, 0x00, 0x27, 0x00, 0x00, 0x53, 0x34,
	0x36, 0x36, 0x33, 0x32, 0x16, 0x16, 0x15, 0x14, 0x06, 0x06, 0x23, 0x22,
	0x26, 0x26, 0x27, 0x14, 0x1E, 0x02, 0x33, 0x32, 0x3E, 0x02, 0x35, 0x34,
	0x2E, 0x02, 0x23, 0x22, 0x0E, 0x02, 0x01, 0x01, 0x17, 0x01, 0x82, 0x45,
	0x78, 0x4C, 0x4D, 0x77, 0x45, 0x45, 0x77, 0x4D, 0x4C, 0x78, 0x45, 0x5A,
	0x35, 0x60, 0x82, 0x4C, 0x4D, 0x81, 0x60, 0x35, 0x35, 0x60, 0x81, 0x4D,
	0x4C, 0x82, 0x60, 0x35, 0x02, 0x88, 0xFD, 0x78, 0x3A, 0x02, 0x89, 0x01,
	0x5E, 0x4F, 0x7C, 0x48, 0x48, 0x7C, 0x4F, 0x4F, 0x7C, 0x48, 0x48, 0x7C,
	0x4F, 0x4C, 0x84, 0x61, 0x37, 0x37, 0x61, 0x84, 0x4C, 0x4D, 0x83, 0x61,
	0x37, 0x37, 0x61, 0x83, 0x01, 0x43, 0xFD, 0x08, 0x28, 0x02, 0xF8, 0x00,
	0x00, 0x02, 0x00, 0x50, 0x00, 0x00, 0x01, 0xFC, 0x02, 0xBC, 0x00, 0x03,
	0x00, 0x19, 0x00, 0x00, 0x53, 0x11, 0x33, 0x11, 0x07, 0x33, 0x32, 0x16,
	0x16, 0x15, 0x14, 0x06, 0x06, 0x23, 0x23, 0x15, 0x33, 0x32, 0x36, 0x36,
	0x35, 0x34, 0x26, 0x26, 0x23, 0x23, 0x50, 0x55, 0x26, 0x8F, 0x2D, 0x45,
	0x27, 0x27, 0x45, 0x2D, 0x8F, 0x8F, 0x44, 0x6B, 0x3F, 0x3F, 0x6B, 0x44,
	0x8F, 0x02, 0xBC, 0xFD, 0x44, 0x02, 0xBC, 0xDC, 0x1D, 0x3A, 0x2B, 0x2B,
	0x3A, 0x1D, 0x50, 0x33, 0x5F, 0x40, 0x41, 0x5E, 0x33, 0x00, 0x00, 0x03,
	0x00, 0x05, 0x00, 0x00, 0x02, 0x80, 0x02, 0xBC, 0x00, 0x03, 0x00, 0x07,
	0x00, 0x1F, 0x00, 0x00, 0x53, 0x21, 0x35, 0x21, 0x13, 0x11, 0x33, 0x11,
	0x13, 0x32, 0x36, 0x36, 0x35, 0x34, 0x26, 0x26, 0x23, 0x23, 0x15, 0x33,
	0x32, 0x1E, 0x02, 0x15, 0x14, 0x0E, 0x02, 0x23, 0x23, 0x15, 0x05, 0x01,
	0x2C, 0xFE, 0xD4, 0x4B, 0x55, 0x7D, 0x66, 0x9E, 0x5A, 0x5A, 0x9E, 0x66,
	0xA3, 0xA3, 0x3B, 0x62, 0x46, 0x26, 0x26, 0x46, 0x62, 0x3B, 0xA3, 0x01,
	0x36, 0x4B, 0x01, 0x3B, 0xFD, 0x44, 0x02, 0xBC, 0xFD, 0x44, 0x58, 0x9D,
	0x69, 0x69, 0x9D, 0x58, 0x55, 0x25, 0x45, 0x62, 0x3D, 0x3D, 0x62, 0x45,
	0x25, 0x55, 0x00, 0x04, 0x00, 0x05, 0x00, 0x00, 0x02, 0xC6, 0x02, 0xBC,
	0x00, 0x03, 0x00, 0x07, 0x00, 0x0B, 0x00, 0x0F, 0x00, 0x00, 0x53, 0x21,
	0x35, 0x21, 0x01, 0x11, 0x33, 0x11, 0x21, 0x11, 0x33, 0x11, 0x07, 0x21,
	0x35, 0x21, 0x7F, 0x01, 0xE0, 0xFE, 0x20, 0x01, 0xA7, 0x55, 0xFD, 0xD5,
	0x55, 0xA0, 0x02, 0xC1, 0xFD, 0x3F, 0x01, 0x54, 0x50, 0x01, 0x18, 0xFD,
	0x44, 0x02, 0xBC, 0xFD, 0x44, 0x02, 0xBC, 0xA0, 0x4B, 0x00, 0x00, 0x02,
	0x00, 0x50, 0xFF, 0x24, 0x01, 0x9A, 0x02, 0xBC, 0x00, 0x12, 0x00, 0x16,
	0x00, 0x00, 0x57, 0x07, 0x1E, 0x02, 0x33, 0x32, 0x3E, 0x02, 0x35, 0x11,
	0x23, 0x11, 0x14, 0x06, 0x23, 0x22, 0x26, 0x03, 0x11, 0x33, 0x11, 0xB7,
	0x2C, 0x08, 0x23, 0x31, 0x1A, 0x23, 0x39, 0x28, 0x15, 0x50, 0x2D, 0x17,
	0x1B, 0x29, 0x72, 0x55, 0x68, 0x42, 0x0A, 0x17, 0x11, 0x13, 0x28, 0x3C,
	0x29, 0x02, 0xF8, 0xFD, 0x12, 0x31, 0x29, 0x13, 0x03, 0x35, 0xFD, 0x44,
	0x02, 0xBC, 0x00, 0x02, 0x00, 0x50, 0x00, 0x00, 0x01, 0xB8, 0x02, 0xBC,
	0x00, 0x05, 0x00, 0x11, 0x00, 0x00, 0x53, 0x11, 0x21, 0x35, 0x21, 0x11,
	0x13, 0x14, 0x16, 0x33, 0x32, 0x36, 0x35, 0x34, 0x26, 0x23, 0x22, 0x06,
	0x50, 0x01, 0x68, 0xFE, 0xED, 0x5A, 0x21, 0x16, 0x17, 0x20, 0x20, 0x17,
	0x16, 0x21, 0x02, 0xBC, 0xFD, 0x44, 0x50, 0x02, 0x6C, 0xFE, 0xE3, 0x16,
	0x21, 0x21, 0x16, 0x17, 0x20, 0x20, 0x00, 0x02, 0xFF, 0xF1, 0x00, 0x00,
	0x01, 0xB8, 0x02, 0xBC, 0x00, 0x03, 0x00, 0x09, 0x00, 0x00, 0x53, 0x25,
	0x27, 0x05, 0x13, 0x11, 0x21, 0x35, 0x21, 0x11, 0x05, 0x01, 0x0E, 0x14,
	0xFE, 0xF2, 0x5F, 0x01, 0x68, 0xFE, 0xED, 0x01, 0x54, 0xAA, 0x37, 0xAA,
	0x01, 0x31, 0xFD, 0x44, 0x50, 0x02, 0x6C, 0x00, 0x00, 0x01, 0x00, 0x50,
	0xFF, 0x24, 0x02, 0xB7, 0x02, 0xDF, 0x00, 0x17, 0x00, 0x00, 0x45, 0x32,
	0x36, 0x36, 0x35, 0x11, 0x23, 0x11, 0x01, 0x11, 0x33, 0x11, 0x01, 0x15,
	0x14, 0x06, 0x06, 0x23, 0x22, 0x26, 0x27, 0x07, 0x16, 0x16, 0x02, 0x32,
	0x2A, 0x3C, 0x1F, 0x55, 0xFD, 0xEE, 0x55, 0x01, 0xC2, 0x0A, 0x15, 0x11,
	0x10, 0x19, 0x08, 0x2C, 0x0F, 0x2B, 0xDC, 0x26, 0x48, 0x32, 0x02, 0xF8,
	0xFD, 0xF7, 0x02, 0x2C, 0xFD, 0x21, 0x02, 0x09, 0xFE, 0x28, 0x63, 0x20,
	0x28, 0x12, 0x0E, 0x0C, 0x42, 0x14, 0x14, 0x00, 0x00, 0x03, 0x00, 0x28,
	0x00, 0x00, 0x03, 0x94, 0x02, 0xBC, 0x00, 0x03, 0x00, 0x07, 0x00, 0x25,
	0x00, 0x00, 0x41, 0x21, 0x35, 0x21, 0x27, 0x11, 0x33, 0x11, 0x01, 0x21,
	0x23, 0x23, 0x22, 0x2E, 0x02, 0x35, 0x34, 0x3E, 0x02, 0x3B, 0x02, 0x21,
	0x35, 0x21, 0x22, 0x0E, 0x02, 0x15, 0x14, 0x1E, 0x02, 0x33, 0x21, 0x02,
	0x32, 0x01, 0x4D, 0xFE, 0xB3, 0x2F, 0x55, 0x01, 0x3C, 0xFE, 0xA8, 0x18,
	0x9E, 0x3B, 0x61, 0x47, 0x26, 0x26, 0x46, 0x62, 0x3B, 0xA1, 0x11, 0x01,
	0x5B, 0xFD, 0xF3, 0x4C, 0x81, 0x5D, 0x34, 0x34, 0x5E, 0x80, 0x4C, 0x02,
	0x0E, 0x01, 0x54, 0x50, 0xFA, 0xFD, 0x80, 0x02, 0x80, 0xFD, 0xB2, 0x26,
	0x47, 0x64, 0x3D, 0x3D, 0x64, 0x47, 0x26, 0x50, 0x32, 0x5D, 0x81, 0x4E,
	0x4E, 0x81, 0x5D, 0x32, 0x00, 0x02, 0x00, 0x0A, 0x00, 0x00, 0x01, 0xC7,
	0x02, 0xBC, 0x00, 0x03, 0x00, 0x0B, 0x00, 0x00, 0x53, 0x21, 0x35, 0x21,
	0x27, 0x33, 0x11, 0x33, 0x11, 0x33, 0x35, 0x21, 0x4B, 0x01, 0x3B, 0xFE,
	0xC5, 0x41, 0xB4, 0x55, 0xB4, 0xFE, 0x43, 0x01, 0x7C, 0x4B, 0xA5, 0xFD,
	0x94, 0x02, 0x6C, 0x50, 0x00, 0x01, 0x00, 0x50, 0xFF, 0xF4, 0x02, 0xA6,
	0x02, 0xC5, 0x00, 0x3A, 0x00, 0x00, 0x45, 0x22, 0x26, 0x27, 0x37, 0x16,
	0x16, 0x33, 0x32, 0x36, 0x36, 0x35, 0x34, 0x2E, 0x03, 0x35, 0x34, 0x3E,
	0x03, 0x35, 0x34, 0x26, 0x26, 0x23, 0x22, 0x06, 0x06, 0x15, 0x13, 0x23,
	0x11, 0x34, 0x3E, 0x02, 0x33, 0x32, 0x16, 0x16, 0x15, 0x14, 0x0E, 0x03,
	0x15, 0x14, 0x1E, 0x03, 0x15, 0x14, 0x06, 0x06, 0x01, 0xA6, 0x40, 0x5B,
	0x25, 0x28, 0x23, 0x47, 0x34, 0x29, 0x49, 0x2E, 0x26, 0x39, 0x39, 0x26,
	0x1B, 0x28, 0x28, 0x1B, 0x1A, 0x3D, 0x34, 0x3E, 0x69, 0x3E, 0x02, 0x56,
	0x36, 0x5C, 0x75, 0x3F, 0x42, 0x61, 0x35, 0x19, 0x26, 0x26, 0x19, 0x25,
	0x36, 0x36, 0x25, 0x41, 0x74, 0x0C, 0x25, 0x1D, 0x48, 0x17, 0x1D, 0x14,
	0x2D, 0x25, 0x23, 0x25, 0x15, 0x15, 0x24, 0x22, 0x1D, 0x25, 0x1A, 0x19,
	0x20, 0x19, 0x15, 0x2A, 0x1B, 0x31, 0x6B, 0x56, 0xFE, 0x80, 0x01, 0x87,
	0x54, 0x79, 0x4E, 0x25, 0x27, 0x46, 0x30, 0x26, 0x33, 0x23, 0x1A, 0x16,
	0x0E, 0x11, 0x13, 0x13, 0x1E, 0x36, 0x2D, 0x39, 0x57, 0x32, 0x00, 0x02,
	0x00, 0x12, 0x00, 0x00, 0x02, 0x45, 0x03, 0x20, 0x00, 0x02, 0x00, 0x05,
	0x00, 0x00, 0x73, 0x01, 0x01, 0x25, 0x21, 0x03, 0x12, 0x01, 0x1A, 0x01,
	0x19, 0xFE, 0x45, 0x01, 0x44, 0xA2, 0x03, 0x20, 0xFC, 0xE0, 0x4C, 0x01,
	0xF8, 0x00, 0x00, 0x01, 0x00, 0x42, 0x00, 0x00, 0x02, 0x15, 0x02, 0x2F,
	0x00, 0x27, 0x00, 0x00, 0x73, 0x35, 0x33, 0x2E, 0x02, 0x35, 0x34, 0x36,
	0x36, 0x33, 0x32, 0x16, 0x16, 0x15, 0x14, 0x06, 0x06, 0x07, 0x33, 0x15,
	0x23, 0x35, 0x3E, 0x02, 0x35, 0x34, 0x26, 0x26, 0x23, 0x22, 0x06, 0x06,
	0x15, 0x14, 0x16, 0x16, 0x17, 0x15, 0x42, 0x57, 0x1A, 0x26, 0x14, 0x3D,
	0x68, 0x42, 0x42, 0x68, 0x3C, 0x14, 0x26, 0x1A, 0x57, 0xC1, 0x1D, 0x2D,
	0x1A, 0x20, 0x3E, 0x2E, 0x2E, 0x3F, 0x21, 0x1B, 0x2E, 0x1C, 0x44, 0x24,
	0x54, 0x58, 0x29, 0x45, 0x6D, 0x40, 0x40, 0x6D, 0x45, 0x29, 0x58, 0x54,
	0x24, 0x44, 0x4E, 0x17, 0x4C, 0x5A, 0x2C, 0x33, 0x45, 0x23, 0x23, 0x45,
	0x33, 0x2B, 0x5B, 0x4C, 0x17, 0x4E, 0x00, 0x02, 0x00, 0x05, 0x00, 0x00,
	0x02, 0x8F, 0x02, 0xDF, 0x00, 0x03, 0x00, 0x0D, 0x00, 0x00, 0x77, 0x21,
	0x27, 0x21, 0x37, 0x13, 0x17, 0x17, 0x33, 0x01, 0x01, 0x33, 0x37, 0x37,
	0x93, 0x01, 0x72, 0x1E, 0xFE, 0xCA, 0x99, 0x78, 0x08, 0x66, 0x5F, 0xFE,
	0xBB, 0xFE, 0xBB, 0x5F, 0x68, 0x08, 0xD2, 0x50, 0xFC, 0xFE, 0xE6, 0x14,
	0xF0, 0x02, 0xDF, 0xFD, 0x21, 0xF6, 0x12, 0x00, 0x00, 0x02, 0x00, 0x50,
	0x00, 0x00, 0x01, 0xFC, 0x02, 0xBC, 0x00, 0x15, 0x00, 0x1B, 0x00, 0x00,
	0x53, 0x33, 0x32, 0x16, 0x16, 0x15, 0x14, 0x06, 0x06, 0x23, 0x23, 0x15,
	0x33, 0x32, 0x36, 0x36, 0x35, 0x34, 0x26, 0x26, 0x23, 0x23, 0x03, 0x11,
	0x33, 0x11, 0x21, 0x35, 0x7F, 0x8F, 0x2D, 0x45, 0x27, 0x27, 0x45, 0x2D,
	0x8F, 0x8F, 0x44, 0x6B, 0x3F, 0x3F, 0x6B, 0x44, 0x8F, 0x2F, 0x55, 0x01,
	0x22, 0x01, 0x54, 0x1D, 0x3A, 0x2B, 0x2B, 0x3A, 0x1D, 0x50, 0x33, 0x5F,
	0x40, 0x41, 0x5E, 0x33, 0x01, 0x18, 0xFD, 0x44, 0x02, 0x6C, 0x50, 0x00,
	0x00, 0x01, 0x00, 0x50, 0x00, 0x00, 0x01, 0xFC, 0x02, 0xBC, 0x00, 0x2C,
	0x00, 0x00, 0x53, 0x33, 0x32, 0x36, 0x36, 0x35, 0x34, 0x26, 0x26, 0x23,
	0x23, 0x11, 0x33, 0x32, 0x36, 0x36, 0x35, 0x34, 0x2E, 0x02, 0x23, 0x23,
	0x15, 0x33, 0x32, 0x1E, 0x02, 0x15, 0x14, 0x06, 0x06, 0x23, 0x23, 0x11,
	0x33, 0x32, 0x16, 0x15, 0x14, 0x06, 0x06, 0x23, 0x23, 0x93, 0x71, 0x3F,
	0x5D, 0x34, 0x34, 0x5D, 0x3F, 0xB4, 0xBE, 0x44, 0x6B, 0x3F, 0x24, 0x41,
	0x56, 0x33, 0x7B, 0x7B, 0x22, 0x38, 0x29, 0x16, 0x27, 0x45, 0x2D, 0x69,
	0x5F, 0x35, 0x46, 0x20, 0x38, 0x23, 0x71, 0x01, 0x72, 0x24, 0x46, 0x31,
	0x3C, 0x4D, 0x26, 0xFD, 0x44, 0x2D, 0x5B, 0x45, 0x30, 0x46, 0x2D, 0x16,
	0x2F, 0x11, 0x22, 0x32, 0x20, 0x2B, 0x3C, 0x20, 0x02, 0x26, 0x37, 0x32,
	0x21, 0x2E, 0x18, 0x00, 0x00, 0x01, 0x00, 0x50, 0x00, 0x00, 0x01, 0xA9,
	0x02, 0xBC, 0x00, 0x05, 0x00, 0x00, 0x53, 0x11, 0x33, 0x11, 0x21, 0x35,
	0x50, 0x55, 0x01, 0x04, 0x02, 0xBC, 0xFD, 0x44, 0x02, 0x6C, 0x50, 0x00,
	0x00, 0x02, 0x00, 0x50, 0x00, 0x00, 0x01, 0xB1, 0x03, 0xC0, 0x00, 0x05,
	0x00, 0x09, 0x00, 0x00, 0x53, 0x11, 0x33, 0x11, 0x21, 0x35, 0x37, 0x27,
	0x07, 0x17, 0x50, 0x55, 0x01, 0x04, 0x08, 0x4B, 0x96, 0x2D, 0x02, 0xBC,
	0xFD, 0x44, 0x02, 0x6C, 0x50, 0xDC, 0x28, 0xA0, 0x1E, 0x00, 0x00, 0x02,
	0x00, 0x28, 0xFF, 0x92, 0x02, 0xEE, 0x02, 0xDF, 0x00, 0x05, 0x00, 0x0D,
	0x00, 0x00, 0x41, 0x13, 0x33, 0x01, 0x01, 0x33, 0x05, 0x15, 0x33, 0x35,
	0x21, 0x15, 0x33, 0x35, 0x01, 0x8B, 0xC3, 0x5A, 0xFE, 0xE3, 0xFE, 0xE3,
	0x5A, 0x01, 0xDB, 0x4B, 0xFD, 0x3A, 0x4B, 0x02, 0x1E, 0xFE, 0x00, 0x02,
	0xC1, 0xFD, 0x3F, 0x1E, 0x6E, 0xBE, 0xBE, 0x6E, 0x00, 0x04, 0x00, 0x50,
	0x00, 0x00, 0x01, 0xE0, 0x02, 0xBC, 0x00, 0x03, 0x00, 0x07, 0x00, 0x0B,
	0x00, 0x0F, 0x00, 0x00, 0x73, 0x21, 0x35, 0x21, 0x11, 0x21, 0x35, 0x21,
	0x11, 0x21, 0x35, 0x21, 0x03, 0x11, 0x33, 0x11, 0x7F, 0x01, 0x61, 0xFE,
	0x9F, 0x01, 0x61, 0xFE, 0x9F, 0x01, 0x4D, 0xFE, 0xB3, 0x2F, 0x55, 0x50,
	0x02, 0x1C, 0x50, 0xFE, 0x98, 0x50, 0x01, 0x18, 0xFD, 0x44, 0x02, 0xBC,
	0x00, 0x05, 0x00, 0x50, 0x00, 0x00, 0x01, 0xE0, 0x03, 0xC0, 0x00, 0x03,
	0x00, 0x07, 0x00, 0x0B, 0x00, 0x0F, 0x00, 0x13, 0x00, 0x00, 0x73, 0x21,
	0x35, 0x21, 0x11, 0x21, 0x35, 0x21, 0x11, 0x21, 0x35, 0x21, 0x03, 0x11,
	0x33, 0x11, 0x27, 0x17, 0x37, 0x27, 0x7F, 0x01, 0x61, 0xFE, 0x9F, 0x01,
	0x61, 0xFE, 0x9F, 0x01, 0x4D, 0xFE, 0xB3, 0x2F, 0x55, 0x41, 0xB4, 0x2D,
	0x96, 0x50, 0x02, 0x1C, 0x50, 0xFE, 0x98, 0x50, 0x01, 0x18, 0xFD, 0x44,
	0x02, 0xBC, 0xDC, 0x96, 0x1E, 0xA0, 0x00, 0x06, 0x00, 0x50, 0x00, 0x00,
	0x01, 0xE0, 0x03, 0x70, 0x00, 0x03, 0x00, 0x07, 0x00, 0x0B, 0x00, 0x0F,
	0x00, 0x1B, 0x00, 0x27, 0x00, 0x00, 0x73, 0x21, 0x35, 0x21, 0x11, 0x21,
	0x35, 0x21, 0x11, 0x21, 0x35, 0x21, 0x03, 0x11, 0x33, 0x11, 0x37, 0x14,
	0x16, 0x33, 0x32, 0x36, 0x35, 0x34, 0x26, 0x23, 0x22, 0x06, 0x07, 0x14,
	0x16, 0x33, 0x32, 0x36, 0x35, 0x34, 0x26, 0x23, 0x22, 0x06, 0x7F, 0x01,
	0x61, 0xFE, 0x9F, 0x01, 0x61, 0xFE, 0x9F, 0x01, 0x4D, 0xFE, 0xB3, 0x2F,
	0x55, 0xA0, 0x21, 0x16, 0x17, 0x20, 0x20, 0x17, 0x16, 0x21, 0xC8, 0x21,
	0x16, 0x17, 0x20, 0x20, 0x17, 0x16, 0x21, 0x50, 0x02, 0x1C, 0x50, 0xFE,
	0x98, 0x50, 0x01, 0x18, 0xFD, 0x44, 0x02, 0xBC, 0x7D, 0x16, 0x21, 0x21,
	0x16, 0x17, 0x20, 0x20, 0x17, 0x16, 0x21, 0x21, 0x16, 0x17, 0x20, 0x20,
	0x00, 0x03, 0x00, 0x05, 0x00, 0x00, 0x03, 0x7A, 0x02, 0xBC, 0x00, 0x05,
	0x00, 0x09, 0x00, 0x0F, 0x00, 0x00, 0x53, 0x23, 0x01, 0x01, 0x33, 0x01,
	0x03, 0x11, 0x33, 0x11, 0x21, 0x01, 0x01, 0x33, 0x01, 0x01, 0x7D, 0x69,
	0x01, 0x2F, 0xFE, 0xC2, 0x69, 0x01, 0x3C, 0x10, 0x55, 0x01, 0x13, 0xFE,
	0xDD, 0x01, 0x32, 0x69, 0xFE, 0xC2, 0x01, 0x2F, 0x02, 0xBC, 0xFE, 0xB8,
	0xFE, 0x8C, 0x01, 0x72, 0x01, 0x4A, 0xFD, 0x44, 0x02, 0xBC, 0xFE, 0xB6,
	0xFE, 0x8E, 0x01, 0x74, 0x01, 0x48, 0x00, 0x02, 0x00, 0x3C, 0xFF, 0xF6,
	0x02, 0x31, 0x02, 0xC6, 0x00, 0x1A, 0x00, 0x34, 0x00, 0x00, 0x41, 0x32,
	0x3E, 0x02, 0x35, 0x34, 0x26, 0x26, 0x23, 0x22, 0x06, 0x06, 0x15, 0x33,
	0x34, 0x36, 0x36, 0x33, 0x32, 0x16, 0x16, 0x15, 0x14, 0x06, 0x06, 0x23,
	0x13, 0x32, 0x36, 0x36, 0x35, 0x34, 0x26, 0x26, 0x23, 0x15, 0x32, 0x16,
	0x16, 0x15, 0x14, 0x06, 0x23, 0x22, 0x26, 0x26, 0x27, 0x23, 0x14, 0x1E,
	0x02, 0x01, 0x1B, 0x3A, 0x5F, 0x44, 0x25, 0x36, 0x64, 0x46, 0x43, 0x67,
	0x39, 0x51, 0x26, 0x43, 0x2A, 0x2D, 0x3D, 0x1E, 0x28, 0x4C, 0x37, 0x1E,
	0x4E, 0x6F, 0x3B, 0x4A, 0x7E, 0x4E, 0x37, 0x56, 0x32, 0x4E, 0x53, 0x37,
	0x47, 0x25, 0x04, 0x56, 0x21, 0x40, 0x5E, 0x01, 0x59, 0x1C, 0x31, 0x41,
	0x25, 0x32, 0x54, 0x34, 0x2F, 0x52, 0x37, 0x1F, 0x30, 0x1C, 0x1C, 0x33,
	0x21, 0x21, 0x37, 0x21, 0xFE, 0x66, 0x30, 0x58, 0x3B, 0x46, 0x55, 0x28,
	0x37, 0x1D, 0x3A, 0x2B, 0x39, 0x44, 0x1E, 0x34, 0x21, 0x29, 0x47, 0x35,
	0x1E, 0x00, 0x00, 0x03, 0x00, 0x50, 0xFF, 0xDD, 0x02, 0xB7, 0x02, 0xDF,
	0x00, 0x03, 0x00, 0x07, 0x00, 0x0B, 0x00, 0x00, 0x41, 0x37, 0x01, 0x07,
	0x13, 0x23, 0x11, 0x37, 0x01, 0x07, 0x11, 0x33, 0x02, 0xB2, 0x05, 0xFD,
	0x9E, 0x05, 0x55, 0x55, 0x55, 0x02, 0x12, 0x55, 0x55, 0x02, 0x5D, 0x82,
	0xFD, 0x80, 0x82, 0x02, 0xDF, 0xFD, 0x21, 0x6E, 0x02, 0x94, 0x6E, 0xFD,
	0x8F, 0x00, 0x00, 0x04, 0x00, 0x50, 0xFF, 0xDD, 0x02, 0xB7, 0x03, 0xA7,
	0x00, 0x03, 0x00, 0x07, 0x00, 0x0B, 0x00, 0x0F, 0x00, 0x00, 0x41, 0x37,
	0x01, 0x07, 0x13, 0x23, 0x11, 0x37, 0x01, 0x07, 0x11, 0x33, 0x01, 0x17,
	0x37, 0x27, 0x02, 0xB2, 0x05, 0xFD, 0x9E, 0x05, 0x55, 0x55, 0x55, 0x02,
	0x12, 0x55, 0x55, 0xFE, 0x48, 0xB4, 0x2D, 0x96, 0x02, 0x5D, 0x82, 0xFD,
	0x80, 0x82, 0x02, 0xDF, 0xFD, 0x21, 0x6E, 0x02, 0x94, 0x6E, 0xFD, 0x8F,
	0x03, 0x7F, 0x96, 0x1E, 0xA0, 0x00, 0x00, 0x04, 0x00, 0x50, 0xFF, 0xDD,
	0x02, 0xB7, 0x03, 0x89, 0x00, 0x03, 0x00, 0x07, 0x00, 0x0B, 0x00, 0x1D,
	0x00, 0x00, 0x41, 0x37, 0x01, 0x07, 0x13, 0x23, 0x11, 0x37, 0x01, 0x07,
	0x11, 0x33, 0x01, 0x14, 0x16, 0x16, 0x33, 0x32, 0x36, 0x36, 0x35, 0x23,
	0x14, 0x06, 0x06, 0x23, 0x22, 0x26, 0x26, 0x35, 0x02, 0xB2, 0x05, 0xFD,
	0x9E, 0x05, 0x55, 0x55, 0x55, 0x02, 0x12, 0x55, 0x55, 0xFE, 0x4A, 0x23,
	0x47, 0x34, 0x35, 0x46, 0x23, 0x47, 0x0E, 0x26, 0x23, 0x23, 0x26, 0x0E,
	0x02, 0x5D, 0x82, 0xFD, 0x80, 0x82, 0x02, 0xDF, 0xFD, 0x21, 0x6E, 0x02,
	0x94, 0x6E, 0xFD, 0x8F, 0x03, 0x89, 0x22, 0x41, 0x29, 0x29, 0x41, 0x22,
	0x0D, 0x23, 0x1B, 0x1B, 0x23, 0x0D, 0x00, 0x02, 0x00, 0x50, 0x00, 0x00,
	0x02, 0x30, 0x02, 0xBC, 0x00, 0x03, 0x00, 0x09, 0x00, 0x00, 0x53, 0x11,
	0x33, 0x11, 0x21, 0x01, 0x01, 0x33, 0x01, 0x01, 0x50, 0x55, 0x01, 0x13,
	0xFE, 0xD3, 0x01, 0x3C, 0x69, 0xFE, 0xC2, 0x01, 0x2F, 0x02, 0xBC, 0xFD,
	0x44, 0x02, 0xBC, 0xFE, 0xB6, 0xFE, 0x8E, 0x01, 0x74, 0x01, 0x48, 0x00,
	0x00, 0x03, 0x00, 0x50, 0x00, 0x00, 0x02, 0x30, 0x03, 0xC0, 0x00, 0x03,
	0x00, 0x09, 0x00, 0x0D, 0x00, 0x00, 0x53, 0x11, 0x33, 0x11, 0x21, 0x01,
	0x01, 0x33, 0x01, 0x01, 0x27, 0x27, 0x07, 0x17, 0x50, 0x55, 0x01, 0x13,
	0xFE, 0xD3, 0x01, 0x3C, 0x69, 0xFE, 0xC2, 0x01, 0x2F, 0x34, 0x4B, 0x96,
	0x2D, 0x02, 0xBC, 0xFD, 0x44, 0x02, 0xBC, 0xFE, 0xB6, 0xFE, 0x8E, 0x01,
	0x74, 0x01, 0x48, 0xDC, 0x28, 0xA0, 0x1E, 0x00, 0x00, 0x01, 0x00, 0x0A,
	0x00, 0x00, 0x02, 0x42, 0x02, 0xBC, 0x00, 0x10, 0x00, 0x00, 0x41, 0x21,
	0x11, 0x14, 0x0E, 0x02, 0x23, 0x15, 0x32, 0x36, 0x36, 0x35, 0x11, 0x21,
	0x11, 0x33, 0x02, 0x42, 0xFE, 0x25, 0x0C, 0x18, 0x22, 0x17, 0x39, 0x4D,
	0x27, 0x01, 0x36, 0x55, 0x02, 0xBC, 0xFE, 0x48, 0x28, 0x44, 0x33, 0x1C,
	0x49, 0x42, 0x6E, 0x40, 0x01, 0x7C, 0xFD, 0x94, 0x00, 0x01, 0x00, 0x28,
	0x00, 0x00, 0x03, 0x02, 0x02, 0xDF, 0x00, 0x09, 0x00, 0x00, 0x5B, 0x03,
	0x33, 0x03, 0x01, 0x01, 0x03, 0x33, 0xB1, 0xE4, 0xE4, 0x34, 0x55, 0x55,
	0xFE, 0xE8, 0xFE, 0xE8, 0x55, 0x55, 0x01, 0xD9, 0xFE, 0x68, 0x01, 0x98,
	0xFE, 0x27, 0x02, 0xDF, 0xFE, 0x05, 0x01, 0xFB, 0xFD, 0x21, 0x00, 0x03,
	0x00, 0x50, 0x00, 0x00, 0x02, 0x7B, 0x02, 0xBC, 0x00, 0x03, 0x00, 0x07,
	0x00, 0x0B, 0x00, 0x00, 0x53, 0x21, 0x35, 0x21, 0x01, 0x11, 0x33, 0x11,
	0x21, 0x11, 0x33, 0x11, 0x7F, 0x01, 0xE0, 0xFE, 0x20, 0x01, 0xA7, 0x55,
	0xFD, 0xD5, 0x55, 0x01, 0x54, 0x50, 0x01, 0x18, 0xFD, 0x44, 0x02, 0xBC,
	0xFD, 0x44, 0x02, 0xBC, 0x00, 0x02, 0x00, 0x28, 0xFF, 0xF6, 0x02, 0xEE,
	0x02, 0xC6, 0x00, 0x0F, 0x00, 0x23, 0x00, 0x00, 0x53, 0x34, 0x36, 0x36,
	0x33, 0x32, 0x16, 0x16, 0x15, 0x14, 0x06, 0x06, 0x23, 0x22, 0x26, 0x26,
	0x27, 0x14, 0x1E, 0x02, 0x33, 0x32, 0x3E, 0x02, 0x35, 0x34, 0x2E, 0x02,
	0x23, 0x22, 0x0E, 0x02, 0x82, 0x45, 0x78, 0x4C, 0x4D, 0x77, 0x45, 0x45,
	0x77, 0x4D, 0x4C, 0x78, 0x45, 0x5A, 0x35, 0x60, 0x82, 0x4C, 0x4D, 0x81,
	0x60, 0x35, 0x35, 0x60, 0x81, 0x4D, 0x4C, 0x82, 0x60, 0x35, 0x01, 0x5E,
	0x4F, 0x7C, 0x48, 0x48, 0x7C, 0x4F, 0x4F, 0x7C, 0x48, 0x48, 0x7C, 0x4F,
	0x4C, 0x84, 0x61, 0x37, 0x37, 0x61, 0x84, 0x4C, 0x4D, 0x83, 0x61, 0x37,
	0x37, 0x61, 0x83, 0x00, 0x00, 0x01, 0x00, 0x50, 0x00, 0x00, 0x02, 0x7B,
	0x02, 0xBC, 0x00, 0x07, 0x00, 0x00, 0x41, 0x11, 0x33, 0x11, 0x21, 0x11,
	0x33, 0x11, 0x02, 0x26, 0x55, 0xFD, 0xD5, 0x55, 0x02, 0x6C, 0xFD, 0x94,
	0x02, 0xBC, 0xFD, 0x44, 0x02, 0x6C, 0x00, 0x02, 0x00, 0x50, 0x00, 0x00,
	0x01, 0xFC, 0x02, 0xBC, 0x00, 0x03, 0x00, 0x17, 0x00, 0x00, 0x53, 0x11,
	0x33, 0x11, 0x07, 0x33, 0x32, 0x16, 0x15, 0x14, 0x06, 0x23, 0x23, 0x15,
	0x33, 0x32, 0x36, 0x36, 0x35, 0x34, 0x26, 0x26, 0x23, 0x23, 0x50, 0x55,
	0x26, 0x8F, 0x44, 0x55, 0x55, 0x44, 0x8F, 0x8F, 0x44, 0x6B, 0x3F, 0x3F,
	0x6B, 0x44, 0x8F, 0x02, 0xBC, 0xFD, 0x44, 0x02, 0xBC, 0x50, 0x41, 0x41,
	0x40, 0x42, 0x50, 0x33, 0x5F, 0x40, 0x41, 0x5E, 0x33, 0x00, 0x00, 0x01,
	0x00, 0x28, 0xFF, 0xF6, 0x02, 0x67, 0x02, 0xC6, 0x00, 0x21, 0x00, 0x00,
	0x53, 0x34, 0x36, 0x36, 0x33, 0x32, 0x16, 0x16, 0x17, 0x35, 0x26, 0x26,
	0x23, 0x22, 0x0E, 0x02, 0x15, 0x14, 0x1E, 0x02, 0x33, 0x32, 0x36, 0x37,
	0x35, 0x0E, 0x02, 0x23, 0x22, 0x26, 0x26, 0x82, 0x49, 0x76, 0x45, 0x32,
	0x53, 0x44, 0x18, 0x2C, 0x68, 0x4D, 0x49, 0x7F, 0x60, 0x36, 0x36, 0x60,
	0x7F, 0x49, 0x4D, 0x68, 0x2C, 0x18, 0x44, 0x53, 0x32, 0x45, 0x76, 0x49,
	0x01, 0x5E, 0x52, 0x7B, 0x46, 0x1A, 0x2F, 0x1F, 0x70, 0x27, 0x26, 0x35,
	0x61, 0x84, 0x4E, 0x4E, 0x84, 0x61, 0x35, 0x26, 0x27, 0x70, 0x1F, 0x2F,
	0x1A, 0x46, 0x7C, 0x00, 0x00, 0x01, 0x00, 0x0A, 0x00, 0x00, 0x01, 0xC7,
	0x02, 0xBC, 0x00, 0x07, 0x00, 0x00, 0x53, 0x33, 0x11, 0x33, 0x11, 0x33,
	0x35, 0x21, 0x0A, 0xB4, 0x55, 0xB4, 0xFE, 0x43, 0x02, 0x6C, 0xFD, 0x94,
	0x02, 0x6C, 0x50, 0x00, 0x00, 0x01, 0x00, 0x00, 0x00, 0x00, 0x02, 0x35,
	0x02, 0xBC, 0x00, 0x08, 0x00, 0x00, 0x41, 0x23, 0x03, 0x17, 0x03, 0x23,
	0x13, 0x07, 0x33, 0x02, 0x35, 0x5F, 0xD4, 0x35, 0xCE, 0x69, 0xE7, 0x5A,
	0x5F, 0x02, 0xBC, 0xFE, 0x2E, 0x04, 0x01, 0xD6, 0xFE, 0x13, 0xCF, 0x00,
	0x00, 0x02, 0x00, 0x00, 0x00, 0x00, 0x02, 0x35, 0x03, 0x8E, 0x00, 0x08,
	0x00, 0x1A, 0x00, 0x00, 0x41, 0x23, 0x03, 0x17, 0x03, 0x23, 0x13, 0x07,
	0x33, 0x03, 0x14, 0x16, 0x16, 0x33, 0x32, 0x36, 0x36, 0x35, 0x23, 0x14,
	0x06, 0x06, 0x23, 0x22, 0x26, 0x26, 0x35, 0x02, 0x35, 0x5F, 0xD4, 0x35,
	0xCE, 0x69, 0xE7, 0x5A, 0x5F, 0x6D, 0x23, 0x47, 0x34, 0x35, 0x46, 0x23,
	0x47, 0x0E, 0x26, 0x23, 0x23, 0x26, 0x0E, 0x02, 0xBC, 0xFE, 0x2E, 0x04,
	0x01, 0xD6, 0xFE, 0x13, 0xCF, 0x03, 0x8E, 0x22, 0x41, 0x29, 0x29, 0x41,
	0x22, 0x0D, 0x23, 0x1B, 0x1B, 0x23, 0x0D, 0x00, 0x00, 0x03, 0x00, 0x28,
	0x00, 0x00, 0x02, 0xE7, 0x02, 0xBC, 0x00, 0x03, 0x00, 0x15, 0x00, 0x27,
	0x00, 0x00, 0x41, 0x11, 0x33, 0x11, 0x13, 0x14, 0x06, 0x06, 0x23, 0x23,
	0x22, 0x26, 0x26, 0x35, 0x34, 0x36, 0x36, 0x33, 0x33, 0x32, 0x16, 0x16,
	0x17, 0x34, 0x26, 0x26, 0x23, 0x23, 0x22, 0x06, 0x06, 0x15, 0x14, 0x16,
	0x16, 0x33, 0x33, 0x32, 0x36, 0x36, 0x01, 0x5D, 0x55, 0xE0, 0x3C, 0x6A,
	0x45, 0x3F, 0x45, 0x6A, 0x3C, 0x3C, 0x6A, 0x45, 0x3F, 0x45, 0x6A, 0x3C,
	0x55, 0x53, 0x91, 0x5C, 0x3F, 0x5C, 0x91, 0x53, 0x53, 0x91, 0x5C, 0x3F,
	0x5C, 0x91, 0x53, 0x02, 0xBC, 0xFD, 0x44, 0x02, 0xBC, 0xFE, 0xA2, 0x3D,
	0x53, 0x29, 0x29, 0x53, 0x3D, 0x3E, 0x52, 0x29, 0x29, 0x52, 0x3E, 0x55,
	0x78, 0x41, 0x41, 0x78, 0x55, 0x54, 0x79, 0x41, 0x41, 0x79, 0x00, 0x01,
	0x00, 0x0A, 0x00, 0x00, 0x02, 0x21, 0x02, 0xBC, 0x00, 0x0B, 0x00, 0x00,
	0x41, 0x03, 0x03, 0x23, 0x13, 0x03, 0x33, 0x13, 0x13, 0x33, 0x03, 0x13,
	0x01, 0xAE, 0x95, 0x92, 0x64, 0xCB, 0xE4, 0x64, 0xAA, 0xA5, 0x64, 0xDE,
	0xCF, 0x02, 0xBC, 0xFE, 0xFD, 0x01, 0x03, 0xFE, 0xB3, 0xFE, 0x91, 0x01,
	0x25, 0xFE, 0xDB, 0x01, 0x6F, 0x01, 0x4D, 0x00, 0x00, 0x01, 0x00, 0x50,
	0xFF, 0x92, 0x02, 0xD0, 0x02, 0xBC, 0x00, 0x0B, 0x00, 0x00, 0x77, 0x11,
	0x23, 0x11, 0x21, 0x15, 0x33, 0x35, 0x23, 0x11, 0x23, 0x11, 0xA5, 0x55,
	0x02, 0x35, 0x4B, 0x55, 0x55, 0x50, 0x02, 0x6C, 0xFD, 0x44, 0x6E, 0xBE,
	0x02, 0x6C, 0xFD, 0x94, 0x00, 0x03, 0x00, 0x50, 0x00, 0x00, 0x02, 0x17,
	0x02, 0xBC, 0x00, 0x03, 0x00, 0x07, 0x00, 0x13, 0x00, 0x00, 0x41, 0x33,
	0x35, 0x23, 0x13, 0x11, 0x33, 0x11, 0x21, 0x23, 0x15, 0x14, 0x16, 0x16,
	0x33, 0x35, 0x22, 0x26, 0x26, 0x35, 0x01, 0x22, 0xD9, 0xD9, 0xA0, 0x55,
	0xFE, 0x89, 0x50, 0x2F, 0x5E, 0x45, 0x2B, 0x3A, 0x1D, 0x01, 0x18, 0x4B,
	0x01, 0x59, 0xFD, 0x44, 0x02, 0xBC, 0xB6, 0x43, 0x6C, 0x3F, 0x4B, 0x2C,
	0x4A, 0x2D, 0x00, 0x01, 0x00, 0x50, 0x00, 0x00, 0x03, 0x89, 0x02, 0xBC,
	0x00, 0x0B, 0x00, 0x00, 0x65, 0x21, 0x11, 0x23, 0x11, 0x21, 0x11, 0x23,
	0x11, 0x21, 0x11, 0x23, 0x03, 0x34, 0xFE, 0xE3, 0x55, 0xFE, 0xE3, 0x55,
	0x03, 0x39, 0x55, 0x50, 0x02, 0x6C, 0xFD, 0x94, 0x02, 0x6C, 0xFD, 0x44,
	0x02, 0xBC, 0x00, 0x01, 0x00, 0x50, 0xFF, 0x92, 0x03, 0xDE, 0x02, 0xBC,
	0x00, 0x0F, 0x00, 0x00, 0x65, 0x21, 0x11, 0x23, 0x11, 0x21, 0x11, 0x23,
	0x11, 0x21, 0x15, 0x33, 0x35, 0x23, 0x11, 0x23, 0x03, 0x34, 0xFE, 0xE3,
	0x55, 0xFE, 0xE3, 0x55, 0x03, 0x43, 0x4B, 0x55, 0x55, 0x50, 0x02, 0x6C,
	0xFD, 0x94, 0x02, 0x6C, 0xFD, 0x44, 0x6E, 0xBE, 0x02, 0x6C, 0x00, 0x02,
	0x00, 0x0A, 0x00, 0x00, 0x02, 0x6A, 0x02, 0xBC, 0x00, 0x15, 0x00, 0x1B,
	0x00, 0x00, 0x53, 0x33, 0x32, 0x16, 0x16, 0x15, 0x14, 0x06, 0x06, 0x23,
	0x23, 0x15, 0x33, 0x32, 0x36, 0x36, 0x35, 0x34, 0x26, 0x26, 0x23, 0x23,
	0x27, 0x11, 0x33, 0x11, 0x21, 0x15, 0xED, 0x8F, 0x2D, 0x45, 0x27, 0x27,
	0x45, 0x2D, 0x8F, 0x8F, 0x44, 0x6B, 0x3F, 0x3F, 0x6B, 0x44, 0x8F, 0x2F,
	0x55, 0xFE, 0xF7, 0x01, 0x54, 0x1D, 0x3A, 0x2B, 0x2B, 0x3A, 0x1D, 0x50,
	0x33, 0x5F, 0x40, 0x41, 0x5E, 0x33, 0xC8, 0xFD, 0x94, 0x02, 0xBC, 0x50,
	0x00, 0x03, 0x00, 0x50, 0x00, 0x00, 0x02, 0xAD, 0x02, 0xBC, 0x00, 0x03,
	0x00, 0x07, 0x00, 0x1D, 0x00, 0x00, 0x41, 0x11, 0x33, 0x11, 0x21, 0x11,
	0x33, 0x11, 0x03, 0x33, 0x32, 0x16, 0x16, 0x15, 0x14, 0x06, 0x06, 0x23,
	0x23, 0x15, 0x33, 0x32, 0x36, 0x36, 0x35, 0x34, 0x26, 0x26, 0x23, 0x23,
	0x02, 0x58, 0x55, 0xFD, 0xA3, 0x55, 0x26, 0x8F, 0x2D, 0x45, 0x27, 0x27,
	0x45, 0x2D, 0x8F, 0x8F, 0x44, 0x6B, 0x3F, 0x3F, 0x6B, 0x44, 0x8F, 0x02,
	0xBC, 0xFD, 0x44, 0x02, 0xBC, 0xFD, 0x44, 0x02, 0xBC, 0xFE, 0x98, 0x1D,
	0x3A, 0x2B, 0x2B, 0x3A, 0x1D, 0x50, 0x33, 0x5F, 0x40, 0x41, 0x5E, 0x33,
	0x00, 0x02, 0x00, 0x50, 0x00, 0x00, 0x01, 0xFC, 0x02, 0xBC, 0x00, 0x03,
	0x00, 0x19, 0x00, 0x00, 0x53, 0x11, 0x33, 0x11, 0x03, 0x33, 0x32, 0x16,
	0x16, 0x15, 0x14, 0x06, 0x06, 0x23, 0x23, 0x15, 0x33, 0x32, 0x36, 0x36,
	0x35, 0x34, 0x26, 0x26, 0x23, 0x23, 0x50, 0x55, 0x26, 0x8F, 0x2D, 0x45,
	0x27, 0x27, 0x45, 0x2D, 0x8F, 0x8F, 0x44, 0x6B, 0x3F, 0x3F, 0x6B, 0x44,
	0x8F, 0x02, 0xBC, 0xFD, 0x44, 0x02, 0xBC, 0xFE, 0x98, 0x1D, 0x3A, 0x2B,
	0x2B, 0x3A, 0x1D, 0x50, 0x33, 0x5F, 0x40, 0x41, 0x5E, 0x33, 0x00, 0x02,
	0x00, 0x46, 0xFF, 0xF6, 0x02, 0x85, 0x02, 0xC6, 0x00, 0x03, 0x00, 0x25,
	0x00, 0x00, 0x53, 0x21, 0x35, 0x21, 0x05, 0x14, 0x06, 0x06, 0x23, 0x22,
	0x26, 0x26, 0x27, 0x15, 0x16, 0x16, 0x33, 0x32, 0x3E, 0x02, 0x35, 0x34,
	0x2E, 0x02, 0x23, 0x22, 0x06, 0x07, 0x15, 0x3E, 0x02, 0x33, 0x32, 0x16,
	0x16, 0x84, 0x01, 0xA7, 0xFE, 0x59, 0x01, 0xA7, 0x48, 0x77, 0x45, 0x31,
	0x54, 0x43, 0x19, 0x2C, 0x69, 0x4C, 0x49, 0x7F, 0x60, 0x36, 0x36, 0x60,
	0x7F, 0x49, 0x4C, 0x69, 0x2C, 0x19, 0x43, 0x54, 0x31, 0x45, 0x77, 0x48,
	0x01, 0x36, 0x50, 0x28, 0x51, 0x7C, 0x46, 0x1A, 0x2F, 0x1F, 0x70, 0x27,
	0x26, 0x35, 0x61, 0x84, 0x4E, 0x4E, 0x84, 0x61, 0x35, 0x26, 0x27, 0x70,
	0x1F, 0x2F, 0x1A, 0x46, 0x7B, 0x00, 0x00, 0x04, 0x00, 0x50, 0xFF, 0xF6,
	0x03, 0xDE, 0x02, 0xC6, 0x00, 0x03, 0x00, 0x07, 0x00, 0x17, 0x00, 0x2B,
	0x00, 0x00, 0x53, 0x33, 0x35, 0x23, 0x03, 0x11, 0x33, 0x11, 0x13, 0x34,
	0x36, 0x36, 0x33, 0x32, 0x16, 0x16, 0x15, 0x14, 0x06, 0x06, 0x23, 0x22,
	0x26, 0x26, 0x27, 0x14, 0x1E, 0x02, 0x33, 0x32, 0x3E, 0x02, 0x35, 0x34,
	0x2E, 0x02, 0x23, 0x22, 0x0E, 0x02, 0x7F, 0xDC, 0xDC, 0x2F, 0x55, 0xCD,
	0x45, 0x78, 0x4C, 0x4D, 0x77, 0x45, 0x45, 0x77, 0x4D, 0x4C, 0x78, 0x45,
	0x5A, 0x35, 0x60, 0x82, 0x4C, 0x4D, 0x81, 0x60, 0x35, 0x35, 0x60, 0x81,
	0x4D, 0x4C, 0x82, 0x60, 0x35, 0x01, 0x54, 0x50, 0x01, 0x18, 0xFD, 0x44,
	0x02, 0xBC, 0xFE, 0xA2, 0x4F, 0x7C, 0x48, 0x48, 0x7C, 0x4F, 0x4F, 0x7C,
	0x48, 0x48, 0x7C, 0x4F, 0x4C, 0x84, 0x61, 0x37, 0x37, 0x61, 0x84, 0x4C,
	0x4D, 0x83, 0x61, 0x37, 0x37, 0x61, 0x83, 0x00, 0x00, 0x03, 0x00, 0x0A,
	0x00, 0x00, 0x01, 0xE0, 0x02, 0xBC, 0x00, 0x03, 0x00, 0x07, 0x00, 0x1D,
	0x00, 0x00, 0x41, 0x23, 0x03, 0x33, 0x01, 0x23, 0x11, 0x33, 0x03, 0x35,
	0x23, 0x22, 0x06, 0x06, 0x15, 0x14, 0x16, 0x16, 0x33, 0x33, 0x35, 0x23,
	0x22, 0x26, 0x26, 0x35, 0x34, 0x36, 0x36, 0x33, 0x01, 0x63, 0x5F, 0xFA,
	0x69, 0x01, 0x6D, 0x55, 0x55, 0x2F, 0x8F, 0x43, 0x6C, 0x3F, 0x3F, 0x6C,
	0x43, 0x8F, 0x8F, 0x2D, 0x45, 0x27, 0x27, 0x45, 0x2D, 0x01, 0x59, 0xFE,
	0xA7, 0x02, 0xBC, 0xFD, 0x44, 0x02, 0x71, 0x4B, 0x33, 0x5E, 0x41, 0x40,
	0x5F, 0x33, 0x4B, 0x20, 0x3C, 0x2B, 0x2B, 0x3C, 0x20, 0x00, 0x00, 0x02,
	0x00, 0x1E, 0xFF, 0xF6, 0x01, 0xA5, 0x01, 0xD6, 0x00, 0x1F, 0x00, 0x33,
	0x00, 0x00, 0x77, 0x34, 0x36, 0x36, 0x33, 0x32, 0x16, 0x17, 0x35, 0x2E,
	0x02, 0x23, 0x22, 0x06, 0x15, 0x14, 0x16, 0x16, 0x33, 0x32, 0x36, 0x36,
	0x35, 0x27, 0x14, 0x06, 0x06, 0x23, 0x22, 0x26, 0x26, 0x27, 0x3E, 0x02,
	0x33, 0x32, 0x1E, 0x02, 0x15, 0x11, 0x33, 0x11, 0x34, 0x26, 0x26, 0x23,
	0x22, 0x06, 0x07, 0x6F, 0x18, 0x31, 0x27, 0x2A, 0x4A, 0x23, 0x07, 0x28,
	0x43, 0x32, 0x55, 0x5F, 0x2C, 0x49, 0x2A, 0x26, 0x4D, 0x35, 0x10, 0x23,
	0x3B, 0x25, 0x1D, 0x2D, 0x19, 0x0C, 0x0B, 0x26, 0x37, 0x22, 0x15, 0x26,
	0x1D, 0x10, 0x50, 0x2D, 0x51, 0x36, 0x40, 0x5B, 0x1A, 0x8E, 0x19, 0x24,
	0x14, 0x15, 0x18, 0x2F, 0x09, 0x1D, 0x17, 0x51, 0x43, 0x2F, 0x42, 0x23,
	0x1C, 0x3A, 0x2C, 0x3C, 0x24, 0x37, 0x1E, 0x13, 0x26, 0xEE, 0x08, 0x16,
	0x10, 0x08, 0x12, 0x1F, 0x18, 0xFE, 0xC1, 0x01, 0x4A, 0x2D, 0x3E, 0x21,
	0x26, 0x13, 0x00, 0x03, 0x00, 0x1E, 0xFF, 0xF6, 0x01, 0xA9, 0x02, 0xD0,
	0x00, 0x20, 0x00, 0x32, 0x00, 0x36, 0x00, 0x00, 0x77, 0x34, 0x36, 0x36,
	0x33, 0x32, 0x16, 0x17, 0x35, 0x2E, 0x02, 0x23, 0x22, 0x06, 0x06, 0x15,
	0x14, 0x16, 0x16, 0x33, 0x32, 0x36, 0x36, 0x35, 0x27, 0x14, 0x06, 0x06,
	0x23, 0x22, 0x26, 0x26, 0x35, 0x3E, 0x02, 0x33, 0x32, 0x16, 0x15, 0x11,
	0x33, 0x11, 0x34, 0x26, 0x26, 0x23, 0x22, 0x06, 0x07, 0x13, 0x17, 0x37,
	0x27, 0x6F, 0x1A, 0x35, 0x28, 0x2C, 0x46, 0x22, 0x07, 0x26, 0x3F, 0x2C,
	0x37, 0x59, 0x34, 0x27, 0x48, 0x2F, 0x30, 0x4E, 0x2F, 0x10, 0x23, 0x3E,
	0x28, 0x20, 0x2B, 0x16, 0x0B, 0x27, 0x36, 0x21, 0x26, 0x3B, 0x50, 0x2D,
	0x4F, 0x35, 0x3E, 0x58, 0x1A, 0x10, 0xB4, 0x2D, 0x96, 0x87, 0x1C, 0x28,
	0x16, 0x17, 0x18, 0x2F, 0x09, 0x1D, 0x17, 0x24, 0x47, 0x36, 0x2A, 0x3C,
	0x21, 0x21, 0x3F, 0x2C, 0x32, 0x2B, 0x34, 0x18, 0x11, 0x21, 0xF1, 0x08,
	0x17, 0x11, 0x23, 0x23, 0xFE, 0xB6, 0x01, 0x4A, 0x2D, 0x3E, 0x21, 0x26,
	0x13, 0x01, 0x0B, 0x96, 0x1E, 0xA0, 0x00, 0x03, 0x00, 0x1E, 0xFF, 0xF6,
	0x01, 0xA9, 0x02, 0xD0, 0x00, 0x20, 0x00, 0x32, 0x00, 0x36, 0x00, 0x00,
	0x77, 0x34, 0x36, 0x36, 0x33, 0x32, 0x16, 0x17, 0x35, 0x2E, 0x02, 0x23,
	0x22, 0x06, 0x06, 0x15, 0x14, 0x16, 0x16, 0x33, 0x32, 0x36, 0x36, 0x35,
	0x27, 0x14, 0x06, 0x06, 0x23, 0x22, 0x26, 0x26, 0x35, 0x3E, 0x02, 0x33,
	0x32, 0x16, 0x15, 0x11, 0x33, 0x11, 0x34, 0x26, 0x26, 0x23, 0x22, 0x06,
	0x07, 0x01, 0x27, 0x07, 0x17, 0x6F, 0x1A, 0x35, 0x28, 0x2C, 0x46, 0x22,
	0x07, 0x26, 0x3F, 0x2C, 0x37, 0x59, 0x34, 0x27, 0x48, 0x2F, 0x30, 0x4E,
	0x2F, 0x10, 0x23, 0x3E, 0x28, 0x20, 0x2B, 0x16, 0x0B, 0x27, 0x36, 0x21,
	0x26, 0x3B, 0x50, 0x2D, 0x4F, 0x35, 0x3E, 0x58, 0x1A, 0x01, 0x50, 0x4B,
	0x96, 0x2D, 0x87, 0x1C, 0x28, 0x16, 0x17, 0x18, 0x2F, 0x09, 0x1D, 0x17,
	0x24, 0x47, 0x36, 0x2A, 0x3C, 0x21, 0x21, 0x3F, 0x2C, 0x32, 0x2B, 0x34,
	0x18, 0x11, 0x21, 0xF1, 0x08, 0x17, 0x11, 0x23, 0x23, 0xFE, 0xB6, 0x01,
	0x4A, 0x2D, 0x3E, 0x21, 0x26, 0x13, 0x01, 0x0B, 0x28, 0xA0, 0x1E, 0x00,
	0x00, 0x03, 0x00, 0x1E, 0xFF, 0xF6, 0x01, 0xA9, 0x02, 0xC6, 0x00, 0x20,
	0x00, 0x32, 0x00, 0x38, 0x00, 0x00, 0x77, 0x34, 0x36, 0x36, 0x33, 0x32,
	0x16, 0x17, 0x35, 0x2E, 0x02, 0x23, 0x22, 0x06, 0x06, 0x15, 0x14, 0x16,
	0x16, 0x33, 0x32, 0x36, 0x36, 0x35, 0x27, 0x14, 0x06, 0x06, 0x23, 0x22,
	0x26, 0x26, 0x35, 0x3E, 0x02, 0x33, 0x32, 0x16, 0x15, 0x11, 0x33, 0x11,
	0x34, 0x26, 0x26, 0x23, 0x22, 0x06, 0x07, 0x37, 0x17, 0x37, 0x27, 0x07,
	0x17, 0x6F, 0x1A, 0x35, 0x28, 0x2C, 0x46, 0x22, 0x07, 0x26, 0x3F, 0x2C,
	0x37, 0x59, 0x34, 0x27, 0x48, 0x2F, 0x30, 0x4E, 0x2F, 0x10, 0x23, 0x3E,
	0x28, 0x20, 0x2B, 0x16, 0x0B, 0x27, 0x36, 0x21, 0x26, 0x3B, 0x50, 0x2D,
	0x4F, 0x35, 0x3E, 0x58, 0x1A, 0xB0, 0x6E, 0x32, 0xA0, 0xA0, 0x32, 0x87,
	0x1C, 0x28, 0x16, 0x17, 0x18, 0x2F, 0x09, 0x1D, 0x17, 0x24, 0x47, 0x36,
	0x2A, 0x3C, 0x21, 0x21, 0x3F, 0x2C, 0x32, 0x2B, 0x34, 0x18, 0x11, 0x21,
	0xF1, 0x08, 0x17, 0x11, 0x23, 0x23, 0xFE, 0xB6, 0x01, 0x4A, 0x2D, 0x3E,
	0x21, 0x26, 0x13, 0xD4, 0x5F, 0x28, 0x8C, 0x8C, 0x28, 0x00, 0x00, 0x03,
	0x00, 0x1E, 0xFF, 0xF6, 0x01, 0xA9, 0x02, 0x8A, 0x00, 0x20, 0x00, 0x32,
	0x00, 0x4C, 0x00, 0x00, 0x77, 0x34, 0x36, 0x36, 0x33, 0x32, 0x16, 0x17,
	0x35, 0x2E, 0x02, 0x23, 0x22, 0x06, 0x06, 0x15, 0x14, 0x16, 0x16, 0x33,
	0x32, 0x36, 0x36, 0x35, 0x27, 0x14, 0x06, 0x06, 0x23, 0x22, 0x26, 0x26,
	0x35, 0x3E, 0x02, 0x33, 0x32, 0x16, 0x15, 0x11, 0x33, 0x11, 0x34, 0x26,
	0x26, 0x23, 0x22, 0x06, 0x07, 0x37, 0x17, 0x34, 0x36, 0x36, 0x33, 0x32,
	0x16, 0x16, 0x33, 0x32, 0x36, 0x36, 0x37, 0x27, 0x06, 0x06, 0x23, 0x22,
	0x2E, 0x02, 0x23, 0x22, 0x06, 0x06, 0x6F, 0x1A, 0x35, 0x28, 0x2C, 0x46,
	0x22, 0x07, 0x26, 0x3F, 0x2C, 0x37, 0x59, 0x34, 0x27, 0x48, 0x2F, 0x30,
	0x4E, 0x2F, 0x10, 0x23, 0x3E, 0x28, 0x20, 0x2B, 0x16, 0x0B, 0x27, 0x36,
	0x21, 0x26, 0x3B, 0x50, 0x2D, 0x4F, 0x35, 0x3E, 0x58, 0x1A, 0x0B, 0x35,
	0x08, 0x16, 0x14, 0x17, 0x21, 0x26, 0x1B, 0x19, 0x2A, 0x1F, 0x08, 0x2E,
	0x0F, 0x1B, 0x0E, 0x14, 0x1A, 0x17, 0x1F, 0x18, 0x16, 0x2D, 0x20, 0x87,
	0x1C, 0x28, 0x16, 0x17, 0x18, 0x2F, 0x09, 0x1D, 0x17, 0x24, 0x47, 0x36,
	0x2A, 0x3C, 0x21, 0x21, 0x3F, 0x2C, 0x32, 0x2B, 0x34, 0x18, 0x11, 0x21,
	0xF1, 0x08, 0x17, 0x11, 0x23, 0x23, 0xFE, 0xB6, 0x01, 0x4A, 0x2D, 0x3E,
	0x21, 0x26, 0x13, 0x9A, 0x25, 0x08, 0x18, 0x13, 0x17, 0x18, 0x15, 0x22,
	0x12, 0x2B, 0x18, 0x18, 0x0E, 0x13, 0x0E, 0x15, 0x24, 0x00, 0x00, 0x04,
	0x00, 0x1E, 0xFF, 0xF6, 0x01, 0xA9, 0x02, 0x80, 0x00, 0x20, 0x00, 0x32,
	0x00, 0x3E, 0x00, 0x4A, 0x00, 0x00, 0x77, 0x34, 0x36, 0x36, 0x33, 0x32,
	0x16, 0x17, 0x35, 0x2E, 0x02, 0x23, 0x22, 0x06, 0x06, 0x15, 0x14, 0x16,
	0x16, 0x33, 0x32, 0x36, 0x36, 0x35, 0x27, 0x14, 0x06, 0x06, 0x23, 0x22,
	0x26, 0x26, 0x35, 0x3E, 0x02, 0x33, 0x32, 0x16, 0x15, 0x11, 0x33, 0x11,
	0x34, 0x26, 0x26, 0x23, 0x22, 0x06, 0x07, 0x37, 0x14, 0x16, 0x33, 0x32,
	0x36, 0x35, 0x34, 0x26, 0x23, 0x22, 0x06, 0x07, 0x14, 0x16, 0x33, 0x32,
	0x36, 0x35, 0x34, 0x26, 0x23, 0x22, 0x06, 0x6F, 0x1A, 0x35, 0x28, 0x2C,
	0x46, 0x22, 0x07, 0x26, 0x3F, 0x2C, 0x37, 0x59, 0x34, 0x27, 0x48, 0x2F,
	0x30, 0x4E, 0x2F, 0x10, 0x23, 0x3E, 0x28, 0x20, 0x2B, 0x16, 0x0B, 0x27,
	0x36, 0x21, 0x26, 0x3B, 0x50, 0x2D, 0x4F, 0x35, 0x3E, 0x58, 0x1A, 0xDD,
	0x21, 0x16, 0x17, 0x20, 0x20, 0x17, 0x16, 0x21, 0xC8, 0x21, 0x16, 0x17,
	0x20, 0x20, 0x17, 0x16, 0x21, 0x87, 0x1C, 0x28, 0x16, 0x17, 0x18, 0x2F,
	0x09, 0x1D, 0x17, 0x24, 0x47, 0x36, 0x2A, 0x3C, 0x21, 0x21, 0x3F, 0x2C,
	0x32, 0x2B, 0x34, 0x18, 0x11, 0x21, 0xF1, 0x08, 0x17, 0x11, 0x23, 0x23,
	0xFE, 0xB6, 0x01, 0x4A, 0x2D, 0x3E, 0x21, 0x26, 0x13, 0xAC, 0x16, 0x21,
	0x21, 0x16, 0x17, 0x20, 0x20, 0x17, 0x16, 0x21, 0x21, 0x16, 0x17, 0x20,
	0x20, 0x00, 0x00, 0x04, 0x00, 0x1E, 0xFF, 0xF6, 0x01, 0xA9, 0x02, 0xDA,
	0x00, 0x20, 0x00, 0x32, 0x00, 0x3E, 0x00, 0x4A, 0x00, 0x00, 0x77, 0x34,
	0x36, 0x36, 0x33, 0x32, 0x16, 0x17, 0x35, 0x2E, 0x02, 0x23, 0x22, 0x06,
	0x06, 0x15, 0x14, 0x16, 0x16, 0x33, 0x32, 0x36, 0x36, 0x35, 0x27, 0x14,
	0x06, 0x06, 0x23, 0x22, 0x26, 0x26, 0x35, 0x3E, 0x02, 0x33, 0x32, 0x16,
	0x15, 0x11, 0x33, 0x11, 0x34, 0x26, 0x26, 0x23, 0x22, 0x06, 0x07, 0x37,
	0x14, 0x16, 0x33, 0x32, 0x36, 0x35, 0x34, 0x26, 0x23, 0x22, 0x06, 0x17,
	0x34, 0x36, 0x33, 0x32, 0x16, 0x15, 0x14, 0x06, 0x23, 0x22, 0x26, 0x6F,
	0x1A, 0x35, 0x28, 0x2C, 0x46, 0x22, 0x07, 0x26, 0x3F, 0x2C, 0x37, 0x59,
	0x34, 0x27, 0x48, 0x2F, 0x30, 0x4E, 0x2F, 0x10, 0x23, 0x3E, 0x28, 0x20,
	0x2B, 0x16, 0x0B, 0x27, 0x36, 0x21, 0x26, 0x3B, 0x50, 0x2D, 0x4F, 0x35,
	0x3E, 0x58, 0x1A, 0x4A, 0x3F, 0x27, 0x27, 0x3F, 0x3F, 0x27, 0x27, 0x3F,
	0x33, 0x20, 0x13, 0x13, 0x20, 0x20, 0x13, 0x13, 0x20, 0x87, 0x1C, 0x28,
	0x16, 0x17, 0x18, 0x2F, 0x09, 0x1D, 0x17, 0x24, 0x47, 0x36, 0x2A, 0x3C,
	0x21, 0x21, 0x3F, 0x2C, 0x32, 0x2B, 0x34, 0x18, 0x11, 0x21, 0xF1, 0x08,
	0x17, 0x11, 0x23, 0x23, 0xFE, 0xB6, 0x01, 0x4A, 0x2D, 0x3E, 0x21, 0x26,
	0x13, 0xD9, 0x2D, 0x37, 0x37, 0x2D, 0x2D, 0x37, 0x37, 0x2D, 0x19, 0x1C,
	0x1C, 0x19, 0x19, 0x1C, 0x1C, 0x00, 0x00, 0x03, 0x00, 0x1E, 0xFF, 0xF6,
	0x01, 0xA9, 0x02, 0x71, 0x00, 0x20, 0x00, 0x32, 0x00, 0x36, 0x00, 0x00,
	0x77, 0x34, 0x36, 0x36, 0x33, 0x32, 0x16, 0x17, 0x35, 0x2E, 0x02, 0x23,
	0x22, 0x06, 0x06, 0x15, 0x14, 0x16, 0x16, 0x33, 0x32, 0x36, 0x36, 0x35,
	0x27, 0x14, 0x06, 0x06, 0x23, 0x22, 0x26, 0x26, 0x35, 0x3E, 0x02, 0x33,
	0x32, 0x16, 0x15, 0x11, 0x33, 0x11, 0x34, 0x26, 0x26, 0x23, 0x22, 0x06,
	0x07, 0x37, 0x21, 0x35, 0x21, 0x6F, 0x1A, 0x35, 0x28, 0x2C, 0x46, 0x22,
	0x07, 0x26, 0x3F, 0x2C, 0x37, 0x59, 0x34, 0x27, 0x48, 0x2F, 0x30, 0x4E,
	0x2F, 0x10, 0x23, 0x3E, 0x28, 0x20, 0x2B, 0x16, 0x0B, 0x27, 0x36, 0x21,
	0x26, 0x3B, 0x50, 0x2D, 0x4F, 0x35, 0x3E, 0x58, 0x1A, 0x01, 0x01, 0x5E,
	0xFE, 0xA2, 0x87, 0x1C, 0x28, 0x16, 0x17, 0x18, 0x2F, 0x09, 0x1D, 0x17,
	0x24, 0x47, 0x36, 0x2A, 0x3C, 0x21, 0x21, 0x3F, 0x2C, 0x32, 0x2B, 0x34,
	0x18, 0x11, 0x21, 0xF1, 0x08, 0x17, 0x11, 0x23, 0x23, 0xFE, 0xB6, 0x01,
	0x4A, 0x2D, 0x3E, 0x21, 0x26, 0x13, 0x89, 0x4B, 0x00, 0x03, 0x00, 0x1E,
	0xFF, 0xF6, 0x01, 0xA9, 0x02, 0x9E, 0x00, 0x20, 0x00, 0x32, 0x00, 0x44,
	0x00, 0x00, 0x77, 0x34, 0x36, 0x36, 0x33, 0x32, 0x16, 0x17, 0x35, 0x2E,
	0x02, 0x23, 0x22, 0x06, 0x06, 0x15, 0x14, 0x16, 0x16, 0x33, 0x32, 0x36,
	0x36, 0x35, 0x27, 0x14, 0x06, 0x06, 0x23, 0x22, 0x26, 0x26, 0x35, 0x3E,
	0x02, 0x33, 0x32, 0x16, 0x15, 0x11, 0x33, 0x11, 0x34, 0x26, 0x26, 0x23,
	0x22, 0x06, 0x07, 0x13, 0x14, 0x16, 0x16, 0x33, 0x32, 0x36, 0x36, 0x35,
	0x23, 0x14, 0x06, 0x06, 0x23, 0x22, 0x26, 0x26, 0x35, 0x6F, 0x1A, 0x35,
	0x28, 0x2C, 0x46, 0x22, 0x07, 0x26, 0x3F, 0x2C, 0x37, 0x59, 0x34, 0x27,
	0x48, 0x2F, 0x30, 0x4E, 0x2F, 0x10, 0x23, 0x3E, 0x28, 0x20, 0x2B, 0x16,
	0x0B, 0x27, 0x36, 0x21, 0x26, 0x3B, 0x50, 0x2D, 0x4F, 0x35, 0x3E, 0x58,
	0x1A, 0x12, 0x23, 0x47, 0x34, 0x35, 0x46, 0x23, 0x47, 0x0E, 0x26, 0x23,
	0x23, 0x26, 0x0E, 0x87, 0x1C, 0x28, 0x16, 0x17, 0x18, 0x2F, 0x09, 0x1D,
	0x17, 0x24, 0x47, 0x36, 0x2A, 0x3C, 0x21, 0x21, 0x3F, 0x2C, 0x32, 0x2B,
	0x34, 0x18, 0x11, 0x21, 0xF1, 0x08, 0x17, 0x11, 0x23, 0x23, 0xFE, 0xB6,
	0x01, 0x4A, 0x2D, 0x3E, 0x21, 0x26, 0x13, 0x01, 0x01, 0x22, 0x41, 0x29,
	0x29, 0x41, 0x22, 0x0D, 0x23, 0x1B, 0x1B, 0x23, 0x0D, 0x00, 0x00, 0x03,
	0x00, 0x1E, 0xFF, 0x24, 0x01, 0xCF, 0x01, 0xD6, 0x00, 0x20, 0x00, 0x32,
	0x00, 0x49, 0x00, 0x00, 0x77, 0x34, 0x36, 0x36, 0x33, 0x32, 0x16, 0x17,
	0x35, 0x2E, 0x02, 0x23, 0x22, 0x06, 0x06, 0x15, 0x14, 0x16, 0x16, 0x33,
	0x32, 0x36, 0x36, 0x35, 0x27, 0x14, 0x06, 0x06, 0x23, 0x22, 0x26, 0x26,
	0x35, 0x3E, 0x02, 0x33, 0x32, 0x16, 0x15, 0x11, 0x33, 0x11, 0x34, 0x26,
	0x26, 0x23, 0x22, 0x06, 0x07, 0x01, 0x06, 0x06, 0x23, 0x22, 0x26, 0x35,
	0x34, 0x36, 0x36, 0x37, 0x27, 0x0E, 0x02, 0x15, 0x14, 0x16, 0x16, 0x33,
	0x32, 0x36, 0x37, 0x6F, 0x1A, 0x35, 0x28, 0x2C, 0x46, 0x22, 0x07, 0x26,
	0x3F, 0x2C, 0x3C, 0x58, 0x30, 0x2B, 0x48, 0x2B, 0x30, 0x4E, 0x2F, 0x10,
	0x23, 0x3E, 0x28, 0x1B, 0x2C, 0x1A, 0x0B, 0x27, 0x36, 0x21, 0x26, 0x3B,
	0x50, 0x2D, 0x4F, 0x35, 0x3E, 0x58, 0x1A, 0x01, 0x66, 0x0A, 0x14, 0x14,
	0x16, 0x1A, 0x19, 0x2A, 0x1A, 0x29, 0x23, 0x3C, 0x25, 0x1B, 0x36, 0x2A,
	0x20, 0x2D, 0x0B, 0x87, 0x1C, 0x28, 0x16, 0x17, 0x18, 0x2F, 0x09, 0x1D,
	0x17, 0x25, 0x44, 0x31, 0x2F, 0x3F, 0x20, 0x21, 0x3F, 0x2C, 0x32, 0x2B,
	0x34, 0x18, 0x11, 0x21, 0xF1, 0x08, 0x17, 0x11, 0x23, 0x23, 0xFE, 0xB6,
	0x01, 0x4A, 0x2D, 0x3E, 0x21, 0x26, 0x13, 0xFD, 0xE1, 0x0A, 0x0A, 0x17,
	0x1B, 0x13, 0x25, 0x21, 0x0B, 0x19, 0x12, 0x2D, 0x34, 0x1E, 0x1D, 0x2E,
	0x19, 0x19, 0x0F, 0x00, 0x00, 0x03, 0x00, 0x46, 0xFF, 0xF6, 0x02, 0x17,
	0x03, 0x0C, 0x00, 0x03, 0x00, 0x13, 0x00, 0x23, 0x00, 0x00, 0x53, 0x23,
	0x11, 0x33, 0x25, 0x34, 0x26, 0x26, 0x23, 0x22, 0x06, 0x06, 0x15, 0x14,
	0x16, 0x16, 0x33, 0x32, 0x36, 0x36, 0x27, 0x14, 0x06, 0x06, 0x23, 0x22,
	0x26, 0x26, 0x35, 0x34, 0x36, 0x36, 0x33, 0x32, 0x16, 0x16, 0x96, 0x50,
	0x50, 0x01, 0x81, 0x3E, 0x67, 0x3F, 0x39, 0x57, 0x31, 0x31, 0x57, 0x39,
	0x3F, 0x67, 0x3E, 0x51, 0x2B, 0x47, 0x2B, 0x23, 0x44, 0x2C, 0x2C, 0x44,
	0x23, 0x2B, 0x47, 0x2B, 0x03, 0x0C, 0xFC, 0xF4, 0xE6, 0x4B, 0x6B, 0x3A,
	0x3A, 0x6B, 0x4B, 0x4A, 0x6C, 0x3A, 0x3A, 0x6C, 0x4A, 0x35, 0x4A, 0x26,
	0x26, 0x4A, 0x35, 0x35, 0x4A, 0x26, 0x26, 0x4A, 0x00, 0x01, 0x00, 0x1E,
	0xFF, 0xF6, 0x01, 0xAC, 0x01, 0xD6, 0x00, 0x1F, 0x00, 0x00, 0x77, 0x34,
	0x36, 0x36, 0x33, 0x32, 0x16, 0x16, 0x17, 0x35, 0x26, 0x26, 0x23, 0x22,
	0x06, 0x06, 0x15, 0x14, 0x16, 0x16, 0x33, 0x32, 0x36, 0x37, 0x35, 0x0E,
	0x02, 0x23, 0x22, 0x26, 0x26, 0x6F, 0x29, 0x47, 0x2D, 0x25, 0x41, 0x30,
	0x0A, 0x18, 0x59, 0x2F, 0x43, 0x6C, 0x3F, 0x3F, 0x6C, 0x43, 0x2F, 0x59,
	0x18, 0x0A, 0x30, 0x41, 0x25, 0x2D, 0x47, 0x29, 0xE6, 0x30, 0x4B, 0x2A,
	0x17, 0x26, 0x17, 0x64, 0x1C, 0x1F, 0x3E, 0x6C, 0x46, 0x45, 0x6D, 0x3E,
	0x1F, 0x1C, 0x64, 0x16, 0x27, 0x17, 0x2B, 0x4A, 0x00, 0x02, 0x00, 0x1E,
	0xFF, 0x23, 0x01, 0xAC, 0x01, 0xD6, 0x00, 0x1F, 0x00, 0x3D, 0x00, 0x00,
	0x77, 0x34, 0x36, 0x36, 0x33, 0x32, 0x16, 0x16, 0x17, 0x35, 0x26, 0x26,
	0x23, 0x22, 0x06, 0x06, 0x15, 0x14, 0x16, 0x16, 0x33, 0x32, 0x36, 0x37,
	0x35, 0x0E, 0x02, 0x23, 0x22, 0x26, 0x26, 0x17, 0x07, 0x36, 0x36, 0x33,
	0x32, 0x16, 0x15, 0x14, 0x06, 0x23, 0x22, 0x26, 0x27, 0x07, 0x16, 0x16,
	0x33, 0x32, 0x36, 0x36, 0x35, 0x34, 0x26, 0x26, 0x23, 0x22, 0x22, 0x23,
	0x37, 0x6F, 0x29, 0x47, 0x2D, 0x25, 0x41, 0x30, 0x0A, 0x18, 0x59, 0x2F,
	0x43, 0x6C, 0x3F, 0x3F, 0x6C, 0x43, 0x2F, 0x59, 0x18, 0x0A, 0x30, 0x41,
	0x25, 0x2D, 0x47, 0x29, 0x93, 0x56, 0x10, 0x23, 0x07, 0x1A, 0x18, 0x18,
	0x1A, 0x13, 0x17, 0x0E, 0x22, 0x15, 0x29, 0x1C, 0x1C, 0x30, 0x1E, 0x16,
	0x21, 0x11, 0x02, 0x05, 0x02, 0x3F, 0xE6, 0x30, 0x4B, 0x2A, 0x17, 0x26,
	0x17, 0x64, 0x1C, 0x1F, 0x3E, 0x6C, 0x46, 0x45, 0x6D, 0x3E, 0x1F, 0x1C,
	0x64, 0x16, 0x27, 0x17, 0x2B, 0x4A, 0x7B, 0xA8, 0x0B, 0x07, 0x12, 0x12,
	0x12, 0x16, 0x0C, 0x0C, 0x28, 0x15, 0x11, 0x16, 0x2A, 0x1E, 0x19, 0x20,
	0x11, 0x70, 0x00, 0x02, 0x00, 0x1E, 0xFF, 0xF6, 0x01, 0xAC, 0x02, 0xD0,
	0x00, 0x1F, 0x00, 0x23, 0x00, 0x00, 0x77, 0x34, 0x36, 0x36, 0x33, 0x32,
	0x16, 0x16, 0x17, 0x35, 0x26, 0x26, 0x23, 0x22, 0x06, 0x06, 0x15, 0x14,
	0x16, 0x16, 0x33, 0x32, 0x36, 0x37, 0x35, 0x0E, 0x02, 0x23, 0x22, 0x26,
	0x26, 0x01, 0x27, 0x07, 0x17, 0x6F, 0x29, 0x47, 0x2D, 0x25, 0x41, 0x30,
	0x0A, 0x18, 0x59, 0x2F, 0x43, 0x6C, 0x3F, 0x3F, 0x6C, 0x43, 0x2F, 0x59,
	0x18, 0x0A, 0x30, 0x41, 0x25, 0x2D, 0x47, 0x29, 0x01, 0x1F, 0x4B, 0x96,
	0x2D, 0xE6, 0x30, 0x4B, 0x2A, 0x17, 0x26, 0x17, 0x64, 0x1C, 0x1F, 0x3E,
	0x6C, 0x46, 0x45, 0x6D, 0x3E, 0x1F, 0x1C, 0x64, 0x16, 0x27, 0x17, 0x2B,
	0x4A, 0x01, 0xF2, 0x28, 0xA0, 0x1E, 0x00, 0x02, 0x00, 0x1E, 0xFF, 0xF6,
	0x01, 0xAC, 0x02, 0xC6, 0x00, 0x1F, 0x00, 0x25, 0x00, 0x00, 0x77, 0x34,
	0x36, 0x36, 0x33, 0x32, 0x16, 0x16, 0x17, 0x35, 0x26, 0x26, 0x23, 0x22,
	0x06, 0x06, 0x15, 0x14, 0x16, 0x16, 0x33, 0x32, 0x36, 0x37, 0x35, 0x0E,
	0x02, 0x23, 0x22, 0x26, 0x26, 0x13, 0x17, 0x37, 0x27, 0x07, 0x17, 0x6F,
	0x29, 0x47, 0x2D, 0x25, 0x41, 0x30, 0x0A, 0x18, 0x59, 0x2F, 0x43, 0x6C,
	0x3F, 0x3F, 0x6C, 0x43, 0x2F, 0x59, 0x18, 0x0A, 0x30, 0x41, 0x25, 0x2D,
	0x47, 0x29, 0x9D, 0x6E, 0x32, 0xA0, 0xA0, 0x32, 0xE6, 0x30, 0x4B, 0x2A,
	0x17, 0x26, 0x17, 0x64, 0x1C, 0x1F, 0x3E, 0x6C, 0x46, 0x45, 0x6D, 0x3E,
	0x1F, 0x1C, 0x64, 0x16, 0x27, 0x17, 0x2B, 0x4A, 0x01, 0xBB, 0x5F, 0x28,
	0x8C, 0x8C, 0x28, 0x00, 0x00, 0x02, 0x00, 0x1E, 0xFF, 0xF6, 0x01, 0xAC,
	0x02, 0x80, 0x00, 0x1F, 0x00, 0x2B, 0x00, 0x00, 0x77, 0x34, 0x36, 0x36,
	0x33, 0x32, 0x16, 0x16, 0x17, 0x35, 0x26, 0x26, 0x23, 0x22, 0x06, 0x06,
	0x15, 0x14, 0x16, 0x16, 0x33, 0x32, 0x36, 0x37, 0x35, 0x0E, 0x02, 0x23,
	0x22, 0x26, 0x26, 0x13, 0x14, 0x16, 0x33, 0x32, 0x36, 0x35, 0x34, 0x26,
	0x23, 0x22, 0x06, 0x6F, 0x29, 0x47, 0x2D, 0x25, 0x41, 0x30, 0x0A, 0x18,
	0x59, 0x2F, 0x43, 0x6C, 0x3F, 0x3F, 0x6C, 0x43, 0x2F, 0x59, 0x18, 0x0A,
	0x30, 0x41, 0x25, 0x2D, 0x47, 0x29, 0x66, 0x21, 0x16, 0x17, 0x20, 0x20,
	0x17, 0x16, 0x21, 0xE6, 0x30, 0x4B, 0x2A, 0x17, 0x26, 0x17, 0x64, 0x1C,
	0x1F, 0x3E, 0x6C, 0x46, 0x45, 0x6D, 0x3E, 0x1F, 0x1C, 0x64, 0x16, 0x27,
	0x17, 0x2B, 0x4A, 0x01, 0x93, 0x16, 0x21, 0x21, 0x16, 0x17, 0x20, 0x20,
	0x00, 0x02, 0x00, 0x1E, 0xFF, 0xF6, 0x01, 0xAC, 0x02, 0xC6, 0x00, 0x1F,
	0x00, 0x25, 0x00, 0x00, 0x77, 0x34, 0x36, 0x36, 0x33, 0x32, 0x16, 0x16,
	0x17, 0x35, 0x26, 0x26, 0x23, 0x22, 0x06, 0x06, 0x15, 0x14, 0x16, 0x16,
	0x33, 0x32, 0x36, 0x37, 0x35, 0x0E, 0x02, 0x23, 0x22, 0x26, 0x26, 0x13,
	0x27, 0x07, 0x17, 0x37, 0x27, 0x6F, 0x29, 0x47, 0x2D, 0x25, 0x41, 0x30,
	0x0A, 0x18, 0x59, 0x2F, 0x43, 0x6C, 0x3F, 0x3F, 0x6C, 0x43, 0x2F, 0x59,
	0x18, 0x0A, 0x30, 0x41, 0x25, 0x2D, 0x47, 0x29, 0x9D, 0x6E, 0x32, 0xA0,
	0xA0, 0x32, 0xE6, 0x30, 0x4B, 0x2A, 0x17, 0x26, 0x17, 0x64, 0x1C, 0x1F,
	0x3E, 0x6C, 0x46, 0x45, 0x6D, 0x3E, 0x1F, 0x1C, 0x64, 0x16, 0x27, 0x17,
	0x2B, 0x4A, 0x01, 0xB1, 0x5F, 0x28, 0x8C, 0x8C, 0x28, 0x00, 0x00, 0x03,
	0x00, 0x23, 0xFF, 0xF6, 0x01, 0xF4, 0x03, 0x0C, 0x00, 0x03, 0x00, 0x13,
	0x00, 0x23, 0x00, 0x00, 0x41, 0x11, 0x33, 0x11, 0x01, 0x14, 0x16, 0x16,
	0x33, 0x32, 0x36, 0x36, 0x35, 0x34, 0x26, 0x26, 0x23, 0x22, 0x06, 0x06,
	0x17, 0x34, 0x36, 0x36, 0x33, 0x32, 0x16, 0x16, 0x15, 0x14, 0x06, 0x06,
	0x23, 0x22, 0x26, 0x26, 0x01, 0xA4, 0x50, 0xFE, 0x2F, 0x3E, 0x68, 0x3E,
	0x3A, 0x56, 0x31, 0x31, 0x56, 0x3A, 0x3E, 0x68, 0x3E, 0x51, 0x2B, 0x48,
	0x2A, 0x23, 0x44, 0x2C, 0x2C, 0x44, 0x23, 0x2A, 0x48, 0x2B, 0x03, 0x0C,
	0xFC, 0xF4, 0x03, 0x0C, 0xFD, 0xDA, 0x4A, 0x6C, 0x3A, 0x3A, 0x6C, 0x4A,
	0x4B, 0x6B, 0x3A, 0x3A, 0x6B, 0x4B, 0x35, 0x4A, 0x26, 0x26, 0x4A, 0x35,
	0x35, 0x4A, 0x26, 0x26, 0x4A, 0x00, 0x00, 0x04, 0x00, 0x23, 0xFF, 0xF6,
	0x02, 0xBA, 0x03, 0x0C, 0x00, 0x03, 0x00, 0x13, 0x00, 0x23, 0x00, 0x27,
	0x00, 0x00, 0x41, 0x11, 0x33, 0x11, 0x01, 0x14, 0x16, 0x16, 0x33, 0x32,
	0x36, 0x36, 0x35, 0x34, 0x26, 0x26, 0x23, 0x22, 0x06, 0x06, 0x17, 0x34,
	0x36, 0x36, 0x33, 0x32, 0x16, 0x16, 0x15, 0x14, 0x06, 0x06, 0x23, 0x22,
	0x26, 0x26, 0x01, 0x03, 0x17, 0x37, 0x01, 0xA4, 0x50, 0xFE, 0x2F, 0x3E,
	0x68, 0x3E, 0x3A, 0x56, 0x31, 0x31, 0x56, 0x3A, 0x3E, 0x68, 0x3E, 0x51,
	0x2B, 0x48, 0x2A, 0x23, 0x44, 0x2C, 0x2C, 0x44, 0x23, 0x2A, 0x48, 0x2B,
	0x01, 0xF6, 0x58, 0x3A, 0x6E, 0x03, 0x0C, 0xFC, 0xF4, 0x03, 0x0C, 0xFD,
	0xDA, 0x4A, 0x6C, 0x3A, 0x3A, 0x6C, 0x4A, 0x4B, 0x6B, 0x3A, 0x3A, 0x6B,
	0x4B, 0x35, 0x4A, 0x26, 0x26, 0x4A, 0x35, 0x35, 0x4A, 0x26, 0x26, 0x4A,
	0x02, 0x5B, 0xFE, 0xFD, 0x15, 0xFA, 0x00, 0x01, 0x00, 0x23, 0xFF, 0xF6,
	0x01, 0xE0, 0x01, 0xD6, 0x00, 0x28, 0x00, 0x00, 0x57, 0x32, 0x36, 0x37,
	0x27, 0x06, 0x06, 0x23, 0x22, 0x26, 0x26, 0x35, 0x3E, 0x02, 0x33, 0x32,
	0x16, 0x16, 0x15, 0x14, 0x06, 0x07, 0x37, 0x21, 0x15, 0x21, 0x34, 0x36,
	0x35, 0x34, 0x26, 0x26, 0x23, 0x22, 0x06, 0x06, 0x15, 0x14, 0x16, 0x16,
	0xFD, 0x4A, 0x6D, 0x24, 0x41, 0x19, 0x48, 0x2F, 0x2F, 0x42, 0x22, 0x01,
	0x23, 0x41, 0x2E, 0x27, 0x3A, 0x21, 0x06, 0x03, 0x20, 0xFE, 0xB6, 0x01,
	0x89, 0x01, 0x34, 0x61, 0x44, 0x44, 0x67, 0x39, 0x37, 0x63, 0x0A, 0x3B,
	0x3A, 0x29, 0x2A, 0x29, 0x28, 0x4C, 0x36, 0x35, 0x49, 0x27, 0x22, 0x3C,
	0x29, 0x07, 0x15, 0x05, 0x2E, 0x44, 0x02, 0x0F, 0x07, 0x49, 0x6A, 0x39,
	0x3C, 0x6C, 0x48, 0x47, 0x6C, 0x3D, 0x00, 0x02, 0x00, 0x23, 0xFF, 0xF6,
	0x01, 0xE0, 0x02, 0xDA, 0x00, 0x2A, 0x00, 0x2E, 0x00, 0x00, 0x77, 0x21,
	0x36, 0x34, 0x35, 0x34, 0x26, 0x26, 0x23, 0x22, 0x06, 0x06, 0x07, 0x06,
	0x06, 0x15, 0x14, 0x16, 0x16, 0x33, 0x32, 0x36, 0x36, 0x37, 0x27, 0x0E,
	0x02, 0x23, 0x22, 0x26, 0x26, 0x35, 0x37, 0x34, 0x36, 0x36, 0x33, 0x32,
	0x16, 0x16, 0x17, 0x21, 0x13, 0x17, 0x37, 0x27, 0x56, 0x01, 0x89, 0x01,
	0x36, 0x62, 0x41, 0x3B, 0x5F, 0x3C, 0x0A, 0x02, 0x02, 0x39, 0x63, 0x3E,
	0x3C, 0x50, 0x38, 0x17, 0x41, 0x0F, 0x2A, 0x35, 0x22, 0x2D, 0x42, 0x24,
	0x02, 0x27, 0x42, 0x28, 0x28, 0x37, 0x1F, 0x04, 0xFE, 0xCD, 0x25, 0xB4,
	0x2D, 0x96, 0xD2, 0x06, 0x0C, 0x06, 0x49, 0x69, 0x3A, 0x30, 0x56, 0x39,
	0x0C, 0x18, 0x0D, 0x45, 0x6D, 0x3E, 0x1D, 0x35, 0x23, 0x29, 0x19, 0x25,
	0x15, 0x26, 0x4A, 0x35, 0x1E, 0x2B, 0x3F, 0x22, 0x1F, 0x37, 0x24, 0x01,
	0x9C, 0x96, 0x1E, 0xA0, 0x00, 0x02, 0x00, 0x23, 0xFF, 0xF6, 0x01, 0xE0,
	0x02, 0xDA, 0x00, 0x2A, 0x00, 0x2E, 0x00, 0x00, 0x77, 0x21, 0x36, 0x34,
	0x35, 0x34, 0x26, 0x26, 0x23, 0x22, 0x06, 0x06, 0x07, 0x06, 0x06, 0x15,
	0x14, 0x16, 0x16, 0x33, 0x32, 0x36, 0x36, 0x37, 0x27, 0x0E, 0x02, 0x23,
	0x22, 0x26, 0x26, 0x35, 0x37, 0x34, 0x36, 0x36, 0x33, 0x32, 0x16, 0x16,
	0x17, 0x21, 0x01, 0x27, 0x07, 0x17, 0x56, 0x01, 0x89, 0x01, 0x36, 0x62,
	0x41, 0x3B, 0x5F, 0x3C, 0x0A, 0x02, 0x02, 0x39, 0x63, 0x3E, 0x3C, 0x50,
	0x38, 0x17, 0x41, 0x0F, 0x2A, 0x35, 0x22, 0x2D, 0x42, 0x24, 0x02, 0x27,
	0x42, 0x28, 0x28, 0x37, 0x1F, 0x04, 0xFE, 0xCD, 0x01, 0x51, 0x4B, 0x96,
	0x2D, 0xD2, 0x06, 0x0C, 0x06, 0x49, 0x69, 0x3A, 0x30, 0x56, 0x39, 0x0C,
	0x18, 0x0D, 0x45, 0x6D, 0x3E, 0x1D, 0x35, 0x23, 0x29, 0x19, 0x25, 0x15,
	0x26, 0x4A, 0x35, 0x1E, 0x2B, 0x3F, 0x22, 0x1F, 0x37, 0x24, 0x01, 0x9C,
	0x28, 0xA0, 0x1E, 0x00, 0x00, 0x02, 0x00, 0x23, 0xFF, 0xF6, 0x01, 0xE0,
	0x02, 0xC6, 0x00, 0x2A, 0x00, 0x30, 0x00, 0x00, 0x77, 0x21, 0x36, 0x34,
	0x35, 0x34, 0x26, 0x26, 0x23, 0x22, 0x06, 0x06, 0x07, 0x06, 0x06, 0x15,
	0x14, 0x16, 0x16, 0x33, 0x32, 0x36, 0x36, 0x37, 0x27, 0x0E, 0x02, 0x23,
	0x22, 0x26, 0x26, 0x35, 0x37, 0x34, 0x36, 0x36, 0x33, 0x32, 0x16, 0x16,
	0x17, 0x21, 0x13, 0x17, 0x37, 0x27, 0x07, 0x17, 0x56, 0x01, 0x89, 0x01,
	0x36, 0x62, 0x41, 0x3B, 0x5F, 0x3C, 0x0A, 0x02, 0x02, 0x39, 0x63, 0x3E,
	0x3C, 0x50, 0x38, 0x17, 0x41, 0x0F, 0x2A, 0x35, 0x22, 0x2D, 0x42, 0x24,
	0x02, 0x27, 0x42, 0x28, 0x28, 0x37, 0x1F, 0x04, 0xFE, 0xCD, 0xB1, 0x6E,
	0x32, 0xA0, 0xA0, 0x32, 0xD2, 0x06, 0x0C, 0x06, 0x49, 0x69, 0x3A, 0x30,
	0x56, 0x39, 0x0C, 0x18, 0x0D, 0x45, 0x6D, 0x3E, 0x1D, 0x35, 0x23, 0x29,
	0x19, 0x25, 0x15, 0x26, 0x4A, 0x35, 0x1E, 0x2B, 0x3F, 0x22, 0x1F, 0x37,
	0x24, 0x01, 0x5B, 0x5F, 0x28, 0x8C, 0x8C, 0x28, 0x00, 0x03, 0x00, 0x23,
	0xFF, 0xF6, 0x01, 0xE0, 0x02, 0x80, 0x00, 0x2A, 0x00, 0x36, 0x00, 0x42,
	0x00, 0x00, 0x77, 0x21, 0x36, 0x34, 0x35, 0x34, 0x26, 0x26, 0x23, 0x22,
	0x06, 0x06, 0x07, 0x06, 0x06, 0x15, 0x14, 0x16, 0x16, 0x33, 0x32, 0x36,
	0x36, 0x37, 0x27, 0x0E, 0x02, 0x23, 0x22, 0x26, 0x26, 0x35, 0x37, 0x34,
	0x36, 0x36, 0x33, 0x32, 0x16, 0x16, 0x17, 0x21, 0x13, 0x14, 0x16, 0x33,
	0x32, 0x36, 0x35, 0x34, 0x26, 0x23, 0x22, 0x06, 0x07, 0x14, 0x16, 0x33,
	0x32, 0x36, 0x35, 0x34, 0x26, 0x23, 0x22, 0x06, 0x56, 0x01, 0x89, 0x01,
	0x36, 0x62, 0x41, 0x3B, 0x5F, 0x3C, 0x0A, 0x02, 0x02, 0x39, 0x63, 0x3E,
	0x3C, 0x50, 0x38, 0x17, 0x41, 0x0F, 0x2A, 0x35, 0x22, 0x2D, 0x42, 0x24,
	0x02, 0x27, 0x42, 0x28, 0x28, 0x37, 0x1F, 0x04, 0xFE, 0xCD, 0xDE, 0x21,
	0x16, 0x17, 0x20, 0x20, 0x17, 0x16, 0x21, 0xC8, 0x21, 0x16, 0x17, 0x20,
	0x20, 0x17, 0x16, 0x21, 0xD2, 0x06, 0x0C, 0x06, 0x49, 0x69, 0x3A, 0x30,
	0x56, 0x39, 0x0C, 0x18, 0x0D, 0x45, 0x6D, 0x3E, 0x1D, 0x35, 0x23, 0x29,
	0x19, 0x25, 0x15, 0x26, 0x4A, 0x35, 0x1E, 0x2B, 0x3F, 0x22, 0x1F, 0x37,
	0x24, 0x01, 0x33, 0x16, 0x21, 0x21, 0x16, 0x17, 0x20, 0x20, 0x17, 0x16,
	0x21, 0x21, 0x16, 0x17, 0x20, 0x20, 0x00, 0x02, 0x00, 0x23, 0xFF, 0xF6,
	0x01, 0xE0, 0x02, 0x5D, 0x00, 0x2A, 0x00, 0x2E, 0x00, 0x00, 0x77, 0x21,
	0x36, 0x34, 0x35, 0x34, 0x26, 0x26, 0x23, 0x22, 0x06, 0x06, 0x07, 0x06,
	0x06, 0x15, 0x14, 0x16, 0x16, 0x33, 0x32, 0x36, 0x36, 0x37, 0x27, 0x0E,
	0x02, 0x23, 0x22, 0x26, 0x26, 0x35, 0x37, 0x34, 0x36, 0x36, 0x33, 0x32,
	0x16, 0x16, 0x17, 0x21, 0x37, 0x21, 0x35, 0x21, 0x56, 0x01, 0x89, 0x01,
	0x36, 0x62, 0x41, 0x3B, 0x5F, 0x3C, 0x0A, 0x02, 0x02, 0x39, 0x63, 0x3E,
	0x3C, 0x50, 0x38, 0x17, 0x41, 0x0F, 0x2A, 0x35, 0x22, 0x2D, 0x42, 0x24,
	0x02, 0x27, 0x42, 0x28, 0x28, 0x37, 0x1F, 0x04, 0xFE, 0xCD, 0x02, 0x01,
	0x5E, 0xFE, 0xA2, 0xD2, 0x06, 0x0C, 0x06, 0x49, 0x69, 0x3A, 0x30, 0x56,
	0x39, 0x0C, 0x18, 0x0D, 0x45, 0x6D, 0x3E, 0x1D, 0x35, 0x23, 0x29, 0x19,
	0x25, 0x15, 0x26, 0x4A, 0x35, 0x1E, 0x2B, 0x3F, 0x22, 0x1F, 0x37, 0x24,
	0xFC, 0x4B, 0x00, 0x02, 0x00, 0x23, 0xFF, 0xF6, 0x01, 0xE0, 0x02, 0x9E,
	0x00, 0x2A, 0x00, 0x3C, 0x00, 0x00, 0x77, 0x21, 0x36, 0x34, 0x35, 0x34,
	0x26, 0x26, 0x23, 0x22, 0x06, 0x06, 0x07, 0x06, 0x06, 0x15, 0x14, 0x16,
	0x16, 0x33, 0x32, 0x36, 0x36, 0x37, 0x27, 0x0E, 0x02, 0x23, 0x22, 0x26,
	0x26, 0x35, 0x37, 0x34, 0x36, 0x36, 0x33, 0x32, 0x16, 0x16, 0x17, 0x21,
	0x13, 0x14, 0x16, 0x16, 0x33, 0x32, 0x36, 0x36, 0x35, 0x23, 0x14, 0x06,
	0x06, 0x23, 0x22, 0x26, 0x26, 0x35, 0x56, 0x01, 0x89, 0x01, 0x36, 0x62,
	0x41, 0x3B, 0x5F, 0x3C, 0x0A, 0x02, 0x02, 0x39, 0x63, 0x3E, 0x3C, 0x50,
	0x38, 0x17, 0x41, 0x0F, 0x2A, 0x35, 0x22, 0x2D, 0x42, 0x24, 0x02, 0x27,
	0x42, 0x28, 0x28, 0x37, 0x1F, 0x04, 0xFE, 0xCD, 0x13, 0x23, 0x47, 0x34,
	0x35, 0x46, 0x23, 0x47, 0x0E, 0x26, 0x23, 0x23, 0x26, 0x0E, 0xD2, 0x06,
	0x0C, 0x06, 0x49, 0x69, 0x3A, 0x30, 0x56, 0x39, 0x0C, 0x18, 0x0D, 0x45,
	0x6D, 0x3E, 0x1D, 0x35, 0x23, 0x29, 0x19, 0x25, 0x15, 0x26, 0x4A, 0x35,
	0x1E, 0x2B, 0x3F, 0x22, 0x1F, 0x37, 0x24, 0x01, 0x88, 0x22, 0x41, 0x29,
	0x29, 0x41, 0x22, 0x0D, 0x23, 0x1B, 0x1B, 0x23, 0x0D, 0x00, 0x00, 0x02,
	0x00, 0x23, 0xFF, 0xF6, 0x01, 0xE0, 0x02, 0x80, 0x00, 0x2A, 0x00, 0x36,
	0x00, 0x00, 0x77, 0x21, 0x36, 0x34, 0x35, 0x34, 0x26, 0x26, 0x23, 0x22,
	0x06, 0x06, 0x07, 0x06, 0x06, 0x15, 0x14, 0x16, 0x16, 0x33, 0x32, 0x36,
	0x36, 0x37, 0x27, 0x0E, 0x02, 0x23, 0x22, 0x26, 0x26, 0x35, 0x37, 0x34,
	0x36, 0x36, 0x33, 0x32, 0x16, 0x16, 0x17, 0x21, 0x13, 0x14, 0x16, 0x33,
	0x32, 0x36, 0x35, 0x34, 0x26, 0x23, 0x22, 0x06, 0x56, 0x01, 0x89, 0x01,
	0x36, 0x62, 0x41, 0x3B, 0x5F, 0x3C, 0x0A, 0x02, 0x02, 0x39, 0x63, 0x3E,
	0x3C, 0x50, 0x38, 0x17, 0x41, 0x0F, 0x2A, 0x35, 0x22, 0x2D, 0x42, 0x24,
	0x02, 0x27, 0x42, 0x28, 0x28, 0x37, 0x1F, 0x04, 0xFE, 0xCD, 0x7A, 0x21,
	0x16, 0x17, 0x20, 0x20, 0x17, 0x16, 0x21, 0xD2, 0x06, 0x0C, 0x06, 0x49,
	0x69, 0x3A, 0x30, 0x56, 0x39, 0x0C, 0x18, 0x0D, 0x45, 0x6D, 0x3E, 0x1D,
	0x35, 0x23, 0x29, 0x19, 0x25, 0x15, 0x26, 0x4A, 0x35, 0x1E, 0x2B, 0x3F,
	0x22, 0x1F, 0x37, 0x24, 0x01, 0x33, 0x16, 0x21, 0x21, 0x16, 0x17, 0x20,
	0x20, 0x00, 0x00, 0x02, 0x00, 0x23, 0xFF, 0x65, 0x01, 0xE0, 0x01, 0xD6,
	0x00, 0x2B, 0x00, 0x43, 0x00, 0x00, 0x77, 0x21, 0x36, 0x34, 0x35, 0x34,
	0x26, 0x26, 0x23, 0x22, 0x06, 0x06, 0x07, 0x06, 0x06, 0x15, 0x14, 0x16,
	0x16, 0x33, 0x32, 0x3E, 0x02, 0x37, 0x27, 0x0E, 0x02, 0x23, 0x22, 0x26,
	0x26, 0x35, 0x37, 0x34, 0x36, 0x36, 0x33, 0x32, 0x16, 0x16, 0x17, 0x21,
	0x01, 0x06, 0x06, 0x23, 0x22, 0x26, 0x35, 0x34, 0x36, 0x36, 0x37, 0x07,
	0x0E, 0x03, 0x15, 0x14, 0x16, 0x16, 0x33, 0x32, 0x36, 0x37, 0x56, 0x01,
	0x89, 0x01, 0x36, 0x62, 0x41, 0x3B, 0x5F, 0x3C, 0x0A, 0x02, 0x02, 0x39,
	0x63, 0x3E, 0x2D, 0x3D, 0x2E, 0x2A, 0x19, 0x41, 0x0F, 0x2A, 0x35, 0x22,
	0x2D, 0x42, 0x24, 0x02, 0x27, 0x42, 0x28, 0x28, 0x37, 0x1F, 0x04, 0xFE,
	0xCD, 0x01, 0x66, 0x0A, 0x14, 0x14, 0x16, 0x1A, 0x17, 0x38, 0x2F, 0x4A,
	0x16, 0x2F, 0x27, 0x18, 0x20, 0x34, 0x1D, 0x20, 0x37, 0x0B, 0xD2, 0x06,
	0x0C, 0x06, 0x49, 0x69, 0x3A, 0x30, 0x56, 0x39, 0x0C, 0x18, 0x0D, 0x45,
	0x6D, 0x3E, 0x14, 0x21, 0x2A, 0x16, 0x29, 0x19, 0x25, 0x15, 0x26, 0x4A,
	0x35, 0x1E, 0x2B, 0x3F, 0x22, 0x1F, 0x37, 0x24, 0xFE, 0xA9, 0x0A, 0x0A,
	0x15, 0x13, 0x13, 0x20, 0x35, 0x30, 0x11, 0x15, 0x28, 0x27, 0x29, 0x16,
	0x1D, 0x25, 0x10, 0x19, 0x0F, 0x00, 0x00, 0x02, 0x00, 0x23, 0xFF, 0xF6,
	0x01, 0xE0, 0x02, 0xC6, 0x00, 0x2A, 0x00, 0x30, 0x00, 0x00, 0x77, 0x21,
	0x36, 0x34, 0x35, 0x34, 0x26, 0x26, 0x23, 0x22, 0x06, 0x06, 0x07, 0x06,
	0x06, 0x15, 0x14, 0x16, 0x16, 0x33, 0x32, 0x36, 0x36, 0x37, 0x27, 0x0E,
	0x02, 0x23, 0x22, 0x26, 0x26, 0x35, 0x37, 0x34, 0x36, 0x36, 0x33, 0x32,
	0x16, 0x16, 0x17, 0x21, 0x13, 0x27, 0x07, 0x17, 0x37, 0x27, 0x56, 0x01,
	0x89, 0x01, 0x36, 0x62, 0x41, 0x3B, 0x5F, 0x3C, 0x0A, 0x02, 0x02, 0x39,
	0x63, 0x3E, 0x3C, 0x50, 0x38, 0x17, 0x41, 0x0F, 0x2A, 0x35, 0x22, 0x2D,
	0x42, 0x24, 0x02, 0x27, 0x42, 0x28, 0x28, 0x37, 0x1F, 0x04, 0xFE, 0xCD,
	0xB1, 0x6E, 0x32, 0xA0, 0xA0, 0x32, 0xD2, 0x06, 0x0C, 0x06, 0x49, 0x69,
	0x3A, 0x30, 0x56, 0x39, 0x0C, 0x18, 0x0D, 0x45, 0x6D, 0x3E, 0x1D, 0x35,
	0x23, 0x29, 0x19, 0x25, 0x15, 0x26, 0x4A, 0x35, 0x1E, 0x2B, 0x3F, 0x22,
	0x1F, 0x37, 0x24, 0x01, 0x51, 0x5F, 0x28, 0x8C, 0x8C, 0x28, 0x00, 0x02,
	0x00, 0x28, 0x00, 0x00, 0x01, 0x32, 0x03, 0x16, 0x00, 0x03, 0x00, 0x16,
	0x00, 0x00, 0x53, 0x15, 0x33, 0x35, 0x27, 0x37, 0x2E, 0x02, 0x23, 0x22,
	0x06, 0x06, 0x15, 0x11, 0x33, 0x11, 0x34, 0x36, 0x36, 0x33, 0x32, 0x16,
	0x28, 0xE6, 0x08, 0x2C, 0x07, 0x19, 0x22, 0x16, 0x2A, 0x3B, 0x20, 0x50,
	0x0C, 0x15, 0x0F, 0x0C, 0x1B, 0x01, 0xCC, 0x4B, 0x4B, 0xE0, 0x42, 0x0A,
	0x12, 0x0C, 0x23, 0x46, 0x37, 0xFD, 0x8A, 0x02, 0x6C, 0x21, 0x28, 0x11,
	0x09, 0x00, 0x00, 0x03, 0x00, 0x23, 0xFF, 0x1A, 0x01, 0xF4, 0x01, 0xD6,
	0x00, 0x13, 0x00, 0x23, 0x00, 0x34, 0x00, 0x00, 0x57, 0x14, 0x16, 0x16,
	0x33, 0x32, 0x36, 0x36, 0x35, 0x11, 0x23, 0x11, 0x14, 0x06, 0x06, 0x23,
	0x22, 0x26, 0x26, 0x35, 0x03, 0x14, 0x16, 0x16, 0x33, 0x32, 0x36, 0x36,
	0x35, 0x34, 0x26, 0x26, 0x23, 0x22, 0x06, 0x06, 0x17, 0x34, 0x36, 0x36,
	0x33, 0x32, 0x1E, 0x02, 0x15, 0x14, 0x06, 0x06, 0x23, 0x22, 0x26, 0x26,
	0x2C, 0x3A, 0x67, 0x43, 0x3A, 0x68, 0x42, 0x50, 0x2D, 0x44, 0x23, 0x2D,
	0x42, 0x24, 0x5A, 0x3E, 0x68, 0x3E, 0x3A, 0x56, 0x31, 0x31, 0x56, 0x3A,
	0x3E, 0x68, 0x3E, 0x51, 0x2B, 0x48, 0x2A, 0x1A, 0x34, 0x2B, 0x1A, 0x2C,
	0x44, 0x23, 0x2A, 0x48, 0x2B, 0x1E, 0x3B, 0x5B, 0x32, 0x36, 0x6B, 0x4F,
	0x01, 0xC2, 0xFE, 0x3E, 0x3A, 0x49, 0x22, 0x23, 0x39, 0x21, 0x01, 0x04,
	0x4A, 0x6C, 0x3A, 0x3A, 0x6C, 0x4A, 0x4B, 0x6B, 0x3A, 0x3A, 0x6B, 0x4B,
	0x35, 0x4A, 0x26, 0x16, 0x2A, 0x3D, 0x28, 0x35, 0x4A, 0x26, 0x26, 0x4A,
	0x00, 0x04, 0x00, 0x23, 0xFF, 0x1A, 0x01, 0xF4, 0x02, 0xC6, 0x00, 0x13,
	0x00, 0x23, 0x00, 0x34, 0x00, 0x3A, 0x00, 0x00, 0x57, 0x14, 0x16, 0x16,
	0x33, 0x32, 0x36, 0x36, 0x35, 0x11, 0x23, 0x11, 0x14, 0x06, 0x06, 0x23,
	0x22, 0x26, 0x26, 0x35, 0x03, 0x14, 0x16, 0x16, 0x33, 0x32, 0x36, 0x36,
	0x35, 0x34, 0x26, 0x26, 0x23, 0x22, 0x06, 0x06, 0x17, 0x34, 0x36, 0x36,
	0x33, 0x32, 0x1E, 0x02, 0x15, 0x14, 0x06, 0x06, 0x23, 0x22, 0x26, 0x26,
	0x13, 0x17, 0x37, 0x27, 0x07, 0x17, 0x2C, 0x3A, 0x67, 0x43, 0x3A, 0x68,
	0x42, 0x50, 0x2D, 0x44, 0x23, 0x2D, 0x42, 0x24, 0x5A, 0x3E, 0x68, 0x3E,
	0x3A, 0x56, 0x31, 0x31, 0x56, 0x3A, 0x3E, 0x68, 0x3E, 0x51, 0x2B, 0x48,
	0x2A, 0x1A, 0x34, 0x2B, 0x1A, 0x2C, 0x44, 0x23, 0x2A, 0x48, 0x2B, 0x93,
	0x6E, 0x32, 0xA0, 0xA0, 0x32, 0x1E, 0x3B, 0x5B, 0x32, 0x36, 0x6B, 0x4F,
	0x01, 0xC2, 0xFE, 0x3E, 0x3A, 0x49, 0x22, 0x23, 0x39, 0x21, 0x01, 0x04,
	0x4A, 0x6C, 0x3A, 0x3A, 0x6C, 0x4A, 0x4B, 0x6B, 0x3A, 0x3A, 0x6B, 0x4B,
	0x35, 0x4A, 0x26, 0x16, 0x2A, 0x3D, 0x28, 0x35, 0x4A, 0x26, 0x26, 0x4A,
	0x01, 0xC0, 0x5F, 0x28, 0x8C, 0x8C, 0x28, 0x00, 0x00, 0x04, 0x00, 0x23,
	0xFF, 0x1A, 0x01, 0xF4, 0x02, 0x9E, 0x00, 0x13, 0x00, 0x23, 0x00, 0x34,
	0x00, 0x46, 0x00, 0x00, 0x57, 0x14, 0x16, 0x16, 0x33, 0x32, 0x36, 0x36,
	0x35, 0x11, 0x23, 0x11, 0x14, 0x06, 0x06, 0x23, 0x22, 0x26, 0x26, 0x35,
	0x03, 0x14, 0x16, 0x16, 0x33, 0x32, 0x36, 0x36, 0x35, 0x34, 0x26, 0x26,
	0x23, 0x22, 0x06, 0x06, 0x17, 0x34, 0x36, 0x36, 0x33, 0x32, 0x1E, 0x02,
	0x15, 0x14, 0x06, 0x06, 0x23, 0x22, 0x26, 0x26, 0x03, 0x14, 0x16, 0x16,
	0x33, 0x32, 0x36, 0x36, 0x35, 0x23, 0x14, 0x06, 0x06, 0x23, 0x22, 0x26,
	0x26, 0x35, 0x2C, 0x3A, 0x67, 0x43, 0x3A, 0x68, 0x42, 0x50, 0x2D, 0x44,
	0x23, 0x2D, 0x42, 0x24, 0x5A, 0x3E, 0x68, 0x3E, 0x3A, 0x56, 0x31, 0x31,
	0x56, 0x3A, 0x3E, 0x68, 0x3E, 0x51, 0x2B, 0x48, 0x2A, 0x1A, 0x34, 0x2B,
	0x1A, 0x2C, 0x44, 0x23, 0x2A, 0x48, 0x2B, 0x0B, 0x23, 0x47, 0x34, 0x35,
	0x46, 0x23, 0x47, 0x0E, 0x26, 0x23, 0x23, 0x26, 0x0E, 0x1E, 0x3B, 0x5B,
	0x32, 0x36, 0x6B, 0x4F, 0x01, 0xC2, 0xFE, 0x3E, 0x3A, 0x49, 0x22, 0x23,
	0x39, 0x21, 0x01, 0x04, 0x4A, 0x6C, 0x3A, 0x3A, 0x6C, 0x4A, 0x4B, 0x6B,
	0x3A, 0x3A, 0x6B, 0x4B, 0x35, 0x4A, 0x26, 0x16, 0x2A, 0x3D, 0x28, 0x35,
	0x4A, 0x26, 0x26, 0x4A, 0x01, 0xED, 0x22, 0x41, 0x29, 0x29, 0x41, 0x22,
	0x0D, 0x23, 0x1B, 0x1B, 0x23, 0x0D, 0x00, 0x04, 0x00, 0x23, 0xFF, 0x1A,
	0x01, 0xF4, 0x02, 0xA8, 0x00, 0x13, 0x00, 0x23, 0x00, 0x34, 0x00, 0x40,
	0x00, 0x00, 0x57, 0x14, 0x16, 0x16, 0x33, 0x32, 0x36, 0x36, 0x35, 0x11,
	0x23, 0x11, 0x14, 0x06, 0x06, 0x23, 0x22, 0x26, 0x26, 0x35, 0x03, 0x14,
	0x16, 0x16, 0x33, 0x32, 0x36, 0x36, 0x35, 0x34, 0x26, 0x26, 0x23, 0x22,
	0x06, 0x06, 0x17, 0x34, 0x36, 0x36, 0x33, 0x32, 0x1E, 0x02, 0x15, 0x14,
	0x06, 0x06, 0x23, 0x22, 0x26, 0x26, 0x13, 0x14, 0x16, 0x33, 0x32, 0x36,
	0x35, 0x34, 0x26, 0x23, 0x22, 0x06, 0x2C, 0x3A, 0x67, 0x43, 0x3A, 0x68,
	0x42, 0x50, 0x2D, 0x44, 0x23, 0x2D, 0x42, 0x24, 0x5A, 0x3E, 0x68, 0x3E,
	0x3A, 0x56, 0x31, 0x31, 0x56, 0x3A, 0x3E, 0x68, 0x3E, 0x51, 0x2B, 0x48,
	0x2A, 0x1A, 0x34, 0x2B, 0x1A, 0x2C, 0x44, 0x23, 0x2A, 0x48, 0x2B, 0x70,
	0x21, 0x16, 0x17, 0x20, 0x20, 0x17, 0x16, 0x21, 0x1E, 0x3B, 0x5B, 0x32,
	0x36, 0x6B, 0x4F, 0x01, 0xC2, 0xFE, 0x3E, 0x3A, 0x49, 0x22, 0x23, 0x39,
	0x21, 0x01, 0x04, 0x4A, 0x6C, 0x3A, 0x3A, 0x6C, 0x4A, 0x4B, 0x6B, 0x3A,
	0x3A, 0x6B, 0x4B, 0x35, 0x4A, 0x26, 0x16, 0x2A, 0x3D, 0x28, 0x35, 0x4A,
	0x26, 0x26, 0x4A, 0x01, 0xC0, 0x16, 0x21, 0x21, 0x16, 0x17, 0x20, 0x20,
	0x00, 0x04, 0x00, 0x23, 0xFF, 0x1A, 0x01, 0xF4, 0x03, 0x32, 0x00, 0x13,
	0x00, 0x23, 0x00, 0x34, 0x00, 0x38, 0x00, 0x00, 0x57, 0x14, 0x16, 0x16,
	0x33, 0x32, 0x36, 0x36, 0x35, 0x11, 0x23, 0x11, 0x14, 0x06, 0x06, 0x23,
	0x22, 0x26, 0x26, 0x35, 0x03, 0x14, 0x16, 0x16, 0x33, 0x32, 0x36, 0x36,
	0x35, 0x34, 0x26, 0x26, 0x23, 0x22, 0x06, 0x06, 0x17, 0x34, 0x36, 0x36,
	0x33, 0x32, 0x1E, 0x02, 0x15, 0x14, 0x06, 0x06, 0x23, 0x22, 0x26, 0x26,
	0x13, 0x37, 0x27, 0x07, 0x2C, 0x3A, 0x67, 0x43, 0x3A, 0x68, 0x42, 0x50,
	0x2D, 0x44, 0x23, 0x2D, 0x42, 0x24, 0x5A, 0x3E, 0x68, 0x3E, 0x3A, 0x56,
	0x31, 0x31, 0x56, 0x3A, 0x3E, 0x68, 0x3E, 0x51, 0x2B, 0x48, 0x2A, 0x1A,
	0x34, 0x2B, 0x1A, 0x2C, 0x44, 0x23, 0x2A, 0x48, 0x2B, 0xA6, 0x7F, 0x36,
	0x93, 0x1E, 0x3B, 0x5B, 0x32, 0x36, 0x6B, 0x4F, 0x01, 0xC2, 0xFE, 0x3E,
	0x3A, 0x49, 0x22, 0x23, 0x39, 0x21, 0x01, 0x04, 0x4A, 0x6C, 0x3A, 0x3A,
	0x6C, 0x4A, 0x4B, 0x6B, 0x3A, 0x3A, 0x6B, 0x4B, 0x35, 0x4A, 0x26, 0x16,
	0x2A, 0x3D, 0x28, 0x35, 0x4A, 0x26, 0x26, 0x4A, 0x01, 0x71, 0xF2, 0x1E,
	0xE6, 0x00, 0x00, 0x02, 0x00, 0x4B, 0x00, 0x00, 0x01, 0xC2, 0x03, 0x0C,
	0x00, 0x03, 0x00, 0x16, 0x00, 0x00, 0x53, 0x23, 0x11, 0x33, 0x13, 0x11,
	0x33, 0x11, 0x34, 0x26, 0x26, 0x23, 0x22, 0x06, 0x06, 0x15, 0x33, 0x34,
	0x36, 0x36, 0x33, 0x32, 0x16, 0x9B, 0x50, 0x50, 0xD7, 0x50, 0x27, 0x47,
	0x30, 0x30, 0x49, 0x2A, 0x1A, 0x1D, 0x35, 0x23, 0x31, 0x31, 0x03, 0x0C,
	0xFC, 0xF4, 0x01, 0x18, 0xFE, 0xE8, 0x01, 0x22, 0x3C, 0x50, 0x28, 0x32,
	0x55, 0x37, 0x21, 0x34, 0x1E, 0x3A, 0x00, 0x03, 0xFF, 0xDA, 0x00, 0x00,
	0x01, 0xC2, 0x03, 0xFC, 0x00, 0x03, 0x00, 0x16, 0x00, 0x1C, 0x00, 0x00,
	0x53, 0x23, 0x11, 0x33, 0x13, 0x11, 0x33, 0x11, 0x34, 0x26, 0x26, 0x23,
	0x22, 0x06, 0x06, 0x15, 0x33, 0x34, 0x36, 0x36, 0x33, 0x32, 0x16, 0x03,
	0x17, 0x37, 0x27, 0x07, 0x17, 0x9B, 0x50, 0x50, 0xD7, 0x50, 0x27, 0x47,
	0x30, 0x30, 0x4E, 0x2F, 0x24, 0x1D, 0x35, 0x23, 0x31, 0x31, 0xF8, 0x6E,
	0x32, 0xA0, 0xA0, 0x32, 0x03, 0x0C, 0xFC, 0xF4, 0x01, 0x18, 0xFE, 0xE8,
	0x01, 0x22, 0x3C, 0x50, 0x28, 0x32, 0x55, 0x37, 0x21, 0x34, 0x1E, 0x3A,
	0x02, 0x56, 0x5F, 0x28, 0x8C, 0x8C, 0x28, 0x00, 0x00, 0x02, 0x00, 0x4B,
	0x00, 0x00, 0x00, 0xB9, 0x02, 0xC1, 0x00, 0x0B, 0x00, 0x0F, 0x00, 0x00,
	0x53, 0x14, 0x16, 0x33, 0x32, 0x36, 0x35, 0x34, 0x26, 0x23, 0x22, 0x06,
	0x17, 0x11, 0x33, 0x11, 0x4B, 0x21, 0x16, 0x17, 0x20, 0x20, 0x17, 0x16,
	0x21, 0x0F, 0x50, 0x02, 0x8A, 0x16, 0x21, 0x21, 0x16, 0x17, 0x20, 0x20,
	0xD5, 0xFE, 0x34, 0x01, 0xCC, 0x00, 0x00, 0x02, 0xFF, 0xE2, 0x00, 0x00,
	0x00, 0xC3, 0x02, 0xE4, 0x00, 0x03, 0x00, 0x07, 0x00, 0x00, 0x53, 0x11,
	0x33, 0x11, 0x27, 0x17, 0x37, 0x27, 0x5A, 0x50, 0xC8, 0xB4, 0x2D, 0x96,
	0x01, 0xCC, 0xFE, 0x34, 0x01, 0xCC, 0xF0, 0x96, 0x1E, 0xA0, 0x00, 0x02,
	0x00, 0x41, 0x00, 0x00, 0x01, 0x22, 0x02, 0xE4, 0x00, 0x03, 0x00, 0x07,
	0x00, 0x00, 0x53, 0x11, 0x33, 0x11, 0x37, 0x27, 0x07, 0x17, 0x5A, 0x50,
	0x78, 0x4B, 0x96, 0x2D, 0x01, 0xCC, 0xFE, 0x34, 0x01, 0xCC, 0xF0, 0x28,
	0xA0, 0x1E, 0x00, 0x02, 0xFF, 0xE2, 0x00, 0x00, 0x01, 0x22, 0x02, 0xD0,
	0x00, 0x03, 0x00, 0x09, 0x00, 0x00, 0x53, 0x11, 0x33, 0x11, 0x27, 0x17,
	0x37, 0x27, 0x07, 0x17, 0x5A, 0x50, 0x28, 0x6E, 0x32, 0xA0, 0xA0, 0x32,
	0x01, 0xCC, 0xFE, 0x34, 0x01, 0xCC, 0xAF, 0x5F, 0x28, 0x8C, 0x8C, 0x28,
	0x00, 0x03, 0xFF, 0xE7, 0x00, 0x00, 0x01, 0x1D, 0x02, 0x9E, 0x00, 0x03,
	0x00, 0x0F, 0x00, 0x1B, 0x00, 0x00, 0x53, 0x11, 0x33, 0x11, 0x37, 0x14,
	0x16, 0x33, 0x32, 0x36, 0x35, 0x34, 0x26, 0x23, 0x22, 0x06, 0x07, 0x14,
	0x16, 0x33, 0x32, 0x36, 0x35, 0x34, 0x26, 0x23, 0x22, 0x06, 0x5A, 0x50,
	0x05, 0x21, 0x16, 0x17, 0x20, 0x20, 0x17, 0x16, 0x21, 0xC8, 0x21, 0x16,
	0x17, 0x20, 0x20, 0x17, 0x16, 0x21, 0x01, 0xCC, 0xFE, 0x34, 0x01, 0xCC,
	0x9B, 0x16, 0x21, 0x21, 0x16, 0x17, 0x20, 0x20, 0x17, 0x16, 0x21, 0x21,
	0x16, 0x17, 0x20, 0x20, 0x00, 0x02, 0xFF, 0xDD, 0x00, 0x00, 0x01, 0x27,
	0x02, 0x8A, 0x00, 0x03, 0x00, 0x1D, 0x00, 0x00, 0x53, 0x11, 0x33, 0x11,
	0x27, 0x17, 0x34, 0x36, 0x36, 0x33, 0x32, 0x16, 0x16, 0x33, 0x32, 0x36,
	0x36, 0x37, 0x27, 0x06, 0x06, 0x23, 0x22, 0x2E, 0x02, 0x23, 0x22, 0x06,
	0x06, 0x5A, 0x50, 0xCD, 0x35, 0x08, 0x16, 0x14, 0x17, 0x21, 0x26, 0x1B,
	0x19, 0x2A, 0x1F, 0x08, 0x2E, 0x0F, 0x1B, 0x0E, 0x14, 0x1A, 0x17, 0x1F,
	0x18, 0x16, 0x2D, 0x20, 0x01, 0xCC, 0xFE, 0x34, 0x01, 0xCC, 0x6B, 0x25,
	0x08, 0x18, 0x13, 0x17, 0x18, 0x15, 0x22, 0x12, 0x2B, 0x18, 0x18, 0x0E,
	0x13, 0x0E, 0x15, 0x24, 0x00, 0x02, 0xFF, 0xD3, 0x00, 0x00, 0x01, 0x31,
	0x02, 0x5D, 0x00, 0x03, 0x00, 0x07, 0x00, 0x00, 0x53, 0x11, 0x33, 0x11,
	0x27, 0x21, 0x35, 0x21, 0x5A, 0x50, 0xD7, 0x01, 0x5E, 0xFE, 0xA2, 0x01,
	0xCC, 0xFE, 0x34, 0x01, 0xCC, 0x46, 0x4B, 0x00, 0x00, 0x02, 0xFF, 0xE4,
	0x00, 0x00, 0x01, 0x20, 0x02, 0x9E, 0x00, 0x03, 0x00, 0x15, 0x00, 0x00,
	0x53, 0x11, 0x33, 0x11, 0x27, 0x14, 0x16, 0x16, 0x33, 0x32, 0x36, 0x36,
	0x35, 0x23, 0x14, 0x06, 0x06, 0x23, 0x22, 0x26, 0x26, 0x35, 0x5A, 0x50,
	0xC6, 0x23, 0x47, 0x34, 0x35, 0x46, 0x23, 0x47, 0x0E, 0x26, 0x23, 0x23,
	0x26, 0x0E, 0x01, 0xCC, 0xFE, 0x34, 0x01, 0xCC, 0xD2, 0x22, 0x41, 0x29,
	0x29, 0x41, 0x22, 0x0D, 0x23, 0x1B, 0x1B, 0x23, 0x0D, 0x00, 0x00, 0x03,
	0xFF, 0xFD, 0xFF, 0x24, 0x00, 0xD0, 0x02, 0xC1, 0x00, 0x0B, 0x00, 0x0F,
	0x00, 0x26, 0x00, 0x00, 0x53, 0x14, 0x16, 0x33, 0x32, 0x36, 0x35, 0x34,
	0x26, 0x23, 0x22, 0x06, 0x17, 0x11, 0x33, 0x11, 0x13, 0x06, 0x06, 0x23,
	0x22, 0x26, 0x35, 0x34, 0x36, 0x36, 0x37, 0x27, 0x0E, 0x02, 0x15, 0x14,
	0x16, 0x16, 0x33, 0x32, 0x36, 0x37, 0x4B, 0x21, 0x16, 0x17, 0x20, 0x20,
	0x17, 0x16, 0x21, 0x0F, 0x50, 0x05, 0x0A, 0x14, 0x14, 0x16, 0x1A, 0x19,
	0x2A, 0x1A, 0x29, 0x23, 0x3C, 0x25, 0x1B, 0x36, 0x2A, 0x20, 0x2D, 0x0B,
	0x02, 0x8A, 0x16, 0x21, 0x21, 0x16, 0x17, 0x20, 0x20, 0xD5, 0xFE, 0x34,
	0x01, 0xCC, 0xFD, 0xB2, 0x0A, 0x0A, 0x17, 0x1B, 0x13, 0x25, 0x21, 0x0B,
	0x19, 0x12, 0x2D, 0x34, 0x1E, 0x1D, 0x2E, 0x19, 0x19, 0x0F, 0x00, 0x02,
	0xFF, 0xC3, 0xFF, 0x24, 0x00, 0xAA, 0x02, 0xC0, 0x00, 0x0B, 0x00, 0x1E,
	0x00, 0x00, 0x53, 0x14, 0x16, 0x33, 0x32, 0x36, 0x35, 0x34, 0x26, 0x23,
	0x22, 0x06, 0x03, 0x07, 0x1E, 0x02, 0x33, 0x32, 0x36, 0x36, 0x35, 0x11,
	0x23, 0x11, 0x14, 0x06, 0x06, 0x23, 0x22, 0x26, 0x3E, 0x20, 0x16, 0x17,
	0x1F, 0x1F, 0x17, 0x16, 0x20, 0x4F, 0x2C, 0x0A, 0x1A, 0x20, 0x14, 0x2A,
	0x3C, 0x1F, 0x50, 0x0A, 0x15, 0x11, 0x10, 0x19, 0x02, 0x8A, 0x16, 0x20,
	0x20, 0x16, 0x17, 0x1F, 0x1F, 0xFC, 0xED, 0x42, 0x0D, 0x12, 0x09, 0x26,
	0x48, 0x32, 0x02, 0x08, 0xFE, 0x02, 0x20, 0x28, 0x12, 0x0E, 0x00, 0x02,
	0xFF, 0xC3, 0xFF, 0x24, 0x01, 0x18, 0x02, 0xC6, 0x00, 0x12, 0x00, 0x18,
	0x00, 0x00, 0x47, 0x07, 0x1E, 0x02, 0x33, 0x32, 0x36, 0x36, 0x35, 0x11,
	0x23, 0x11, 0x14, 0x06, 0x06, 0x23, 0x22, 0x26, 0x13, 0x17, 0x37, 0x27,
	0x07, 0x17, 0x11, 0x2C, 0x08, 0x18, 0x23, 0x15, 0x2A, 0x3C, 0x1F, 0x50,
	0x0B, 0x16, 0x0F, 0x0C, 0x1A, 0x7E, 0x6E, 0x32, 0xA0, 0xA0, 0x32, 0x72,
	0x42, 0x0A, 0x12, 0x0C, 0x23, 0x47, 0x36, 0x02, 0x08, 0xFE, 0x02, 0x21,
	0x27, 0x12, 0x09, 0x02, 0xF4, 0x5F, 0x28, 0x8C, 0x8C, 0x28, 0x00, 0x02,
	0x00, 0x46, 0x00, 0x00, 0x01, 0xB8, 0x03, 0x0C, 0x00, 0x03, 0x00, 0x09,
	0x00, 0x00, 0x53, 0x11, 0x33, 0x11, 0x13, 0x07, 0x13, 0x33, 0x03, 0x37,
	0x46, 0x50, 0xAA, 0xC8, 0xDC, 0x64, 0xDC, 0xC8, 0x03, 0x0C, 0xFC, 0xF4,
	0x03, 0x0C, 0xFE, 0xC0, 0xBE, 0xFE, 0xF2, 0x01, 0x0E, 0xBE, 0x00, 0x03,
	0x00, 0x46, 0xFE, 0xAC, 0x01, 0xB8, 0x03, 0x0C, 0x00, 0x03, 0x00, 0x09,
	0x00, 0x0D, 0x00, 0x00, 0x53, 0x11, 0x33, 0x11, 0x13, 0x07, 0x13, 0x33,
	0x03, 0x37, 0x03, 0x03, 0x17, 0x37, 0x46, 0x50, 0xAA, 0xC8, 0xDC, 0x64,
	0xDC, 0xC8, 0xA1, 0x58, 0x3A, 0x6E, 0x03, 0x0C, 0xFC, 0xF4, 0x03, 0x0C,
	0xFE, 0xC0, 0xBE, 0xFE, 0xF2, 0x01, 0x0E, 0xBE, 0xFD, 0xF8, 0xFE, 0xFD,
	0x15, 0xFA, 0x00, 0x01, 0x00, 0x4B, 0x00, 0x00, 0x00, 0x9B, 0x03, 0x0C,
	0x00, 0x03, 0x00, 0x00, 0x53, 0x11, 0x33, 0x11, 0x4B, 0x50, 0x03, 0x0C,
	0xFC, 0xF4, 0x03, 0x0C, 0x00, 0x02, 0x00, 0x14, 0x00, 0x00, 0x00, 0xF5,
	0x04, 0x06, 0x00, 0x03, 0x00, 0x07, 0x00, 0x00, 0x53, 0x11, 0x33, 0x11,
	0x37, 0x27, 0x07, 0x17, 0x4B, 0x50, 0x5A, 0x4B, 0x96, 0x2D, 0x03, 0x0C,
	0xFC, 0xF4, 0x03, 0x0C, 0xD2, 0x28, 0xA0, 0x1E, 0x00, 0x02, 0x00, 0x1F,
	0xFE, 0xAC, 0x00, 0xC7, 0x03, 0x0C, 0x00, 0x03, 0x00, 0x07, 0x00, 0x00,
	0x53, 0x11, 0x33, 0x11, 0x03, 0x03, 0x17, 0x37, 0x4B, 0x50, 0x24, 0x58,
	0x3A, 0x6E, 0x03, 0x0C, 0xFC, 0xF4, 0x03, 0x0C, 0xFC, 0xB8, 0xFE, 0xFD,
	0x15, 0xFA, 0x00, 0x02, 0x00, 0x4B, 0x00, 0x00, 0x01, 0x75, 0x03, 0x0C,
	0x00, 0x03, 0x00, 0x07, 0x00, 0x00, 0x53, 0x11, 0x33, 0x11, 0x33, 0x03,
	0x17, 0x37, 0x4B, 0x50, 0x8A, 0x58, 0x3A, 0x6E, 0x03, 0x0C, 0xFC, 0xF4,
	0x03, 0x0C, 0xFE, 0xFD, 0x15, 0xFA, 0x00, 0x01, 0x00, 0x4B, 0x00, 0x00,
	0x02, 0xC1, 0x01, 0xD6, 0x00, 0x25, 0x00, 0x00, 0x41, 0x34, 0x26, 0x26,
	0x23, 0x22, 0x06, 0x07, 0x26, 0x26, 0x23, 0x22, 0x06, 0x07, 0x35, 0x23,
	0x11, 0x33, 0x11, 0x34, 0x36, 0x36, 0x33, 0x32, 0x16, 0x15, 0x11, 0x33,
	0x11, 0x34, 0x36, 0x36, 0x33, 0x32, 0x16, 0x15, 0x11, 0x33, 0x02, 0xC1,
	0x23, 0x42, 0x2F, 0x2E, 0x48, 0x18, 0x10, 0x45, 0x30, 0x2B, 0x3F, 0x15,
	0x50, 0x50, 0x1A, 0x30, 0x21, 0x2D, 0x2B, 0x50, 0x1A, 0x30, 0x21, 0x2D,
	0x2B, 0x50, 0x01, 0x22, 0x39, 0x51, 0x2A, 0x2B, 0x2B, 0x29, 0x2D, 0x26,
	0x27, 0x43, 0xFE, 0x34, 0x01, 0x18, 0x24, 0x34, 0x1B, 0x38, 0x3B, 0xFE,
	0xE8, 0x01, 0x18, 0x24, 0x34, 0x1B, 0x38, 0x3B, 0xFE, 0xE8, 0x00, 0x01,
	0x00, 0x4B, 0x00, 0x00, 0x01, 0xC2, 0x01, 0xD6, 0x00, 0x14, 0x00, 0x00,
	0x41, 0x11, 0x33, 0x11, 0x34, 0x26, 0x23, 0x22, 0x06, 0x07, 0x35, 0x23,
	0x11, 0x33, 0x11, 0x34, 0x36, 0x36, 0x33, 0x32, 0x16, 0x01, 0x72, 0x50,
	0x55, 0x49, 0x2D, 0x45, 0x17, 0x50, 0x50, 0x1D, 0x35, 0x23, 0x30, 0x32,
	0x01, 0x18, 0xFE, 0xE8, 0x01, 0x22, 0x53, 0x61, 0x28, 0x2A, 0x48, 0xFE,
	0x34, 0x01, 0x18, 0x22, 0x34, 0x1D, 0x3A, 0x00, 0x00, 0x03, 0x00, 0x4B,
	0x00, 0x00, 0x01, 0xC2, 0x02, 0x8A, 0x00, 0x03, 0x00, 0x15, 0x00, 0x2F,
	0x00, 0x00, 0x53, 0x23, 0x11, 0x33, 0x13, 0x11, 0x33, 0x11, 0x34, 0x26,
	0x23, 0x22, 0x06, 0x06, 0x15, 0x33, 0x34, 0x36, 0x36, 0x33, 0x32, 0x16,
	0x25, 0x17, 0x34, 0x36, 0x36, 0x33, 0x32, 0x16, 0x16, 0x33, 0x32, 0x36,
	0x36, 0x37, 0x27, 0x06, 0x06, 0x23, 0x22, 0x2E, 0x02, 0x23, 0x22, 0x06,
	0x06, 0x9B, 0x50, 0x50, 0xD7, 0x50, 0x57, 0x47, 0x30, 0x4E, 0x2F, 0x24,
	0x1D, 0x35, 0x23, 0x31, 0x31, 0xFE, 0xF0, 0x35, 0x08, 0x16, 0x14, 0x17,
	0x21, 0x26, 0x1B, 0x19, 0x2A, 0x1F, 0x08, 0x2E, 0x0F, 0x1B, 0x0E, 0x14,
	0x1A, 0x17, 0x1F, 0x18, 0x16, 0x2D, 0x20, 0x01, 0xCC, 0xFE, 0x34, 0x01,
	0x18, 0xFE, 0xE8, 0x01, 0x22, 0x59, 0x5B, 0x32, 0x55, 0x37, 0x21, 0x34,
	0x1E, 0x3A, 0xE6, 0x25, 0x08, 0x18, 0x13, 0x17, 0x18, 0x15, 0x22, 0x12,
	0x2B, 0x18, 0x18, 0x0E, 0x13, 0x0E, 0x15, 0x24, 0x00, 0x03, 0x00, 0x4B,
	0x00, 0x00, 0x01, 0xC2, 0x02, 0xD0, 0x00, 0x03, 0x00, 0x15, 0x00, 0x19,
	0x00, 0x00, 0x53, 0x23, 0x11, 0x33, 0x13, 0x11, 0x33, 0x11, 0x34, 0x26,
	0x23, 0x22, 0x06, 0x06, 0x15, 0x33, 0x34, 0x36, 0x36, 0x33, 0x32, 0x16,
	0x13, 0x27, 0x07, 0x17, 0x9B, 0x50, 0x50, 0xD7, 0x50, 0x57, 0x47, 0x30,
	0x49, 0x2A, 0x1A, 0x1D, 0x35, 0x23, 0x31, 0x31, 0x20, 0x4A, 0x96, 0x2C,
	0x01, 0xCC, 0xFE, 0x34, 0x01, 0x18, 0xFE, 0xE8, 0x01, 0x22, 0x59, 0x5B,
	0x32, 0x55, 0x37, 0x21, 0x34, 0x1E, 0x3A, 0x01, 0x57, 0x28, 0xA0, 0x1E,
	0x00, 0x03, 0x00, 0x4B, 0xFE, 0xAC, 0x01, 0xC2, 0x01, 0xD6, 0x00, 0x03,
	0x00, 0x15, 0x00, 0x19, 0x00, 0x00, 0x53, 0x23, 0x11, 0x33, 0x13, 0x11,
	0x33, 0x11, 0x34, 0x26, 0x23, 0x22, 0x06, 0x06, 0x15, 0x33, 0x34, 0x36,
	0x36, 0x33, 0x32, 0x16, 0x03, 0x03, 0x17, 0x37, 0x9B, 0x50, 0x50, 0xD7,
	0x50, 0x57, 0x47, 0x30, 0x4E, 0x2F, 0x24, 0x1D, 0x35, 0x23, 0x31, 0x31,
	0x68, 0x58, 0x3A, 0x6E, 0x01, 0xCC, 0xFE, 0x34, 0x01, 0x18, 0xFE, 0xE8,
	0x01, 0x22, 0x59, 0x5B, 0x32, 0x55, 0x37, 0x21, 0x34, 0x1E, 0x3A, 0xFE,
	0x73, 0xFE, 0xFD, 0x15, 0xFA, 0x00, 0x00, 0x03, 0x00, 0x4B, 0x00, 0x00,
	0x01, 0xC2, 0x02, 0xC6, 0x00, 0x03, 0x00, 0x15, 0x00, 0x1B, 0x00, 0x00,
	0x53, 0x23, 0x11, 0x33, 0x13, 0x11, 0x33, 0x11, 0x34, 0x26, 0x23, 0x22,
	0x06, 0x06, 0x15, 0x33, 0x34, 0x36, 0x36, 0x33, 0x32, 0x16, 0x03, 0x27,
	0x07, 0x17, 0x37, 0x27, 0x9B, 0x50, 0x50, 0xD7, 0x50, 0x57, 0x47, 0x30,
	0x4E, 0x2F, 0x24, 0x1D, 0x35, 0x23, 0x31, 0x31, 0x6C, 0x6E, 0x32, 0xA0,
	0xA0, 0x32, 0x01, 0xCC, 0xFE, 0x34, 0x01, 0x18, 0xFE, 0xE8, 0x01, 0x22,
	0x59, 0x5B, 0x32, 0x55, 0x37, 0x21, 0x34, 0x1E, 0x3A, 0x01, 0x16, 0x5F,
	0x28, 0x8C, 0x8C, 0x28, 0x00, 0x02, 0x00, 0x23, 0xFF, 0xF6, 0x01, 0xFF,
	0x01, 0xD6, 0x00, 0x0F, 0x00, 0x1F, 0x00, 0x00, 0x77, 0x14, 0x16, 0x16,
	0x33, 0x32, 0x36, 0x36, 0x35, 0x34, 0x26, 0x26, 0x23, 0x22, 0x06, 0x06,
	0x17, 0x34, 0x36, 0x36, 0x33, 0x32, 0x16, 0x16, 0x15, 0x14, 0x06, 0x06,
	0x23, 0x22, 0x26, 0x26, 0x23, 0x3F, 0x6C, 0x43, 0x44, 0x6B, 0x3F, 0x3F,
	0x6B, 0x44, 0x43, 0x6C, 0x3F, 0x51, 0x29, 0x47, 0x2D, 0x2D, 0x47, 0x29,
	0x29, 0x47, 0x2D, 0x2D, 0x47, 0x29, 0xE6, 0x45, 0x6D, 0x3E, 0x3E, 0x6D,
	0x45, 0x46, 0x6C, 0x3E, 0x3E, 0x6C, 0x46, 0x30, 0x4B, 0x2A, 0x2A, 0x4B,
	0x30, 0x30, 0x4A, 0x2B, 0x2B, 0x4A, 0x00, 0x03, 0x00, 0x23, 0xFF, 0xF6,
	0x01, 0xFF, 0x02, 0xE4, 0x00, 0x0F, 0x00, 0x1F, 0x00, 0x23, 0x00, 0x00,
	0x77, 0x14, 0x16, 0x16, 0x33, 0x32, 0x36, 0x36, 0x35, 0x34, 0x26, 0x26,
	0x23, 0x22, 0x06, 0x06, 0x17, 0x34, 0x36, 0x36, 0x33, 0x32, 0x16, 0x16,
	0x15, 0x14, 0x06, 0x06, 0x23, 0x22, 0x26, 0x26, 0x03, 0x17, 0x37, 0x27,
	0x23, 0x3F, 0x6C, 0x43, 0x44, 0x6B, 0x3F, 0x3F, 0x6B, 0x44, 0x43, 0x6C,
	0x3F, 0x51, 0x29, 0x47, 0x2D, 0x2D, 0x47, 0x29, 0x29, 0x47, 0x2D, 0x2D,
	0x47, 0x29, 0x03, 0xB4, 0x2D, 0x96, 0xE6, 0x45, 0x6D, 0x3E, 0x3E, 0x6D,
	0x45, 0x46, 0x6C, 0x3E, 0x3E, 0x6C, 0x46, 0x30, 0x4B, 0x2A, 0x2A, 0x4B,
	0x30, 0x30, 0x4A, 0x2B, 0x2B, 0x4A, 0x02, 0x06, 0x96, 0x1E, 0xA0, 0x00,
	0x00, 0x03, 0x00, 0x23, 0xFF, 0xF6, 0x01, 0xFF, 0x02, 0xE4, 0x00, 0x0F,
	0x00, 0x1F, 0x00, 0x23, 0x00, 0x00, 0x77, 0x14, 0x16, 0x16, 0x33, 0x32,
	0x36, 0x36, 0x35, 0x34, 0x26, 0x26, 0x23, 0x22, 0x06, 0x06, 0x17, 0x34,
	0x36, 0x36, 0x33, 0x32, 0x16, 0x16, 0x15, 0x14, 0x06, 0x06, 0x23, 0x22,
	0x26, 0x26, 0x01, 0x27, 0x07, 0x17, 0x23, 0x3F, 0x6C, 0x43, 0x44, 0x6B,
	0x3F, 0x3F, 0x6B, 0x44, 0x43, 0x6C, 0x3F, 0x51, 0x29, 0x47, 0x2D, 0x2D,
	0x47, 0x29, 0x29, 0x47, 0x2D, 0x2D, 0x47, 0x29, 0x01, 0x3D, 0x4B, 0x96,
	0x2D, 0xE6, 0x45, 0x6D, 0x3E, 0x3E, 0x6D, 0x45, 0x46, 0x6C, 0x3E, 0x3E,
	0x6C, 0x46, 0x30, 0x4B, 0x2A, 0x2A, 0x4B, 0x30, 0x30, 0x4A, 0x2B, 0x2B,
	0x4A, 0x02, 0x06, 0x28, 0xA0, 0x1E, 0x00, 0x03, 0x00, 0x23, 0xFF, 0xF6,
	0x01, 0xFF, 0x02, 0xDA, 0x00, 0x0F, 0x00, 0x1F, 0x00, 0x25, 0x00, 0x00,
	0x77, 0x14, 0x16, 0x16, 0x33, 0x32, 0x36, 0x36, 0x35, 0x34, 0x26, 0x26,
	0x23, 0x22, 0x06, 0x06, 0x17, 0x34, 0x36, 0x36, 0x33, 0x32, 0x16, 0x16,
	0x15, 0x14, 0x06, 0x06, 0x23, 0x22, 0x26, 0x26, 0x13, 0x17, 0x37, 0x27,
	0x07, 0x17, 0x23, 0x3F, 0x6C, 0x43, 0x44, 0x6B, 0x3F, 0x3F, 0x6B, 0x44,
	0x43, 0x6C, 0x3F, 0x51, 0x29, 0x47, 0x2D, 0x2D, 0x47, 0x29, 0x29, 0x47,
	0x2D, 0x2D, 0x47, 0x29, 0x9D, 0x6E, 0x32, 0xA0, 0xA0, 0x32, 0xE6, 0x45,
	0x6D, 0x3E, 0x3E, 0x6D, 0x45, 0x46, 0x6C, 0x3E, 0x3E, 0x6C, 0x46, 0x30,
	0x4B, 0x2A, 0x2A, 0x4B, 0x30, 0x30, 0x4A, 0x2B, 0x2B, 0x4A, 0x01, 0xCF,
	0x5F, 0x28, 0x8C, 0x8C, 0x28, 0x00, 0x00, 0x03, 0x00, 0x23, 0xFF, 0xF6,
	0x01, 0xFF, 0x02, 0x8A, 0x00, 0x0F, 0x00, 0x1F, 0x00, 0x39, 0x00, 0x00,
	0x77, 0x14, 0x16, 0x16, 0x33, 0x32, 0x36, 0x36, 0x35, 0x34, 0x26, 0x26,
	0x23, 0x22, 0x06, 0x06, 0x17, 0x34, 0x36, 0x36, 0x33, 0x32, 0x16, 0x16,
	0x15, 0x14, 0x06, 0x06, 0x23, 0x22, 0x26, 0x26, 0x03, 0x17, 0x34, 0x36,
	0x36, 0x33, 0x32, 0x16, 0x16, 0x33, 0x32, 0x36, 0x36, 0x37, 0x27, 0x06,
	0x06, 0x23, 0x22, 0x2E, 0x02, 0x23, 0x22, 0x06, 0x06, 0x23, 0x3F, 0x6C,
	0x43, 0x44, 0x6B, 0x3F, 0x3F, 0x6B, 0x44, 0x43, 0x6C, 0x3F, 0x51, 0x29,
	0x47, 0x2D, 0x2D, 0x47, 0x29, 0x29, 0x47, 0x2D, 0x2D, 0x47, 0x29, 0x08,
	0x35, 0x08, 0x16, 0x14, 0x17, 0x21, 0x26, 0x1B, 0x19, 0x2A, 0x1F, 0x08,
	0x2E, 0x0F, 0x1B, 0x0E, 0x14, 0x1A, 0x17, 0x1F, 0x18, 0x16, 0x2D, 0x20,
	0xE6, 0x45, 0x6D, 0x3E, 0x3E, 0x6D, 0x45, 0x46, 0x6C, 0x3E, 0x3E, 0x6C,
	0x46, 0x30, 0x4B, 0x2A, 0x2A, 0x4B, 0x30, 0x30, 0x4A, 0x2B, 0x2B, 0x4A,
	0x01, 0x81, 0x25, 0x08, 0x18, 0x13, 0x17, 0x18, 0x15, 0x22, 0x12, 0x2B,
	0x18, 0x18, 0x0E, 0x13, 0x0E, 0x15, 0x24, 0x00, 0x00, 0x04, 0x00, 0x23,
	0xFF, 0xF6, 0x01, 0xFF, 0x02, 0x9E, 0x00, 0x0F, 0x00, 0x1F, 0x00, 0x2B,
	0x00, 0x37, 0x00, 0x00, 0x77, 0x14, 0x16, 0x16, 0x33, 0x32, 0x36, 0x36,
	0x35, 0x34, 0x26, 0x26, 0x23, 0x22, 0x06, 0x06, 0x17, 0x34, 0x36, 0x36,
	0x33, 0x32, 0x16, 0x16, 0x15, 0x14, 0x06, 0x06, 0x23, 0x22, 0x26, 0x26,
	0x13, 0x14, 0x16, 0x33, 0x32, 0x36, 0x35, 0x34, 0x26, 0x23, 0x22, 0x06,
	0x07, 0x14, 0x16, 0x33, 0x32, 0x36, 0x35, 0x34, 0x26, 0x23, 0x22, 0x06,
	0x23, 0x3F, 0x6C, 0x43, 0x44, 0x6B, 0x3F, 0x3F, 0x6B, 0x44, 0x43, 0x6C,
	0x3F, 0x51, 0x29, 0x47, 0x2D, 0x2D, 0x47, 0x29, 0x29, 0x47, 0x2D, 0x2D,
	0x47, 0x29, 0xCA, 0x21, 0x16, 0x17, 0x20, 0x20, 0x17, 0x16, 0x21, 0xC8,
	0x21, 0x16, 0x17, 0x20, 0x20, 0x17, 0x16, 0x21, 0xE6, 0x45, 0x6D, 0x3E,
	0x3E, 0x6D, 0x45, 0x46, 0x6C, 0x3E, 0x3E, 0x6C, 0x46, 0x30, 0x4B, 0x2A,
	0x2A, 0x4B, 0x30, 0x30, 0x4A, 0x2B, 0x2B, 0x4A, 0x01, 0xB1, 0x16, 0x21,
	0x21, 0x16, 0x17, 0x20, 0x20, 0x17, 0x16, 0x21, 0x21, 0x16, 0x17, 0x20,
	0x20, 0x00, 0x00, 0x03, 0x00, 0x23, 0xFF, 0xF6, 0x01, 0xFF, 0x02, 0x5D,
	0x00, 0x0F, 0x00, 0x1F, 0x00, 0x23, 0x00, 0x00, 0x77, 0x14, 0x16, 0x16,
	0x33, 0x32, 0x36, 0x36, 0x35, 0x34, 0x26, 0x26, 0x23, 0x22, 0x06, 0x06,
	0x17, 0x34, 0x36, 0x36, 0x33, 0x32, 0x16, 0x16, 0x15, 0x14, 0x06, 0x06,
	0x23, 0x22, 0x26, 0x26, 0x03, 0x21, 0x35, 0x21, 0x23, 0x3F, 0x6C, 0x43,
	0x44, 0x6B, 0x3F, 0x3F, 0x6B, 0x44, 0x43, 0x6C, 0x3F, 0x51, 0x29, 0x47,
	0x2D, 0x2D, 0x47, 0x29, 0x29, 0x47, 0x2D, 0x2D, 0x47, 0x29, 0x12, 0x01,
	0x5E, 0xFE, 0xA2, 0xE6, 0x45, 0x6D, 0x3E, 0x3E, 0x6D, 0x45, 0x46, 0x6C,
	0x3E, 0x3E, 0x6C, 0x46, 0x30, 0x4B, 0x2A, 0x2A, 0x4B, 0x30, 0x30, 0x4A,
	0x2B, 0x2B, 0x4A, 0x01, 0x5C, 0x4B, 0x00, 0x03, 0x00, 0x23, 0xFF, 0xF6,
	0x01, 0xFF, 0x02, 0x9E, 0x00, 0x0F, 0x00, 0x1F, 0x00, 0x31, 0x00, 0x00,
	0x77, 0x14, 0x16, 0x16, 0x33, 0x32, 0x36, 0x36, 0x35, 0x34, 0x26, 0x26,
	0x23, 0x22, 0x06, 0x06, 0x17, 0x34, 0x36, 0x36, 0x33, 0x32, 0x16, 0x16,
	0x15, 0x14, 0x06, 0x06, 0x23, 0x22, 0x26, 0x26, 0x03, 0x14, 0x16, 0x16,
	0x33, 0x32, 0x36, 0x36, 0x35, 0x23, 0x14, 0x06, 0x06, 0x23, 0x22, 0x26,
	0x26, 0x35, 0x23, 0x3F, 0x6C, 0x43, 0x44, 0x6B, 0x3F, 0x3F, 0x6B, 0x44,
	0x43, 0x6C, 0x3F, 0x51, 0x29, 0x47, 0x2D, 0x2D, 0x47, 0x29, 0x29, 0x47,
	0x2D, 0x2D, 0x47, 0x29, 0x01, 0x23, 0x47, 0x34, 0x35, 0x46, 0x23, 0x47,
	0x0E, 0x26, 0x23, 0x23, 0x26, 0x0E, 0xE6, 0x45, 0x6D, 0x3E, 0x3E, 0x6D,
	0x45, 0x46, 0x6C, 0x3E, 0x3E, 0x6C, 0x46, 0x30, 0x4B, 0x2A, 0x2A, 0x4B,
	0x30, 0x30, 0x4A, 0x2B, 0x2B, 0x4A, 0x01, 0xE8, 0x22, 0x41, 0x29, 0x29,
	0x41, 0x22, 0x0D, 0x23, 0x1B, 0x1B, 0x23, 0x0D, 0xFF, 0xFF, 0x00, 0x23,
	0xFF, 0xF6, 0x01, 0xFF, 0x02, 0xE5, 0x04, 0x27, 0x01, 0xFA, 0x00, 0x8B,
	0x00, 0x13, 0x02, 0x06, 0x00, 0xE8, 0x00, 0x00, 0x00, 0x03, 0x00, 0x46,
	0xFF, 0x24, 0x02, 0x17, 0x01, 0xD6, 0x00, 0x03, 0x00, 0x13, 0x00, 0x23,
	0x00, 0x00, 0x57, 0x11, 0x23, 0x11, 0x01, 0x34, 0x26, 0x26, 0x23, 0x22,
	0x06, 0x06, 0x15, 0x14, 0x16, 0x16, 0x33, 0x32, 0x36, 0x36, 0x27, 0x14,
	0x06, 0x06, 0x23, 0x22, 0x26, 0x26, 0x35, 0x34, 0x36, 0x36, 0x33, 0x32,
	0x16, 0x16, 0x96, 0x50, 0x01, 0xD1, 0x3E, 0x67, 0x3F, 0x39, 0x57, 0x31,
	0x31, 0x57, 0x39, 0x3F, 0x67, 0x3E, 0x51, 0x2B, 0x47, 0x2B, 0x23, 0x44,
	0x2C, 0x2C, 0x44, 0x23, 0x2B, 0x47, 0x2B, 0xDC, 0x02, 0xA8, 0xFD, 0x58,
	0x01, 0xC2, 0x4B, 0x6B, 0x3A, 0x3A, 0x6B, 0x4B, 0x4A, 0x6C, 0x3A, 0x3A,
	0x6C, 0x4A, 0x35, 0x4A, 0x26, 0x26, 0x4A, 0x35, 0x35, 0x4A, 0x26, 0x26,
	0x4A, 0x00, 0x00, 0x03, 0x00, 0x23, 0xFF, 0x24, 0x01, 0xF4, 0x01, 0xD6,
	0x00, 0x03, 0x00, 0x13, 0x00, 0x23, 0x00, 0x00, 0x45, 0x33, 0x11, 0x23,
	0x05, 0x14, 0x16, 0x16, 0x33, 0x32, 0x36, 0x36, 0x35, 0x34, 0x26, 0x26,
	0x23, 0x22, 0x06, 0x06, 0x17, 0x34, 0x36, 0x36, 0x33, 0x32, 0x16, 0x16,
	0x15, 0x14, 0x06, 0x06, 0x23, 0x22, 0x26, 0x26, 0x01, 0xA4, 0x50, 0x50,
	0xFE, 0x7F, 0x3E, 0x68, 0x3E, 0x3A, 0x56, 0x31, 0x31, 0x56, 0x3A, 0x3E,
	0x68, 0x3E, 0x51, 0x2B, 0x48, 0x2A, 0x23, 0x44, 0x2C, 0x2C, 0x44, 0x23,
	0x2A, 0x48, 0x2B, 0xDC, 0x02, 0xA8, 0xE6, 0x4A, 0x6C, 0x3A, 0x3A, 0x6C,
	0x4A, 0x4B, 0x6B, 0x3A, 0x3A, 0x6B, 0x4B, 0x35, 0x4A, 0x26, 0x26, 0x4A,
	0x35, 0x35, 0x4A, 0x26, 0x26, 0x4A, 0x00, 0x02, 0x00, 0x4B, 0x00, 0x00,
	0x01, 0x52, 0x01, 0xD6, 0x00, 0x03, 0x00, 0x13, 0x00, 0x00, 0x53, 0x23,
	0x11, 0x33, 0x13, 0x37, 0x26, 0x26, 0x23, 0x22, 0x06, 0x06, 0x15, 0x33,
	0x34, 0x36, 0x36, 0x33, 0x32, 0x16, 0x9B, 0x50, 0x50, 0x8B, 0x2C, 0x12,
	0x2B, 0x19, 0x20, 0x3E, 0x27, 0x24, 0x0D, 0x22, 0x1E, 0x14, 0x1A, 0x01,
	0xCC, 0xFE, 0x34, 0x01, 0x74, 0x42, 0x13, 0x0D, 0x32, 0x55, 0x37, 0x21,
	0x34, 0x1E, 0x0B, 0x00, 0x00, 0x03, 0x00, 0x4B, 0x00, 0x00, 0x01, 0x52,
	0x02, 0xD0, 0x00, 0x03, 0x00, 0x13, 0x00, 0x17, 0x00, 0x00, 0x53, 0x23,
	0x11, 0x33, 0x13, 0x37, 0x26, 0x26, 0x23, 0x22, 0x06, 0x06, 0x15, 0x33,
	0x34, 0x36, 0x36, 0x33, 0x32, 0x16, 0x13, 0x27, 0x07, 0x17, 0x9B, 0x50,
	0x50, 0x8B, 0x2C, 0x12, 0x2B, 0x19, 0x20, 0x3E, 0x27, 0x24, 0x0D, 0x22,
	0x1E, 0x14, 0x1A, 0x3A, 0x4A, 0x96, 0x2C, 0x01, 0xCC, 0xFE, 0x34, 0x01,
	0x74, 0x42, 0x13, 0x0D, 0x32, 0x55, 0x37, 0x21, 0x34, 0x1E, 0x0B, 0x01,
	0x28, 0x28, 0xA0, 0x1E, 0x00, 0x03, 0x00, 0x1F, 0xFE, 0xAC, 0x01, 0x52,
	0x01, 0xD6, 0x00, 0x03, 0x00, 0x13, 0x00, 0x17, 0x00, 0x00, 0x53, 0x23,
	0x11, 0x33, 0x13, 0x37, 0x26, 0x26, 0x23, 0x22, 0x06, 0x06, 0x15, 0x33,
	0x34, 0x36, 0x36, 0x33, 0x32, 0x16, 0x03, 0x03, 0x17, 0x37, 0x9B, 0x50,
	0x50, 0x8B, 0x2C, 0x12, 0x2B, 0x19, 0x20, 0x3E, 0x27, 0x24, 0x0D, 0x22,
	0x1E, 0x14, 0x1A, 0x9F, 0x58, 0x3A, 0x6E, 0x01, 0xCC, 0xFE, 0x34, 0x01,
	0x74, 0x42, 0x13, 0x0D, 0x32, 0x55, 0x37, 0x21, 0x34, 0x1E, 0x0B, 0xFE,
	0x44, 0xFE, 0xFD, 0x15, 0xFA, 0x00, 0x00, 0x03, 0x00, 0x2E, 0x00, 0x00,
	0x01, 0x6E, 0x02, 0xC6, 0x00, 0x03, 0x00, 0x13, 0x00, 0x19, 0x00, 0x00,
	0x53, 0x23, 0x11, 0x33, 0x13, 0x37, 0x26, 0x26, 0x23, 0x22, 0x06, 0x06,
	0x15, 0x33, 0x34, 0x36, 0x36, 0x33, 0x32, 0x16, 0x27, 0x27, 0x07, 0x17,
	0x37, 0x27, 0x9B, 0x50, 0x50, 0x8B, 0x2C, 0x12, 0x2B, 0x19, 0x20, 0x3E,
	0x27, 0x24, 0x0D, 0x22, 0x1E, 0x14, 0x1A, 0x48, 0x6E, 0x32, 0xA0, 0xA0,
	0x32, 0x01, 0xCC, 0xFE, 0x34, 0x01, 0x74, 0x42, 0x13, 0x0D, 0x32, 0x55,
	0x37, 0x21, 0x34, 0x1E, 0x0B, 0xE7, 0x5F, 0x28, 0x8C, 0x8C, 0x28, 0x00,
	0x00, 0x03, 0x00, 0x31, 0x00, 0x00, 0x01, 0x6D, 0x02, 0x9E, 0x00, 0x03,
	0x00, 0x13, 0x00, 0x25, 0x00, 0x00, 0x53, 0x23, 0x11, 0x33, 0x13, 0x37,
	0x26, 0x26, 0x23, 0x22, 0x06, 0x06, 0x15, 0x33, 0x34, 0x36, 0x36, 0x33,
	0x32, 0x16, 0x27, 0x34, 0x36, 0x36, 0x33, 0x32, 0x16, 0x16, 0x15, 0x23,
	0x34, 0x26, 0x26, 0x23, 0x22, 0x06, 0x06, 0x15, 0x9B, 0x50, 0x50, 0x8B,
	0x2C, 0x12, 0x2B, 0x19, 0x20, 0x3E, 0x27, 0x24, 0x0D, 0x22, 0x1E, 0x14,
	0x1A, 0xE5, 0x23, 0x47, 0x34, 0x35, 0x46, 0x23, 0x47, 0x0E, 0x26, 0x23,
	0x23, 0x26, 0x0E, 0x01, 0xCC, 0xFE, 0x34, 0x01, 0x74, 0x42, 0x13, 0x0D,
	0x32, 0x55, 0x37, 0x21, 0x34, 0x1E, 0x0B, 0x92, 0x23, 0x40, 0x29, 0x29,
	0x40, 0x23, 0x0D, 0x23, 0x1B, 0x1B, 0x23, 0x0D, 0x00, 0x01, 0x00, 0x1F,
	0xFF, 0xF6, 0x01, 0x75, 0x01, 0xD6, 0x00, 0x2D, 0x00, 0x00, 0x77, 0x07,
	0x1E, 0x02, 0x33, 0x32, 0x36, 0x35, 0x34, 0x26, 0x26, 0x27, 0x2E, 0x02,
	0x35, 0x34, 0x36, 0x33, 0x32, 0x16, 0x17, 0x37, 0x2E, 0x02, 0x23, 0x22,
	0x06, 0x06, 0x15, 0x14, 0x16, 0x16, 0x17, 0x1E, 0x02, 0x15, 0x14, 0x06,
	0x23, 0x22, 0x26, 0x26, 0x5E, 0x3F, 0x0D, 0x33, 0x4A, 0x2E, 0x47, 0x57,
	0x27, 0x42, 0x28, 0x18, 0x2C, 0x1C, 0x24, 0x19, 0x24, 0x39, 0x13, 0x40,
	0x0E, 0x32, 0x41, 0x25, 0x25, 0x45, 0x2B, 0x29, 0x3D, 0x1E, 0x1B, 0x30,
	0x1F, 0x27, 0x22, 0x1C, 0x2F, 0x24, 0x8D, 0x27, 0x1B, 0x34, 0x21, 0x50,
	0x3C, 0x29, 0x34, 0x25, 0x10, 0x0A, 0x16, 0x1C, 0x12, 0x17, 0x16, 0x22,
	0x1A, 0x29, 0x1A, 0x28, 0x18, 0x1A, 0x36, 0x29, 0x28, 0x35, 0x21, 0x0C,
	0x0A, 0x17, 0x21, 0x18, 0x1B, 0x1F, 0x15, 0x24, 0x00, 0x02, 0x00, 0x19,
	0xFF, 0xF6, 0x01, 0x7F, 0x02, 0xD0, 0x00, 0x2E, 0x00, 0x32, 0x00, 0x00,
	0x77, 0x07, 0x1E, 0x02, 0x33, 0x32, 0x36, 0x35, 0x34, 0x26, 0x26, 0x27,
	0x2E, 0x02, 0x35, 0x34, 0x36, 0x33, 0x32, 0x16, 0x16, 0x17, 0x37, 0x2E,
	0x02, 0x23, 0x22, 0x06, 0x06, 0x15, 0x14, 0x16, 0x16, 0x17, 0x1E, 0x02,
	0x15, 0x14, 0x06, 0x23, 0x22, 0x26, 0x26, 0x01, 0x27, 0x07, 0x17, 0x5B,
	0x42, 0x07, 0x35, 0x4E, 0x2A, 0x4A, 0x5E, 0x24, 0x3A, 0x21, 0x19, 0x34,
	0x23, 0x28, 0x1E, 0x13, 0x26, 0x21, 0x0B, 0x40, 0x09, 0x33, 0x45, 0x25,
	0x25, 0x44, 0x2C, 0x28, 0x3D, 0x1F, 0x1B, 0x2F, 0x1E, 0x2A, 0x26, 0x1C,
	0x32, 0x23, 0x01, 0x1E, 0x4B, 0x96, 0x2D, 0xA1, 0x26, 0x25, 0x3D, 0x23,
	0x42, 0x4A, 0x22, 0x33, 0x26, 0x0D, 0x0B, 0x16, 0x1B, 0x12, 0x1B, 0x17,
	0x0F, 0x18, 0x10, 0x29, 0x1A, 0x28, 0x18, 0x1D, 0x36, 0x26, 0x26, 0x33,
	0x20, 0x0D, 0x0A, 0x18, 0x21, 0x19, 0x1E, 0x1C, 0x19, 0x2B, 0x02, 0x23,
	0x28, 0xA0, 0x1E, 0x00, 0x00, 0x02, 0x00, 0x19, 0xFF, 0xF6, 0x01, 0x75,
	0x02, 0xC6, 0x00, 0x2E, 0x00, 0x34, 0x00, 0x00, 0x77, 0x07, 0x1E, 0x02,
	0x33, 0x32, 0x36, 0x35, 0x34, 0x26, 0x26, 0x27, 0x2E, 0x02, 0x35, 0x34,
	0x36, 0x33, 0x32, 0x16, 0x16, 0x17, 0x37, 0x2E, 0x02, 0x23, 0x22, 0x06,
	0x06, 0x15, 0x14, 0x16, 0x16, 0x17, 0x1E, 0x02, 0x15, 0x14, 0x06, 0x23,
	0x22, 0x26, 0x26, 0x13, 0x17, 0x37, 0x27, 0x07, 0x17, 0x5B, 0x42, 0x07,
	0x35, 0x4E, 0x2A, 0x4A, 0x5E, 0x24, 0x3A, 0x21, 0x19, 0x34, 0x23, 0x28,
	0x1E, 0x13, 0x26, 0x21, 0x0B, 0x40, 0x09, 0x33, 0x45, 0x25, 0x25, 0x44,
	0x2C, 0x28, 0x3D, 0x1F, 0x1B, 0x2F, 0x1E, 0x2A, 0x26, 0x1C, 0x32, 0x23,
	0x6A, 0x6E, 0x32, 0xA0, 0xA0, 0x32, 0xA1, 0x26, 0x25, 0x3D, 0x23, 0x42,
	0x4A, 0x22, 0x33, 0x26, 0x0D, 0x0B, 0x16, 0x1B, 0x12, 0x1B, 0x17, 0x0F,
	0x18, 0x10, 0x29, 0x1A, 0x28, 0x18, 0x1D, 0x36, 0x26, 0x26, 0x33, 0x20,
	0x0D, 0x0A, 0x18, 0x21, 0x19, 0x1E, 0x1C, 0x19, 0x2B, 0x01, 0xEC, 0x5F,
	0x28, 0x8C, 0x8C, 0x28, 0x00, 0x02, 0x00, 0x19, 0xFF, 0x24, 0x01, 0x75,
	0x01, 0xD7, 0x00, 0x2C, 0x00, 0x4A, 0x00, 0x00, 0x77, 0x07, 0x1E, 0x02,
	0x33, 0x32, 0x36, 0x35, 0x34, 0x26, 0x26, 0x27, 0x2E, 0x02, 0x35, 0x34,
	0x36, 0x33, 0x32, 0x16, 0x17, 0x37, 0x26, 0x26, 0x23, 0x22, 0x06, 0x06,
	0x15, 0x14, 0x16, 0x16, 0x17, 0x1E, 0x02, 0x15, 0x14, 0x06, 0x23, 0x22,
	0x26, 0x26, 0x17, 0x07, 0x36, 0x36, 0x33, 0x32, 0x16, 0x15, 0x14, 0x06,
	0x23, 0x22, 0x26, 0x27, 0x07, 0x16, 0x16, 0x33, 0x32, 0x36, 0x36, 0x35,
	0x34, 0x26, 0x26, 0x23, 0x22, 0x22, 0x23, 0x37, 0x58, 0x3F, 0x11, 0x39,
	0x4A, 0x2A, 0x43, 0x5B, 0x24, 0x3A, 0x21, 0x19, 0x35, 0x24, 0x2A, 0x1E,
	0x1C, 0x39, 0x10, 0x40, 0x15, 0x5A, 0x37, 0x25, 0x44, 0x2C, 0x28, 0x3D,
	0x1F, 0x1B, 0x2F, 0x1E, 0x2B, 0x20, 0x16, 0x2E, 0x2B, 0x78, 0x54, 0x10,
	0x21, 0x07, 0x1A, 0x18, 0x18, 0x1A, 0x13, 0x17, 0x0E, 0x20, 0x15, 0x27,
	0x1C, 0x1C, 0x31, 0x1F, 0x17, 0x22, 0x11, 0x02, 0x04, 0x02, 0x40, 0xA3,
	0x27, 0x25, 0x3D, 0x23, 0x42, 0x4A, 0x27, 0x34, 0x24, 0x0D, 0x0B, 0x13,
	0x1B, 0x16, 0x1B, 0x15, 0x23, 0x17, 0x29, 0x26, 0x34, 0x1A, 0x37, 0x2B,
	0x2B, 0x32, 0x1D, 0x0D, 0x0A, 0x18, 0x20, 0x18, 0x1D, 0x1B, 0x19, 0x2C,
	0x4B, 0xA8, 0x0B, 0x07, 0x12, 0x12, 0x12, 0x16, 0x0C, 0x0C, 0x28, 0x15,
	0x11, 0x16, 0x2A, 0x1E, 0x19, 0x20, 0x11, 0x70, 0x00, 0x02, 0x00, 0x19,
	0xFF, 0xF6, 0x01, 0x75, 0x02, 0xC6, 0x00, 0x2E, 0x00, 0x34, 0x00, 0x00,
	0x77, 0x07, 0x1E, 0x02, 0x33, 0x32, 0x36, 0x35, 0x34, 0x26, 0x26, 0x27,
	0x2E, 0x02, 0x35, 0x34, 0x36, 0x33, 0x32, 0x16, 0x16, 0x17, 0x37, 0x2E,
	0x02, 0x23, 0x22, 0x06, 0x06, 0x15, 0x14, 0x16, 0x16, 0x17, 0x1E, 0x02,
	0x15, 0x14, 0x06, 0x23, 0x22, 0x26, 0x26, 0x13, 0x27, 0x07, 0x17, 0x37,
	0x27, 0x5B, 0x42, 0x07, 0x35, 0x4E, 0x2A, 0x4A, 0x5E, 0x24, 0x3A, 0x21,
	0x19, 0x34, 0x23, 0x28, 0x1E, 0x13, 0x26, 0x21, 0x0B, 0x40, 0x09, 0x33,
	0x45, 0x25, 0x25, 0x44, 0x2C, 0x28, 0x3D, 0x1F, 0x1B, 0x2F, 0x1E, 0x2A,
	0x26, 0x1C, 0x32, 0x23, 0x6A, 0x6E, 0x32, 0xA0, 0xA0, 0x32, 0xA1, 0x26,
	0x25, 0x3D, 0x23, 0x42, 0x4A, 0x22, 0x33, 0x26, 0x0D, 0x0B, 0x16, 0x1B,
	0x12, 0x1B, 0x17, 0x0F, 0x18, 0x10, 0x29, 0x1A, 0x28, 0x18, 0x1D, 0x36,
	0x26, 0x26, 0x33, 0x20, 0x0D, 0x0A, 0x18, 0x21, 0x19, 0x1E, 0x1C, 0x19,
	0x2B, 0x01, 0xE2, 0x5F, 0x28, 0x8C, 0x8C, 0x28, 0x00, 0x02, 0x00, 0x19,
	0xFE, 0xA2, 0x01, 0x75, 0x01, 0xD6, 0x00, 0x2E, 0x00, 0x32, 0x00, 0x00,
	0x77, 0x07, 0x1E, 0x02, 0x33, 0x32, 0x36, 0x35, 0x34, 0x26, 0x26, 0x27,
	0x2E, 0x02, 0x35, 0x34, 0x36, 0x33, 0x32, 0x16, 0x16, 0x17, 0x37, 0x2E,
	0x02, 0x23, 0x22, 0x06, 0x06, 0x15, 0x14, 0x16, 0x16, 0x17, 0x1E, 0x02,
	0x15, 0x14, 0x06, 0x23, 0x22, 0x26, 0x26, 0x17, 0x03, 0x17, 0x37, 0x5B,
	0x42, 0x07, 0x35, 0x4E, 0x2A, 0x4A, 0x5E, 0x24, 0x3A, 0x21, 0x19, 0x34,
	0x23, 0x28, 0x1E, 0x13, 0x26, 0x21, 0x0B, 0x40, 0x09, 0x33, 0x45, 0x25,
	0x25, 0x44, 0x2C, 0x28, 0x3D, 0x1F, 0x1B, 0x2F, 0x1E, 0x2A, 0x26, 0x1C,
	0x32, 0x23, 0x70, 0x58, 0x3A, 0x6E, 0xA1, 0x26, 0x25, 0x3D, 0x23, 0x42,
	0x4A, 0x22, 0x33, 0x26, 0x0D, 0x0B, 0x16, 0x1B, 0x12, 0x1B, 0x17, 0x0F,
	0x18, 0x10, 0x29, 0x1A, 0x28, 0x18, 0x1D, 0x36, 0x26, 0x26, 0x33, 0x20,
	0x0D, 0x0A, 0x18, 0x21, 0x19, 0x1E, 0x1C, 0x19, 0x2B, 0xCB, 0xFE, 0xFD,
	0x15, 0xFA, 0x00, 0x02, 0x00, 0x05, 0x00, 0x00, 0x00, 0xEB, 0x02, 0x6C,
	0x00, 0x03, 0x00, 0x07, 0x00, 0x00, 0x53, 0x15, 0x33, 0x35, 0x27, 0x11,
	0x33, 0x11, 0x05, 0xE6, 0x9B, 0x50, 0x01, 0xCC, 0x4B, 0x4B, 0xA0, 0xFD,
	0x94, 0x02, 0x6C, 0x00, 0xFF, 0xFF, 0xFF, 0xE5, 0xFE, 0xF1, 0x00, 0xEB,
	0x02, 0x6C, 0x04, 0x26, 0x02, 0x03, 0x96, 0xCD, 0x02, 0x06, 0x00, 0xFE,
	0x00, 0x00, 0x00, 0x03, 0x00, 0x05, 0x00, 0x00, 0x01, 0x77, 0x03, 0x2A,
	0x00, 0x03, 0x00, 0x07, 0x00, 0x0B, 0x00, 0x00, 0x53, 0x15, 0x33, 0x35,
	0x27, 0x11, 0x33, 0x11, 0x37, 0x03, 0x17, 0x37, 0x05, 0xE6, 0x9B, 0x50,
	0x87, 0x58, 0x3A, 0x6E, 0x01, 0xCC, 0x4B, 0x4B, 0xA0, 0xFD, 0x94, 0x02,
	0x6C, 0xBE, 0xFE, 0xFD, 0x15, 0xFA, 0x00, 0x03, 0x00, 0x05, 0xFE, 0xAC,
	0x00, 0xEB, 0x02, 0x6C, 0x00, 0x03, 0x00, 0x07, 0x00, 0x0B, 0x00, 0x00,
	0x53, 0x15, 0x33, 0x35, 0x27, 0x11, 0x33, 0x11, 0x03, 0x03, 0x17, 0x37,
	0x05, 0xE6, 0x9B, 0x50, 0x24, 0x58, 0x3A, 0x6E, 0x01, 0xCC, 0x4B, 0x4B,
	0xA0, 0xFD, 0x94, 0x02, 0x6C, 0xFD, 0x58, 0xFE, 0xFD, 0x15, 0xFA, 0x00,
	0x00, 0x01, 0x00, 0x4B, 0xFF, 0xF6, 0x01, 0xC2, 0x01, 0xCC, 0x00, 0x14,
	0x00, 0x00, 0x77, 0x11, 0x23, 0x11, 0x14, 0x16, 0x33, 0x32, 0x36, 0x37,
	0x15, 0x33, 0x11, 0x23, 0x11, 0x14, 0x06, 0x06, 0x23, 0x22, 0x26, 0x9B,
	0x50, 0x56, 0x48, 0x2E, 0x44, 0x17, 0x50, 0x50, 0x1D, 0x35, 0x23, 0x30,
	0x32, 0xB4, 0x01, 0x18, 0xFE, 0xDE, 0x52, 0x62, 0x29, 0x29, 0x48, 0x01,
	0xCC, 0xFE, 0xE8, 0x22, 0x34, 0x1D, 0x3C, 0x00, 0x00, 0x03, 0x00, 0x4B,
	0xFF, 0xF6, 0x01, 0xC2, 0x02, 0xE4, 0x00, 0x03, 0x00, 0x15, 0x00, 0x19,
	0x00, 0x00, 0x61, 0x33, 0x11, 0x23, 0x03, 0x11, 0x23, 0x11, 0x14, 0x16,
	0x33, 0x32, 0x36, 0x36, 0x35, 0x23, 0x14, 0x06, 0x06, 0x23, 0x22, 0x26,
	0x03, 0x17, 0x37, 0x27, 0x01, 0x72, 0x50, 0x50, 0xD7, 0x50, 0x57, 0x47,
	0x30, 0x4E, 0x2F, 0x24, 0x1D, 0x35, 0x23, 0x31, 0x31, 0x0D, 0xB4, 0x2E,
	0x96, 0x01, 0xCC, 0xFE, 0xE8, 0x01, 0x18, 0xFE, 0xDE, 0x59, 0x5B, 0x32,
	0x55, 0x37, 0x21, 0x34, 0x1E, 0x3A, 0x02, 0x41, 0x96, 0x1E, 0xA0, 0x00,
	0x00, 0x03, 0x00, 0x4B, 0xFF, 0xF6, 0x01, 0xC2, 0x02, 0xE4, 0x00, 0x03,
	0x00, 0x15, 0x00, 0x19, 0x00, 0x00, 0x61, 0x33, 0x11, 0x23, 0x03, 0x11,
	0x23, 0x11, 0x14, 0x16, 0x33, 0x32, 0x36, 0x36, 0x35, 0x23, 0x14, 0x06,
	0x06, 0x23, 0x22, 0x26, 0x13, 0x27, 0x07, 0x17, 0x01, 0x72, 0x50, 0x50,
	0xD7, 0x50, 0x57, 0x47, 0x30, 0x4E, 0x2F, 0x24, 0x1D, 0x35, 0x23, 0x31,
	0x31, 0xE3, 0x4A, 0x96, 0x2C, 0x01, 0xCC, 0xFE, 0xE8, 0x01, 0x18, 0xFE,
	0xDE, 0x59, 0x5B, 0x32, 0x55, 0x37, 0x21, 0x34, 0x1E, 0x3A, 0x02, 0x41,
	0x28, 0xA0, 0x1E, 0x00, 0x00, 0x03, 0x00, 0x4B, 0xFF, 0xF6, 0x01, 0xC2,
	0x02, 0xDA, 0x00, 0x03, 0x00, 0x15, 0x00, 0x1B, 0x00, 0x00, 0x61, 0x33,
	0x11, 0x23, 0x03, 0x11, 0x23, 0x11, 0x14, 0x16, 0x33, 0x32, 0x36, 0x36,
	0x35, 0x23, 0x14, 0x06, 0x06, 0x23, 0x22, 0x26, 0x13, 0x17, 0x37, 0x27,
	0x07, 0x17, 0x01, 0x72, 0x50, 0x50, 0xD7, 0x50, 0x57, 0x47, 0x30, 0x4E,
	0x2F, 0x24, 0x1D, 0x35, 0x23, 0x31, 0x31, 0x6B, 0x6E, 0x32, 0xA0, 0xA0,
	0x32, 0x01, 0xCC, 0xFE, 0xE8, 0x01, 0x18, 0xFE, 0xDE, 0x59, 0x5B, 0x32,
	0x55, 0x37, 0x21, 0x34, 0x1E, 0x3A, 0x02, 0x0A, 0x5F, 0x28, 0x8C, 0x8C,
	0x28, 0x00, 0x00, 0x04, 0x00, 0x4B, 0xFF, 0xF6, 0x01, 0xC2, 0x02, 0x94,
	0x00, 0x03, 0x00, 0x15, 0x00, 0x21, 0x00, 0x2D, 0x00, 0x00, 0x61, 0x33,
	0x11, 0x23, 0x03, 0x11, 0x23, 0x11, 0x14, 0x16, 0x33, 0x32, 0x36, 0x36,
	0x35, 0x23, 0x14, 0x06, 0x06, 0x23, 0x22, 0x26, 0x13, 0x14, 0x16, 0x33,
	0x32, 0x36, 0x35, 0x34, 0x26, 0x23, 0x22, 0x06, 0x07, 0x14, 0x16, 0x33,
	0x32, 0x36, 0x35, 0x34, 0x26, 0x23, 0x22, 0x06, 0x01, 0x72, 0x50, 0x50,
	0xD7, 0x50, 0x57, 0x47, 0x30, 0x4E, 0x2F, 0x24, 0x1D, 0x35, 0x23, 0x31,
	0x31, 0x99, 0x20, 0x16, 0x17, 0x21, 0x21, 0x17, 0x16, 0x20, 0xC8, 0x20,
	0x16, 0x17, 0x21, 0x21, 0x17, 0x16, 0x20, 0x01, 0xCC, 0xFE, 0xE8, 0x01,
	0x18, 0xFE, 0xDE, 0x59, 0x5B, 0x32, 0x55, 0x37, 0x21, 0x34, 0x1E, 0x3A,
	0x01, 0xE2, 0x16, 0x21, 0x21, 0x16, 0x17, 0x20, 0x20, 0x17, 0x16, 0x21,
	0x21, 0x16, 0x17, 0x20, 0x20, 0x00, 0x00, 0x03, 0x00, 0x4B, 0xFF, 0xF6,
	0x01, 0xC2, 0x02, 0x8A, 0x00, 0x03, 0x00, 0x15, 0x00, 0x2F, 0x00, 0x00,
	0x61, 0x33, 0x11, 0x23, 0x03, 0x11, 0x23, 0x11, 0x14, 0x16, 0x33, 0x32,
	0x36, 0x36, 0x35, 0x23, 0x14, 0x06, 0x06, 0x23, 0x22, 0x26, 0x03, 0x17,
	0x34, 0x36, 0x36, 0x33, 0x32, 0x16, 0x16, 0x33, 0x32, 0x36, 0x36, 0x37,
	0x27, 0x06, 0x06, 0x23, 0x22, 0x2E, 0x02, 0x23, 0x22, 0x06, 0x06, 0x01,
	0x72, 0x50, 0x50, 0xD7, 0x50, 0x57, 0x47, 0x30, 0x49, 0x2A, 0x1A, 0x1D,
	0x35, 0x23, 0x31, 0x31, 0x39, 0x35, 0x08, 0x16, 0x14, 0x17, 0x21, 0x26,
	0x1B, 0x19, 0x2A, 0x1F, 0x08, 0x2E, 0x0F, 0x1B, 0x0E, 0x14, 0x1A, 0x17,
	0x1F, 0x18, 0x16, 0x2D, 0x20, 0x01, 0xCC, 0xFE, 0xE8, 0x01, 0x18, 0xFE,
	0xDE, 0x59, 0x5B, 0x32, 0x55, 0x37, 0x21, 0x34, 0x1E, 0x3A, 0x01, 0xBC,
	0x25, 0x08, 0x18, 0x13, 0x17, 0x18, 0x15, 0x22, 0x12, 0x2B, 0x18, 0x18,
	0x0E, 0x13, 0x0E, 0x15, 0x24, 0x00, 0x00, 0x03, 0x00, 0x4B, 0xFF, 0xF6,
	0x01, 0xC2, 0x02, 0x5D, 0x00, 0x03, 0x00, 0x15, 0x00, 0x19, 0x00, 0x00,
	0x61, 0x33, 0x11, 0x23, 0x03, 0x11, 0x23, 0x11, 0x14, 0x16, 0x33, 0x32,
	0x36, 0x36, 0x35, 0x23, 0x14, 0x06, 0x06, 0x23, 0x22, 0x26, 0x03, 0x21,
	0x35, 0x21, 0x01, 0x72, 0x50, 0x50, 0xD7, 0x50, 0x57, 0x47, 0x30, 0x49,
	0x2A, 0x1A, 0x1D, 0x35, 0x23, 0x31, 0x31, 0x43, 0x01, 0x5E, 0xFE, 0xA2,
	0x01, 0xCC, 0xFE, 0xE8, 0x01, 0x18, 0xFE, 0xDE, 0x59, 0x5B, 0x32, 0x55,
	0x37, 0x21, 0x34, 0x1E, 0x3A, 0x01, 0x97, 0x4B, 0x00, 0x03, 0x00, 0x4B,
	0xFF, 0xF6, 0x01, 0xC2, 0x02, 0x9E, 0x00, 0x03, 0x00, 0x15, 0x00, 0x27,
	0x00, 0x00, 0x61, 0x33, 0x11, 0x23, 0x03, 0x11, 0x23, 0x11, 0x14, 0x16,
	0x33, 0x32, 0x36, 0x36, 0x35, 0x23, 0x14, 0x06, 0x06, 0x23, 0x22, 0x26,
	0x03, 0x14, 0x16, 0x16, 0x33, 0x32, 0x36, 0x36, 0x35, 0x23, 0x14, 0x06,
	0x06, 0x23, 0x22, 0x26, 0x26, 0x35, 0x01, 0x72, 0x50, 0x50, 0xD7, 0x50,
	0x57, 0x47, 0x30, 0x49, 0x2A, 0x1A, 0x1D, 0x35, 0x23, 0x31, 0x31, 0x32,
	0x23, 0x47, 0x34, 0x35, 0x46, 0x23, 0x47, 0x0E, 0x26, 0x23, 0x23, 0x26,
	0x0E, 0x01, 0xCC, 0xFE, 0xE8, 0x01, 0x18, 0xFE, 0xDE, 0x59, 0x5B, 0x32,
	0x55, 0x37, 0x21, 0x34, 0x1E, 0x3A, 0x02, 0x23, 0x22, 0x41, 0x29, 0x29,
	0x41, 0x22, 0x0D, 0x23, 0x1B, 0x1B, 0x23, 0x0D, 0x00, 0x04, 0x00, 0x4B,
	0xFF, 0xF6, 0x01, 0xC2, 0x02, 0xDA, 0x00, 0x03, 0x00, 0x15, 0x00, 0x21,
	0x00, 0x2D, 0x00, 0x00, 0x61, 0x33, 0x11, 0x23, 0x03, 0x11, 0x23, 0x11,
	0x14, 0x16, 0x33, 0x32, 0x36, 0x36, 0x35, 0x23, 0x14, 0x06, 0x06, 0x23,
	0x22, 0x26, 0x13, 0x14, 0x16, 0x33, 0x32, 0x36, 0x35, 0x34, 0x26, 0x23,
	0x22, 0x06, 0x17, 0x34, 0x36, 0x33, 0x32, 0x16, 0x15, 0x14, 0x06, 0x23,
	0x22, 0x26, 0x01, 0x72, 0x50, 0x50, 0xD7, 0x50, 0x57, 0x47, 0x30, 0x49,
	0x2A, 0x1A, 0x1D, 0x35, 0x23, 0x31, 0x31, 0x06, 0x3F, 0x27, 0x27, 0x3F,
	0x3F, 0x27, 0x27, 0x3F, 0x33, 0x20, 0x13, 0x13, 0x20, 0x20, 0x13, 0x13,
	0x20, 0x01, 0xCC, 0xFE, 0xE8, 0x01, 0x18, 0xFE, 0xDE, 0x59, 0x5B, 0x32,
	0x55, 0x37, 0x21, 0x34, 0x1E, 0x3A, 0x01, 0xFB, 0x2D, 0x37, 0x37, 0x2D,
	0x2D, 0x37, 0x37, 0x2D, 0x19, 0x1C, 0x1C, 0x19, 0x19, 0x1C, 0x1C, 0x00,
	0xFF, 0xFF, 0x00, 0x4B, 0xFF, 0xF6, 0x01, 0xE1, 0x02, 0xE5, 0x04, 0x27,
	0x01, 0xFA, 0x00, 0x81, 0x00, 0x13, 0x02, 0x06, 0x01, 0x02, 0x00, 0x00,
	0xFF, 0xFF, 0x00, 0x4B, 0xFF, 0x24, 0x01, 0xE8, 0x01, 0xCC, 0x04, 0x27,
	0x02, 0x04, 0x01, 0x05, 0x00, 0x00, 0x02, 0x06, 0x01, 0x02, 0x00, 0x00,
	0x00, 0x01, 0x00, 0x00, 0xFF, 0xDD, 0x01, 0xB8, 0x01, 0xCC, 0x00, 0x05,
	0x00, 0x00, 0x51, 0x13, 0x13, 0x23, 0x03, 0x03, 0xDC, 0xDC, 0x5A, 0x82,
	0x82, 0x01, 0xCC, 0xFE, 0x11, 0x01, 0xEF, 0xFE, 0xBB, 0x01, 0x45, 0x00,
	0x00, 0x01, 0x00, 0x05, 0xFF, 0xDD, 0x02, 0xA3, 0x01, 0xEF, 0x00, 0x09,
	0x00, 0x00, 0x5B, 0x04, 0x23, 0x0B, 0x03, 0x05, 0xC8, 0x83, 0x8B, 0xC8,
	0x5A, 0x74, 0x86, 0x7D, 0x73, 0x01, 0xCC, 0xFE, 0x11, 0x01, 0x4F, 0xFE,
	0xB1, 0x01, 0xEF, 0xFE, 0xD3, 0x01, 0x50, 0xFE, 0xB2, 0x01, 0x2B, 0x00,
	0x00, 0x02, 0x00, 0x05, 0xFF, 0xDD, 0x02, 0xA3, 0x02, 0xDF, 0x00, 0x09,
	0x00, 0x0F, 0x00, 0x00, 0x5B, 0x04, 0x23, 0x0B, 0x03, 0x37, 0x17, 0x37,
	0x27, 0x07, 0x17, 0x05, 0xC8, 0x83, 0x8B, 0xC8, 0x5A, 0x74, 0x86, 0x7D,
	0x73, 0xF0, 0x6E, 0x32, 0xA0, 0xA0, 0x32, 0x01, 0xCC, 0xFE, 0x11, 0x01,
	0x4F, 0xFE, 0xB1, 0x01, 0xEF, 0xFE, 0xD3, 0x01, 0x50, 0xFE, 0xB2, 0x01,
	0x2B, 0xBE, 0x5F, 0x28, 0x8C, 0x8C, 0x28, 0x00, 0xFF, 0xFF, 0x00, 0x05,
	0xFF, 0xDD, 0x02, 0xA3, 0x02, 0xE9, 0x04, 0x27, 0x01, 0x5A, 0x00, 0x9B,
	0x00, 0x0A, 0x02, 0x06, 0x01, 0x0E, 0x00, 0x00, 0xFF, 0xFF, 0x00, 0x05,
	0xFF, 0xDD, 0x02, 0xA3, 0x02, 0xE9, 0x04, 0x27, 0x01, 0x5B, 0x01, 0x13,
	0x00, 0x0A, 0x02, 0x06, 0x01, 0x0E, 0x00, 0x00, 0xFF, 0xFF, 0x00, 0x05,
	0xFF, 0xDD, 0x02, 0xA3, 0x02, 0x99, 0x04, 0x26, 0x02, 0x00, 0x64, 0xCE,
	0x02, 0x06, 0x01, 0x0E, 0x00, 0x00, 0xFF, 0xFF, 0x00, 0x05, 0xFF, 0xDD,
	0x02, 0xA3, 0x02, 0x99, 0x04, 0x27, 0x02, 0x01, 0x00, 0xB9, 0xFF, 0x4C,
	0x02, 0x06, 0x01, 0x0E, 0x00, 0x00, 0xFF, 0xFF, 0x00, 0x05, 0xFF, 0x33,
	0x02, 0xA3, 0x01, 0xEF, 0x04, 0x27, 0x02, 0x01, 0x00, 0xBE, 0xFC, 0x54,
	0x02, 0x06, 0x01, 0x0E, 0x00, 0x00, 0x00, 0x01, 0x00, 0x00, 0x00, 0x00,
	0x01, 0xA4, 0x01, 0xCC, 0x00, 0x0B, 0x00, 0x00, 0x41, 0x07, 0x27, 0x23,
	0x17, 0x07, 0x33, 0x37, 0x17, 0x33, 0x27, 0x37, 0x01, 0x40, 0x6E, 0x6E,
	0x5A, 0x9D, 0xA7, 0x5A, 0x78, 0x78, 0x5A, 0xA7, 0x9D, 0x01, 0xCC, 0xA0,
	0xA0, 0xDF, 0xED, 0xAE, 0xAE, 0xED, 0xDF, 0x00, 0x00, 0x01, 0x00, 0x00,
	0xFF, 0x24, 0x01, 0xB8, 0x01, 0xCC, 0x00, 0x08, 0x00, 0x00, 0x41, 0x23,
	0x03, 0x17, 0x03, 0x23, 0x13, 0x03, 0x33, 0x01, 0xB8, 0x5A, 0x8E, 0x21,
	0x92, 0x5F, 0xB0, 0x7E, 0x5A, 0x01, 0xCC, 0xFE, 0x9C, 0x04, 0x01, 0x68,
	0xFE, 0x75, 0xFE, 0xE3, 0x00, 0x02, 0x00, 0x00, 0xFF, 0x24, 0x01, 0xB8,
	0x02, 0xE4, 0x00, 0x08, 0x00, 0x0C, 0x00, 0x00, 0x41, 0x23, 0x03, 0x17,
	0x03, 0x23, 0x13, 0x03, 0x33, 0x13, 0x27, 0x07, 0x17, 0x01, 0xB8, 0x5A,
	0x8E, 0x21, 0x92, 0x5F, 0xB0, 0x7E, 0x5A, 0xD2, 0x4B, 0x96, 0x2D, 0x01,
	0xCC, 0xFE, 0x9C, 0x04, 0x01, 0x68, 0xFE, 0x75, 0xFE, 0xE3, 0x03, 0x98,
	0x28, 0xA0, 0x1E, 0x00, 0x00, 0x03, 0x00, 0x00, 0xFF, 0x24, 0x01, 0xB8,
	0x02, 0x80, 0x00, 0x08, 0x00, 0x14, 0x00, 0x20, 0x00, 0x00, 0x41, 0x23,
	0x03, 0x17, 0x03, 0x23, 0x13, 0x03, 0x33, 0x13, 0x14, 0x16, 0x33, 0x32,
	0x36, 0x35, 0x34, 0x26, 0x23, 0x22, 0x06, 0x07, 0x14, 0x16, 0x33, 0x32,
	0x36, 0x35, 0x34, 0x26, 0x23, 0x22, 0x06, 0x01, 0xB8, 0x5A, 0x8E, 0x21,
	0x92, 0x5F, 0xB0, 0x7E, 0x5A, 0x7D, 0x21, 0x16, 0x17, 0x20, 0x20, 0x17,
	0x16, 0x21, 0xC8, 0x21, 0x16, 0x17, 0x20, 0x20, 0x17, 0x16, 0x21, 0x01,
	0xCC, 0xFE, 0x9C, 0x04, 0x01, 0x68, 0xFE, 0x75, 0xFE, 0xE3, 0x03, 0x25,
	0x16, 0x21, 0x21, 0x16, 0x17, 0x20, 0x20, 0x17, 0x16, 0x21, 0x21, 0x16,
	0x17, 0x20, 0x20, 0x00, 0x00, 0x02, 0x00, 0x00, 0xFF, 0x24, 0x01, 0xB8,
	0x02, 0xC6, 0x00, 0x08, 0x00, 0x0E, 0x00, 0x00, 0x41, 0x23, 0x03, 0x17,
	0x03, 0x23, 0x13, 0x03, 0x33, 0x13, 0x17, 0x37, 0x27, 0x07, 0x17, 0x01,
	0xB8, 0x5A, 0x8E, 0x21, 0x92, 0x5F, 0xB0, 0x7E, 0x5A, 0x50, 0x6E, 0x32,
	0xA0, 0xA0, 0x32, 0x01, 0xCC, 0xFE, 0x9C, 0x04, 0x01, 0x68, 0xFE, 0x75,
	0xFE, 0xE3, 0x03, 0x4D, 0x5F, 0x28, 0x8C, 0x8C, 0x28, 0x00, 0xFF, 0xFF,
	0x00, 0x00, 0xFF, 0x24, 0x01, 0xB8, 0x02, 0xD0, 0x04, 0x26, 0x01, 0x5A,
	0x28, 0xF1, 0x02, 0x06, 0x01, 0x16, 0x00, 0x00, 0x00, 0x01, 0x00, 0x0F,
	0x00, 0x00, 0x01, 0xBD, 0x01, 0xCC, 0x00, 0x07, 0x00, 0x00, 0x41, 0x01,
	0x21, 0x35, 0x21, 0x01, 0x21, 0x15, 0x01, 0x2C, 0xFE, 0xE3, 0x01, 0x9A,
	0xFE, 0xF7, 0x01, 0x1D, 0xFE, 0x70, 0x01, 0x81, 0xFE, 0x7F, 0x4B, 0x01,
	0x81, 0x4B, 0x00, 0x02, 0x00, 0x0F, 0x00, 0x00, 0x01, 0xBD, 0x02, 0xE4,
	0x00, 0x07, 0x00, 0x0B, 0x00, 0x00, 0x41, 0x01, 0x21, 0x35, 0x21, 0x01,
	0x21, 0x15, 0x01, 0x27, 0x07, 0x17, 0x01, 0x2C, 0xFE, 0xE3, 0x01, 0x9A,
	0xFE, 0xF7, 0x01, 0x1D, 0xFE, 0x70, 0x01, 0x68, 0x4B, 0x96, 0x2D, 0x01,
	0x81, 0xFE, 0x7F, 0x4B, 0x01, 0x81, 0x4B, 0x01, 0x3B, 0x28, 0xA0, 0x1E,
	0x00, 0x02, 0x00, 0x0F, 0x00, 0x00, 0x01, 0xBD, 0x02, 0x9E, 0x00, 0x07,
	0x00, 0x13, 0x00, 0x00, 0x41, 0x01, 0x21, 0x35, 0x21, 0x01, 0x21, 0x15,
	0x37, 0x14, 0x16, 0x33, 0x32, 0x36, 0x35, 0x34, 0x26, 0x23, 0x22, 0x06,
	0x01, 0x2C, 0xFE, 0xE3, 0x01, 0x9A, 0xFE, 0xF7, 0x01, 0x1D, 0xFE, 0x70,
	0x91, 0x21, 0x16, 0x17, 0x20, 0x20, 0x17, 0x16, 0x21, 0x01, 0x81, 0xFE,
	0x7F, 0x4B, 0x01, 0x81, 0x4B, 0xE6, 0x16, 0x21, 0x21, 0x16, 0x17, 0x20,
	0x20, 0x00, 0x00, 0x02, 0x00, 0x0F, 0x00, 0x00, 0x01, 0xBD, 0x02, 0xC6,
	0x00, 0x05, 0x00, 0x0D, 0x00, 0x00, 0x53, 0x27, 0x07, 0x17, 0x37, 0x27,
	0x03, 0x01, 0x21, 0x35, 0x21, 0x01, 0x21, 0x15, 0xF5, 0x6E, 0x32, 0xA0,
	0xA0, 0x32, 0x37, 0xFE, 0xE3, 0x01, 0x9A, 0xFE, 0xF7, 0x01, 0x1D, 0xFE,
	0x70, 0x02, 0x67, 0x5F, 0x28, 0x8C, 0x8C, 0x28, 0xFE, 0xBB, 0xFE, 0x7F,
	0x4B, 0x01, 0x81, 0x4B, 0x00, 0x01, 0x00, 0x48, 0xFF, 0xF4, 0x02, 0x18,
	0x03, 0x1A, 0x00, 0x3E, 0x00, 0x00, 0x45, 0x32, 0x3E, 0x02, 0x35, 0x34,
	0x2E, 0x04, 0x35, 0x34, 0x3E, 0x03, 0x35, 0x34, 0x26, 0x26, 0x23, 0x22,
	0x06, 0x06, 0x15, 0x11, 0x33, 0x03, 0x34, 0x36, 0x36, 0x33, 0x32, 0x16,
	0x16, 0x15, 0x14, 0x0E, 0x03, 0x15, 0x14, 0x1E, 0x04, 0x15, 0x14, 0x06,
	0x06, 0x23, 0x22, 0x26, 0x26, 0x27, 0x07, 0x1E, 0x02, 0x01, 0x56, 0x29,
	0x46, 0x35, 0x1E, 0x18, 0x26, 0x2A, 0x26, 0x18, 0x16, 0x21, 0x21, 0x16,
	0x2F, 0x53, 0x36, 0x44, 0x65, 0x37, 0x51, 0x01, 0x22, 0x3B, 0x26, 0x1E,
	0x33, 0x20, 0x17, 0x22, 0x22, 0x17, 0x19, 0x26, 0x2C, 0x26, 0x19, 0x1B,
	0x2F, 0x1E, 0x13, 0x25, 0x21, 0x0F, 0x31, 0x12, 0x2D, 0x35, 0x0C, 0x1E,
	0x35, 0x47, 0x28, 0x24, 0x33, 0x25, 0x1C, 0x18, 0x1B, 0x11, 0x19, 0x27,
	0x24, 0x2A, 0x39, 0x29, 0x35, 0x43, 0x20, 0x30, 0x54, 0x36, 0xFD, 0x9E,
	0x02, 0x4E, 0x2F, 0x3B, 0x1B, 0x10, 0x25, 0x21, 0x1F, 0x30, 0x29, 0x28,
	0x2D, 0x1C, 0x1C, 0x2A, 0x20, 0x1D, 0x1F, 0x29, 0x1C, 0x1D, 0x31, 0x1D,
	0x0D, 0x18, 0x0F, 0x3C, 0x14, 0x1F, 0x11, 0x00, 0x00, 0x03, 0x00, 0x1E,
	0xFF, 0xF6, 0x03, 0x16, 0x01, 0xD6, 0x00, 0x39, 0x00, 0x48, 0x00, 0x56,
	0x00, 0x00, 0x57, 0x32, 0x36, 0x37, 0x23, 0x16, 0x16, 0x33, 0x32, 0x36,
	0x37, 0x27, 0x06, 0x06, 0x23, 0x22, 0x26, 0x26, 0x35, 0x07, 0x21, 0x36,
	0x36, 0x35, 0x34, 0x26, 0x26, 0x23, 0x22, 0x06, 0x06, 0x07, 0x33, 0x26,
	0x26, 0x23, 0x22, 0x06, 0x07, 0x17, 0x3E, 0x02, 0x33, 0x32, 0x16, 0x15,
	0x15, 0x33, 0x26, 0x26, 0x23, 0x22, 0x06, 0x06, 0x15, 0x14, 0x16, 0x37,
	0x22, 0x26, 0x35, 0x34, 0x36, 0x33, 0x32, 0x16, 0x17, 0x27, 0x17, 0x37,
	0x06, 0x06, 0x37, 0x34, 0x36, 0x36, 0x33, 0x32, 0x16, 0x16, 0x15, 0x14,
	0x14, 0x07, 0x37, 0x21, 0xD0, 0x4B, 0x62, 0x09, 0x0A, 0x1D, 0x57, 0x43,
	0x47, 0x6F, 0x25, 0x41, 0x19, 0x48, 0x2F, 0x2E, 0x42, 0x23, 0x16, 0x01,
	0x80, 0x01, 0x01, 0x35, 0x5D, 0x3D, 0x29, 0x49, 0x39, 0x12, 0x0A, 0x07,
	0x51, 0x44, 0x30, 0x5A, 0x26, 0x27, 0x14, 0x2E, 0x31, 0x16, 0x2F, 0x32,
	0x2B, 0x33, 0x46, 0x29, 0x3A, 0x58, 0x32, 0x60, 0x52, 0x32, 0x2F, 0x3D,
	0x3A, 0x23, 0x3E, 0x1B, 0x09, 0x06, 0x03, 0x09, 0x45, 0x96, 0x24, 0x41,
	0x2C, 0x29, 0x3B, 0x21, 0x02, 0x18, 0xFE, 0xBE, 0x0A, 0x41, 0x37, 0x3F,
	0x39, 0x3B, 0x3A, 0x29, 0x2A, 0x29, 0x27, 0x4A, 0x33, 0x13, 0x03, 0x0D,
	0x08, 0x46, 0x6A, 0x3C, 0x1B, 0x33, 0x24, 0x38, 0x3A, 0x1D, 0x1C, 0x3D,
	0x0F, 0x16, 0x0B, 0x34, 0x30, 0x46, 0x20, 0x18, 0x29, 0x48, 0x30, 0x3D,
	0x4A, 0x47, 0x24, 0x26, 0x2C, 0x2E, 0x10, 0x0F, 0x1B, 0x69, 0x4C, 0x43,
	0x40, 0xB2, 0x31, 0x48, 0x28, 0x21, 0x3C, 0x29, 0x06, 0x07, 0x03, 0x1C,
	0x00, 0x03, 0x00, 0x32, 0xFF, 0xF6, 0x02, 0x0E, 0x02, 0xD5, 0x00, 0x1A,
	0x00, 0x2A, 0x00, 0x2E, 0x00, 0x00, 0x45, 0x32, 0x36, 0x36, 0x35, 0x34,
	0x2E, 0x03, 0x27, 0x07, 0x1E, 0x03, 0x17, 0x33, 0x26, 0x23, 0x22, 0x06,
	0x06, 0x15, 0x14, 0x16, 0x16, 0x37, 0x22, 0x26, 0x26, 0x35, 0x34, 0x36,
	0x36, 0x33, 0x32, 0x16, 0x16, 0x15, 0x14, 0x06, 0x06, 0x03, 0x25, 0x27,
	0x05, 0x01, 0x20, 0x46, 0x6B, 0x3D, 0x16, 0x2F, 0x48, 0x64, 0x40, 0x30,
	0x2B, 0x46, 0x38, 0x2D, 0x10, 0x2E, 0x65, 0x5B, 0x3C, 0x5D, 0x36, 0x3D,
	0x6C, 0x45, 0x2E, 0x47, 0x28, 0x29, 0x47, 0x2D, 0x2D, 0x47, 0x29, 0x28,
	0x47, 0x96, 0x01, 0x18, 0x12, 0xFE, 0xE8, 0x0A, 0x3E, 0x6C, 0x46, 0x28,
	0x55, 0x5B, 0x65, 0x72, 0x40, 0x38, 0x27, 0x48, 0x45, 0x44, 0x23, 0x47,
	0x3B, 0x66, 0x42, 0x46, 0x6C, 0x3E, 0x4D, 0x2A, 0x4A, 0x2F, 0x30, 0x4A,
	0x2B, 0x2B, 0x4A, 0x30, 0x2F, 0x4A, 0x2A, 0x01, 0xB4, 0x6B, 0x2F, 0x6B,
	0x00, 0x03, 0x00, 0x23, 0xFF, 0xD4, 0x01, 0xFF, 0x01, 0xF4, 0x00, 0x0F,
	0x00, 0x1F, 0x00, 0x23, 0x00, 0x00, 0x77, 0x14, 0x16, 0x16, 0x33, 0x32,
	0x36, 0x36, 0x35, 0x34, 0x26, 0x26, 0x23, 0x22, 0x06, 0x06, 0x17, 0x34,
	0x36, 0x36, 0x33, 0x32, 0x16, 0x16, 0x15, 0x14, 0x06, 0x06, 0x23, 0x22,
	0x26, 0x26, 0x01, 0x01, 0x17, 0x01, 0x23, 0x3F, 0x6C, 0x43, 0x44, 0x6B,
	0x3F, 0x3F, 0x6B, 0x44, 0x43, 0x6C, 0x3F, 0x51, 0x29, 0x47, 0x2D, 0x2D,
	0x47, 0x29, 0x29, 0x47, 0x2D, 0x2D, 0x47, 0x29, 0x01, 0x44, 0xFE, 0x7A,
	0x2D, 0x01, 0x86, 0xE6, 0x45, 0x6D, 0x3E, 0x3E, 0x6D, 0x45, 0x46, 0x6C,
	0x3E, 0x3E, 0x6C, 0x46, 0x30, 0x4B, 0x2A, 0x2A, 0x4B, 0x30, 0x30, 0x4A,
	0x2B, 0x2B, 0x4A, 0x01, 0x3E, 0xFD, 0xF4, 0x14, 0x02, 0x0C, 0x00, 0x03,
	0x00, 0x46, 0xFF, 0x24, 0x02, 0x17, 0x03, 0x0C, 0x00, 0x03, 0x00, 0x13,
	0x00, 0x23, 0x00, 0x00, 0x57, 0x11, 0x23, 0x11, 0x01, 0x34, 0x26, 0x26,
	0x23, 0x22, 0x06, 0x06, 0x15, 0x14, 0x16, 0x16, 0x33, 0x32, 0x36, 0x36,
	0x27, 0x14, 0x06, 0x06, 0x23, 0x22, 0x26, 0x26, 0x35, 0x34, 0x36, 0x36,
	0x33, 0x32, 0x16, 0x16, 0x96, 0x50, 0x01, 0xD1, 0x3E, 0x67, 0x3F, 0x39,
	0x57, 0x31, 0x31, 0x57, 0x39, 0x3F, 0x67, 0x3E, 0x51, 0x2B, 0x47, 0x2B,
	0x23, 0x44, 0x2C, 0x2C, 0x44, 0x23, 0x2B, 0x47, 0x2B, 0xDC, 0x03, 0xE8,
	0xFC, 0x18, 0x01, 0xC2, 0x4B, 0x6B, 0x3A, 0x3A, 0x6B, 0x4B, 0x4A, 0x6C,
	0x3A, 0x3A, 0x6C, 0x4A, 0x35, 0x4A, 0x26, 0x26, 0x4A, 0x35, 0x35, 0x4A,
	0x26, 0x26, 0x4A, 0x00, 0x00, 0x04, 0x00, 0x23, 0xFF, 0xF6, 0x02, 0x53,
	0x03, 0x0C, 0x00, 0x03, 0x00, 0x07, 0x00, 0x17, 0x00, 0x29, 0x00, 0x00,
	0x41, 0x21, 0x35, 0x21, 0x37, 0x11, 0x33, 0x11, 0x01, 0x14, 0x16, 0x16,
	0x33, 0x32, 0x36, 0x36, 0x35, 0x34, 0x26, 0x26, 0x23, 0x22, 0x06, 0x06,
	0x17, 0x34, 0x36, 0x36, 0x33, 0x32, 0x1E, 0x02, 0x15, 0x14, 0x0E, 0x02,
	0x23, 0x22, 0x26, 0x26, 0x01, 0x27, 0x01, 0x2C, 0xFE, 0xD4, 0x7D, 0x50,
	0xFE, 0x2F, 0x3E, 0x68, 0x3E, 0x3A, 0x56, 0x31, 0x31, 0x56, 0x3A, 0x3E,
	0x68, 0x3E, 0x51, 0x2B, 0x48, 0x2A, 0x1A, 0x34, 0x2B, 0x1A, 0x1A, 0x2B,
	0x34, 0x1A, 0x2A, 0x48, 0x2B, 0x02, 0x4E, 0x4B, 0x73, 0xFC, 0xF4, 0x03,
	0x0C, 0xFD, 0xDA, 0x4A, 0x6C, 0x3A, 0x3A, 0x6C, 0x4A, 0x4B, 0x6B, 0x3A,
	0x3A, 0x6B, 0x4B, 0x35, 0x4A, 0x26, 0x16, 0x2A, 0x3D, 0x28, 0x28, 0x3D,
	0x2A, 0x16, 0x26, 0x4A, 0x00, 0x03, 0x00, 0x05, 0x00, 0x00, 0x01, 0xC2,
	0x03, 0x0C, 0x00, 0x03, 0x00, 0x16, 0x00, 0x1A, 0x00, 0x00, 0x53, 0x23,
	0x11, 0x33, 0x13, 0x11, 0x33, 0x11, 0x34, 0x26, 0x26, 0x23, 0x22, 0x06,
	0x06, 0x15, 0x33, 0x34, 0x36, 0x36, 0x33, 0x32, 0x16, 0x01, 0x21, 0x35,
	0x21, 0x9B, 0x50, 0x50, 0xD7, 0x50, 0x27, 0x47, 0x30, 0x30, 0x49, 0x2A,
	0x1A, 0x1D, 0x35, 0x23, 0x31, 0x31, 0xFE, 0x93, 0x01, 0x38, 0xFE, 0xC8,
	0x03, 0x0C, 0xFC, 0xF4, 0x01, 0x18, 0xFE, 0xE8, 0x01, 0x22, 0x3C, 0x50,
	0x28, 0x32, 0x55, 0x37, 0x21, 0x34, 0x1E, 0x3A, 0x01, 0x20, 0x4B, 0x00,
	0x00, 0x01, 0x00, 0x5A, 0x00, 0x00, 0x00, 0xAA, 0x01, 0xCC, 0x00, 0x03,
	0x00, 0x00, 0x53, 0x11, 0x33, 0x11, 0x5A, 0x50, 0x01, 0xCC, 0xFE, 0x34,
	0x01, 0xCC, 0x00, 0x04, 0x00, 0x4B, 0xFF, 0x24, 0x01, 0xB3, 0x02, 0xC1,
	0x00, 0x0B, 0x00, 0x1E, 0x00, 0x2A, 0x00, 0x2E, 0x00, 0x00, 0x41, 0x14,
	0x16, 0x33, 0x32, 0x36, 0x35, 0x34, 0x26, 0x23, 0x22, 0x06, 0x03, 0x07,
	0x1E, 0x02, 0x33, 0x32, 0x36, 0x36, 0x35, 0x11, 0x23, 0x11, 0x14, 0x06,
	0x06, 0x23, 0x22, 0x26, 0x03, 0x14, 0x16, 0x33, 0x32, 0x36, 0x35, 0x34,
	0x26, 0x23, 0x22, 0x06, 0x17, 0x11, 0x33, 0x11, 0x01, 0x45, 0x21, 0x16,
	0x17, 0x20, 0x20, 0x17, 0x16, 0x21, 0x52, 0x2C, 0x08, 0x18, 0x23, 0x15,
	0x2A, 0x3B, 0x20, 0x50, 0x0B, 0x16, 0x0F, 0x0C, 0x1A, 0xB3, 0x21, 0x16,
	0x17, 0x20, 0x20, 0x17, 0x16, 0x21, 0x0F, 0x50, 0x02, 0x8A, 0x16, 0x21,
	0x21, 0x16, 0x17, 0x20, 0x20, 0xFC, 0xED, 0x42, 0x0A, 0x12, 0x0C, 0x23,
	0x47, 0x36, 0x02, 0x08, 0xFE, 0x02, 0x21, 0x27, 0x12, 0x09, 0x03, 0x0D,
	0x16, 0x21, 0x21, 0x16, 0x17, 0x20, 0x20, 0xD5, 0xFE, 0x34, 0x01, 0xCC,
	0x00, 0x02, 0x00, 0x46, 0x00, 0x00, 0x01, 0xB8, 0x01, 0xCC, 0x00, 0x03,
	0x00, 0x09, 0x00, 0x00, 0x53, 0x11, 0x33, 0x11, 0x33, 0x07, 0x13, 0x33,
	0x03, 0x37, 0x46, 0x50, 0xAA, 0xC8, 0xDC, 0x64, 0xDC, 0xC8, 0x01, 0xCC,
	0xFE, 0x34, 0x01, 0xCC, 0xBE, 0xFE, 0xF2, 0x01, 0x0E, 0xBE, 0x00, 0x02,
	0x00, 0x4B, 0x00, 0x00, 0x01, 0x45, 0x03, 0x0C, 0x00, 0x03, 0x00, 0x0F,
	0x00, 0x00, 0x53, 0x11, 0x33, 0x11, 0x13, 0x14, 0x16, 0x33, 0x32, 0x36,
	0x35, 0x34, 0x26, 0x23, 0x22, 0x06, 0x4B, 0x50, 0x3C, 0x21, 0x16, 0x17,
	0x20, 0x20, 0x17, 0x16, 0x21, 0x03, 0x0C, 0xFC, 0xF4, 0x03, 0x0C, 0xFE,
	0x93, 0x16, 0x21, 0x21, 0x16, 0x17, 0x20, 0x20, 0x00, 0x02, 0xFF, 0xF1,
	0x00, 0x00, 0x00, 0xFF, 0x03, 0x0C, 0x00, 0x03, 0x00, 0x07, 0x00, 0x00,
	0x53, 0x37, 0x27, 0x07, 0x13, 0x11, 0x33, 0x11, 0x05, 0xFA, 0x14, 0xFA,
	0x5A, 0x50, 0x01, 0x54, 0x96, 0x37, 0x96, 0x01, 0x81, 0xFC, 0xF4, 0x03,
	0x0C, 0x00, 0x00, 0x03, 0x00, 0x46, 0x00, 0x00, 0x02, 0x30, 0x02, 0xBC,
	0x00, 0x03, 0x00, 0x15, 0x00, 0x19, 0x00, 0x00, 0x41, 0x23, 0x11, 0x33,
	0x13, 0x11, 0x33, 0x11, 0x34, 0x26, 0x23, 0x22, 0x06, 0x06, 0x15, 0x33,
	0x34, 0x36, 0x36, 0x33, 0x32, 0x16, 0x01, 0x07, 0x33, 0x37, 0x01, 0x09,
	0x50, 0x50, 0xD7, 0x50, 0x57, 0x47, 0x2F, 0x4F, 0x2F, 0x24, 0x1D, 0x35,
	0x23, 0x31, 0x31, 0xFE, 0xA2, 0x3C, 0x37, 0x64, 0x01, 0xCC, 0xFE, 0x34,
	0x01, 0x18, 0xFE, 0xE8, 0x01, 0x22, 0x59, 0x5B, 0x32, 0x55, 0x37, 0x21,
	0x34, 0x1E, 0x3A, 0x01, 0x6B, 0xE6, 0xE6, 0x00, 0x00, 0x01, 0x00, 0x4B,
	0xFF, 0x24, 0x01, 0xC2, 0x01, 0xD6, 0x00, 0x1F, 0x00, 0x00, 0x45, 0x32,
	0x36, 0x35, 0x11, 0x34, 0x26, 0x23, 0x22, 0x06, 0x07, 0x35, 0x23, 0x11,
	0x33, 0x11, 0x34, 0x36, 0x36, 0x33, 0x32, 0x16, 0x15, 0x11, 0x14, 0x06,
	0x23, 0x22, 0x27, 0x07, 0x16, 0x16, 0x01, 0x3D, 0x42, 0x43, 0x53, 0x4B,
	0x2B, 0x47, 0x17, 0x50, 0x50, 0x1E, 0x35, 0x22, 0x31, 0x31, 0x18, 0x18,
	0x21, 0x10, 0x2C, 0x0E, 0x2F, 0xDC, 0x51, 0x4F, 0x01, 0x5E, 0x56, 0x5E,
	0x2B, 0x27, 0x48, 0xFE, 0x34, 0x01, 0x18, 0x22, 0x34, 0x1D, 0x3A, 0x39,
	0xFE, 0xB6, 0x2E, 0x2C, 0x1A, 0x42, 0x13, 0x15, 0x00, 0x04, 0x00, 0x23,
	0xFF, 0xF6, 0x03, 0x61, 0x01, 0xD6, 0x00, 0x28, 0x00, 0x2C, 0x00, 0x3C,
	0x00, 0x4C, 0x00, 0x00, 0x65, 0x15, 0x17, 0x36, 0x34, 0x35, 0x34, 0x26,
	0x26, 0x23, 0x22, 0x06, 0x06, 0x07, 0x06, 0x06, 0x15, 0x14, 0x16, 0x16,
	0x33, 0x32, 0x36, 0x36, 0x37, 0x27, 0x06, 0x06, 0x23, 0x22, 0x26, 0x26,
	0x35, 0x37, 0x34, 0x36, 0x36, 0x33, 0x32, 0x16, 0x16, 0x05, 0x21, 0x27,
	0x21, 0x05, 0x14, 0x16, 0x16, 0x33, 0x32, 0x36, 0x36, 0x35, 0x34, 0x26,
	0x26, 0x23, 0x22, 0x06, 0x06, 0x17, 0x34, 0x36, 0x36, 0x33, 0x32, 0x16,
	0x16, 0x15, 0x14, 0x06, 0x06, 0x23, 0x22, 0x26, 0x26, 0x03, 0x0C, 0x54,
	0x01, 0x3A, 0x5E, 0x37, 0x3B, 0x5F, 0x3C, 0x0A, 0x02, 0x02, 0x39, 0x63,
	0x3E, 0x32, 0x4D, 0x3B, 0x17, 0x41, 0x17, 0x47, 0x32, 0x2D, 0x42, 0x24,
	0x02, 0x27, 0x42, 0x28, 0x2D, 0x3A, 0x1D, 0xFE, 0xD5, 0x01, 0x7F, 0x14,
	0xFE, 0x95, 0xFE, 0x42, 0x3E, 0x68, 0x3E, 0x3F, 0x5B, 0x31, 0x31, 0x5B,
	0x3F, 0x3E, 0x68, 0x3E, 0x51, 0x2B, 0x48, 0x2A, 0x23, 0x3F, 0x27, 0x27,
	0x3F, 0x23, 0x2A, 0x48, 0x2B, 0xFA, 0x14, 0x14, 0x06, 0x0C, 0x06, 0x49,
	0x69, 0x3A, 0x30, 0x56, 0x39, 0x0C, 0x18, 0x0D, 0x45, 0x6D, 0x3E, 0x1D,
	0x35, 0x23, 0x29, 0x25, 0x2E, 0x26, 0x4A, 0x35, 0x1E, 0x2B, 0x3F, 0x22,
	0x27, 0x44, 0x53, 0x44, 0x30, 0x4A, 0x6C, 0x3A, 0x3A, 0x6C, 0x4A, 0x4B,
	0x6B, 0x3A, 0x3A, 0x6B, 0x4B, 0x35, 0x4A, 0x26, 0x26, 0x4A, 0x35, 0x35,
	0x4A, 0x26, 0x26, 0x4A, 0xFF, 0xFF, 0x00, 0x05, 0x00, 0x00, 0x00, 0xEB,
	0x02, 0x6C, 0x04, 0x26, 0x01, 0xA4, 0x0F, 0x05, 0x02, 0x06, 0x00, 0xFE,
	0x00, 0x00, 0x00, 0x01, 0xFF, 0xC3, 0xFF, 0x24, 0x00, 0xA0, 0x01, 0xCC,
	0x00, 0x12, 0x00, 0x00, 0x47, 0x07, 0x1E, 0x02, 0x33, 0x32, 0x36, 0x36,
	0x35, 0x11, 0x23, 0x11, 0x14, 0x06, 0x06, 0x23, 0x22, 0x26, 0x11, 0x2C,
	0x08, 0x18, 0x23, 0x15, 0x2A, 0x3C, 0x1F, 0x50, 0x0B, 0x16, 0x0F, 0x0C,
	0x1A, 0x72, 0x42, 0x0A, 0x12, 0x0C, 0x23, 0x47, 0x36, 0x02, 0x08, 0xFE,
	0x02, 0x21, 0x27, 0x12, 0x09, 0x00, 0xFF, 0xFF, 0x00, 0x4B, 0xFE, 0xC0,
	0x01, 0xC2, 0x01, 0xCC, 0x06, 0x06, 0x01, 0xE8, 0x00, 0x00, 0x00, 0x03,
	0x00, 0x1E, 0xFF, 0xF7, 0x01, 0xF4, 0x01, 0xCC, 0x00, 0x03, 0x00, 0x07,
	0x00, 0x13, 0x00, 0x00, 0x53, 0x11, 0x33, 0x11, 0x27, 0x15, 0x21, 0x35,
	0x07, 0x11, 0x14, 0x16, 0x16, 0x33, 0x35, 0x22, 0x26, 0x26, 0x35, 0x11,
	0x5A, 0x50, 0x8C, 0x01, 0xD6, 0xA0, 0x20, 0x3B, 0x2A, 0x0F, 0x18, 0x0E,
	0x01, 0xAE, 0xFE, 0x52, 0x01, 0xAE, 0x1E, 0x4B, 0x4B, 0x1E, 0xFE, 0xCB,
	0x36, 0x38, 0x14, 0x50, 0x08, 0x1D, 0x21, 0x01, 0x21, 0x00, 0x00, 0x02,
	0x00, 0x1E, 0xFF, 0xF6, 0x01, 0xA9, 0x01, 0xD6, 0x00, 0x20, 0x00, 0x32,
	0x00, 0x00, 0x77, 0x34, 0x36, 0x36, 0x33, 0x32, 0x16, 0x17, 0x35, 0x2E,
	0x02, 0x23, 0x22, 0x06, 0x06, 0x15, 0x14, 0x16, 0x16, 0x33, 0x32, 0x36,
	0x36, 0x35, 0x27, 0x14, 0x06, 0x06, 0x23, 0x22, 0x26, 0x26, 0x35, 0x3E,
	0x02, 0x33, 0x32, 0x16, 0x15, 0x11, 0x33, 0x11, 0x34, 0x26, 0x26, 0x23,
	0x22, 0x06, 0x07, 0x6F, 0x1A, 0x35, 0x28, 0x2C, 0x46, 0x22, 0x07, 0x26,
	0x3F, 0x2C, 0x3C, 0x58, 0x30, 0x2B, 0x48, 0x2B, 0x30, 0x4E, 0x2F, 0x10,
	0x23, 0x3E, 0x28, 0x1B, 0x2C, 0x1A, 0x0B, 0x27, 0x36, 0x21, 0x26, 0x3B,
	0x50, 0x2D, 0x4F, 0x35, 0x3E, 0x58, 0x1A, 0x87, 0x1C, 0x28, 0x16, 0x17,
	0x18, 0x2F, 0x09, 0x1D, 0x17, 0x25, 0x44, 0x31, 0x2F, 0x3F, 0x20, 0x21,
	0x3F, 0x2C, 0x32, 0x2B, 0x34, 0x18, 0x11, 0x21, 0xF1, 0x08, 0x17, 0x11,
	0x23, 0x23, 0xFE, 0xB6, 0x01, 0x4A, 0x2D, 0x3E, 0x21, 0x26, 0x13, 0x00,
	0x00, 0x03, 0x00, 0x23, 0xFF, 0xF6, 0x01, 0xFF, 0x03, 0x0C, 0x00, 0x19,
	0x00, 0x25, 0x00, 0x37, 0x00, 0x00, 0x41, 0x32, 0x16, 0x16, 0x15, 0x14,
	0x06, 0x06, 0x23, 0x22, 0x26, 0x26, 0x35, 0x27, 0x14, 0x16, 0x16, 0x33,
	0x32, 0x36, 0x36, 0x35, 0x34, 0x26, 0x26, 0x23, 0x07, 0x33, 0x34, 0x3E,
	0x02, 0x33, 0x35, 0x22, 0x0E, 0x02, 0x27, 0x17, 0x35, 0x34, 0x36, 0x36,
	0x37, 0x3E, 0x02, 0x37, 0x23, 0x06, 0x06, 0x07, 0x0E, 0x02, 0x01, 0x11,
	0x2D, 0x47, 0x29, 0x29, 0x47, 0x2D, 0x2D, 0x47, 0x2A, 0x50, 0x3F, 0x6C,
	0x43, 0x44, 0x6B, 0x3F, 0x3F, 0x6B, 0x44, 0xC2, 0x24, 0x1D, 0x2F, 0x38,
	0x1A, 0x2B, 0x47, 0x34, 0x1C, 0x2C, 0x46, 0x1A, 0x45, 0x3E, 0x37, 0x57,
	0x36, 0x05, 0x4F, 0x07, 0x43, 0x44, 0x50, 0x5B, 0x24, 0x01, 0x8B, 0x2A,
	0x4B, 0x30, 0x30, 0x4A, 0x2B, 0x2B, 0x4A, 0x30, 0x3C, 0x63, 0x86, 0x43,
	0x3E, 0x6D, 0x45, 0x46, 0x6C, 0x3E, 0xF0, 0x28, 0x3D, 0x2A, 0x16, 0x4B,
	0x21, 0x3E, 0x59, 0x04, 0x35, 0x67, 0x32, 0x65, 0x50, 0x14, 0x12, 0x36,
	0x49, 0x2C, 0x24, 0x41, 0x17, 0x1B, 0x65, 0x90, 0x00, 0x03, 0x00, 0x4B,
	0x00, 0x00, 0x01, 0xA7, 0x01, 0xCC, 0x00, 0x14, 0x00, 0x2A, 0x00, 0x2E,
	0x00, 0x00, 0x77, 0x15, 0x33, 0x32, 0x1E, 0x02, 0x15, 0x14, 0x06, 0x23,
	0x23, 0x15, 0x33, 0x32, 0x36, 0x35, 0x34, 0x26, 0x26, 0x23, 0x07, 0x33,
	0x32, 0x36, 0x36, 0x35, 0x34, 0x26, 0x26, 0x23, 0x23, 0x15, 0x33, 0x32,
	0x16, 0x15, 0x14, 0x0E, 0x02, 0x23, 0x23, 0x27, 0x11, 0x33, 0x11, 0x7A,
	0x85, 0x17, 0x21, 0x15, 0x0B, 0x2B, 0x2D, 0x85, 0x99, 0x4F, 0x45, 0x2C,
	0x4C, 0x30, 0x85, 0x7B, 0x2B, 0x47, 0x2C, 0x2C, 0x47, 0x2B, 0x7B, 0x7B,
	0x24, 0x2A, 0x0B, 0x14, 0x1D, 0x12, 0x7B, 0x2F, 0x50, 0xF0, 0x2A, 0x09,
	0x12, 0x16, 0x0E, 0x1B, 0x26, 0x46, 0x49, 0x34, 0x2D, 0x32, 0x14, 0x14,
	0x19, 0x33, 0x27, 0x2D, 0x37, 0x19, 0x46, 0x21, 0x1B, 0x0D, 0x17, 0x12,
	0x09, 0xC1, 0xFE, 0x34, 0x01, 0xCC, 0x00, 0x01, 0x00, 0x50, 0x00, 0x00,
	0x01, 0x45, 0x01, 0xCC, 0x00, 0x05, 0x00, 0x00, 0x53, 0x11, 0x33, 0x11,
	0x33, 0x35, 0x50, 0x50, 0xA5, 0x01, 0xCC, 0xFE, 0x34, 0x01, 0x81, 0x4B,
	0x00, 0x02, 0x00, 0x50, 0x00, 0x00, 0x01, 0x7F, 0x02, 0xD0, 0x00, 0x05,
	0x00, 0x09, 0x00, 0x00, 0x53, 0x11, 0x33, 0x11, 0x33, 0x35, 0x37, 0x27,
	0x07, 0x17, 0x50, 0x50, 0xA5, 0x3A, 0x4B, 0x96, 0x2D, 0x01, 0xCC, 0xFE,
	0x34, 0x01, 0x81, 0x4B, 0xDC, 0x28, 0xA0, 0x1E, 0x00, 0x02, 0x00, 0x28,
	0xFF, 0xA6, 0x02, 0x62, 0x01, 0xEF, 0x00, 0x05, 0x00, 0x0D, 0x00, 0x00,
	0x41, 0x13, 0x33, 0x03, 0x03, 0x33, 0x05, 0x15, 0x33, 0x35, 0x21, 0x15,
	0x33, 0x35, 0x01, 0x45, 0x87, 0x5A, 0xE1, 0xE1, 0x5A, 0x01, 0x54, 0x50,
	0xFD, 0xC6, 0x55, 0x01, 0x42, 0xFE, 0xDC, 0x01, 0xD1, 0xFE, 0x2F, 0x1E,
	0x5A, 0xA5, 0xA5, 0x5A, 0x00, 0x01, 0x00, 0x23, 0xFF, 0xF6, 0x01, 0xE0,
	0x01, 0xD6, 0x00, 0x2A, 0x00, 0x00, 0x77, 0x21, 0x36, 0x34, 0x35, 0x34,
	0x26, 0x26, 0x23, 0x22, 0x06, 0x06, 0x07, 0x06, 0x06, 0x15, 0x14, 0x16,
	0x16, 0x33, 0x32, 0x36, 0x36, 0x37, 0x27, 0x0E, 0x02, 0x23, 0x22, 0x26,
	0x26, 0x35, 0x37, 0x34, 0x36, 0x36, 0x33, 0x32, 0x16, 0x16, 0x17, 0x21,
	0x56, 0x01, 0x89, 0x01, 0x36, 0x62, 0x41, 0x3B, 0x5F, 0x3C, 0x0A, 0x02,
	0x02, 0x39, 0x63, 0x3E, 0x3C, 0x50, 0x38, 0x17, 0x41, 0x0F, 0x2A, 0x35,
	0x22, 0x2D, 0x42, 0x24, 0x02, 0x27, 0x42, 0x28, 0x28, 0x37, 0x1F, 0x04,
	0xFE, 0xCD, 0xD2, 0x06, 0x0C, 0x06, 0x49, 0x69, 0x3A, 0x30, 0x56, 0x39,
	0x0C, 0x18, 0x0D, 0x45, 0x6D, 0x3E, 0x1D, 0x35, 0x23, 0x29, 0x19, 0x25,
	0x15, 0x26, 0x4A, 0x35, 0x1E, 0x2B, 0x3F, 0x22, 0x1F, 0x37, 0x24, 0x00,
	0x00, 0x02, 0x00, 0x23, 0xFF, 0xF6, 0x01, 0xE0, 0x02, 0xD0, 0x00, 0x2A,
	0x00, 0x2E, 0x00, 0x00, 0x77, 0x21, 0x36, 0x34, 0x35, 0x34, 0x26, 0x26,
	0x23, 0x22, 0x06, 0x06, 0x07, 0x06, 0x06, 0x15, 0x14, 0x16, 0x16, 0x33,
	0x32, 0x36, 0x36, 0x37, 0x27, 0x0E, 0x02, 0x23, 0x22, 0x26, 0x26, 0x35,
	0x37, 0x34, 0x36, 0x36, 0x33, 0x32, 0x16, 0x16, 0x17, 0x21, 0x13, 0x17,
	0x37, 0x27, 0x56, 0x01, 0x89, 0x01, 0x36, 0x62, 0x41, 0x3B, 0x5F, 0x3C,
	0x0A, 0x02, 0x02, 0x39, 0x63, 0x3E, 0x3C, 0x50, 0x38, 0x17, 0x41, 0x0F,
	0x2A, 0x35, 0x22, 0x2D, 0x42, 0x24, 0x02, 0x27, 0x42, 0x28, 0x28, 0x37,
	0x1F, 0x04, 0xFE, 0xCD, 0x1B, 0xB4, 0x2D, 0x96, 0xD2, 0x06, 0x0C, 0x06,
	0x49, 0x69, 0x3A, 0x30, 0x56, 0x39, 0x0C, 0x18, 0x0D, 0x45, 0x6D, 0x3E,
	0x1D, 0x35, 0x23, 0x29, 0x19, 0x25, 0x15, 0x26, 0x4A, 0x35, 0x1E, 0x2B,
	0x3F, 0x22, 0x1F, 0x37, 0x24, 0x01, 0x92, 0x96, 0x1E, 0xA0, 0x00, 0x03,
	0x00, 0x23, 0xFF, 0xF6, 0x01, 0xE0, 0x02, 0x80, 0x00, 0x2A, 0x00, 0x36,
	0x00, 0x42, 0x00, 0x00, 0x77, 0x21, 0x36, 0x34, 0x35, 0x34, 0x26, 0x26,
	0x23, 0x22, 0x06, 0x06, 0x07, 0x06, 0x06, 0x15, 0x14, 0x16, 0x16, 0x33,
	0x32, 0x36, 0x36, 0x37, 0x27, 0x0E, 0x02, 0x23, 0x22, 0x26, 0x26, 0x35,
	0x37, 0x34, 0x36, 0x36, 0x33, 0x32, 0x16, 0x16, 0x17, 0x21, 0x13, 0x14,
	0x16, 0x33, 0x32, 0x36, 0x35, 0x34, 0x26, 0x23, 0x22, 0x06, 0x07, 0x14,
	0x16, 0x33, 0x32, 0x36, 0x35, 0x34, 0x26, 0x23, 0x22, 0x06, 0x56, 0x01,
	0x89, 0x01, 0x36, 0x62, 0x41, 0x3B, 0x5F, 0x3C, 0x0A, 0x02, 0x02, 0x39,
	0x63, 0x3E, 0x3C, 0x50, 0x38, 0x17, 0x41, 0x0F, 0x2A, 0x35, 0x22, 0x2D,
	0x42, 0x24, 0x02, 0x27, 0x42, 0x28, 0x28, 0x37, 0x1F, 0x04, 0xFE, 0xCD,
	0xDE, 0x21, 0x16, 0x17, 0x20, 0x20, 0x17, 0x16, 0x21, 0xC8, 0x21, 0x16,
	0x17, 0x20, 0x20, 0x17, 0x16, 0x21, 0xD2, 0x06, 0x0C, 0x06, 0x49, 0x69,
	0x3A, 0x30, 0x56, 0x39, 0x0C, 0x18, 0x0D, 0x45, 0x6D, 0x3E, 0x1D, 0x35,
	0x23, 0x29, 0x19, 0x25, 0x15, 0x26, 0x4A, 0x35, 0x1E, 0x2B, 0x3F, 0x22,
	0x1F, 0x37, 0x24, 0x01, 0x33, 0x16, 0x21, 0x21, 0x16, 0x17, 0x20, 0x20,
	0x17, 0x16, 0x21, 0x21, 0x16, 0x17, 0x20, 0x20, 0x00, 0x03, 0x00, 0x00,
	0x00, 0x00, 0x02, 0xA3, 0x01, 0xCC, 0x00, 0x05, 0x00, 0x09, 0x00, 0x0F,
	0x00, 0x00, 0x41, 0x07, 0x13, 0x33, 0x03, 0x37, 0x21, 0x23, 0x11, 0x33,
	0x03, 0x23, 0x17, 0x03, 0x33, 0x13, 0x02, 0x2B, 0xC8, 0xDC, 0x64, 0xE6,
	0xD2, 0xFE, 0xE8, 0x4B, 0x4B, 0xFF, 0x64, 0xD2, 0xE6, 0x64, 0xDC, 0x01,
	0xCC, 0xBE, 0xFE, 0xF2, 0x01, 0x04, 0xC8, 0xFE, 0x34, 0x01, 0xCC, 0xC8,
	0xFE, 0xFC, 0x01, 0x0E, 0x00, 0x02, 0x00, 0x3C, 0xFF, 0xF6, 0x01, 0xAA,
	0x01, 0xD6, 0x00, 0x16, 0x00, 0x2D, 0x00, 0x00, 0x77, 0x32, 0x36, 0x35,
	0x34, 0x26, 0x26, 0x23, 0x22, 0x06, 0x06, 0x15, 0x33, 0x34, 0x36, 0x36,
	0x33, 0x32, 0x16, 0x15, 0x14, 0x06, 0x23, 0x13, 0x32, 0x36, 0x36, 0x35,
	0x34, 0x26, 0x23, 0x15, 0x32, 0x16, 0x16, 0x15, 0x14, 0x06, 0x06, 0x23,
	0x22, 0x26, 0x27, 0x23, 0x16, 0x16, 0xEE, 0x4F, 0x59, 0x29, 0x48, 0x2D,
	0x30, 0x4C, 0x2C, 0x51, 0x12, 0x27, 0x1E, 0x24, 0x28, 0x28, 0x2E, 0x08,
	0x31, 0x52, 0x31, 0x66, 0x56, 0x23, 0x31, 0x19, 0x18, 0x2D, 0x20, 0x34,
	0x2E, 0x07, 0x51, 0x08, 0x61, 0xE6, 0x42, 0x32, 0x22, 0x38, 0x22, 0x27,
	0x42, 0x27, 0x10, 0x21, 0x17, 0x1F, 0x1B, 0x19, 0x23, 0xFE, 0xDE, 0x23,
	0x41, 0x2D, 0x41, 0x3C, 0x32, 0x12, 0x22, 0x18, 0x16, 0x22, 0x12, 0x34,
	0x21, 0x43, 0x58, 0x00, 0x00, 0x03, 0x00, 0x50, 0xFF, 0xDD, 0x01, 0xD1,
	0x01, 0xEF, 0x00, 0x03, 0x00, 0x07, 0x00, 0x0B, 0x00, 0x00, 0x41, 0x37,
	0x01, 0x07, 0x13, 0x23, 0x11, 0x37, 0x01, 0x07, 0x11, 0x33, 0x01, 0xCC,
	0x05, 0xFE, 0x84, 0x05, 0x50, 0x50, 0x50, 0x01, 0x31, 0x50, 0x50, 0x01,
	0x7C, 0x73, 0xFE, 0x61, 0x73, 0x01, 0xEF, 0xFE, 0x11, 0x6E, 0x01, 0xA4,
	0x6E, 0xFE, 0x7F, 0x00, 0x00, 0x04, 0x00, 0x50, 0xFF, 0xDD, 0x01, 0xD1,
	0x02, 0xB7, 0x00, 0x03, 0x00, 0x07, 0x00, 0x0B, 0x00, 0x1D, 0x00, 0x00,
	0x41, 0x37, 0x01, 0x07, 0x13, 0x23, 0x11, 0x37, 0x01, 0x07, 0x11, 0x33,
	0x01, 0x14, 0x16, 0x16, 0x33, 0x32, 0x36, 0x36, 0x35, 0x23, 0x14, 0x06,
	0x06, 0x23, 0x22, 0x26, 0x26, 0x35, 0x01, 0xCC, 0x05, 0xFE, 0x84, 0x05,
	0x50, 0x50, 0x50, 0x01, 0x31, 0x50, 0x50, 0xFE, 0xA4, 0x23, 0x47, 0x34,
	0x35, 0x46, 0x23, 0x47, 0x0E, 0x26, 0x23, 0x23, 0x26, 0x0E, 0x01, 0x7C,
	0x73, 0xFE, 0x61, 0x73, 0x01, 0xEF, 0xFE, 0x11, 0x6E, 0x01, 0xA4, 0x6E,
	0xFE, 0x7F, 0x02, 0xB7, 0x22, 0x41, 0x29, 0x29, 0x41, 0x22, 0x0D, 0x23,
	0x1B, 0x1B, 0x23, 0x0D, 0x00, 0x04, 0x00, 0x50, 0xFF, 0xDD, 0x01, 0xD1,
	0x02, 0xE9, 0x00, 0x03, 0x00, 0x07, 0x00, 0x0B, 0x00, 0x0F, 0x00, 0x00,
	0x41, 0x37, 0x01, 0x07, 0x13, 0x23, 0x11, 0x37, 0x01, 0x07, 0x11, 0x33,
	0x01, 0x17, 0x37, 0x27, 0x01, 0xCC, 0x05, 0xFE, 0x84, 0x05, 0x50, 0x50,
	0x50, 0x01, 0x31, 0x50, 0x50, 0xFE, 0xA2, 0xB4, 0x2D, 0x96, 0x01, 0x7C,
	0x73, 0xFE, 0x61, 0x73, 0x01, 0xEF, 0xFE, 0x11, 0x6E, 0x01, 0xA4, 0x6E,
	0xFE, 0x7F, 0x02, 0xC1, 0x96, 0x1E, 0xA0, 0x00, 0x00, 0x02, 0x00, 0x46,
	0x00, 0x00, 0x01, 0xB8, 0x01, 0xCC, 0x00, 0x03, 0x00, 0x09, 0x00, 0x00,
	0x53, 0x11, 0x33, 0x11, 0x33, 0x07, 0x13, 0x33, 0x03, 0x37, 0x46, 0x50,
	0xAA, 0xC8, 0xDC, 0x64, 0xDC, 0xC8, 0x01, 0xCC, 0xFE, 0x34, 0x01, 0xCC,
	0xBE, 0xFE, 0xF2, 0x01, 0x0E, 0xBE, 0x00, 0x03, 0x00, 0x46, 0x00, 0x00,
	0x01, 0xB8, 0x02, 0xD0, 0x00, 0x03, 0x00, 0x09, 0x00, 0x0D, 0x00, 0x00,
	0x53, 0x11, 0x33, 0x11, 0x33, 0x07, 0x13, 0x33, 0x03, 0x37, 0x37, 0x27,
	0x07, 0x17, 0x46, 0x50, 0xAA, 0xC8, 0xDC, 0x64, 0xDC, 0xC8, 0x05, 0x4B,
	0x96, 0x2D, 0x01, 0xCC, 0xFE, 0x34, 0x01, 0xCC, 0xBE, 0xFE, 0xF2, 0x01,
	0x0E, 0xBE, 0xDC, 0x28, 0xA0, 0x1E, 0x00, 0x01, 0x00, 0x0A, 0x00, 0x00,
	0x01, 0xDE, 0x01, 0xCC, 0x00, 0x0E, 0x00, 0x00, 0x41, 0x21, 0x11, 0x14,
	0x06, 0x23, 0x15, 0x32, 0x36, 0x36, 0x35, 0x35, 0x33, 0x11, 0x33, 0x01,
	0xDE, 0xFE, 0x75, 0x2B, 0x1E, 0x34, 0x44, 0x21, 0xEB, 0x50, 0x01, 0xCC,
	0xFE, 0xD4, 0x31, 0x26, 0x49, 0x23, 0x47, 0x36, 0xE1, 0xFE, 0x7F, 0x00,
	0x00, 0x04, 0x00, 0x05, 0xFF, 0xE1, 0x02, 0x5A, 0x01, 0xEF, 0x00, 0x03,
	0x00, 0x07, 0x00, 0x0B, 0x00, 0x0F, 0x00, 0x00, 0x61, 0x33, 0x03, 0x07,
	0x03, 0x17, 0x13, 0x27, 0x03, 0x37, 0x03, 0x07, 0x03, 0x33, 0x13, 0x27,
	0x02, 0x00, 0x5A, 0x78, 0x2D, 0xA5, 0x1E, 0xBE, 0x0A, 0xB4, 0x1E, 0xCF,
	0x0A, 0x6E, 0x5A, 0x4B, 0x2D, 0x01, 0xEF, 0x82, 0xFE, 0xD8, 0x64, 0x01,
	0x6E, 0xA0, 0xFD, 0xF2, 0x64, 0x01, 0xAA, 0xA0, 0xFE, 0xB1, 0x01, 0x6D,
	0x82, 0x00, 0x00, 0x03, 0x00, 0x4B, 0x00, 0x00, 0x01, 0xEA, 0x01, 0xCC,
	0x00, 0x03, 0x00, 0x07, 0x00, 0x0B, 0x00, 0x00, 0x77, 0x21, 0x35, 0x21,
	0x25, 0x11, 0x33, 0x11, 0x21, 0x11, 0x33, 0x11, 0x7A, 0x01, 0x54, 0xFE,
	0xAC, 0x01, 0x20, 0x50, 0xFE, 0x61, 0x50, 0xCD, 0x4B, 0xB4, 0xFE, 0x34,
	0x01, 0xCC, 0xFE, 0x34, 0x01, 0xCC, 0x00, 0x02, 0x00, 0x23, 0xFF, 0xF6,
	0x01, 0xFF, 0x01, 0xD6, 0x00, 0x0F, 0x00, 0x1F, 0x00, 0x00, 0x77, 0x14,
	0x16, 0x16, 0x33, 0x32, 0x36, 0x36, 0x35, 0x34, 0x26, 0x26, 0x23, 0x22,
	0x06, 0x06, 0x17, 0x34, 0x36, 0x36, 0x33, 0x32, 0x16, 0x16, 0x15, 0x14,
	0x06, 0x06, 0x23, 0x22, 0x26, 0x26, 0x23, 0x3F, 0x6C, 0x43, 0x44, 0x6B,
	0x3F, 0x3F, 0x6B, 0x44, 0x43, 0x6C, 0x3F, 0x51, 0x29, 0x47, 0x2D, 0x2D,
	0x47, 0x29, 0x29, 0x47, 0x2D, 0x2D, 0x47, 0x29, 0xE6, 0x45, 0x6D, 0x3E,
	0x3E, 0x6D, 0x45, 0x46, 0x6C, 0x3E, 0x3E, 0x6C, 0x46, 0x30, 0x4B, 0x2A,
	0x2A, 0x4B, 0x30, 0x30, 0x4A, 0x2B, 0x2B, 0x4A, 0x00, 0x01, 0x00, 0x4B,
	0x00, 0x00, 0x01, 0xC2, 0x01, 0xCC, 0x00, 0x07, 0x00, 0x00, 0x41, 0x21,
	0x11, 0x33, 0x11, 0x33, 0x11, 0x33, 0x01, 0xC2, 0xFE, 0x89, 0x50, 0xD7,
	0x50, 0x01, 0xCC, 0xFE, 0x34, 0x01, 0x81, 0xFE, 0x7F, 0x00, 0x00, 0x03,
	0x00, 0x46, 0xFF, 0x24, 0x02, 0x17, 0x01, 0xD6, 0x00, 0x03, 0x00, 0x13,
	0x00, 0x23, 0x00, 0x00, 0x57, 0x11, 0x23, 0x11, 0x01, 0x34, 0x26, 0x26,
	0x23, 0x22, 0x06, 0x06, 0x15, 0x14, 0x16, 0x16, 0x33, 0x32, 0x36, 0x36,
	0x27, 0x14, 0x06, 0x06, 0x23, 0x22, 0x26, 0x26, 0x35, 0x34, 0x36, 0x36,
	0x33, 0x32, 0x16, 0x16, 0x96, 0x50, 0x01, 0xD1, 0x3E, 0x67, 0x3F, 0x39,
	0x57, 0x31, 0x31, 0x57, 0x39, 0x3F, 0x67, 0x3E, 0x51, 0x2B, 0x47, 0x2B,
	0x23, 0x44, 0x2C, 0x2C, 0x44, 0x23, 0x2B, 0x47, 0x2B, 0xDC, 0x02, 0xA8,
	0xFD, 0x58, 0x01, 0xC2, 0x4B, 0x6B, 0x3A, 0x3A, 0x6B, 0x4B, 0x4A, 0x6C,
	0x3A, 0x3A, 0x6C, 0x4A, 0x35, 0x4A, 0x26, 0x26, 0x4A, 0x35, 0x35, 0x4A,
	0x26, 0x26, 0x4A, 0x00, 0x00, 0x01, 0x00, 0x1E, 0xFF, 0xF6, 0x01, 0xAC,
	0x01, 0xD6, 0x00, 0x1F, 0x00, 0x00, 0x77, 0x34, 0x36, 0x36, 0x33, 0x32,
	0x16, 0x16, 0x17, 0x35, 0x26, 0x26, 0x23, 0x22, 0x06, 0x06, 0x15, 0x14,
	0x16, 0x16, 0x33, 0x32, 0x36, 0x37, 0x35, 0x0E, 0x02, 0x23, 0x22, 0x26,
	0x26, 0x6F, 0x29, 0x47, 0x2D, 0x25, 0x41, 0x30, 0x0A, 0x18, 0x59, 0x2F,
	0x43, 0x6C, 0x3F, 0x3F, 0x6C, 0x43, 0x2F, 0x59, 0x18, 0x0A, 0x30, 0x41,
	0x25, 0x2D, 0x47, 0x29, 0xE6, 0x30, 0x4B, 0x2A, 0x17, 0x26, 0x17, 0x64,
	0x1C, 0x1F, 0x3E, 0x6C, 0x46, 0x45, 0x6D, 0x3E, 0x1F, 0x1C, 0x64, 0x16,
	0x27, 0x17, 0x2B, 0x4A, 0x00, 0x02, 0x00, 0x05, 0x00, 0x00, 0x01, 0x13,
	0x01, 0xCC, 0x00, 0x03, 0x00, 0x07, 0x00, 0x00, 0x53, 0x15, 0x21, 0x35,
	0x07, 0x11, 0x33, 0x11, 0x05, 0x01, 0x0E, 0xAF, 0x50, 0x01, 0xCC, 0x4B,
	0x4B, 0x14, 0xFE, 0x48, 0x01, 0xB8, 0x00, 0x01, 0x00, 0x00, 0xFF, 0x24,
	0x01, 0xB8, 0x01, 0xCC, 0x00, 0x08, 0x00, 0x00, 0x41, 0x23, 0x03, 0x17,
	0x03, 0x23, 0x13, 0x03, 0x33, 0x01, 0xB8, 0x5A, 0x8E, 0x21, 0x92, 0x5F,
	0xB0, 0x7E, 0x5A, 0x01, 0xCC, 0xFE, 0x9C, 0x04, 0x01, 0x68, 0xFE, 0x75,
	0xFE, 0xE3, 0x00, 0x02, 0x00, 0x00, 0xFF, 0x24, 0x01, 0xB8, 0x02, 0x9E,
	0x00, 0x08, 0x00, 0x1A, 0x00, 0x00, 0x41, 0x23, 0x03, 0x17, 0x03, 0x23,
	0x13, 0x03, 0x33, 0x03, 0x14, 0x16, 0x16, 0x33, 0x32, 0x36, 0x36, 0x35,
	0x23, 0x14, 0x06, 0x06, 0x23, 0x22, 0x26, 0x26, 0x35, 0x01, 0xB8, 0x5A,
	0x8E, 0x21, 0x92, 0x5F, 0xB0, 0x7E, 0x5A, 0x4E, 0x23, 0x47, 0x34, 0x35,
	0x46, 0x23, 0x47, 0x0E, 0x26, 0x23, 0x23, 0x26, 0x0E, 0x01, 0xCC, 0xFE,
	0x9C, 0x04, 0x01, 0x68, 0xFE, 0x75, 0xFE, 0xE3, 0x03, 0x7A, 0x22, 0x41,
	0x29, 0x29, 0x41, 0x22, 0x0D, 0x23, 0x1B, 0x1B, 0x23, 0x0D, 0x00, 0x03,
	0x00, 0x23, 0xFF, 0x9C, 0x02, 0x27, 0x02, 0x30, 0x00, 0x03, 0x00, 0x13,
	0x00, 0x23, 0x00, 0x00, 0x53, 0x11, 0x33, 0x11, 0x01, 0x14, 0x16, 0x16,
	0x33, 0x32, 0x36, 0x36, 0x35, 0x34, 0x26, 0x26, 0x23, 0x22, 0x06, 0x06,
	0x17, 0x34, 0x36, 0x36, 0x33, 0x32, 0x16, 0x16, 0x15, 0x14, 0x06, 0x06,
	0x23, 0x22, 0x26, 0x26, 0xFD, 0x50, 0xFE, 0xD6, 0x40, 0x75, 0x4D, 0x4E,
	0x74, 0x40, 0x40, 0x74, 0x4E, 0x4D, 0x75, 0x40, 0x51, 0x2B, 0x4F, 0x37,
	0x37, 0x4F, 0x2B, 0x2B, 0x4F, 0x37, 0x37, 0x4F, 0x2B, 0x02, 0x30, 0xFD,
	0x6C, 0x02, 0x94, 0xFE, 0xB6, 0x45, 0x6D, 0x3E, 0x3E, 0x6D, 0x45, 0x46,
	0x6C, 0x3E, 0x3E, 0x6C, 0x46, 0x30, 0x4B, 0x2A, 0x2A, 0x4B, 0x30, 0x30,
	0x4A, 0x2B, 0x2B, 0x4A, 0x00, 0x01, 0x00, 0x00, 0x00, 0x00, 0x01, 0xA4,
	0x01, 0xCC, 0x00, 0x0B, 0x00, 0x00, 0x41, 0x07, 0x27, 0x23, 0x17, 0x07,
	0x33, 0x37, 0x17, 0x33, 0x27, 0x37, 0x01, 0x40, 0x6E, 0x6E, 0x5A, 0x9D,
	0xA7, 0x5A, 0x78, 0x78, 0x5A, 0xA7, 0x9D, 0x01, 0xCC, 0xA0, 0xA0, 0xDF,
	0xED, 0xAE, 0xAE, 0xED, 0xDF, 0x00, 0x00, 0x01, 0x00, 0x4B, 0xFF, 0xA6,
	0x02, 0x12, 0x01, 0xCC, 0x00, 0x0B, 0x00, 0x00, 0x65, 0x11, 0x23, 0x11,
	0x23, 0x11, 0x23, 0x11, 0x21, 0x15, 0x33, 0x35, 0x01, 0xC2, 0x50, 0xD7,
	0x50, 0x01, 0x81, 0x46, 0x4B, 0x01, 0x81, 0xFE, 0x7F, 0x01, 0x81, 0xFE,
	0x34, 0x5A, 0xA5, 0x00, 0x00, 0x03, 0x00, 0x32, 0x00, 0x00, 0x01, 0x9A,
	0x01, 0xCC, 0x00, 0x03, 0x00, 0x07, 0x00, 0x13, 0x00, 0x00, 0x77, 0x33,
	0x35, 0x23, 0x37, 0x11, 0x33, 0x11, 0x21, 0x23, 0x15, 0x14, 0x16, 0x16,
	0x33, 0x35, 0x22, 0x26, 0x26, 0x35, 0xE6, 0x9D, 0x9D, 0x64, 0x50, 0xFE,
	0xE8, 0x50, 0x20, 0x4F, 0x45, 0x26, 0x2C, 0x12, 0x8C, 0x4B, 0xF5, 0xFE,
	0x34, 0x01, 0xCC, 0x84, 0x43, 0x53, 0x26, 0x4B, 0x17, 0x32, 0x28, 0x00,
	0x00, 0x01, 0x00, 0x4B, 0x00, 0x00, 0x02, 0xC1, 0x01, 0xCC, 0x00, 0x0B,
	0x00, 0x00, 0x65, 0x11, 0x23, 0x11, 0x23, 0x11, 0x23, 0x11, 0x21, 0x11,
	0x23, 0x11, 0x01, 0xAE, 0x50, 0xC3, 0x50, 0x02, 0x76, 0x50, 0x4B, 0x01,
	0x81, 0xFE, 0x7F, 0x01, 0x81, 0xFE, 0x34, 0x01, 0xCC, 0xFE, 0x7F, 0x00,
	0x00, 0x01, 0x00, 0x4B, 0xFF, 0xA6, 0x03, 0x11, 0x01, 0xCC, 0x00, 0x0F,
	0x00, 0x00, 0x65, 0x11, 0x23, 0x11, 0x23, 0x11, 0x23, 0x11, 0x21, 0x15,
	0x33, 0x35, 0x23, 0x11, 0x23, 0x11, 0x01, 0xAE, 0x50, 0xC3, 0x50, 0x02,
	0x80, 0x46, 0x50, 0x50, 0x4B, 0x01, 0x81, 0xFE, 0x7F, 0x01, 0x81, 0xFE,
	0x34, 0x5A, 0xA5, 0x01, 0x81, 0xFE, 0x7F, 0x00, 0x00, 0x02, 0x00, 0x05,
	0x00, 0x00, 0x02, 0x10, 0x01, 0xCC, 0x00, 0x13, 0x00, 0x19, 0x00, 0x00,
	0x77, 0x33, 0x32, 0x16, 0x15, 0x14, 0x06, 0x06, 0x23, 0x23, 0x15, 0x33,
	0x32, 0x36, 0x36, 0x35, 0x34, 0x26, 0x23, 0x23, 0x27, 0x11, 0x33, 0x11,
	0x23, 0x15, 0xD9, 0x8F, 0x2C, 0x2C, 0x14, 0x27, 0x1D, 0x8F, 0x8F, 0x30,
	0x4C, 0x2C, 0x61, 0x47, 0x8F, 0x2F, 0x50, 0xF5, 0xD8, 0x26, 0x23, 0x17,
	0x21, 0x11, 0x46, 0x1E, 0x40, 0x31, 0x4A, 0x45, 0x63, 0xFE, 0x7F, 0x01,
	0xCC, 0x4B, 0x00, 0x03, 0x00, 0x4B, 0x00, 0x00, 0x02, 0x3A, 0x01, 0xCC,
	0x00, 0x03, 0x00, 0x07, 0x00, 0x1B, 0x00, 0x00, 0x41, 0x11, 0x33, 0x11,
	0x21, 0x11, 0x33, 0x11, 0x07, 0x33, 0x32, 0x16, 0x15, 0x14, 0x06, 0x06,
	0x23, 0x23, 0x15, 0x33, 0x32, 0x36, 0x36, 0x35, 0x34, 0x26, 0x23, 0x23,
	0x01, 0xEA, 0x50, 0xFE, 0x11, 0x50, 0x21, 0x8F, 0x2C, 0x2C, 0x14, 0x27,
	0x1D, 0x8F, 0x8F, 0x30, 0x4C, 0x2C, 0x61, 0x47, 0x8F, 0x01, 0xCC, 0xFE,
	0x34, 0x01, 0xCC, 0xFE, 0x34, 0x01, 0xCC, 0xF4, 0x26, 0x23, 0x17, 0x21,
	0x11, 0x46, 0x1E, 0x40, 0x31, 0x4A, 0x45, 0x00, 0x00, 0x02, 0x00, 0x4B,
	0x00, 0x00, 0x01, 0xB1, 0x01, 0xCC, 0x00, 0x03, 0x00, 0x17, 0x00, 0x00,
	0x53, 0x11, 0x33, 0x11, 0x07, 0x33, 0x32, 0x16, 0x15, 0x14, 0x06, 0x06,
	0x23, 0x23, 0x15, 0x33, 0x32, 0x36, 0x36, 0x35, 0x34, 0x26, 0x23, 0x23,
	0x4B, 0x50, 0x21, 0x8F, 0x2C, 0x2C, 0x14, 0x27, 0x1D, 0x8F, 0x8F, 0x30,
	0x4C, 0x2C, 0x61, 0x47, 0x8F, 0x01, 0xCC, 0xFE, 0x34, 0x01, 0xCC, 0xF4,
	0x26, 0x23, 0x17, 0x21, 0x11, 0x46, 0x1E, 0x40, 0x31, 0x4A, 0x45, 0x00,
	0x00, 0x02, 0x00, 0x32, 0xFF, 0xF6, 0x01, 0xC0, 0x01, 0xD6, 0x00, 0x03,
	0x00, 0x23, 0x00, 0x00, 0x53, 0x15, 0x33, 0x37, 0x07, 0x14, 0x06, 0x06,
	0x23, 0x22, 0x26, 0x26, 0x27, 0x15, 0x16, 0x16, 0x33, 0x32, 0x36, 0x36,
	0x35, 0x34, 0x26, 0x26, 0x23, 0x22, 0x06, 0x07, 0x15, 0x3E, 0x02, 0x33,
	0x32, 0x16, 0x16, 0x89, 0xE6, 0x46, 0x46, 0x29, 0x47, 0x2D, 0x25, 0x41,
	0x2F, 0x0B, 0x18, 0x59, 0x2F, 0x44, 0x6B, 0x3F, 0x3F, 0x6B, 0x44, 0x2F,
	0x59, 0x18, 0x0B, 0x2F, 0x41, 0x25, 0x2D, 0x47, 0x29, 0x01, 0x0B, 0x4A,
	0x4A, 0x25, 0x30, 0x4A, 0x2B, 0x17, 0x27, 0x16, 0x64, 0x1C, 0x1F, 0x3E,
	0x6D, 0x45, 0x46, 0x6C, 0x3E, 0x1F, 0x1C, 0x64, 0x17, 0x26, 0x17, 0x2A,
	0x4B, 0x00, 0x00, 0x04, 0x00, 0x4B, 0xFF, 0xF6, 0x02, 0xC7, 0x01, 0xD6,
	0x00, 0x03, 0x00, 0x07, 0x00, 0x17, 0x00, 0x27, 0x00, 0x00, 0x77, 0x33,
	0x35, 0x23, 0x27, 0x11, 0x33, 0x11, 0x17, 0x14, 0x16, 0x16, 0x33, 0x32,
	0x36, 0x36, 0x35, 0x34, 0x26, 0x26, 0x23, 0x22, 0x06, 0x06, 0x17, 0x34,
	0x36, 0x36, 0x33, 0x32, 0x16, 0x16, 0x15, 0x14, 0x06, 0x06, 0x23, 0x22,
	0x26, 0x26, 0x7A, 0xAA, 0xAA, 0x2F, 0x50, 0x50, 0x3F, 0x6C, 0x43, 0x44,
	0x6B, 0x3F, 0x3F, 0x6B, 0x44, 0x43, 0x6C, 0x3F, 0x51, 0x29, 0x47, 0x2D,
	0x2D, 0x47, 0x29, 0x29, 0x47, 0x2D, 0x2D, 0x47, 0x29, 0xCD, 0x4B, 0xB4,
	0xFE, 0x34, 0x01, 0xCC, 0xE6, 0x45, 0x6D, 0x3E, 0x3E, 0x6D, 0x45, 0x46,
	0x6C, 0x3E, 0x3E, 0x6C, 0x46, 0x30, 0x4B, 0x2A, 0x2A, 0x4B, 0x30, 0x30,
	0x4A, 0x2B, 0x2B, 0x4A, 0x00, 0x03, 0x00, 0x35, 0x00, 0x00, 0x01, 0xB1,
	0x01, 0xCC, 0x00, 0x03, 0x00, 0x07, 0x00, 0x1D, 0x00, 0x00, 0x73, 0x37,
	0x23, 0x07, 0x21, 0x11, 0x23, 0x11, 0x37, 0x23, 0x22, 0x26, 0x26, 0x35,
	0x34, 0x36, 0x36, 0x33, 0x33, 0x35, 0x23, 0x22, 0x06, 0x06, 0x15, 0x14,
	0x16, 0x16, 0x33, 0x33, 0x8D, 0xAA, 0x58, 0xAA, 0x01, 0x7C, 0x50, 0x21,
	0x8F, 0x1D, 0x27, 0x14, 0x14, 0x27, 0x1D, 0x8F, 0x8F, 0x2F, 0x4D, 0x2C,
	0x2C, 0x4D, 0x2F, 0x8F, 0xF0, 0xF0, 0x01, 0xCC, 0xFE, 0x34, 0xFE, 0x0F,
	0x1E, 0x17, 0x17, 0x1E, 0x0F, 0x46, 0x1C, 0x3C, 0x32, 0x31, 0x3D, 0x1C,
	0x00, 0x02, 0x00, 0x14, 0x01, 0xC7, 0x00, 0xDA, 0x02, 0xC1, 0x00, 0x19,
	0x00, 0x29, 0x00, 0x00, 0x53, 0x34, 0x36, 0x33, 0x32, 0x16, 0x17, 0x35,
	0x26, 0x26, 0x23, 0x22, 0x06, 0x15, 0x14, 0x16, 0x33, 0x32, 0x36, 0x35,
	0x27, 0x14, 0x06, 0x23, 0x22, 0x26, 0x35, 0x36, 0x36, 0x33, 0x32, 0x16,
	0x15, 0x15, 0x33, 0x35, 0x34, 0x26, 0x23, 0x22, 0x06, 0x07, 0x3D, 0x20,
	0x1B, 0x16, 0x24, 0x10, 0x05, 0x26, 0x21, 0x25, 0x3D, 0x31, 0x1F, 0x24,
	0x32, 0x08, 0x2A, 0x1A, 0x1C, 0x15, 0x08, 0x24, 0x19, 0x13, 0x1D, 0x28,
	0x31, 0x27, 0x1F, 0x2C, 0x0D, 0x02, 0x14, 0x15, 0x1E, 0x0C, 0x0C, 0x18,
	0x06, 0x18, 0x2D, 0x24, 0x25, 0x28, 0x25, 0x21, 0x19, 0x20, 0x1B, 0x19,
	0x82, 0x06, 0x12, 0x12, 0x11, 0xAF, 0xAF, 0x21, 0x25, 0x13, 0x09, 0x00,
	0x00, 0x02, 0x00, 0x14, 0x01, 0xCC, 0x01, 0x02, 0x02, 0xBC, 0x00, 0x0B,
	0x00, 0x17, 0x00, 0x00, 0x53, 0x14, 0x16, 0x33, 0x32, 0x36, 0x35, 0x34,
	0x26, 0x23, 0x22, 0x06, 0x17, 0x34, 0x36, 0x33, 0x32, 0x16, 0x15, 0x14,
	0x06, 0x23, 0x22, 0x26, 0x14, 0x44, 0x33, 0x33, 0x44, 0x44, 0x33, 0x33,
	0x44, 0x28, 0x2D, 0x22, 0x22, 0x2D, 0x2D, 0x22, 0x22, 0x2D, 0x02, 0x44,
	0x34, 0x44, 0x44, 0x34, 0x35, 0x43, 0x43, 0x35, 0x24, 0x2E, 0x2E, 0x24,
	0x24, 0x2E, 0x2E, 0x00, 0x00, 0x01, 0x00, 0x00, 0x02, 0x21, 0x00, 0xE1,
	0x02, 0xDF, 0x00, 0x03, 0x00, 0x00, 0x53, 0x37, 0x27, 0x07, 0xB4, 0x2D,
	0x96, 0x4B, 0x02, 0x21, 0x1E, 0xA0, 0x28, 0x00, 0x00, 0x01, 0x00, 0x0F,
	0x02, 0x21, 0x00, 0xF0, 0x02, 0xDF, 0x00, 0x03, 0x00, 0x00, 0x53, 0x37,
	0x27, 0x07, 0x3C, 0xB4, 0x4B, 0x96, 0x02, 0x21, 0x96, 0x28, 0xA0, 0x00,
	0x00, 0x01, 0x00, 0x00, 0x02, 0x23, 0x01, 0x2E, 0x02, 0xD6, 0x00, 0x06,
	0x00, 0x00, 0x53, 0x37, 0x23, 0x17, 0x37, 0x27, 0x07, 0x29, 0x7F, 0x22,
	0x7F, 0x29, 0x97, 0x97, 0x02, 0x23, 0x6D, 0x6D, 0x31, 0x82, 0x82, 0x00,
	0x00, 0x01, 0x00, 0x00, 0x02, 0x4C, 0x01, 0x4A, 0x02, 0xC4, 0x00, 0x19,
	0x00, 0x00, 0x53, 0x34, 0x36, 0x36, 0x33, 0x32, 0x16, 0x16, 0x33, 0x32,
	0x36, 0x36, 0x37, 0x27, 0x06, 0x06, 0x23, 0x22, 0x2E, 0x02, 0x23, 0x22,
	0x06, 0x06, 0x07, 0x35, 0x08, 0x16, 0x14, 0x17, 0x21, 0x26, 0x1B, 0x19,
	0x2A, 0x1F, 0x08, 0x2E, 0x0F, 0x1B, 0x0E, 0x14, 0x1A, 0x17, 0x1F, 0x18,
	0x16, 0x2D, 0x20, 0x05, 0x02, 0x4C, 0x08, 0x18, 0x13, 0x17, 0x18, 0x15,
	0x22, 0x12, 0x2B, 0x18, 0x18, 0x0E, 0x13, 0x0E, 0x15, 0x24, 0x19, 0x00,
	0x00, 0x01, 0x00, 0x00, 0x02, 0x58, 0x01, 0x5E, 0x02, 0xA3, 0x00, 0x03,
	0x00, 0x00, 0x51, 0x21, 0x35, 0x21, 0x01, 0x5E, 0xFE, 0xA2, 0x02, 0x58,
	0x4B, 0x00, 0x00, 0x01, 0x00, 0x00, 0x02, 0x1C, 0x01, 0x3C, 0x02, 0xA8,
	0x00, 0x11, 0x00, 0x00, 0x53, 0x32, 0x36, 0x36, 0x35, 0x23, 0x14, 0x06,
	0x06, 0x23, 0x22, 0x26, 0x26, 0x35, 0x23, 0x14, 0x16, 0x16, 0x9E, 0x2E,
	0x47, 0x29, 0x47, 0x17, 0x27, 0x19, 0x19, 0x27, 0x17, 0x47, 0x29, 0x47,
	0x02, 0x1C, 0x24, 0x40, 0x28, 0x15, 0x22, 0x14, 0x14, 0x22, 0x15, 0x28,
	0x40, 0x24, 0x00, 0x01, 0x00, 0x00, 0x02, 0x3A, 0x00, 0x6E, 0x02, 0xA8,
	0x00, 0x0B, 0x00, 0x00, 0x53, 0x32, 0x36, 0x35, 0x34, 0x26, 0x23, 0x22,
	0x06, 0x15, 0x14, 0x16, 0x37, 0x17, 0x20, 0x20, 0x17, 0x16, 0x21, 0x21,
	0x02, 0x3A, 0x21, 0x16, 0x17, 0x20, 0x20, 0x17, 0x16, 0x21, 0x00, 0x02,
	0x00, 0x00, 0x02, 0x5D, 0x01, 0x36, 0x02, 0xCB, 0x00, 0x0B, 0x00, 0x17,
	0x00, 0x00, 0x53, 0x32, 0x36, 0x35, 0x34, 0x26, 0x23, 0x22, 0x06, 0x15,
	0x14, 0x16, 0x33, 0x32, 0x36, 0x35, 0x34, 0x26, 0x23, 0x22, 0x06, 0x15,
	0x14, 0x16, 0x37, 0x19, 0x1E, 0x1E, 0x19, 0x19, 0x1E, 0x1E, 0xE1, 0x19,
	0x1E, 0x1E, 0x19, 0x19, 0x1E, 0x1E, 0x02, 0x5D, 0x1E, 0x19, 0x19, 0x1E,
	0x1E, 0x19, 0x19, 0x1E, 0x1E, 0x19, 0x19, 0x1E, 0x1E, 0x19, 0x19, 0x1E,
	0x00, 0x02, 0x00, 0x00, 0x02, 0x08, 0x00, 0xE1, 0x02, 0xE4, 0x00, 0x0D,
	0x00, 0x19, 0x00, 0x00, 0x53, 0x32, 0x36, 0x36, 0x35, 0x34, 0x26, 0x26,
	0x23, 0x22, 0x06, 0x15, 0x14, 0x16, 0x37, 0x22, 0x26, 0x35, 0x34, 0x36,
	0x33, 0x32, 0x16, 0x15, 0x14, 0x06, 0x70, 0x1F, 0x33, 0x1F, 0x1F, 0x33,
	0x1F, 0x2E, 0x42, 0x42, 0x2E, 0x17, 0x21, 0x21, 0x17, 0x17, 0x21, 0x21,
	0x02, 0x08, 0x1E, 0x32, 0x1E, 0x1F, 0x31, 0x1E, 0x40, 0x2E, 0x2E, 0x40,
	0x34, 0x22, 0x18, 0x18, 0x22, 0x22, 0x18, 0x18, 0x22, 0x00, 0x00, 0x02,
	0x00, 0x00, 0x01, 0xFF, 0x01, 0x60, 0x02, 0xD2, 0x00, 0x03, 0x00, 0x07,
	0x00, 0x00, 0x53, 0x37, 0x27, 0x07, 0x17, 0x37, 0x27, 0x07, 0x34, 0x86,
	0x52, 0x68, 0xD8, 0x88, 0x54, 0x67, 0x01, 0xFF, 0xBF, 0x14, 0xC2, 0x11,
	0xBF, 0x14, 0xC2, 0x00, 0x00, 0x01, 0x00, 0x00, 0x02, 0x23, 0x01, 0x2E,
	0x02, 0xD6, 0x00, 0x06, 0x00, 0x00, 0x53, 0x37, 0x27, 0x07, 0x33, 0x27,
	0x07, 0x97, 0x97, 0x29, 0x7F, 0x22, 0x7F, 0x29, 0x02, 0x23, 0x83, 0x30,
	0x6D, 0x6D, 0x30, 0x00, 0x00, 0x01, 0x00, 0x00, 0x01, 0xF4, 0x00, 0xA8,
	0x03, 0x0C, 0x00, 0x03, 0x00, 0x00, 0x53, 0x13, 0x27, 0x07, 0x50, 0x58,
	0x3A, 0x6E, 0x01, 0xF4, 0x01, 0x03, 0x15, 0xFA, 0x00, 0x01, 0x00, 0x00,
	0xFF, 0x24, 0x00, 0x9A, 0xFF, 0xEF, 0x00, 0x03, 0x00, 0x00, 0x57, 0x37,
	0x27, 0x07, 0x28, 0x72, 0x38, 0x62, 0xDC, 0xAA, 0x21, 0xB4, 0x00, 0x01,
	0x00, 0x00, 0xFF, 0x24, 0x00, 0xC4, 0x00, 0x3C, 0x00, 0x1C, 0x00, 0x00,
	0x57, 0x32, 0x36, 0x35, 0x34, 0x26, 0x23, 0x22, 0x06, 0x07, 0x33, 0x37,
	0x23, 0x07, 0x36, 0x36, 0x33, 0x32, 0x16, 0x15, 0x14, 0x06, 0x23, 0x22,
	0x26, 0x27, 0x07, 0x16, 0x16, 0x59, 0x2F, 0x3C, 0x29, 0x20, 0x13, 0x11,
	0x08, 0x18, 0x4B, 0x3D, 0x50, 0x0A, 0x1E, 0x0C, 0x1A, 0x18, 0x1A, 0x18,
	0x13, 0x1A, 0x15, 0x17, 0x15, 0x28, 0xDC, 0x36, 0x28, 0x1E, 0x31, 0x0A,
	0x0F, 0x84, 0x99, 0x02, 0x01, 0x12, 0x12, 0x13, 0x15, 0x07, 0x0C, 0x2D,
	0x0F, 0x0D, 0x00, 0x01, 0x00, 0x00, 0xFF, 0x24, 0x00, 0xD3, 0x00, 0x19,
	0x00, 0x16, 0x00, 0x00, 0x57, 0x32, 0x36, 0x37, 0x27, 0x06, 0x06, 0x23,
	0x22, 0x26, 0x35, 0x34, 0x36, 0x36, 0x37, 0x27, 0x0E, 0x02, 0x15, 0x14,
	0x16, 0x16, 0x7B, 0x20, 0x2D, 0x0B, 0x21, 0x0A, 0x14, 0x14, 0x16, 0x1A,
	0x19, 0x2A, 0x1A, 0x29, 0x23, 0x3C, 0x25, 0x1B, 0x36, 0xDC, 0x19, 0x0F,
	0x32, 0x0A, 0x0A, 0x17, 0x1B, 0x13, 0x25, 0x21, 0x0B, 0x19, 0x12, 0x2D,
	0x34, 0x1E, 0x1D, 0x2E, 0x19, 0x00, 0x00, 0x02, 0x00, 0x28, 0xFF, 0xF6,
	0x02, 0x30, 0x02, 0xC6, 0x00, 0x13, 0x00, 0x23, 0x00, 0x00, 0x53, 0x34,
	0x3E, 0x02, 0x33, 0x32, 0x1E, 0x02, 0x15, 0x14, 0x0E, 0x02, 0x23, 0x22,
	0x2E, 0x02, 0x27, 0x14, 0x16, 0x16, 0x33, 0x32, 0x36, 0x36, 0x35, 0x34,
	0x26, 0x26, 0x23, 0x22, 0x06, 0x06, 0x7D, 0x18, 0x2E, 0x41, 0x28, 0x29,
	0x40, 0x2E, 0x18, 0x18, 0x2E, 0x40, 0x29, 0x28, 0x41, 0x2E, 0x18, 0x55,
	0x42, 0x75, 0x4D, 0x4D, 0x75, 0x42, 0x42, 0x75, 0x4D, 0x4D, 0x75, 0x42,
	0x01, 0x5E, 0x3D, 0x67, 0x4B, 0x29, 0x29, 0x4B, 0x67, 0x3D, 0x3D, 0x67,
	0x4B, 0x29, 0x29, 0x4B, 0x67, 0x3D, 0x69, 0xA2, 0x5D, 0x5D, 0xA2, 0x69,
	0x69, 0xA2, 0x5D, 0x5D, 0xA2, 0x00, 0x00, 0x01, 0x00, 0x50, 0x00, 0x00,
	0x01, 0x40, 0x02, 0xC6, 0x00, 0x05, 0x00, 0x00, 0x53, 0x37, 0x11, 0x33,
	0x11, 0x07, 0x50, 0x9B, 0x55, 0xF0, 0x02, 0x32, 0x2E, 0xFD, 0xA0, 0x02,
	0xC6, 0x3C, 0x00, 0x01, 0x00, 0x14, 0x00, 0x00, 0x02, 0x02, 0x02, 0xC7,
	0x00, 0x1E, 0x00, 0x00, 0x73, 0x21, 0x35, 0x21, 0x37, 0x36, 0x36, 0x35,
	0x34, 0x2E, 0x02, 0x23, 0x22, 0x06, 0x06, 0x15, 0x33, 0x34, 0x36, 0x36,
	0x33, 0x32, 0x1E, 0x02, 0x15, 0x14, 0x06, 0x06, 0x07, 0x14, 0x01, 0xEE,
	0xFE, 0xC1, 0xDF, 0x29, 0x34, 0x1A, 0x36, 0x54, 0x3A, 0x48, 0x67, 0x36,
	0x55, 0x22, 0x41, 0x2D, 0x20, 0x32, 0x23, 0x12, 0x11, 0x21, 0x17, 0x50,
	0xE3, 0x2A, 0x6A, 0x36, 0x20, 0x46, 0x3D, 0x27, 0x3F, 0x71, 0x4B, 0x35,
	0x4D, 0x29, 0x16, 0x24, 0x2C, 0x17, 0x1C, 0x33, 0x31, 0x19, 0x00, 0x02,
	0x00, 0x3C, 0xFF, 0xF6, 0x01, 0xF5, 0x02, 0xC6, 0x00, 0x19, 0x00, 0x36,
	0x00, 0x00, 0x53, 0x32, 0x36, 0x36, 0x35, 0x34, 0x26, 0x26, 0x23, 0x22,
	0x06, 0x06, 0x15, 0x33, 0x34, 0x36, 0x33, 0x32, 0x16, 0x16, 0x15, 0x14,
	0x0E, 0x02, 0x23, 0x13, 0x32, 0x36, 0x36, 0x35, 0x34, 0x2E, 0x02, 0x23,
	0x15, 0x32, 0x1E, 0x02, 0x15, 0x14, 0x06, 0x06, 0x23, 0x22, 0x26, 0x26,
	0x35, 0x23, 0x14, 0x1E, 0x02, 0xFD, 0x44, 0x66, 0x3A, 0x2F, 0x57, 0x3C,
	0x39, 0x59, 0x33, 0x51, 0x44, 0x31, 0x23, 0x2F, 0x18, 0x13, 0x24, 0x34,
	0x22, 0x1E, 0x3F, 0x62, 0x39, 0x27, 0x45, 0x59, 0x33, 0x22, 0x3A, 0x2C,
	0x19, 0x20, 0x3B, 0x28, 0x28, 0x3E, 0x23, 0x56, 0x20, 0x3A, 0x52, 0x01,
	0x59, 0x30, 0x52, 0x31, 0x32, 0x54, 0x34, 0x2F, 0x52, 0x37, 0x2E, 0x3D,
	0x1C, 0x33, 0x21, 0x19, 0x2C, 0x21, 0x13, 0xFE, 0x66, 0x30, 0x58, 0x3B,
	0x34, 0x4A, 0x2F, 0x16, 0x37, 0x10, 0x21, 0x31, 0x20, 0x26, 0x38, 0x1F,
	0x1E, 0x34, 0x21, 0x29, 0x47, 0x35, 0x1E, 0x00, 0x00, 0x01, 0x00, 0x14,
	0x00, 0x00, 0x02, 0x29, 0x02, 0xBC, 0x00, 0x0C, 0x00, 0x00, 0x77, 0x21,
	0x35, 0x2B, 0x02, 0x13, 0x11, 0x15, 0x15, 0x33, 0x11, 0x23, 0x14, 0x02,
	0x15, 0x8F, 0x11, 0xE9, 0xC6, 0x55, 0x23, 0x8C, 0x4B, 0x01, 0x28, 0xFE,
	0xBC, 0x0B, 0xB0, 0x02, 0xBC, 0x00, 0x00, 0x01, 0x00, 0x1E, 0xFF, 0xF6,
	0x02, 0x0C, 0x02, 0xBC, 0x00, 0x25, 0x00, 0x00, 0x65, 0x34, 0x26, 0x26,
	0x23, 0x22, 0x06, 0x07, 0x37, 0x21, 0x35, 0x21, 0x03, 0x3E, 0x02, 0x33,
	0x32, 0x16, 0x16, 0x15, 0x14, 0x06, 0x06, 0x23, 0x22, 0x26, 0x26, 0x27,
	0x07, 0x1E, 0x02, 0x33, 0x32, 0x3E, 0x02, 0x02, 0x0C, 0x36, 0x5F, 0x3C,
	0x1A, 0x35, 0x19, 0x2F, 0x01, 0x08, 0xFE, 0xB6, 0x5C, 0x24, 0x37, 0x37,
	0x21, 0x2D, 0x47, 0x29, 0x25, 0x46, 0x32, 0x26, 0x46, 0x35, 0x10, 0x48,
	0x17, 0x43, 0x5F, 0x40, 0x33, 0x58, 0x44, 0x26, 0xE6, 0x46, 0x6A, 0x3C,
	0x0D, 0x0D, 0xB9, 0x4B, 0xFE, 0x8B, 0x19, 0x1B, 0x0B, 0x28, 0x48, 0x30,
	0x30, 0x48, 0x28, 0x21, 0x35, 0x1E, 0x31, 0x28, 0x43, 0x28, 0x1E, 0x3C,
	0x5A, 0x00, 0x00, 0x02, 0x00, 0x32, 0xFF, 0xF6, 0x02, 0x0E, 0x02, 0xBC,
	0x00, 0x0F, 0x00, 0x26, 0x00, 0x00, 0x77, 0x34, 0x36, 0x36, 0x33, 0x32,
	0x16, 0x16, 0x15, 0x14, 0x06, 0x06, 0x23, 0x22, 0x26, 0x26, 0x13, 0x03,
	0x06, 0x06, 0x15, 0x14, 0x16, 0x16, 0x33, 0x32, 0x36, 0x36, 0x35, 0x34,
	0x2E, 0x02, 0x23, 0x22, 0x06, 0x07, 0x17, 0x13, 0x83, 0x29, 0x47, 0x2D,
	0x2D, 0x47, 0x29, 0x29, 0x47, 0x2D, 0x2D, 0x47, 0x29, 0xC7, 0xEC, 0x14,
	0x18, 0x3F, 0x6C, 0x43, 0x44, 0x6B, 0x3F, 0x20, 0x39, 0x4B, 0x2B, 0x22,
	0x35, 0x14, 0x06, 0xDB, 0xE6, 0x30, 0x4B, 0x2A, 0x2A, 0x4B, 0x30, 0x30,
	0x49, 0x2A, 0x2A, 0x49, 0x02, 0x06, 0xFE, 0xBB, 0x1C, 0x4A, 0x2B, 0x48,
	0x6C, 0x3C, 0x3C, 0x6C, 0x48, 0x30, 0x53, 0x3E, 0x22, 0x10, 0x19, 0x05,
	0x01, 0x21, 0x00, 0x01, 0x00, 0x1E, 0x00, 0x00, 0x02, 0x08, 0x02, 0xBC,
	0x00, 0x05, 0x00, 0x00, 0x53, 0x21, 0x01, 0x33, 0x01, 0x21, 0x1E, 0x01,
	0x6B, 0xFE, 0xD7, 0x59, 0x01, 0x4F, 0xFE, 0x16, 0x02, 0x6C, 0xFD, 0x94,
	0x02, 0xBC, 0x00, 0x04, 0x00, 0x37, 0xFF, 0xF6, 0x01, 0xEB, 0x02, 0xC6,
	0x00, 0x11, 0x00, 0x21, 0x00, 0x35, 0x00, 0x45, 0x00, 0x00, 0x53, 0x14,
	0x1E, 0x02, 0x33, 0x32, 0x3E, 0x02, 0x35, 0x34, 0x26, 0x26, 0x23, 0x22,
	0x06, 0x06, 0x17, 0x34, 0x36, 0x36, 0x33, 0x32, 0x16, 0x16, 0x15, 0x14,
	0x06, 0x06, 0x23, 0x22, 0x26, 0x26, 0x03, 0x14, 0x1E, 0x02, 0x33, 0x32,
	0x3E, 0x02, 0x35, 0x34, 0x2E, 0x02, 0x23, 0x22, 0x0E, 0x02, 0x17, 0x34,
	0x36, 0x36, 0x33, 0x32, 0x16, 0x16, 0x15, 0x14, 0x06, 0x06, 0x23, 0x22,
	0x26, 0x26, 0x50, 0x1C, 0x33, 0x47, 0x2B, 0x2B, 0x47, 0x33, 0x1C, 0x33,
	0x57, 0x37, 0x37, 0x57, 0x33, 0x51, 0x1D, 0x33, 0x20, 0x21, 0x32, 0x1D,
	0x1F, 0x33, 0x1E, 0x1E, 0x33, 0x1F, 0x6A, 0x21, 0x3B, 0x4F, 0x2F, 0x2F,
	0x4F, 0x3B, 0x21, 0x23, 0x3D, 0x4F, 0x2B, 0x2B, 0x4F, 0x3D, 0x23, 0x51,
	0x27, 0x3F, 0x23, 0x23, 0x3F, 0x27, 0x27, 0x3F, 0x23, 0x23, 0x3F, 0x27,
	0x02, 0x13, 0x29, 0x41, 0x2E, 0x18, 0x18, 0x2E, 0x41, 0x29, 0x32, 0x51,
	0x30, 0x30, 0x51, 0x3C, 0x21, 0x34, 0x1D, 0x1D, 0x34, 0x21, 0x21, 0x32,
	0x1C, 0x1C, 0x32, 0xFE, 0xD6, 0x29, 0x48, 0x38, 0x1F, 0x1F, 0x38, 0x48,
	0x29, 0x30, 0x4B, 0x33, 0x1A, 0x1A, 0x33, 0x4B, 0x26, 0x26, 0x3D, 0x24,
	0x24, 0x3D, 0x26, 0x2B, 0x3C, 0x20, 0x20, 0x3C, 0x00, 0x02, 0x00, 0x32,
	0x00, 0x00, 0x02, 0x0E, 0x02, 0xC6, 0x00, 0x0F, 0x00, 0x26, 0x00, 0x00,
	0x41, 0x14, 0x06, 0x06, 0x23, 0x22, 0x26, 0x26, 0x35, 0x34, 0x36, 0x36,
	0x33, 0x32, 0x16, 0x16, 0x03, 0x13, 0x36, 0x36, 0x35, 0x34, 0x26, 0x26,
	0x23, 0x22, 0x06, 0x06, 0x15, 0x14, 0x1E, 0x02, 0x33, 0x32, 0x36, 0x37,
	0x27, 0x03, 0x01, 0xBD, 0x29, 0x47, 0x2D, 0x2D, 0x47, 0x29, 0x29, 0x47,
	0x2D, 0x2D, 0x47, 0x29, 0xC7, 0xEC, 0x14, 0x18, 0x3F, 0x6B, 0x44, 0x43,
	0x6C, 0x3F, 0x20, 0x39, 0x4B, 0x2B, 0x22, 0x35, 0x14, 0x06, 0xDB, 0x01,
	0xD6, 0x30, 0x4A, 0x2B, 0x2B, 0x4A, 0x30, 0x30, 0x49, 0x2A, 0x2A, 0x49,
	0xFD, 0xFA, 0x01, 0x45, 0x1C, 0x4A, 0x2B, 0x48, 0x6C, 0x3C, 0x3C, 0x6C,
	0x48, 0x30, 0x53, 0x3E, 0x22, 0x10, 0x19, 0x05, 0xFE, 0xDF, 0x00, 0x02,
	0x00, 0x1E, 0xFF, 0xF6, 0x02, 0x26, 0x02, 0xC6, 0x00, 0x13, 0x00, 0x23,
	0x00, 0x00, 0x53, 0x34, 0x3E, 0x02, 0x33, 0x32, 0x1E, 0x02, 0x15, 0x14,
	0x0E, 0x02, 0x23, 0x22, 0x2E, 0x02, 0x27, 0x14, 0x16, 0x16, 0x33, 0x32,
	0x36, 0x36, 0x35, 0x34, 0x26, 0x26, 0x23, 0x22, 0x06, 0x06, 0x73, 0x18,
	0x2E, 0x41, 0x28, 0x29, 0x40, 0x2E, 0x18, 0x18, 0x2E, 0x40, 0x29, 0x28,
	0x41, 0x2E, 0x18, 0x55, 0x42, 0x75, 0x4D, 0x4D, 0x75, 0x42, 0x42, 0x75,
	0x4D, 0x4D, 0x75, 0x42, 0x01, 0x5E, 0x3D, 0x67, 0x4B, 0x29, 0x29, 0x4B,
	0x67, 0x3D, 0x3D, 0x67, 0x4B, 0x29, 0x29, 0x4B, 0x67, 0x3D, 0x69, 0xA2,
	0x5D, 0x5D, 0xA2, 0x69, 0x69, 0xA2, 0x5D, 0x5D, 0xA2, 0x00, 0x00, 0x01,
	0x00, 0x73, 0x00, 0x00, 0x01, 0x63, 0x02, 0xC6, 0x00, 0x05, 0x00, 0x00,
	0x53, 0x37, 0x11, 0x33, 0x11, 0x07, 0x73, 0x9B, 0x55, 0xF0, 0x02, 0x32,
	0x2E, 0xFD, 0xA0, 0x02, 0xC6, 0x3C, 0x00, 0x01, 0x00, 0x1A, 0x00, 0x00,
	0x02, 0x08, 0x02, 0xC7, 0x00, 0x1E, 0x00, 0x00, 0x73, 0x21, 0x35, 0x21,
	0x37, 0x36, 0x36, 0x35, 0x34, 0x2E, 0x02, 0x23, 0x22, 0x06, 0x06, 0x15,
	0x33, 0x34, 0x36, 0x36, 0x33, 0x32, 0x1E, 0x02, 0x15, 0x14, 0x06, 0x06,
	0x07, 0x1A, 0x01, 0xEE, 0xFE, 0xC0, 0xE0, 0x29, 0x33, 0x18, 0x33, 0x51,
	0x3A, 0x48, 0x6A, 0x3A, 0x54, 0x27, 0x44, 0x2D, 0x20, 0x30, 0x20, 0x10,
	0x12, 0x21, 0x17, 0x50, 0xE3, 0x2A, 0x60, 0x36, 0x23, 0x4B, 0x3F, 0x27,
	0x3F, 0x71, 0x4B, 0x35, 0x4D, 0x29, 0x16, 0x24, 0x2C, 0x17, 0x1C, 0x33,
	0x31, 0x19, 0x00, 0x02, 0x00, 0x4D, 0xFF, 0xF6, 0x02, 0x06, 0x02, 0xC6,
	0x00, 0x19, 0x00, 0x36, 0x00, 0x00, 0x41, 0x32, 0x36, 0x36, 0x35, 0x34,
	0x26, 0x26, 0x23, 0x22, 0x06, 0x06, 0x15, 0x33, 0x34, 0x36, 0x33, 0x32,
	0x16, 0x16, 0x15, 0x14, 0x0E, 0x02, 0x23, 0x13, 0x32, 0x36, 0x36, 0x35,
	0x34, 0x2E, 0x02, 0x23, 0x15, 0x32, 0x1E, 0x02, 0x15, 0x14, 0x06, 0x06,
	0x23, 0x22, 0x26, 0x26, 0x35, 0x23, 0x14, 0x1E, 0x02, 0x01, 0x0E, 0x44,
	0x66, 0x3A, 0x2F, 0x57, 0x3C, 0x39, 0x59, 0x33, 0x51, 0x44, 0x31, 0x23,
	0x2F, 0x18, 0x13, 0x24, 0x34, 0x22, 0x1E, 0x3F, 0x62, 0x39, 0x27, 0x45,
	0x59, 0x33, 0x22, 0x3A, 0x2C, 0x19, 0x20, 0x3B, 0x28, 0x28, 0x3E, 0x23,
	0x56, 0x20, 0x3A, 0x52, 0x01, 0x59, 0x30, 0x52, 0x31, 0x32, 0x54, 0x34,
	0x2F, 0x52, 0x37, 0x2E, 0x3D, 0x1C, 0x33, 0x21, 0x19, 0x2C, 0x21, 0x13,
	0xFE, 0x66, 0x30, 0x58, 0x3B, 0x34, 0x4A, 0x2F, 0x16, 0x37, 0x10, 0x21,
	0x31, 0x20, 0x26, 0x38, 0x1F, 0x1E, 0x34, 0x21, 0x29, 0x47, 0x35, 0x1E,
	0x00, 0x02, 0x00, 0x12, 0x00, 0x00, 0x02, 0x27, 0x02, 0xBC, 0x00, 0x05,
	0x00, 0x0E, 0x00, 0x00, 0x77, 0x21, 0x35, 0x23, 0x23, 0x21, 0x17, 0x13,
	0x11, 0x15, 0x15, 0x33, 0x11, 0x23, 0x01, 0x12, 0x02, 0x15, 0x8F, 0x11,
	0xFE, 0xD1, 0x14, 0xF8, 0x55, 0x23, 0xFE, 0x7C, 0x8C, 0x4B, 0x4B, 0x01,
	0x73, 0xFE, 0xBC, 0x0B, 0xB0, 0x02, 0xBC, 0xFD, 0xD0, 0x00, 0x00, 0x02,
	0x00, 0x26, 0xFF, 0xF6, 0x02, 0x14, 0x02, 0xBC, 0x00, 0x21, 0x00, 0x27,
	0x00, 0x00, 0x65, 0x34, 0x26, 0x26, 0x23, 0x22, 0x06, 0x07, 0x07, 0x3E,
	0x02, 0x33, 0x32, 0x16, 0x16, 0x15, 0x14, 0x06, 0x06, 0x23, 0x22, 0x26,
	0x26, 0x27, 0x07, 0x1E, 0x02, 0x33, 0x32, 0x3E, 0x02, 0x01, 0x21, 0x35,
	0x21, 0x03, 0x37, 0x02, 0x14, 0x36, 0x5F, 0x3C, 0x2C, 0x56, 0x23, 0x32,
	0x24, 0x37, 0x37, 0x21, 0x2D, 0x47, 0x29, 0x25, 0x46, 0x32, 0x27, 0x45,
	0x35, 0x10, 0x48, 0x17, 0x43, 0x5F, 0x40, 0x33, 0x58, 0x44, 0x26, 0xFE,
	0xF6, 0x01, 0x08, 0xFE, 0xB6, 0x5C, 0x69, 0xE6, 0x46, 0x6A, 0x3C, 0x23,
	0x26, 0x42, 0x19, 0x1B, 0x0B, 0x28, 0x48, 0x30, 0x30, 0x48, 0x28, 0x21,
	0x35, 0x1E, 0x31, 0x28, 0x43, 0x28, 0x1E, 0x3C, 0x5A, 0x01, 0xC7, 0x4B,
	0xFE, 0x8B, 0x5A, 0x00, 0x00, 0x02, 0x00, 0x34, 0xFF, 0xF6, 0x02, 0x10,
	0x02, 0xBC, 0x00, 0x0F, 0x00, 0x26, 0x00, 0x00, 0x77, 0x34, 0x36, 0x36,
	0x33, 0x32, 0x16, 0x16, 0x15, 0x14, 0x06, 0x06, 0x23, 0x22, 0x26, 0x26,
	0x13, 0x03, 0x06, 0x06, 0x15, 0x14, 0x16, 0x16, 0x33, 0x32, 0x36, 0x36,
	0x35, 0x34, 0x2E, 0x02, 0x23, 0x22, 0x06, 0x07, 0x17, 0x13, 0x85, 0x29,
	0x47, 0x2D, 0x2D, 0x47, 0x29, 0x29, 0x47, 0x2D, 0x2D, 0x47, 0x29, 0xC7,
	0xEC, 0x14, 0x18, 0x3F, 0x6C, 0x43, 0x44, 0x6B, 0x3F, 0x20, 0x39, 0x4B,
	0x2B, 0x22, 0x35, 0x14, 0x06, 0xDB, 0xE6, 0x30, 0x4B, 0x2A, 0x2A, 0x4B,
	0x30, 0x30, 0x49, 0x2A, 0x2A, 0x49, 0x02, 0x06, 0xFE, 0xBB, 0x1C, 0x4A,
	0x2B, 0x48, 0x6C, 0x3C, 0x3C, 0x6C, 0x48, 0x30, 0x53, 0x3E, 0x22, 0x10,
	0x19, 0x05, 0x01, 0x21, 0x00, 0x01, 0x00, 0x3A, 0x00, 0x00, 0x02, 0x24,
	0x02, 0xBC, 0x00, 0x05, 0x00, 0x00, 0x53, 0x21, 0x01, 0x33, 0x01, 0x21,
	0x3A, 0x01, 0x6A, 0xFE, 0xD8, 0x58, 0x01, 0x50, 0xFE, 0x16, 0x02, 0x6C,
	0xFD, 0x94, 0x02, 0xBC, 0x00, 0x04, 0x00, 0x48, 0xFF, 0xF6, 0x01, 0xFC,
	0x02, 0xC6, 0x00, 0x11, 0x00, 0x21, 0x00, 0x35, 0x00, 0x45, 0x00, 0x00,
	0x53, 0x14, 0x1E, 0x02, 0x33, 0x32, 0x3E, 0x02, 0x35, 0x34, 0x26, 0x26,
	0x23, 0x22, 0x06, 0x06, 0x17, 0x34, 0x36, 0x36, 0x33, 0x32, 0x16, 0x16,
	0x15, 0x14, 0x06, 0x06, 0x23, 0x22, 0x26, 0x26, 0x03, 0x14, 0x1E, 0x02,
	0x33, 0x32, 0x3E, 0x02, 0x35, 0x34, 0x2E, 0x02, 0x23, 0x22, 0x0E, 0x02,
	0x17, 0x34, 0x36, 0x36, 0x33, 0x32, 0x16, 0x16, 0x15, 0x14, 0x06, 0x06,
	0x23, 0x22, 0x26, 0x26, 0x61, 0x1C, 0x33, 0x47, 0x2B, 0x2B, 0x47, 0x33,
	0x1C, 0x33, 0x57, 0x37, 0x37, 0x57, 0x33, 0x51, 0x1D, 0x33, 0x20, 0x21,
	0x32, 0x1D, 0x1F, 0x33, 0x1E, 0x1E, 0x33, 0x1F, 0x6A, 0x21, 0x3B, 0x4F,
	0x2F, 0x2F, 0x4F, 0x3B, 0x21, 0x23, 0x3D, 0x4F, 0x2B, 0x2B, 0x4F, 0x3D,
	0x23, 0x51, 0x27, 0x3F, 0x23, 0x23, 0x3F, 0x27, 0x27, 0x3F, 0x23, 0x23,
	0x3F, 0x27, 0x02, 0x13, 0x29, 0x41, 0x2E, 0x18, 0x18, 0x2E, 0x41, 0x29,
	0x32, 0x51, 0x30, 0x30, 0x51, 0x3C, 0x21, 0x34, 0x1D, 0x1D, 0x34, 0x21,
	0x21, 0x32, 0x1C, 0x1C, 0x32, 0xFE, 0xD6, 0x29, 0x48, 0x38, 0x1F, 0x1F,
	0x38, 0x48, 0x29, 0x30, 0x4B, 0x33, 0x1A, 0x1A, 0x33, 0x4B, 0x26, 0x26,
	0x3D, 0x24, 0x24, 0x3D, 0x26, 0x2B, 0x3C, 0x20, 0x20, 0x3C, 0x00, 0x02,
	0x00, 0x34, 0x00, 0x00, 0x02, 0x10, 0x02, 0xC6, 0x00, 0x0F, 0x00, 0x26,
	0x00, 0x00, 0x41, 0x14, 0x06, 0x06, 0x23, 0x22, 0x26, 0x26, 0x35, 0x34,
	0x36, 0x36, 0x33, 0x32, 0x16, 0x16, 0x03, 0x13, 0x36, 0x36, 0x35, 0x34,
	0x26, 0x26, 0x23, 0x22, 0x06, 0x06, 0x15, 0x14, 0x1E, 0x02, 0x33, 0x32,
	0x36, 0x37, 0x27, 0x03, 0x01, 0xBF, 0x29, 0x47, 0x2D, 0x2D, 0x47, 0x29,
	0x29, 0x47, 0x2D, 0x2D, 0x47, 0x29, 0xC7, 0xEC, 0x14, 0x18, 0x3F, 0x6B,
	0x44, 0x43, 0x6C, 0x3F, 0x20, 0x39, 0x4B, 0x2B, 0x22, 0x35, 0x14, 0x06,
	0xDB, 0x01, 0xD6, 0x30, 0x4A, 0x2B, 0x2B, 0x4A, 0x30, 0x30, 0x49, 0x2A,
	0x2A, 0x49, 0xFD, 0xFA, 0x01, 0x45, 0x1C, 0x4A, 0x2B, 0x48, 0x6C, 0x3C,
	0x3C, 0x6C, 0x48, 0x30, 0x53, 0x3E, 0x22, 0x10, 0x19, 0x05, 0xFE, 0xDF,
	0x00, 0x01, 0x00, 0x98, 0x01, 0x12, 0x01, 0x28, 0x02, 0xBC, 0x00, 0x05,
	0x00, 0x00, 0x53, 0x37, 0x11, 0x33, 0x11, 0x07, 0x98, 0x5D, 0x33, 0x90,
	0x02, 0x63, 0x1C, 0xFE, 0x93, 0x01, 0xAA, 0x24, 0x00, 0x01, 0x00, 0x19,
	0x01, 0x1A, 0x01, 0x41, 0x02, 0xC5, 0x00, 0x1A, 0x00, 0x00, 0x53, 0x21,
	0x35, 0x23, 0x37, 0x36, 0x36, 0x35, 0x34, 0x26, 0x26, 0x23, 0x22, 0x06,
	0x06, 0x15, 0x33, 0x34, 0x36, 0x33, 0x32, 0x16, 0x16, 0x15, 0x14, 0x06,
	0x07, 0x19, 0x01, 0x28, 0xBF, 0x85, 0x19, 0x1F, 0x1A, 0x38, 0x2E, 0x2B,
	0x40, 0x23, 0x33, 0x33, 0x28, 0x1A, 0x21, 0x11, 0x17, 0x15, 0x01, 0x1A,
	0x30, 0x88, 0x1A, 0x3A, 0x20, 0x1C, 0x3B, 0x28, 0x26, 0x44, 0x2D, 0x30,
	0x37, 0x16, 0x22, 0x13, 0x19, 0x2D, 0x16, 0x00, 0x00, 0x02, 0x00, 0x19,
	0x01, 0x12, 0x01, 0x22, 0x02, 0xC2, 0x00, 0x15, 0x00, 0x2C, 0x00, 0x00,
	0x53, 0x32, 0x36, 0x36, 0x35, 0x34, 0x26, 0x23, 0x22, 0x06, 0x15, 0x33,
	0x34, 0x36, 0x33, 0x32, 0x16, 0x15, 0x14, 0x06, 0x06, 0x23, 0x17, 0x32,
	0x36, 0x35, 0x34, 0x26, 0x26, 0x23, 0x15, 0x32, 0x16, 0x16, 0x15, 0x14,
	0x06, 0x23, 0x22, 0x26, 0x35, 0x23, 0x14, 0x16, 0x16, 0x8D, 0x29, 0x3D,
	0x23, 0x3E, 0x36, 0x34, 0x43, 0x31, 0x29, 0x1D, 0x20, 0x20, 0x14, 0x26,
	0x1B, 0x12, 0x38, 0x4B, 0x29, 0x43, 0x29, 0x1B, 0x2C, 0x1A, 0x2B, 0x24,
	0x24, 0x2E, 0x34, 0x21, 0x3D, 0x01, 0xE7, 0x1D, 0x31, 0x1D, 0x2C, 0x44,
	0x3D, 0x31, 0x1C, 0x24, 0x25, 0x1E, 0x14, 0x21, 0x14, 0xF6, 0x40, 0x35,
	0x2A, 0x33, 0x18, 0x21, 0x11, 0x23, 0x1A, 0x22, 0x29, 0x27, 0x1E, 0x20,
	0x36, 0x1F, 0x00, 0x04, 0x00, 0x1E, 0x00, 0x00, 0x02, 0xCE, 0x02, 0xBC,
	0x00, 0x03, 0x00, 0x09, 0x00, 0x0F, 0x00, 0x18, 0x00, 0x00, 0x41, 0x01,
	0x33, 0x01, 0x05, 0x37, 0x11, 0x33, 0x11, 0x07, 0x01, 0x21, 0x35, 0x2B,
	0x02, 0x17, 0x37, 0x1D, 0x02, 0x33, 0x11, 0x23, 0x03, 0x02, 0x6A, 0xFD,
	0xF8, 0x41, 0x02, 0x08, 0xFD, 0x73, 0x5D, 0x33, 0x90, 0x01, 0x70, 0x01,
	0x40, 0x56, 0x0A, 0xB6, 0x0C, 0x95, 0x33, 0x15, 0xE9, 0x02, 0xBC, 0xFD,
	0x44, 0x02, 0xBC, 0x59, 0x1C, 0xFE, 0x93, 0x01, 0xAA, 0x24, 0xFD, 0xBC,
	0x2D, 0x2D, 0xDF, 0xC3, 0x06, 0x6A, 0x01, 0xA4, 0xFE, 0xB0, 0x00, 0x03,
	0x00, 0x1E, 0x00, 0x00, 0x03, 0x15, 0x02, 0xBC, 0x00, 0x03, 0x00, 0x09,
	0x00, 0x24, 0x00, 0x00, 0x41, 0x01, 0x33, 0x01, 0x05, 0x37, 0x11, 0x33,
	0x11, 0x07, 0x01, 0x21, 0x35, 0x23, 0x37, 0x36, 0x36, 0x35, 0x34, 0x26,
	0x26, 0x23, 0x22, 0x06, 0x06, 0x15, 0x33, 0x34, 0x36, 0x33, 0x32, 0x16,
	0x16, 0x15, 0x14, 0x06, 0x07, 0x02, 0x6A, 0xFD, 0xF8, 0x41, 0x02, 0x08,
	0xFD, 0x73, 0x5D, 0x33, 0x90, 0x01, 0xCF, 0x01, 0x28, 0xBF, 0x85, 0x19,
	0x1F, 0x1A, 0x38, 0x2E, 0x2B, 0x40, 0x23, 0x33, 0x33, 0x28, 0x1A, 0x21,
	0x11, 0x17, 0x15, 0x02, 0xBC, 0xFD, 0x44, 0x02, 0xBC, 0x59, 0x1C, 0xFE,
	0x93, 0x01, 0xAA, 0x24, 0xFD, 0x6A, 0x30, 0x88, 0x1A, 0x3A, 0x20, 0x1C,
	0x3B, 0x28, 0x26, 0x44, 0x2D, 0x30, 0x37, 0x16, 0x22, 0x13, 0x19, 0x2D,
	0x16, 0x00, 0x00, 0x05, 0x00, 0x1E, 0x00, 0x00, 0x03, 0x11, 0x02, 0xC2,
	0x00, 0x03, 0x00, 0x19, 0x00, 0x30, 0x00, 0x36, 0x00, 0x3F, 0x00, 0x00,
	0x41, 0x01, 0x33, 0x01, 0x05, 0x32, 0x36, 0x36, 0x35, 0x34, 0x26, 0x23,
	0x22, 0x06, 0x15, 0x33, 0x34, 0x36, 0x33, 0x32, 0x16, 0x15, 0x14, 0x06,
	0x06, 0x23, 0x17, 0x32, 0x36, 0x35, 0x34, 0x26, 0x26, 0x23, 0x15, 0x32,
	0x16, 0x16, 0x15, 0x14, 0x06, 0x23, 0x22, 0x26, 0x35, 0x23, 0x14, 0x16,
	0x16, 0x05, 0x21, 0x35, 0x2B, 0x02, 0x17, 0x37, 0x1D, 0x02, 0x33, 0x11,
	0x23, 0x03, 0x02, 0xAD, 0xFD, 0xF8, 0x41, 0x02, 0x08, 0xFD, 0xA4, 0x29,
	0x3D, 0x23, 0x3E, 0x36, 0x34, 0x43, 0x31, 0x29, 0x1D, 0x20, 0x20, 0x14,
	0x26, 0x1B, 0x12, 0x38, 0x4B, 0x29, 0x43, 0x29, 0x1B, 0x2C, 0x1A, 0x2B,
	0x24, 0x24, 0x2E, 0x34, 0x21, 0x3D, 0x01, 0x55, 0x01, 0x40, 0x56, 0x0A,
	0xB6, 0x0C, 0x95, 0x33, 0x15, 0xE9, 0x02, 0xBC, 0xFD, 0x44, 0x02, 0xBC,
	0xD5, 0x1D, 0x31, 0x1D, 0x2C, 0x44, 0x3D, 0x31, 0x1C, 0x24, 0x25, 0x1E,
	0x14, 0x21, 0x14, 0xF6, 0x40, 0x35, 0x2A, 0x33, 0x18, 0x21, 0x11, 0x23,
	0x1A, 0x22, 0x29, 0x27, 0x1E, 0x20, 0x36, 0x1F, 0xBE, 0x2D, 0x2D, 0xDF,
	0xC3, 0x06, 0x6A, 0x01, 0xA4, 0xFE, 0xB0, 0x00, 0x00, 0x02, 0x00, 0x1E,
	0x01, 0x12, 0x01, 0x56, 0x02, 0xC2, 0x00, 0x0F, 0x00, 0x1F, 0x00, 0x00,
	0x53, 0x34, 0x36, 0x36, 0x33, 0x32, 0x16, 0x16, 0x15, 0x14, 0x06, 0x06,
	0x23, 0x22, 0x26, 0x26, 0x27, 0x14, 0x16, 0x16, 0x33, 0x32, 0x36, 0x36,
	0x35, 0x34, 0x26, 0x26, 0x23, 0x22, 0x06, 0x06, 0x51, 0x19, 0x30, 0x20,
	0x21, 0x2F, 0x19, 0x19, 0x2F, 0x21, 0x20, 0x30, 0x19, 0x33, 0x28, 0x46,
	0x2E, 0x2E, 0x46, 0x28, 0x28, 0x46, 0x2E, 0x2E, 0x46, 0x28, 0x01, 0xEA,
	0x31, 0x4C, 0x2B, 0x2B, 0x4C, 0x31, 0x31, 0x4C, 0x2B, 0x2B, 0x4C, 0x31,
	0x3E, 0x62, 0x38, 0x38, 0x62, 0x3E, 0x3F, 0x61, 0x38, 0x38, 0x61, 0x00,
	0x00, 0x02, 0x00, 0x1E, 0x01, 0x18, 0x01, 0x5E, 0x02, 0xBC, 0x00, 0x05,
	0x00, 0x0E, 0x00, 0x00, 0x53, 0x21, 0x35, 0x2B, 0x02, 0x17, 0x37, 0x1D,
	0x02, 0x33, 0x11, 0x23, 0x03, 0x1E, 0x01, 0x40, 0x56, 0x0A, 0xB6, 0x0C,
	0x95, 0x33, 0x15, 0xE9, 0x01, 0x6C, 0x2D, 0x2D, 0xDF, 0xC3, 0x06, 0x6A,
	0x01, 0xA4, 0xFE, 0xB0, 0x00, 0x02, 0x00, 0x1E, 0x01, 0x10, 0x01, 0x46,
	0x02, 0xBA, 0x00, 0x1B, 0x00, 0x21, 0x00, 0x00, 0x41, 0x34, 0x26, 0x26,
	0x23, 0x22, 0x06, 0x07, 0x07, 0x36, 0x36, 0x33, 0x32, 0x16, 0x15, 0x14,
	0x06, 0x23, 0x22, 0x26, 0x27, 0x07, 0x16, 0x16, 0x33, 0x32, 0x36, 0x36,
	0x03, 0x33, 0x35, 0x23, 0x07, 0x37, 0x01, 0x46, 0x20, 0x39, 0x24, 0x1A,
	0x34, 0x15, 0x1E, 0x20, 0x2D, 0x1E, 0x29, 0x35, 0x31, 0x2D, 0x22, 0x3A,
	0x0E, 0x2B, 0x15, 0x46, 0x3A, 0x29, 0x42, 0x28, 0xA0, 0x9F, 0xC6, 0x37,
	0x3F, 0x01, 0xA0, 0x2A, 0x40, 0x24, 0x15, 0x17, 0x28, 0x17, 0x0F, 0x34,
	0x2C, 0x2B, 0x35, 0x2B, 0x1B, 0x1E, 0x24, 0x34, 0x20, 0x41, 0x01, 0x1C,
	0x2D, 0xE0, 0x36, 0x00, 0x00, 0x02, 0x00, 0x24, 0x01, 0x10, 0x01, 0x42,
	0x02, 0xBA, 0x00, 0x0D, 0x00, 0x23, 0x00, 0x00, 0x53, 0x34, 0x36, 0x36,
	0x33, 0x32, 0x16, 0x16, 0x15, 0x14, 0x06, 0x23, 0x22, 0x26, 0x13, 0x07,
	0x06, 0x06, 0x15, 0x14, 0x16, 0x16, 0x33, 0x32, 0x36, 0x36, 0x35, 0x34,
	0x26, 0x26, 0x23, 0x22, 0x06, 0x07, 0x17, 0x37, 0x55, 0x19, 0x2A, 0x1B,
	0x1B, 0x2B, 0x18, 0x35, 0x29, 0x28, 0x36, 0x77, 0x8D, 0x0C, 0x0F, 0x26,
	0x41, 0x28, 0x29, 0x40, 0x26, 0x22, 0x38, 0x22, 0x14, 0x20, 0x0C, 0x03,
	0x84, 0x01, 0xA0, 0x1D, 0x2D, 0x19, 0x19, 0x2D, 0x1D, 0x2B, 0x37, 0x37,
	0x01, 0x45, 0xC3, 0x10, 0x2D, 0x1A, 0x2B, 0x41, 0x24, 0x24, 0x41, 0x2B,
	0x27, 0x3D, 0x24, 0x09, 0x0F, 0x03, 0xAD, 0x00, 0x00, 0x01, 0x00, 0x1E,
	0x01, 0x18, 0x01, 0x44, 0x02, 0xBC, 0x00, 0x05, 0x00, 0x00, 0x53, 0x33,
	0x03, 0x33, 0x13, 0x21, 0x1E, 0xDA, 0xB2, 0x35, 0xC9, 0xFE, 0xDA, 0x02,
	0x8C, 0xFE, 0x8C, 0x01, 0xA4, 0x00, 0x00, 0x04, 0x00, 0x1E, 0x01, 0x12,
	0x01, 0x24, 0x02, 0xC2, 0x00, 0x0F, 0x00, 0x1D, 0x00, 0x2F, 0x00, 0x3D,
	0x00, 0x00, 0x53, 0x14, 0x16, 0x16, 0x33, 0x32, 0x36, 0x36, 0x35, 0x34,
	0x26, 0x26, 0x23, 0x22, 0x06, 0x06, 0x17, 0x34, 0x36, 0x33, 0x32, 0x16,
	0x15, 0x14, 0x06, 0x06, 0x23, 0x22, 0x26, 0x26, 0x07, 0x14, 0x16, 0x16,
	0x33, 0x32, 0x36, 0x36, 0x35, 0x34, 0x2E, 0x02, 0x23, 0x22, 0x0E, 0x02,
	0x17, 0x34, 0x36, 0x36, 0x33, 0x32, 0x16, 0x16, 0x15, 0x14, 0x06, 0x23,
	0x22, 0x26, 0x2D, 0x1D, 0x35, 0x22, 0x23, 0x34, 0x1D, 0x1F, 0x34, 0x21,
	0x21, 0x35, 0x1E, 0x31, 0x26, 0x1D, 0x1D, 0x26, 0x12, 0x1F, 0x12, 0x12,
	0x1E, 0x13, 0x40, 0x22, 0x3C, 0x25, 0x26, 0x3B, 0x22, 0x15, 0x25, 0x2F,
	0x1A, 0x1A, 0x2F, 0x25, 0x15, 0x31, 0x18, 0x25, 0x15, 0x15, 0x25, 0x18,
	0x32, 0x20, 0x1F, 0x33, 0x02, 0x57, 0x20, 0x30, 0x1A, 0x1A, 0x30, 0x20,
	0x1E, 0x30, 0x1D, 0x1D, 0x30, 0x24, 0x1E, 0x26, 0x26, 0x1E, 0x14, 0x1E,
	0x11, 0x11, 0x1E, 0xB3, 0x20, 0x37, 0x21, 0x21, 0x37, 0x20, 0x1D, 0x2D,
	0x1E, 0x10, 0x10, 0x1E, 0x2D, 0x17, 0x17, 0x25, 0x15, 0x15, 0x25, 0x17,
	0x27, 0x2A, 0x2A, 0x00, 0x00, 0x02, 0x00, 0x2A, 0x01, 0x1A, 0x01, 0x48,
	0x02, 0xC4, 0x00, 0x0D, 0x00, 0x23, 0x00, 0x00, 0x41, 0x14, 0x06, 0x06,
	0x23, 0x22, 0x26, 0x26, 0x35, 0x34, 0x36, 0x33, 0x32, 0x16, 0x03, 0x37,
	0x36, 0x36, 0x35, 0x34, 0x26, 0x26, 0x23, 0x22, 0x06, 0x06, 0x15, 0x14,
	0x16, 0x16, 0x33, 0x32, 0x36, 0x37, 0x27, 0x07, 0x01, 0x17, 0x18, 0x2B,
	0x1B, 0x1B, 0x2A, 0x19, 0x36, 0x28, 0x29, 0x35, 0x77, 0x8D, 0x0C, 0x0F,
	0x26, 0x40, 0x29, 0x28, 0x41, 0x26, 0x22, 0x38, 0x22, 0x14, 0x20, 0x0C,
	0x03, 0x84, 0x02, 0x34, 0x1D, 0x2D, 0x19, 0x19, 0x2D, 0x1D, 0x2C, 0x36,
	0x36, 0xFE, 0xBA, 0xC3, 0x11, 0x2D, 0x19, 0x2B, 0x41, 0x24, 0x24, 0x41,
	0x2B, 0x26, 0x3E, 0x24, 0x09, 0x0F, 0x03, 0xAD, 0x00, 0x02, 0x00, 0x1E,
	0xFF, 0xFA, 0x01, 0x56, 0x01, 0xAA, 0x00, 0x0F, 0x00, 0x1F, 0x00, 0x00,
	0x77, 0x34, 0x36, 0x36, 0x33, 0x32, 0x16, 0x16, 0x15, 0x14, 0x06, 0x06,
	0x23, 0x22, 0x26, 0x26, 0x27, 0x14, 0x16, 0x16, 0x33, 0x32, 0x36, 0x36,
	0x35, 0x34, 0x26, 0x26, 0x23, 0x22, 0x06, 0x06, 0x51, 0x19, 0x30, 0x20,
	0x21, 0x2F, 0x19, 0x19, 0x2F, 0x21, 0x20, 0x30, 0x19, 0x33, 0x28, 0x46,
	0x2E, 0x2E, 0x46, 0x28, 0x28, 0x46, 0x2E, 0x2E, 0x46, 0x28, 0xD2, 0x31,
	0x4C, 0x2B, 0x2B, 0x4C, 0x31, 0x31, 0x4C, 0x2B, 0x2B, 0x4C, 0x31, 0x3E,
	0x62, 0x38, 0x38, 0x62, 0x3E, 0x3F, 0x61, 0x38, 0x38, 0x61, 0x00, 0x01,
	0x00, 0x5A, 0x00, 0x01, 0x00, 0xEA, 0x01, 0xAB, 0x00, 0x05, 0x00, 0x00,
	0x53, 0x37, 0x11, 0x33, 0x11, 0x07, 0x5A, 0x5D, 0x33, 0x90, 0x01, 0x52,
	0x1C, 0xFE, 0x93, 0x01, 0xAA, 0x24, 0x00, 0x01, 0x00, 0x19, 0x00, 0x02,
	0x01, 0x41, 0x01, 0xAD, 0x00, 0x1A, 0x00, 0x00, 0x77, 0x21, 0x35, 0x23,
	0x37, 0x36, 0x36, 0x35, 0x34, 0x26, 0x26, 0x23, 0x22, 0x06, 0x06, 0x15,
	0x33, 0x34, 0x36, 0x33, 0x32, 0x16, 0x16, 0x15, 0x14, 0x06, 0x07, 0x19,
	0x01, 0x28, 0xBF, 0x85, 0x19, 0x1F, 0x1A, 0x38, 0x2E, 0x2B, 0x40, 0x23,
	0x33, 0x33, 0x28, 0x1A, 0x21, 0x11, 0x17, 0x15, 0x02, 0x30, 0x88, 0x1A,
	0x3A, 0x20, 0x1C, 0x3B, 0x28, 0x26, 0x44, 0x2D, 0x30, 0x37, 0x16, 0x22,
	0x13, 0x19, 0x2D, 0x16, 0x00, 0x02, 0x00, 0x19, 0xFF, 0xFA, 0x01, 0x22,
	0x01, 0xAA, 0x00, 0x15, 0x00, 0x2C, 0x00, 0x00, 0x77, 0x32, 0x36, 0x36,
	0x35, 0x34, 0x26, 0x23, 0x22, 0x06, 0x15, 0x33, 0x34, 0x36, 0x33, 0x32,
	0x16, 0x15, 0x14, 0x06, 0x06, 0x23, 0x17, 0x32, 0x36, 0x35, 0x34, 0x26,
	0x26, 0x23, 0x15, 0x32, 0x16, 0x16, 0x15, 0x14, 0x06, 0x23, 0x22, 0x26,
	0x35, 0x23, 0x14, 0x16, 0x16, 0x8D, 0x29, 0x3D, 0x23, 0x3E, 0x36, 0x34,
	0x43, 0x31, 0x29, 0x1D, 0x20, 0x20, 0x14, 0x26, 0x1B, 0x12, 0x38, 0x4B,
	0x29, 0x43, 0x29, 0x1B, 0x2C, 0x1A, 0x2B, 0x24, 0x24, 0x2E, 0x34, 0x21,
	0x3D, 0xCF, 0x1D, 0x31, 0x1D, 0x2C, 0x44, 0x3D, 0x31, 0x1C, 0x24, 0x25,
	0x1E, 0x14, 0x21, 0x14, 0xF6, 0x40, 0x35, 0x2A, 0x33, 0x18, 0x21, 0x11,
	0x23, 0x1A, 0x22, 0x29, 0x27, 0x1E, 0x20, 0x36, 0x1F, 0x00, 0x00, 0x02,
	0x00, 0x1E, 0x00, 0x00, 0x01, 0x5E, 0x01, 0xA4, 0x00, 0x05, 0x00, 0x0E,
	0x00, 0x00, 0x77, 0x21, 0x35, 0x2B, 0x02, 0x17, 0x37, 0x1D, 0x02, 0x33,
	0x11, 0x23, 0x03, 0x1E, 0x01, 0x40, 0x56, 0x0A, 0xB6, 0x0C, 0x95, 0x33,
	0x15, 0xE9, 0x54, 0x2D, 0x2D, 0xDF, 0xC3, 0x06, 0x6A, 0x01, 0xA4, 0xFE,
	0xB0, 0x00, 0x00, 0x02, 0x00, 0x1E, 0xFF, 0xF8, 0x01, 0x46, 0x01, 0xA2,
	0x00, 0x1B, 0x00, 0x21, 0x00, 0x00, 0x65, 0x34, 0x26, 0x26, 0x23, 0x22,
	0x06, 0x07, 0x07, 0x36, 0x36, 0x33, 0x32, 0x16, 0x15, 0x14, 0x06, 0x23,
	0x22, 0x26, 0x27, 0x07, 0x16, 0x16, 0x33, 0x32, 0x36, 0x36, 0x03, 0x33,
	0x35, 0x23, 0x07, 0x37, 0x01, 0x46, 0x20, 0x39, 0x24, 0x1A, 0x34, 0x15,
	0x1E, 0x20, 0x2D, 0x1E, 0x29, 0x35, 0x31, 0x2D, 0x22, 0x3A, 0x0E, 0x2B,
	0x15, 0x46, 0x3A, 0x29, 0x42, 0x28, 0xA0, 0x9F, 0xC6, 0x37, 0x3F, 0x88,
	0x2A, 0x40, 0x24, 0x15, 0x17, 0x28, 0x17, 0x0F, 0x34, 0x2C, 0x2B, 0x35,
	0x2B, 0x1B, 0x1E, 0x24, 0x34, 0x20, 0x41, 0x01, 0x1C, 0x2D, 0xE0, 0x36,
	0x00, 0x02, 0x00, 0x23, 0xFF, 0xF8, 0x01, 0x41, 0x01, 0xA2, 0x00, 0x0D,
	0x00, 0x23, 0x00, 0x00, 0x77, 0x34, 0x36, 0x36, 0x33, 0x32, 0x16, 0x16,
	0x15, 0x14, 0x06, 0x23, 0x22, 0x26, 0x13, 0x07, 0x06, 0x06, 0x15, 0x14,
	0x16, 0x16, 0x33, 0x32, 0x36, 0x36, 0x35, 0x34, 0x26, 0x26, 0x23, 0x22,
	0x06, 0x07, 0x17, 0x37, 0x54, 0x19, 0x2A, 0x1B, 0x1B, 0x2B, 0x18, 0x35,
	0x29, 0x28, 0x36, 0x77, 0x8D, 0x0C, 0x0F, 0x26, 0x41, 0x28, 0x29, 0x40,
	0x26, 0x22, 0x38, 0x22, 0x14, 0x20, 0x0C, 0x03, 0x84, 0x88, 0x1D, 0x2D,
	0x19, 0x19, 0x2D, 0x1D, 0x2B, 0x37, 0x37, 0x01, 0x45, 0xC3, 0x10, 0x2D,
	0x1A, 0x2B, 0x41, 0x24, 0x24, 0x41, 0x2B, 0x27, 0x3D, 0x24, 0x09, 0x0F,
	0x03, 0xAD, 0x00, 0x01, 0x00, 0x1E, 0x00, 0x00, 0x01, 0x44, 0x01, 0xA4,
	0x00, 0x05, 0x00, 0x00, 0x53, 0x33, 0x03, 0x33, 0x13, 0x21, 0x1E, 0xDA,
	0xB2, 0x35, 0xC9, 0xFE, 0xDA, 0x01, 0x74, 0xFE, 0x8C, 0x01, 0xA4, 0x00,
	0x00, 0x04, 0x00, 0x1E, 0xFF, 0xFA, 0x01, 0x24, 0x01, 0xAA, 0x00, 0x0F,
	0x00, 0x1D, 0x00, 0x2F, 0x00, 0x3D, 0x00, 0x00, 0x53, 0x14, 0x16, 0x16,
	0x33, 0x32, 0x36, 0x36, 0x35, 0x34, 0x26, 0x26, 0x23, 0x22, 0x06, 0x06,
	0x17, 0x34, 0x36, 0x33, 0x32, 0x16, 0x15, 0x14, 0x06, 0x06, 0x23, 0x22,
	0x26, 0x26, 0x07, 0x14, 0x16, 0x16, 0x33, 0x32, 0x36, 0x36, 0x35, 0x34,
	0x2E, 0x02, 0x23, 0x22, 0x0E, 0x02, 0x17, 0x34, 0x36, 0x36, 0x33, 0x32,
	0x16, 0x16, 0x15, 0x14, 0x06, 0x23, 0x22, 0x26, 0x2D, 0x1D, 0x35, 0x22,
	0x23, 0x34, 0x1D, 0x1F, 0x34, 0x21, 0x21, 0x35, 0x1E, 0x31, 0x26, 0x1D,
	0x1D, 0x26, 0x12, 0x1F, 0x12, 0x12, 0x1E, 0x13, 0x40, 0x22, 0x3C, 0x25,
	0x26, 0x3B, 0x22, 0x15, 0x25, 0x2F, 0x1A, 0x1A, 0x2F, 0x25, 0x15, 0x31,
	0x18, 0x25, 0x15, 0x15, 0x25, 0x18, 0x32, 0x20, 0x1F, 0x33, 0x01, 0x3F,
	0x20, 0x30, 0x1A, 0x1A, 0x30, 0x20, 0x1E, 0x30, 0x1D, 0x1D, 0x30, 0x24,
	0x1E, 0x26, 0x26, 0x1E, 0x14, 0x1E, 0x11, 0x11, 0x1E, 0xB3, 0x20, 0x37,
	0x21, 0x21, 0x37, 0x20, 0x1D, 0x2D, 0x1E, 0x10, 0x10, 0x1E, 0x2D, 0x17,
	0x17, 0x25, 0x15, 0x15, 0x25, 0x17, 0x27, 0x2A, 0x2A, 0x00, 0x00, 0x02,
	0x00, 0x19, 0x00, 0x02, 0x01, 0x37, 0x01, 0xAC, 0x00, 0x0D, 0x00, 0x23,
	0x00, 0x00, 0x41, 0x14, 0x06, 0x06, 0x23, 0x22, 0x26, 0x26, 0x35, 0x34,
	0x36, 0x33, 0x32, 0x16, 0x03, 0x37, 0x36, 0x36, 0x35, 0x34, 0x26, 0x26,
	0x23, 0x22, 0x06, 0x06, 0x15, 0x14, 0x16, 0x16, 0x33, 0x32, 0x36, 0x37,
	0x27, 0x07, 0x01, 0x06, 0x18, 0x2B, 0x1B, 0x1B, 0x2A, 0x19, 0x36, 0x28,
	0x29, 0x35, 0x77, 0x8D, 0x0C, 0x0F, 0x26, 0x40, 0x29, 0x28, 0x41, 0x26,
	0x22, 0x38, 0x22, 0x14, 0x20, 0x0C, 0x03, 0x84, 0x01, 0x1C, 0x1D, 0x2D,
	0x19, 0x19, 0x2D, 0x1D, 0x2C, 0x36, 0x36, 0xFE, 0xBA, 0xC3, 0x11, 0x2D,
	0x19, 0x2B, 0x41, 0x24, 0x24, 0x41, 0x2B, 0x27, 0x3D, 0x24, 0x09, 0x0F,
	0x03, 0xAD, 0x00, 0x03, 0x00, 0x1E, 0x00, 0x00, 0x03, 0x2C, 0x02, 0xBC,
	0x00, 0x03, 0x00, 0x09, 0x00, 0x0F, 0x00, 0x00, 0x41, 0x01, 0x33, 0x01,
	0x05, 0x37, 0x11, 0x33, 0x11, 0x07, 0x01, 0x33, 0x03, 0x33, 0x13, 0x21,
	0x02, 0x38, 0xFD, 0xF8, 0x41, 0x02, 0x08, 0xFD, 0xA5, 0x5D, 0x33, 0x90,
	0x01, 0xE8, 0xDA, 0xB2, 0x35, 0xC9, 0xFE, 0xDA, 0x02, 0xBC, 0xFD, 0x44,
	0x02, 0xBC, 0x59, 0x1C, 0xFE, 0x93, 0x01, 0xAA, 0x24, 0xFE, 0xDC, 0xFE,
	0x8C, 0x01, 0xA4, 0x00, 0x00, 0x04, 0x00, 0x1E, 0x00, 0x00, 0x02, 0xFE,
	0x02, 0xBC, 0x00, 0x03, 0x00, 0x09, 0x00, 0x17, 0x00, 0x2D, 0x00, 0x00,
	0x41, 0x01, 0x33, 0x01, 0x05, 0x37, 0x11, 0x33, 0x11, 0x07, 0x01, 0x14,
	0x06, 0x06, 0x23, 0x22, 0x26, 0x26, 0x35, 0x34, 0x36, 0x33, 0x32, 0x16,
	0x03, 0x37, 0x36, 0x36, 0x35, 0x34, 0x26, 0x26, 0x23, 0x22, 0x06, 0x06,
	0x15, 0x14, 0x16, 0x16, 0x33, 0x32, 0x36, 0x37, 0x27, 0x07, 0x02, 0x38,
	0xFD, 0xF8, 0x41, 0x02, 0x08, 0xFD, 0xA5, 0x5D, 0x33, 0x90, 0x02, 0xAF,
	0x18, 0x2B, 0x1B, 0x1B, 0x2A, 0x19, 0x36, 0x28, 0x29, 0x35, 0x77, 0x8D,
	0x0C, 0x0F, 0x26, 0x40, 0x29, 0x28, 0x41, 0x26, 0x22, 0x38, 0x22, 0x14,
	0x20, 0x0C, 0x03, 0x84, 0x02, 0xBC, 0xFD, 0x44, 0x02, 0xBC, 0x59, 0x1C,
	0xFE, 0x93, 0x01, 0xAA, 0x24, 0xFE, 0x84, 0x1D, 0x2D, 0x19, 0x19, 0x2D,
	0x1D, 0x2C, 0x36, 0x36, 0xFE, 0xBA, 0xC3, 0x11, 0x2D, 0x19, 0x2B, 0x41,
	0x24, 0x24, 0x41, 0x2B, 0x27, 0x3D, 0x24, 0x09, 0x0F, 0x03, 0xAD, 0x00,
	0x00, 0x05, 0x00, 0x1E, 0xFF, 0xFA, 0x04, 0x1A, 0x02, 0xBC, 0x00, 0x03,
	0x00, 0x09, 0x00, 0x0F, 0x00, 0x1F, 0x00, 0x2F, 0x00, 0x00, 0x41, 0x01,
	0x33, 0x01, 0x05, 0x37, 0x11, 0x33, 0x11, 0x07, 0x01, 0x37, 0x11, 0x33,
	0x11, 0x07, 0x05, 0x34, 0x36, 0x36, 0x33, 0x32, 0x16, 0x16, 0x15, 0x14,
	0x06, 0x06, 0x23, 0x22, 0x26, 0x26, 0x27, 0x14, 0x16, 0x16, 0x33, 0x32,
	0x36, 0x36, 0x35, 0x34, 0x26, 0x26, 0x23, 0x22, 0x06, 0x06, 0x02, 0x38,
	0xFD, 0xF8, 0x41, 0x02, 0x08, 0xFD, 0xA5, 0x5D, 0x33, 0x90, 0x01, 0xCA,
	0x5D, 0x33, 0x90, 0x01, 0x2D, 0x19, 0x30, 0x20, 0x21, 0x2F, 0x19, 0x19,
	0x2F, 0x21, 0x20, 0x30, 0x19, 0x33, 0x28, 0x46, 0x2E, 0x2E, 0x46, 0x28,
	0x28, 0x46, 0x2E, 0x2E, 0x46, 0x28, 0x02, 0xBC, 0xFD, 0x44, 0x02, 0xBC,
	0x59, 0x1C, 0xFE, 0x93, 0x01, 0xAA, 0x24, 0xFE, 0xBA, 0x1C, 0xFE, 0x93,
	0x01, 0xAA, 0x24, 0xB5, 0x31, 0x4C, 0x2B, 0x2B, 0x4C, 0x31, 0x31, 0x4C,
	0x2B, 0x2B, 0x4C, 0x31, 0x3E, 0x62, 0x38, 0x38, 0x62, 0x3E, 0x3F, 0x61,
	0x38, 0x38, 0x61, 0x00, 0x00, 0x04, 0x00, 0x1E, 0xFF, 0xFA, 0x02, 0xD8,
	0x02, 0xBC, 0x00, 0x03, 0x00, 0x09, 0x00, 0x1F, 0x00, 0x36, 0x00, 0x00,
	0x41, 0x01, 0x33, 0x01, 0x05, 0x37, 0x11, 0x33, 0x11, 0x07, 0x01, 0x32,
	0x36, 0x36, 0x35, 0x34, 0x26, 0x23, 0x22, 0x06, 0x15, 0x33, 0x34, 0x36,
	0x33, 0x32, 0x16, 0x15, 0x14, 0x06, 0x06, 0x23, 0x17, 0x32, 0x36, 0x35,
	0x34, 0x26, 0x26, 0x23, 0x15, 0x32, 0x16, 0x16, 0x15, 0x14, 0x06, 0x23,
	0x22, 0x26, 0x35, 0x23, 0x14, 0x16, 0x16, 0x02, 0x38, 0xFD, 0xF8, 0x41,
	0x02, 0x08, 0xFD, 0xA5, 0x5D, 0x33, 0x90, 0x02, 0x25, 0x29, 0x3D, 0x23,
	0x3E, 0x36, 0x34, 0x43, 0x31, 0x29, 0x1D, 0x20, 0x20, 0x14, 0x26, 0x1B,
	0x12, 0x38, 0x4B, 0x29, 0x43, 0x29, 0x1B, 0x2C, 0x1A, 0x2B, 0x24, 0x24,
	0x2E, 0x34, 0x21, 0x3D, 0x02, 0xBC, 0xFD, 0x44, 0x02, 0xBC, 0x59, 0x1C,
	0xFE, 0x93, 0x01, 0xAA, 0x24, 0xFE, 0x37, 0x1D, 0x31, 0x1D, 0x2C, 0x44,
	0x3D, 0x31, 0x1C, 0x24, 0x25, 0x1E, 0x14, 0x21, 0x14, 0xF6, 0x40, 0x35,
	0x2A, 0x33, 0x18, 0x21, 0x11, 0x23, 0x1A, 0x22, 0x29, 0x27, 0x1E, 0x20,
	0x36, 0x1F, 0x00, 0x04, 0x00, 0x1E, 0xFF, 0xFA, 0x03, 0x57, 0x02, 0xC5,
	0x00, 0x03, 0x00, 0x1E, 0x00, 0x34, 0x00, 0x4B, 0x00, 0x00, 0x41, 0x01,
	0x33, 0x01, 0x01, 0x21, 0x35, 0x23, 0x37, 0x36, 0x36, 0x35, 0x34, 0x26,
	0x26, 0x23, 0x22, 0x06, 0x06, 0x15, 0x33, 0x34, 0x36, 0x33, 0x32, 0x16,
	0x16, 0x15, 0x14, 0x06, 0x07, 0x01, 0x32, 0x36, 0x36, 0x35, 0x34, 0x26,
	0x23, 0x22, 0x06, 0x15, 0x33, 0x34, 0x36, 0x33, 0x32, 0x16, 0x15, 0x14,
	0x06, 0x06, 0x23, 0x17, 0x32, 0x36, 0x35, 0x34, 0x26, 0x26, 0x23, 0x15,
	0x32, 0x16, 0x16, 0x15, 0x14, 0x06, 0x23, 0x22, 0x26, 0x35, 0x23, 0x14,
	0x16, 0x16, 0x02, 0xB7, 0xFD, 0xF8, 0x41, 0x02, 0x08, 0xFD, 0x26, 0x01,
	0x28, 0xBF, 0x85, 0x19, 0x1F, 0x1A, 0x38, 0x2E, 0x2B, 0x40, 0x23, 0x33,
	0x33, 0x28, 0x1A, 0x21, 0x11, 0x17, 0x15, 0x01, 0xDE, 0x29, 0x3D, 0x23,
	0x3E, 0x36, 0x34, 0x43, 0x31, 0x29, 0x1D, 0x20, 0x20, 0x14, 0x26, 0x1B,
	0x12, 0x38, 0x4B, 0x29, 0x43, 0x29, 0x1B, 0x2C, 0x1A, 0x2B, 0x24, 0x24,
	0x2E, 0x34, 0x21, 0x3D, 0x02, 0xBC, 0xFD, 0x44, 0x02, 0xBC, 0xFE, 0x5E,
	0x30, 0x88, 0x1A, 0x3A, 0x20, 0x1C, 0x3B, 0x28, 0x26, 0x44, 0x2D, 0x30,
	0x37, 0x16, 0x22, 0x13, 0x19, 0x2D, 0x16, 0xFE, 0xE1, 0x1D, 0x31, 0x1D,
	0x2C, 0x44, 0x3D, 0x31, 0x1C, 0x24, 0x25, 0x1E, 0x14, 0x21, 0x14, 0xF6,
	0x40, 0x35, 0x2A, 0x33, 0x18, 0x21, 0x11, 0x23, 0x1A, 0x22, 0x29, 0x27,
	0x1E, 0x20, 0x36, 0x1F, 0x00, 0x04, 0x00, 0x1E, 0xFF, 0xF8, 0x02, 0xCA,
	0x02, 0xBC, 0x00, 0x03, 0x00, 0x09, 0x00, 0x25, 0x00, 0x2B, 0x00, 0x00,
	0x41, 0x01, 0x33, 0x01, 0x05, 0x37, 0x11, 0x33, 0x11, 0x07, 0x01, 0x34,
	0x26, 0x26, 0x23, 0x22, 0x06, 0x07, 0x07, 0x36, 0x36, 0x33, 0x32, 0x16,
	0x15, 0x14, 0x06, 0x23, 0x22, 0x26, 0x27, 0x07, 0x16, 0x16, 0x33, 0x32,
	0x36, 0x36, 0x03, 0x33, 0x35, 0x23, 0x07, 0x37, 0x02, 0x38, 0xFD, 0xF8,
	0x41, 0x02, 0x08, 0xFD, 0xA5, 0x5D, 0x33, 0x90, 0x02, 0xAC, 0x20, 0x39,
	0x24, 0x1A, 0x34, 0x15, 0x1E, 0x20, 0x2D, 0x1E, 0x29, 0x35, 0x31, 0x2D,
	0x22, 0x3A, 0x0E, 0x2B, 0x15, 0x46, 0x3A, 0x29, 0x42, 0x28, 0xA0, 0x9F,
	0xC6, 0x37, 0x3F, 0x02, 0xBC, 0xFD, 0x44, 0x02, 0xBC, 0x59, 0x1C, 0xFE,
	0x93, 0x01, 0xAA, 0x24, 0xFD, 0xF0, 0x2A, 0x40, 0x24, 0x15, 0x17, 0x28,
	0x17, 0x0F, 0x34, 0x2C, 0x2B, 0x35, 0x2B, 0x1B, 0x1E, 0x24, 0x34, 0x20,
	0x41, 0x01, 0x1C, 0x2D, 0xE0, 0x36, 0x00, 0x04, 0x00, 0x1E, 0xFF, 0xF8,
	0x03, 0x49, 0x02, 0xC5, 0x00, 0x03, 0x00, 0x1E, 0x00, 0x3A, 0x00, 0x40,
	0x00, 0x00, 0x41, 0x01, 0x33, 0x01, 0x01, 0x21, 0x35, 0x23, 0x37, 0x36,
	0x36, 0x35, 0x34, 0x26, 0x26, 0x23, 0x22, 0x06, 0x06, 0x15, 0x33, 0x34,
	0x36, 0x33, 0x32, 0x16, 0x16, 0x15, 0x14, 0x06, 0x07, 0x01, 0x34, 0x26,
	0x26, 0x23, 0x22, 0x06, 0x07, 0x07, 0x36, 0x36, 0x33, 0x32, 0x16, 0x15,
	0x14, 0x06, 0x23, 0x22, 0x26, 0x27, 0x07, 0x16, 0x16, 0x33, 0x32, 0x36,
	0x36, 0x03, 0x33, 0x35, 0x23, 0x07, 0x37, 0x02, 0xB7, 0xFD, 0xF8, 0x41,
	0x02, 0x08, 0xFD, 0x26, 0x01, 0x28, 0xBF, 0x85, 0x19, 0x1F, 0x1A, 0x38,
	0x2E, 0x2B, 0x40, 0x23, 0x33, 0x33, 0x28, 0x1A, 0x21, 0x11, 0x17, 0x15,
	0x02, 0x65, 0x20, 0x39, 0x24, 0x1A, 0x34, 0x15, 0x1E, 0x20, 0x2D, 0x1E,
	0x29, 0x35, 0x31, 0x2D, 0x22, 0x3A, 0x0E, 0x2B, 0x15, 0x46, 0x3A, 0x29,
	0x42, 0x28, 0xA0, 0x9F, 0xC6, 0x37, 0x3F, 0x02, 0xBC, 0xFD, 0x44, 0x02,
	0xBC, 0xFE, 0x5E, 0x30, 0x88, 0x1A, 0x3A, 0x20, 0x1C, 0x3B, 0x28, 0x26,
	0x44, 0x2D, 0x30, 0x37, 0x16, 0x22, 0x13, 0x19, 0x2D, 0x16, 0xFE, 0x9A,
	0x2A, 0x40, 0x24, 0x15, 0x17, 0x28, 0x17, 0x0F, 0x34, 0x2C, 0x2B, 0x35,
	0x2B, 0x1B, 0x1E, 0x24, 0x34, 0x20, 0x41, 0x01, 0x1C, 0x2D, 0xE0, 0x36,
	0x00, 0x05, 0x00, 0x1E, 0xFF, 0xF8, 0x03, 0x21, 0x02, 0xC2, 0x00, 0x03,
	0x00, 0x19, 0x00, 0x30, 0x00, 0x4C, 0x00, 0x52, 0x00, 0x00, 0x41, 0x01,
	0x33, 0x01, 0x05, 0x32, 0x36, 0x36, 0x35, 0x34, 0x26, 0x23, 0x22, 0x06,
	0x15, 0x33, 0x34, 0x36, 0x33, 0x32, 0x16, 0x15, 0x14, 0x06, 0x06, 0x23,
	0x17, 0x32, 0x36, 0x35, 0x34, 0x26, 0x26, 0x23, 0x15, 0x32, 0x16, 0x16,
	0x15, 0x14, 0x06, 0x23, 0x22, 0x26, 0x35, 0x23, 0x14, 0x16, 0x16, 0x05,
	0x34, 0x26, 0x26, 0x23, 0x22, 0x06, 0x07, 0x07, 0x36, 0x36, 0x33, 0x32,
	0x16, 0x15, 0x14, 0x06, 0x23, 0x22, 0x26, 0x27, 0x07, 0x16, 0x16, 0x33,
	0x32, 0x36, 0x36, 0x03, 0x33, 0x35, 0x23, 0x07, 0x37, 0x02, 0x8F, 0xFD,
	0xF8, 0x41, 0x02, 0x08, 0xFD, 0xC2, 0x29, 0x3D, 0x23, 0x3E, 0x36, 0x34,
	0x43, 0x31, 0x29, 0x1D, 0x20, 0x20, 0x14, 0x26, 0x1B, 0x12, 0x38, 0x4B,
	0x29, 0x43, 0x29, 0x1B, 0x2C, 0x1A, 0x2B, 0x24, 0x24, 0x2E, 0x34, 0x21,
	0x3D, 0x02, 0xA5, 0x20, 0x39, 0x24, 0x1A, 0x34, 0x15, 0x1E, 0x20, 0x2D,
	0x1E, 0x29, 0x35, 0x31, 0x2D, 0x22, 0x3A, 0x0E, 0x2B, 0x15, 0x46, 0x3A,
	0x29, 0x42, 0x28, 0xA0, 0x9F, 0xC6, 0x37, 0x3F, 0x02, 0xBC, 0xFD, 0x44,
	0x02, 0xBC, 0xD5, 0x1D, 0x31, 0x1D, 0x2C, 0x44, 0x3D, 0x31, 0x1C, 0x24,
	0x25, 0x1E, 0x14, 0x21, 0x14, 0xF6, 0x40, 0x35, 0x2A, 0x33, 0x18, 0x21,
	0x11, 0x23, 0x1A, 0x22, 0x29, 0x27, 0x1E, 0x20, 0x36, 0x1F, 0x8A, 0x2A,
	0x40, 0x24, 0x15, 0x17, 0x28, 0x17, 0x0F, 0x34, 0x2C, 0x2B, 0x35, 0x2B,
	0x1B, 0x1E, 0x24, 0x34, 0x20, 0x41, 0x01, 0x1C, 0x2D, 0xE0, 0x36, 0x00,
	0x00, 0x05, 0x00, 0x1E, 0xFF, 0xF8, 0x03, 0x44, 0x02, 0xBC, 0x00, 0x03,
	0x00, 0x09, 0x00, 0x12, 0x00, 0x2E, 0x00, 0x34, 0x00, 0x00, 0x41, 0x01,
	0x33, 0x01, 0x01, 0x21, 0x35, 0x2B, 0x02, 0x17, 0x37, 0x1D, 0x02, 0x33,
	0x11, 0x23, 0x03, 0x05, 0x34, 0x26, 0x26, 0x23, 0x22, 0x06, 0x07, 0x07,
	0x36, 0x36, 0x33, 0x32, 0x16, 0x15, 0x14, 0x06, 0x23, 0x22, 0x26, 0x27,
	0x07, 0x16, 0x16, 0x33, 0x32, 0x36, 0x36, 0x03, 0x33, 0x35, 0x23, 0x07,
	0x37, 0x02, 0xB2, 0xFD, 0xF8, 0x41, 0x02, 0x08, 0xFD, 0x2B, 0x01, 0x40,
	0x56, 0x0A, 0xB6, 0x0C, 0x95, 0x33, 0x15, 0xE9, 0x03, 0x26, 0x20, 0x39,
	0x24, 0x1A, 0x34, 0x15, 0x1E, 0x20, 0x2D, 0x1E, 0x29, 0x35, 0x31, 0x2D,
	0x22, 0x3A, 0x0E, 0x2B, 0x15, 0x46, 0x3A, 0x29, 0x42, 0x28, 0xA0, 0x9F,
	0xC6, 0x37, 0x3F, 0x02, 0xBC, 0xFD, 0x44, 0x02, 0xBC, 0xFE, 0xB0, 0x2D,
	0x2D, 0xDF, 0xC3, 0x06, 0x6A, 0x01, 0xA4, 0xFE, 0xB0, 0xE4, 0x2A, 0x40,
	0x24, 0x15, 0x17, 0x28, 0x17, 0x0F, 0x34, 0x2C, 0x2B, 0x35, 0x2B, 0x1B,
	0x1E, 0x24, 0x34, 0x20, 0x41, 0x01, 0x1C, 0x2D, 0xE0, 0x36, 0x00, 0x04,
	0x00, 0x1E, 0xFF, 0xF8, 0x02, 0xC6, 0x02, 0xBC, 0x00, 0x03, 0x00, 0x09,
	0x00, 0x17, 0x00, 0x2D, 0x00, 0x00, 0x41, 0x01, 0x33, 0x01, 0x05, 0x37,
	0x11, 0x33, 0x11, 0x07, 0x01, 0x34, 0x36, 0x36, 0x33, 0x32, 0x16, 0x16,
	0x15, 0x14, 0x06, 0x23, 0x22, 0x26, 0x13, 0x07, 0x06, 0x06, 0x15, 0x14,
	0x16, 0x16, 0x33, 0x32, 0x36, 0x36, 0x35, 0x34, 0x26, 0x26, 0x23, 0x22,
	0x06, 0x07, 0x17, 0x37, 0x02, 0x38, 0xFD, 0xF8, 0x41, 0x02, 0x08, 0xFD,
	0xA5, 0x5D, 0x33, 0x90, 0x01, 0xBB, 0x18, 0x2B, 0x1B, 0x1B, 0x2B, 0x18,
	0x35, 0x29, 0x28, 0x36, 0x77, 0x8D, 0x0C, 0x0F, 0x26, 0x41, 0x28, 0x29,
	0x40, 0x26, 0x22, 0x38, 0x22, 0x14, 0x20, 0x0C, 0x03, 0x84, 0x02, 0xBC,
	0xFD, 0x44, 0x02, 0xBC, 0x59, 0x1C, 0xFE, 0x93, 0x01, 0xAA, 0x24, 0xFD,
	0xF0, 0x1D, 0x2D, 0x19, 0x19, 0x2D, 0x1D, 0x2B, 0x37, 0x37, 0x01, 0x45,
	0xC3, 0x10, 0x2D, 0x1A, 0x2B, 0x41, 0x24, 0x24, 0x41, 0x2B, 0x27, 0x3D,
	0x24, 0x09, 0x0F, 0x03, 0xAD, 0x00, 0x00, 0x05, 0x00, 0x1E, 0xFF, 0xF8,
	0x03, 0x40, 0x02, 0xBC, 0x00, 0x03, 0x00, 0x1F, 0x00, 0x25, 0x00, 0x33,
	0x00, 0x49, 0x00, 0x00, 0x41, 0x01, 0x33, 0x01, 0x01, 0x34, 0x26, 0x26,
	0x23, 0x22, 0x06, 0x07, 0x07, 0x36, 0x36, 0x33, 0x32, 0x16, 0x15, 0x14,
	0x06, 0x23, 0x22, 0x26, 0x27, 0x07, 0x16, 0x16, 0x33, 0x32, 0x36, 0x36,
	0x03, 0x33, 0x35, 0x23, 0x07, 0x37, 0x01, 0x34, 0x36, 0x36, 0x33, 0x32,
	0x16, 0x16, 0x15, 0x14, 0x06, 0x23, 0x22, 0x26, 0x13, 0x07, 0x06, 0x06,
	0x15, 0x14, 0x16, 0x16, 0x33, 0x32, 0x36, 0x36, 0x35, 0x34, 0x26, 0x26,
	0x23, 0x22, 0x06, 0x07, 0x17, 0x37, 0x02, 0xB2, 0xFD, 0xF8, 0x41, 0x02,
	0x08, 0xFE, 0x53, 0x20, 0x39, 0x24, 0x1A, 0x34, 0x15, 0x1E, 0x20, 0x2D,
	0x1E, 0x29, 0x35, 0x31, 0x2D, 0x22, 0x3A, 0x0E, 0x2B, 0x15, 0x46, 0x3A,
	0x29, 0x42, 0x28, 0xA0, 0x9F, 0xC6, 0x37, 0x3F, 0x01, 0xCC, 0x19, 0x2A,
	0x1B, 0x1B, 0x2B, 0x18, 0x35, 0x29, 0x28, 0x36, 0x77, 0x8D, 0x0C, 0x0F,
	0x26, 0x41, 0x28, 0x29, 0x40, 0x26, 0x22, 0x38, 0x22, 0x14, 0x20, 0x0C,
	0x03, 0x84, 0x02, 0xBC, 0xFD, 0x44, 0x02, 0xBC, 0xFE, 0xE4, 0x2A, 0x40,
	0x24, 0x15, 0x17, 0x28, 0x17, 0x0F, 0x34, 0x2C, 0x2B, 0x35, 0x2B, 0x1B,
	0x1E, 0x24, 0x34, 0x20, 0x41, 0x01, 0x1C, 0x2D, 0xE0, 0x36, 0xFE, 0x78,
	0x1D, 0x2D, 0x19, 0x19, 0x2D, 0x1D, 0x2B, 0x37, 0x37, 0x01, 0x45, 0xC3,
	0x10, 0x2D, 0x1A, 0x2B, 0x41, 0x24, 0x24, 0x41, 0x2B, 0x27, 0x3D, 0x24,
	0x09, 0x0F, 0x03, 0xAD, 0x00, 0x06, 0x00, 0x1E, 0xFF, 0xFA, 0x02, 0xDA,
	0x02, 0xBC, 0x00, 0x03, 0x00, 0x09, 0x00, 0x19, 0x00, 0x27, 0x00, 0x39,
	0x00, 0x47, 0x00, 0x00, 0x41, 0x01, 0x33, 0x01, 0x05, 0x37, 0x11, 0x33,
	0x11, 0x07, 0x01, 0x14, 0x16, 0x16, 0x33, 0x32, 0x36, 0x36, 0x35, 0x34,
	0x26, 0x26, 0x23, 0x22, 0x06, 0x06, 0x17, 0x34, 0x36, 0x33, 0x32, 0x16,
	0x15, 0x14, 0x06, 0x06, 0x23, 0x22, 0x26, 0x26, 0x07, 0x14, 0x16, 0x16,
	0x33, 0x32, 0x36, 0x36, 0x35, 0x34, 0x2E, 0x02, 0x23, 0x22, 0x0E, 0x02,
	0x17, 0x34, 0x36, 0x36, 0x33, 0x32, 0x16, 0x16, 0x15, 0x14, 0x06, 0x23,
	0x22, 0x26, 0x02, 0x38, 0xFD, 0xF8, 0x41, 0x02, 0x08, 0xFD, 0xA5, 0x5D,
	0x33, 0x90, 0x01, 0xC5, 0x1D, 0x35, 0x22, 0x23, 0x34, 0x1D, 0x1E, 0x35,
	0x21, 0x21, 0x34, 0x1F, 0x31, 0x26, 0x1D, 0x1D, 0x26, 0x12, 0x1F, 0x12,
	0x12, 0x1E, 0x13, 0x40, 0x22, 0x3C, 0x25, 0x26, 0x3B, 0x22, 0x15, 0x25,
	0x2F, 0x1A, 0x1A, 0x2F, 0x25, 0x15, 0x31, 0x18, 0x25, 0x15, 0x15, 0x25,
	0x18, 0x32, 0x20, 0x1F, 0x33, 0x02, 0xBC, 0xFD, 0x44, 0x02, 0xBC, 0x59,
	0x1C, 0xFE, 0x93, 0x01, 0xAA, 0x24, 0xFE, 0xA7, 0x20, 0x30, 0x1A, 0x1A,
	0x30, 0x20, 0x1E, 0x30, 0x1D, 0x1D, 0x30, 0x24, 0x1E, 0x26, 0x26, 0x1E,
	0x14, 0x1E, 0x11, 0x11, 0x1E, 0xB3, 0x20, 0x37, 0x21, 0x21, 0x37, 0x20,
	0x1D, 0x2D, 0x1E, 0x10, 0x10, 0x1E, 0x2D, 0x17, 0x17, 0x25, 0x15, 0x15,
	0x25, 0x17, 0x27, 0x2A, 0x2A, 0x00, 0x00, 0x07, 0x00, 0x1E, 0xFF, 0xFA,
	0x03, 0x31, 0x02, 0xC2, 0x00, 0x03, 0x00, 0x19, 0x00, 0x30, 0x00, 0x40,
	0x00, 0x4E, 0x00, 0x60, 0x00, 0x6E, 0x00, 0x00, 0x41, 0x01, 0x33, 0x01,
	0x05, 0x32, 0x36, 0x36, 0x35, 0x34, 0x26, 0x23, 0x22, 0x06, 0x15, 0x33,
	0x34, 0x36, 0x33, 0x32, 0x16, 0x15, 0x14, 0x06, 0x06, 0x23, 0x17, 0x32,
	0x36, 0x35, 0x34, 0x26, 0x26, 0x23, 0x15, 0x32, 0x16, 0x16, 0x15, 0x14,
	0x06, 0x23, 0x22, 0x26, 0x35, 0x23, 0x14, 0x16, 0x16, 0x25, 0x14, 0x16,
	0x16, 0x33, 0x32, 0x36, 0x36, 0x35, 0x34, 0x26, 0x26, 0x23, 0x22, 0x06,
	0x06, 0x17, 0x34, 0x36, 0x33, 0x32, 0x16, 0x15, 0x14, 0x06, 0x06, 0x23,
	0x22, 0x26, 0x26, 0x07, 0x14, 0x16, 0x16, 0x33, 0x32, 0x36, 0x36, 0x35,
	0x34, 0x2E, 0x02, 0x23, 0x22, 0x0E, 0x02, 0x17, 0x34, 0x36, 0x36, 0x33,
	0x32, 0x16, 0x16, 0x15, 0x14, 0x06, 0x23, 0x22, 0x26, 0x02, 0x8F, 0xFD,
	0xF8, 0x41, 0x02, 0x08, 0xFD, 0xC2, 0x29, 0x3D, 0x23, 0x3E, 0x36, 0x34,
	0x43, 0x31, 0x29, 0x1D, 0x20, 0x20, 0x14, 0x26, 0x1B, 0x12, 0x38, 0x4B,
	0x29, 0x43, 0x29, 0x1B, 0x2C, 0x1A, 0x2B, 0x24, 0x24, 0x2E, 0x34, 0x21,
	0x3D, 0x01, 0xBE, 0x1D, 0x35, 0x22, 0x23, 0x34, 0x1D, 0x1E, 0x35, 0x21,
	0x21, 0x34, 0x1F, 0x31, 0x26, 0x1D, 0x1D, 0x26, 0x12, 0x1F, 0x12, 0x12,
	0x1E, 0x13, 0x40, 0x22, 0x3C, 0x25, 0x26, 0x3B, 0x22, 0x15, 0x25, 0x2F,
	0x1A, 0x1A, 0x2F, 0x25, 0x15, 0x31, 0x18, 0x25, 0x15, 0x15, 0x25, 0x18,
	0x32, 0x20, 0x1F, 0x33, 0x02, 0xBC, 0xFD, 0x44, 0x02, 0xBC, 0xD5, 0x1D,
	0x31, 0x1D, 0x2C, 0x44, 0x3D, 0x31, 0x1C, 0x24, 0x25, 0x1E, 0x14, 0x21,
	0x14, 0xF6, 0x40, 0x35, 0x2A, 0x33, 0x18, 0x21, 0x11, 0x23, 0x1A, 0x22,
	0x29, 0x27, 0x1E, 0x20, 0x36, 0x1F, 0x2D, 0x20, 0x30, 0x1A, 0x1A, 0x30,
	0x20, 0x1E, 0x30, 0x1D, 0x1D, 0x30, 0x24, 0x1E, 0x26, 0x26, 0x1E, 0x14,
	0x1E, 0x11, 0x11, 0x1E, 0xB3, 0x20, 0x37, 0x21, 0x21, 0x37, 0x20, 0x1D,
	0x2D, 0x1E, 0x10, 0x10, 0x1E, 0x2D, 0x17, 0x17, 0x25, 0x15, 0x15, 0x25,
	0x17, 0x27, 0x2A, 0x2A, 0x00, 0x07, 0x00, 0x1E, 0xFF, 0xFA, 0x03, 0x54,
	0x02, 0xBC, 0x00, 0x03, 0x00, 0x1F, 0x00, 0x25, 0x00, 0x35, 0x00, 0x43,
	0x00, 0x55, 0x00, 0x63, 0x00, 0x00, 0x41, 0x01, 0x33, 0x01, 0x01, 0x34,
	0x26, 0x26, 0x23, 0x22, 0x06, 0x07, 0x07, 0x36, 0x36, 0x33, 0x32, 0x16,
	0x15, 0x14, 0x06, 0x23, 0x22, 0x26, 0x27, 0x07, 0x16, 0x16, 0x33, 0x32,
	0x36, 0x36, 0x03, 0x33, 0x35, 0x23, 0x07, 0x37, 0x05, 0x14, 0x16, 0x16,
	0x33, 0x32, 0x36, 0x36, 0x35, 0x34, 0x26, 0x26, 0x23, 0x22, 0x06, 0x06,
	0x17, 0x34, 0x36, 0x33, 0x32, 0x16, 0x15, 0x14, 0x06, 0x06, 0x23, 0x22,
	0x26, 0x26, 0x07, 0x14, 0x16, 0x16, 0x33, 0x32, 0x36, 0x36, 0x35, 0x34,
	0x2E, 0x02, 0x23, 0x22, 0x0E, 0x02, 0x17, 0x34, 0x36, 0x36, 0x33, 0x32,
	0x16, 0x16, 0x15, 0x14, 0x06, 0x23, 0x22, 0x26, 0x02, 0xB2, 0xFD, 0xF8,
	0x41, 0x02, 0x08, 0xFE, 0x53, 0x20, 0x39, 0x24, 0x1A, 0x34, 0x15, 0x1E,
	0x20, 0x2D, 0x1E, 0x29, 0x35, 0x31, 0x2D, 0x22, 0x3A, 0x0E, 0x2B, 0x15,
	0x46, 0x3A, 0x29, 0x42, 0x28, 0xA0, 0x9F, 0xC6, 0x37, 0x3F, 0x01, 0xD6,
	0x1D, 0x35, 0x22, 0x23, 0x34, 0x1D, 0x1E, 0x35, 0x21, 0x21, 0x34, 0x1F,
	0x31, 0x26, 0x1D, 0x1D, 0x26, 0x12, 0x1F, 0x12, 0x12, 0x1E, 0x13, 0x40,
	0x22, 0x3C, 0x25, 0x26, 0x3B, 0x22, 0x15, 0x25, 0x2F, 0x1A, 0x1A, 0x2F,
	0x25, 0x15, 0x31, 0x18, 0x25, 0x15, 0x15, 0x25, 0x18, 0x32, 0x20, 0x1F,
	0x33, 0x02, 0xBC, 0xFD, 0x44, 0x02, 0xBC, 0xFE, 0xE4, 0x2A, 0x40, 0x24,
	0x15, 0x17, 0x28, 0x17, 0x0F, 0x34, 0x2C, 0x2B, 0x35, 0x2B, 0x1B, 0x1E,
	0x24, 0x34, 0x20, 0x41, 0x01, 0x1C, 0x2D, 0xE0, 0x36, 0xD1, 0x20, 0x30,
	0x1A, 0x1A, 0x30, 0x20, 0x1E, 0x30, 0x1D, 0x1D, 0x30, 0x24, 0x1E, 0x26,
	0x26, 0x1E, 0x14, 0x1E, 0x11, 0x11, 0x1E, 0xB3, 0x20, 0x37, 0x21, 0x21,
	0x37, 0x20, 0x1D, 0x2D, 0x1E, 0x10, 0x10, 0x1E, 0x2D, 0x17, 0x17, 0x25,
	0x15, 0x15, 0x25, 0x17, 0x27, 0x2A, 0x2A, 0x00, 0x00, 0x06, 0x00, 0x1E,
	0xFF, 0xFA, 0x02, 0xE6, 0x02, 0xBC, 0x00, 0x03, 0x00, 0x09, 0x00, 0x19,
	0x00, 0x27, 0x00, 0x39, 0x00, 0x47, 0x00, 0x00, 0x41, 0x01, 0x33, 0x01,
	0x05, 0x33, 0x03, 0x33, 0x13, 0x21, 0x01, 0x14, 0x16, 0x16, 0x33, 0x32,
	0x36, 0x36, 0x35, 0x34, 0x26, 0x26, 0x23, 0x22, 0x06, 0x06, 0x17, 0x34,
	0x36, 0x33, 0x32, 0x16, 0x15, 0x14, 0x06, 0x06, 0x23, 0x22, 0x26, 0x26,
	0x07, 0x14, 0x16, 0x16, 0x33, 0x32, 0x36, 0x36, 0x35, 0x34, 0x2E, 0x02,
	0x23, 0x22, 0x0E, 0x02, 0x17, 0x34, 0x36, 0x36, 0x33, 0x32, 0x16, 0x16,
	0x15, 0x14, 0x06, 0x23, 0x22, 0x26, 0x02, 0x44, 0xFD, 0xF8, 0x41, 0x02,
	0x08, 0xFD, 0x99, 0xDA, 0xB2, 0x35, 0xC9, 0xFE, 0xDA, 0x01, 0xD1, 0x1D,
	0x35, 0x22, 0x23, 0x34, 0x1D, 0x1E, 0x35, 0x21, 0x21, 0x34, 0x1F, 0x31,
	0x26, 0x1D, 0x1D, 0x26, 0x12, 0x1F, 0x12, 0x12, 0x1E, 0x13, 0x40, 0x22,
	0x3C, 0x25, 0x26, 0x3B, 0x22, 0x15, 0x25, 0x2F, 0x1A, 0x1A, 0x2F, 0x25,
	0x15, 0x31, 0x18, 0x25, 0x15, 0x15, 0x25, 0x18, 0x32, 0x20, 0x1F, 0x33,
	0x02, 0xBC, 0xFD, 0x44, 0x02, 0xBC, 0x30, 0xFE, 0x8C, 0x01, 0xA4, 0xFE,
	0x83, 0x20, 0x30, 0x1A, 0x1A, 0x30, 0x20, 0x1E, 0x30, 0x1D, 0x1D, 0x30,
	0x24, 0x1E, 0x26, 0x26, 0x1E, 0x14, 0x1E, 0x11, 0x11, 0x1E, 0xB3, 0x20,
	0x37, 0x21, 0x21, 0x37, 0x20, 0x1D, 0x2D, 0x1E, 0x10, 0x10, 0x1E, 0x2D,
	0x17, 0x17, 0x25, 0x15, 0x15, 0x25, 0x17, 0x27, 0x2A, 0x2A, 0x00, 0x01,
	0x00, 0x00, 0xFF, 0x7B, 0x01, 0xF4, 0xFF, 0xB2, 0x00, 0x03, 0x00, 0x00,
	0x55, 0x21, 0x35, 0x21, 0x01, 0xF4, 0xFE, 0x0C, 0x85, 0x37, 0x00, 0x01,
	0x00, 0x05, 0x00, 0xC8, 0x00, 0xCD, 0x01, 0x13, 0x00, 0x03, 0x00, 0x00,
	0x77, 0x33, 0x35, 0x23, 0x05, 0xC8, 0xC8, 0xC8, 0x4B, 0x00, 0x00, 0x01,
	0x00, 0x05, 0x00, 0xC8, 0x00, 0xCD, 0x01, 0x13, 0x00, 0x03, 0x00, 0x00,
	0x77, 0x33, 0x35, 0x23, 0x05, 0xC8, 0xC8, 0xC8, 0x4B, 0x00, 0x00, 0x01,
	0x00, 0x46, 0x00, 0xC8, 0x02, 0x08, 0x01, 0x13, 0x00, 0x03, 0x00, 0x00,
	0x77, 0x21, 0x35, 0x21, 0x46, 0x01, 0xC2, 0xFE, 0x3E, 0xC8, 0x4B, 0x00,
	0x00, 0x01, 0x00, 0x46, 0x00, 0xC8, 0x02, 0x9E, 0x01, 0x13, 0x00, 0x03,
	0x00, 0x00, 0x77, 0x21, 0x35, 0x21, 0x46, 0x02, 0x58, 0xFD, 0xA8, 0xC8,
	0x4B, 0x00, 0x00, 0x01, 0x00, 0x46, 0x00, 0xC8, 0x03, 0x34, 0x01, 0x13,
	0x00, 0x03, 0x00, 0x00, 0x77, 0x21, 0x35, 0x21, 0x46, 0x02, 0xEE, 0xFD,
	0x12, 0xC8, 0x4B, 0x00, 0x00, 0x01, 0x00, 0x5A, 0xFF, 0x38, 0x01, 0x18,
	0x03, 0x0C, 0x00, 0x0D, 0x00, 0x00, 0x53, 0x06, 0x06, 0x15, 0x14, 0x16,
	0x17, 0x33, 0x26, 0x26, 0x35, 0x34, 0x36, 0x37, 0xCD, 0x3C, 0x37, 0x37,
	0x3C, 0x4B, 0x34, 0x30, 0x30, 0x34, 0x03, 0x0C, 0x70, 0xFA, 0x80, 0x7F,
	0xFA, 0x71, 0x71, 0xFA, 0x7F, 0x80, 0xFA, 0x70, 0x00, 0x01, 0x00, 0x1E,
	0xFF, 0x38, 0x00, 0xDC, 0x03, 0x0C, 0x00, 0x0D, 0x00, 0x00, 0x57, 0x36,
	0x36, 0x35, 0x34, 0x26, 0x27, 0x23, 0x16, 0x16, 0x15, 0x14, 0x06, 0x07,
	0x69, 0x3C, 0x37, 0x37, 0x3C, 0x4B, 0x35, 0x2F, 0x2F, 0x35, 0xC8, 0x71,
	0xFA, 0x7F, 0x80, 0xFA, 0x70, 0x70, 0xFA, 0x80, 0x7F, 0xFA, 0x71, 0x00,
	0x00, 0x01, 0x00, 0x64, 0xFF, 0x24, 0x01, 0x18, 0x03, 0x0C, 0x00, 0x07,
	0x00, 0x00, 0x53, 0x33, 0x35, 0x23, 0x11, 0x33, 0x35, 0x23, 0xB3, 0x65,
	0xB4, 0xB4, 0x65, 0x02, 0xC1, 0x4B, 0xFC, 0x18, 0x4B, 0x00, 0x00, 0x01,
	0x00, 0x14, 0xFF, 0x24, 0x00, 0xC8, 0x03, 0x0C, 0x00, 0x07, 0x00, 0x00,
	0x57, 0x23, 0x15, 0x33, 0x11, 0x23, 0x15, 0x33, 0x79, 0x65, 0xB4, 0xB4,
	0x65, 0x91, 0x4B, 0x03, 0xE8, 0x4B, 0x00, 0x01, 0x00, 0x32, 0xFF, 0x38,
	0x01, 0x05, 0x03, 0x0C, 0x00, 0x29, 0x00, 0x00, 0x53, 0x34, 0x36, 0x33,
	0x33, 0x35, 0x23, 0x22, 0x06, 0x06, 0x15, 0x15, 0x14, 0x06, 0x07, 0x15,
	0x16, 0x16, 0x15, 0x15, 0x14, 0x16, 0x16, 0x33, 0x33, 0x35, 0x23, 0x22,
	0x26, 0x35, 0x35, 0x34, 0x2E, 0x02, 0x23, 0x15, 0x32, 0x3E, 0x02, 0x35,
	0xB2, 0x1A, 0x16, 0x23, 0x3C, 0x16, 0x30, 0x21, 0x19, 0x17, 0x17, 0x19,
	0x21, 0x30, 0x16, 0x3C, 0x23, 0x16, 0x1A, 0x05, 0x15, 0x2E, 0x29, 0x29,
	0x2E, 0x15, 0x05, 0x02, 0x94, 0x14, 0x1E, 0x46, 0x1D, 0x3D, 0x32, 0xD2,
	0x39, 0x2D, 0x08, 0x3C, 0x07, 0x2E, 0x39, 0xD2, 0x31, 0x3E, 0x1D, 0x46,
	0x1F, 0x13, 0xAA, 0x21, 0x4A, 0x3F, 0x28, 0x14, 0x28, 0x3F, 0x4A, 0x21,
	0x00, 0x01, 0x00, 0x3B, 0xFF, 0x38, 0x01, 0x0E, 0x03, 0x0C, 0x00, 0x29,
	0x00, 0x00, 0x57, 0x14, 0x06, 0x23, 0x23, 0x15, 0x33, 0x32, 0x36, 0x36,
	0x35, 0x35, 0x34, 0x36, 0x37, 0x35, 0x26, 0x26, 0x35, 0x35, 0x34, 0x26,
	0x26, 0x23, 0x23, 0x15, 0x33, 0x32, 0x16, 0x15, 0x15, 0x14, 0x1E, 0x02,
	0x33, 0x35, 0x22, 0x0E, 0x02, 0x15, 0x8E, 0x19, 0x17, 0x23, 0x3C, 0x16,
	0x30, 0x21, 0x1A, 0x16, 0x16, 0x1A, 0x21, 0x30, 0x16, 0x3C, 0x23, 0x17,
	0x19, 0x05, 0x15, 0x2E, 0x29, 0x29, 0x2E, 0x15, 0x05, 0x50, 0x13, 0x1F,
	0x46, 0x1D, 0x3E, 0x31, 0xD2, 0x39, 0x2E, 0x07, 0x3C, 0x08, 0x2D, 0x39,
	0xD2, 0x32, 0x3D, 0x1D, 0x46, 0x1E, 0x14, 0xAA, 0x21, 0x4A, 0x3F, 0x28,
	0x14, 0x28, 0x3F, 0x4A, 0x21, 0x00, 0x00, 0x04, 0x00, 0x23, 0x00, 0x00,
	0x02, 0x3A, 0x02, 0xBC, 0x00, 0x07, 0x00, 0x0F, 0x00, 0x17, 0x00, 0x1F,
	0x00, 0x00, 0x53, 0x3B, 0x04, 0x35, 0x21, 0x03, 0x21, 0x35, 0x2B, 0x04,
	0x01, 0x0F, 0x04, 0x33, 0x13, 0x21, 0x03, 0x33, 0x3F, 0x04, 0x4B, 0x87,
	0x0E, 0xC0, 0x0E, 0x8C, 0xFE, 0x11, 0x28, 0x01, 0xEF, 0x80, 0x14, 0xC8,
	0x10, 0x83, 0x01, 0xA4, 0x36, 0x04, 0x34, 0x05, 0x37, 0x4B, 0xAA, 0xFE,
	0xE3, 0xAA, 0x4B, 0x37, 0x04, 0x36, 0x04, 0x35, 0x01, 0xB8, 0x41, 0xFE,
	0xCF, 0x41, 0x01, 0xB3, 0xDE, 0x10, 0xD8, 0x12, 0xE4, 0x02, 0xBC, 0xFD,
	0x44, 0xE2, 0x12, 0xDE, 0x10, 0xDA, 0x00, 0x05, 0x00, 0x23, 0xFF, 0xF6,
	0x02, 0xCC, 0x02, 0xC6, 0x00, 0x0F, 0x00, 0x1F, 0x00, 0x2F, 0x00, 0x3F,
	0x00, 0x43, 0x00, 0x00, 0x53, 0x14, 0x16, 0x16, 0x33, 0x32, 0x36, 0x36,
	0x35, 0x34, 0x26, 0x26, 0x23, 0x22, 0x06, 0x06, 0x17, 0x34, 0x36, 0x36,
	0x33, 0x32, 0x16, 0x16, 0x15, 0x14, 0x06, 0x06, 0x23, 0x22, 0x26, 0x26,
	0x01, 0x14, 0x16, 0x16, 0x33, 0x32, 0x36, 0x36, 0x35, 0x34, 0x26, 0x26,
	0x23, 0x22, 0x06, 0x06, 0x17, 0x34, 0x36, 0x36, 0x33, 0x32, 0x16, 0x16,
	0x15, 0x14, 0x06, 0x06, 0x23, 0x22, 0x26, 0x26, 0x13, 0x01, 0x33, 0x01,
	0x23, 0x27, 0x48, 0x2F, 0x30, 0x47, 0x27, 0x27, 0x47, 0x30, 0x2F, 0x48,
	0x27, 0x47, 0x15, 0x27, 0x1B, 0x1C, 0x26, 0x15, 0x15, 0x26, 0x1C, 0x1B,
	0x27, 0x15, 0x01, 0x26, 0x27, 0x48, 0x2F, 0x30, 0x47, 0x27, 0x27, 0x47,
	0x30, 0x2F, 0x48, 0x27, 0x47, 0x15, 0x27, 0x1B, 0x1C, 0x26, 0x15, 0x15,
	0x26, 0x1C, 0x1B, 0x27, 0x15, 0x5C, 0xFE, 0x3E, 0x4B, 0x01, 0xC2, 0x02,
	0x26, 0x2C, 0x49, 0x2B, 0x2B, 0x49, 0x2C, 0x2D, 0x48, 0x2B, 0x2B, 0x48,
	0x2D, 0x1A, 0x2B, 0x1A, 0x1A, 0x2B, 0x1A, 0x19, 0x2C, 0x1A, 0x1A, 0x2C,
	0xFE, 0x89, 0x2C, 0x49, 0x2B, 0x2B, 0x49, 0x2C, 0x2D, 0x48, 0x2B, 0x2B,
	0x48, 0x2D, 0x1A, 0x2B, 0x1A, 0x1A, 0x2B, 0x1A, 0x19, 0x2C, 0x1A, 0x1A,
	0x2C, 0x02, 0x3F, 0xFD, 0x44, 0x02, 0xBC, 0x00, 0x00, 0x07, 0x00, 0x23,
	0xFF, 0xF6, 0x04, 0x48, 0x02, 0xC6, 0x00, 0x0F, 0x00, 0x1F, 0x00, 0x2F,
	0x00, 0x3F, 0x00, 0x4F, 0x00, 0x5F, 0x00, 0x63, 0x00, 0x00, 0x65, 0x14,
	0x16, 0x16, 0x33, 0x32, 0x36, 0x36, 0x35, 0x34, 0x26, 0x26, 0x23, 0x22,
	0x06, 0x06, 0x17, 0x34, 0x36, 0x36, 0x33, 0x32, 0x16, 0x16, 0x15, 0x14,
	0x06, 0x06, 0x23, 0x22, 0x26, 0x26, 0x01, 0x14, 0x16, 0x16, 0x33, 0x32,
	0x36, 0x36, 0x35, 0x34, 0x26, 0x26, 0x23, 0x22, 0x06, 0x06, 0x17, 0x34,
	0x36, 0x36, 0x33, 0x32, 0x16, 0x16, 0x15, 0x14, 0x06, 0x06, 0x23, 0x22,
	0x26, 0x26, 0x01, 0x14, 0x16, 0x16, 0x33, 0x32, 0x36, 0x36, 0x35, 0x34,
	0x26, 0x26, 0x23, 0x22, 0x06, 0x06, 0x17, 0x34, 0x36, 0x36, 0x33, 0x32,
	0x16, 0x16, 0x15, 0x14, 0x06, 0x06, 0x23, 0x22, 0x26, 0x26, 0x13, 0x01,
	0x33, 0x01, 0x03, 0x0C, 0x27, 0x48, 0x2F, 0x30, 0x47, 0x27, 0x27, 0x47,
	0x30, 0x2F, 0x48, 0x27, 0x47, 0x15, 0x27, 0x1B, 0x1C, 0x26, 0x15, 0x15,
	0x26, 0x1C, 0x1B, 0x27, 0x15, 0xFC, 0xD0, 0x27, 0x48, 0x2F, 0x30, 0x47,
	0x27, 0x27, 0x47, 0x30, 0x2F, 0x48, 0x27, 0x47, 0x15, 0x27, 0x1B, 0x1C,
	0x26, 0x15, 0x15, 0x26, 0x1C, 0x1B, 0x27, 0x15, 0x01, 0x26, 0x27, 0x48,
	0x2F, 0x30, 0x47, 0x27, 0x27, 0x47, 0x30, 0x2F, 0x48, 0x27, 0x47, 0x15,
	0x27, 0x1B, 0x1C, 0x26, 0x15, 0x15, 0x26, 0x1C, 0x1B, 0x27, 0x15, 0x5C,
	0xFE, 0x3E, 0x4B, 0x01, 0xC2, 0x96, 0x2C, 0x49, 0x2B, 0x2B, 0x49, 0x2C,
	0x2D, 0x48, 0x2B, 0x2B, 0x48, 0x2D, 0x1A, 0x2B, 0x1A, 0x1A, 0x2B, 0x1A,
	0x19, 0x2C, 0x1A, 0x1A, 0x2C, 0x01, 0xA9, 0x2C, 0x49, 0x2B, 0x2B, 0x49,
	0x2C, 0x2D, 0x48, 0x2B, 0x2B, 0x48, 0x2D, 0x1A, 0x2B, 0x1A, 0x1A, 0x2B,
	0x1A, 0x19, 0x2C, 0x1A, 0x1A, 0x2C, 0xFE, 0x89, 0x2C, 0x49, 0x2B, 0x2B,
	0x49, 0x2C, 0x2D, 0x48, 0x2B, 0x2B, 0x48, 0x2D, 0x1A, 0x2B, 0x1A, 0x1A,
	0x2B, 0x1A, 0x19, 0x2C, 0x1A, 0x1A, 0x2C, 0x02, 0x3F, 0xFD, 0x44, 0x02,
	0xBC, 0x00, 0x00, 0x09, 0x00, 0x23, 0xFF, 0xF6, 0x05, 0xC4, 0x02, 0xC6,
	0x00, 0x0F, 0x00, 0x1F, 0x00, 0x2F, 0x00, 0x3F, 0x00, 0x4F, 0x00, 0x5F,
	0x00, 0x6F, 0x00, 0x7F, 0x00, 0x83, 0x00, 0x00, 0x65, 0x14, 0x16, 0x16,
	0x33, 0x32, 0x36, 0x36, 0x35, 0x34, 0x26, 0x26, 0x23, 0x22, 0x06, 0x06,
	0x17, 0x34, 0x36, 0x36, 0x33, 0x32, 0x16, 0x16, 0x15, 0x14, 0x06, 0x06,
	0x23, 0x22, 0x26, 0x26, 0x25, 0x14, 0x16, 0x16, 0x33, 0x32, 0x36, 0x36,
	0x35, 0x34, 0x26, 0x26, 0x23, 0x22, 0x06, 0x06, 0x17, 0x34, 0x36, 0x36,
	0x33, 0x32, 0x16, 0x16, 0x15, 0x14, 0x06, 0x06, 0x23, 0x22, 0x26, 0x26,
	0x01, 0x14, 0x16, 0x16, 0x33, 0x32, 0x36, 0x36, 0x35, 0x34, 0x26, 0x26,
	0x23, 0x22, 0x06, 0x06, 0x17, 0x34, 0x36, 0x36, 0x33, 0x32, 0x16, 0x16,
	0x15, 0x14, 0x06, 0x06, 0x23, 0x22, 0x26, 0x26, 0x01, 0x14, 0x16, 0x16,
	0x33, 0x32, 0x36, 0x36, 0x35, 0x34, 0x26, 0x26, 0x23, 0x22, 0x06, 0x06,
	0x17, 0x34, 0x36, 0x36, 0x33, 0x32, 0x16, 0x16, 0x15, 0x14, 0x06, 0x06,
	0x23, 0x22, 0x26, 0x26, 0x13, 0x01, 0x33, 0x01, 0x04, 0x88, 0x27, 0x48,
	0x2F, 0x30, 0x47, 0x27, 0x27, 0x47, 0x30, 0x2F, 0x48, 0x27, 0x47, 0x15,
	0x27, 0x1B, 0x1C, 0x26, 0x15, 0x15, 0x26, 0x1C, 0x1B, 0x27, 0x15, 0xFE,
	0x3D, 0x27, 0x48, 0x2F, 0x30, 0x47, 0x27, 0x27, 0x47, 0x30, 0x2F, 0x48,
	0x27, 0x47, 0x15, 0x27, 0x1B, 0x1C, 0x26, 0x15, 0x15, 0x26, 0x1C, 0x1B,
	0x27, 0x15, 0xFC, 0xD0, 0x27, 0x48, 0x2F, 0x30, 0x47, 0x27, 0x27, 0x47,
	0x30, 0x2F, 0x48, 0x27, 0x47, 0x15, 0x27, 0x1B, 0x1C, 0x26, 0x15, 0x15,
	0x26, 0x1C, 0x1B, 0x27, 0x15, 0x01, 0x26, 0x27, 0x48, 0x2F, 0x30, 0x47,
	0x27, 0x27, 0x47, 0x30, 0x2F, 0x48, 0x27, 0x47, 0x15, 0x27, 0x1B, 0x1C,
	0x26, 0x15, 0x15, 0x26, 0x1C, 0x1B, 0x27, 0x15, 0x5C, 0xFE, 0x3E, 0x4B,
	0x01, 0xC2, 0x96, 0x2C, 0x49, 0x2B, 0x2B, 0x49, 0x2C, 0x2D, 0x48, 0x2B,
	0x2B, 0x48, 0x2D, 0x1A, 0x2B, 0x1A, 0x1A, 0x2B, 0x1A, 0x19, 0x2C, 0x1A,
	0x1A, 0x2C, 0x19, 0x2C, 0x49, 0x2B, 0x2B, 0x49, 0x2C, 0x2D, 0x48, 0x2B,
	0x2B, 0x48, 0x2D, 0x1A, 0x2B, 0x1A, 0x1A, 0x2B, 0x1A, 0x19, 0x2C, 0x1A,
	0x1A, 0x2C, 0x01, 0xA9, 0x2C, 0x49, 0x2B, 0x2B, 0x49, 0x2C, 0x2D, 0x48,
	0x2B, 0x2B, 0x48, 0x2D, 0x1A, 0x2B, 0x1A, 0x1A, 0x2B, 0x1A, 0x19, 0x2C,
	0x1A, 0x1A, 0x2C, 0xFE, 0x89, 0x2C, 0x49, 0x2B, 0x2B, 0x49, 0x2C, 0x2D,
	0x48, 0x2B, 0x2B, 0x48, 0x2D, 0x1A, 0x2B, 0x1A, 0x1A, 0x2B, 0x1A, 0x19,
	0x2C, 0x1A, 0x1A, 0x2C, 0x02, 0x3F, 0xFD, 0x44, 0x02, 0xBC, 0x00, 0x01,
	0x00, 0x50, 0x01, 0x90, 0x00, 0xE1, 0x02, 0xBC, 0x00, 0x03, 0x00, 0x00,
	0x53, 0x03, 0x33, 0x13, 0x82, 0x32, 0x37, 0x5A, 0x02, 0xBC, 0xFE, 0xD4,
	0x01, 0x2C, 0x00, 0x02, 0x00, 0x50, 0x01, 0x90, 0x01, 0x95, 0x02, 0xBC,
	0x00, 0x03, 0x00, 0x07, 0x00, 0x00, 0x53, 0x03, 0x33, 0x13, 0x33, 0x03,
	0x33, 0x13, 0x82, 0x32, 0x37, 0x5A, 0x55, 0x32, 0x37, 0x5A, 0x02, 0xBC,
	0xFE, 0xD4, 0x01, 0x2C, 0xFE, 0xD4, 0x01, 0x2C, 0x00, 0x01, 0x00, 0x46,
	0x01, 0xD6, 0x00, 0xE1, 0x02, 0xBC, 0x00, 0x03, 0x00, 0x00, 0x53, 0x37,
	0x23, 0x07, 0xA5, 0x3C, 0x37, 0x64, 0x01, 0xD6, 0xE6, 0xE6, 0x00, 0x01,
	0x00, 0x32, 0x01, 0xD6, 0x00, 0xCD, 0x02, 0xBC, 0x00, 0x03, 0x00, 0x00,
	0x53, 0x07, 0x33, 0x37, 0x6E, 0x3C, 0x37, 0x64, 0x02, 0xBC, 0xE6, 0xE6,
	0x00, 0x02, 0x00, 0x46, 0x01, 0xD6, 0x01, 0xA9, 0x02, 0xBC, 0x00, 0x03,
	0x00, 0x07, 0x00, 0x00, 0x53, 0x37, 0x23, 0x07, 0x21, 0x37, 0x23, 0x07,
	0xA5, 0x3C, 0x37, 0x64, 0x01, 0x27, 0x3C, 0x37, 0x64, 0x01, 0xD6, 0xE6,
	0xE6, 0xE6, 0xE6, 0x00, 0x00, 0x02, 0x00, 0x32, 0x01, 0xD6, 0x01, 0x95,
	0x02, 0xBC, 0x00, 0x03, 0x00, 0x07, 0x00, 0x00, 0x53, 0x07, 0x33, 0x37,
	0x33, 0x07, 0x33, 0x37, 0x6E, 0x3C, 0x37, 0x64, 0x69, 0x3C, 0x37, 0x64,
	0x02, 0xBC, 0xE6, 0xE6, 0xE6, 0xE6, 0x00, 0x01, 0x00, 0x3C, 0xFF, 0x6A,
	0x00, 0xD7, 0x00, 0x50, 0x00, 0x03, 0x00, 0x00, 0x77, 0x07, 0x33, 0x37,
	0x78, 0x3C, 0x37, 0x64, 0x50, 0xE6, 0xE6, 0x00, 0x00, 0x02, 0x00, 0x32,
	0xFF, 0x6A, 0x01, 0x95, 0x00, 0x50, 0x00, 0x03, 0x00, 0x07, 0x00, 0x00,
	0x77, 0x07, 0x33, 0x37, 0x33, 0x07, 0x33, 0x37, 0x6E, 0x3C, 0x37, 0x64,
	0x69, 0x3C, 0x37, 0x64, 0x50, 0xE6, 0xE6, 0xE6, 0xE6, 0x00, 0x00, 0x01,
	0x00, 0x28, 0x00, 0x14, 0x01, 0x18, 0x01, 0xEA, 0x00, 0x05, 0x00, 0x00,
	0x53, 0x37, 0x27, 0x07, 0x17, 0x37, 0x82, 0x96, 0x32, 0xBE, 0xBE, 0x32,
	0x01, 0x03, 0xBA, 0x2D, 0xEB, 0xEB, 0x2D, 0x00, 0x00, 0x01, 0x00, 0x46,
	0x00, 0x14, 0x01, 0x36, 0x01, 0xEA, 0x00, 0x05, 0x00, 0x00, 0x77, 0x07,
	0x17, 0x37, 0x27, 0x07, 0xDC, 0x96, 0x32, 0xBE, 0xBE, 0x32, 0xFB, 0xBA,
	0x2D, 0xEB, 0xEB, 0x2D, 0x00, 0x02, 0x00, 0x28, 0x00, 0x14, 0x01, 0xB8,
	0x01, 0xEA, 0x00, 0x05, 0x00, 0x0B, 0x00, 0x00, 0x41, 0x37, 0x27, 0x07,
	0x17, 0x37, 0x25, 0x37, 0x27, 0x07, 0x17, 0x37, 0x01, 0x22, 0x96, 0x32,
	0xBE, 0xBE, 0x32, 0xFE, 0xCA, 0x96, 0x32, 0xBE, 0xBE, 0x32, 0x01, 0x03,
	0xBA, 0x2D, 0xEB, 0xEB, 0x2D, 0xC2, 0xBA, 0x2D, 0xEB, 0xEB, 0x2D, 0x00,
	0x00, 0x02, 0x00, 0x46, 0x00, 0x14, 0x01, 0xD6, 0x01, 0xEA, 0x00, 0x05,
	0x00, 0x0B, 0x00, 0x00, 0x77, 0x07, 0x17, 0x37, 0x27, 0x07, 0x05, 0x07,
	0x17, 0x37, 0x27, 0x07, 0xDC, 0x96, 0x32, 0xBE, 0xBE, 0x32, 0x01, 0x36,
	0x96, 0x32, 0xBE, 0xBE, 0x32, 0xFB, 0xBA, 0x2D, 0xEB, 0xEB, 0x2D, 0xC2,
	0xBA, 0x2D, 0xEB, 0xEB, 0x2D, 0x00, 0x00, 0x05, 0x00, 0x64, 0x01, 0x47,
	0x01, 0xEC, 0x02, 0xBC, 0x00, 0x03, 0x00, 0x07, 0x00, 0x0B, 0x00, 0x0F,
	0x00, 0x13, 0x00, 0x00, 0x41, 0x07, 0x17, 0x37, 0x07, 0x27, 0x07, 0x17,
	0x23, 0x37, 0x27, 0x07, 0x27, 0x17, 0x37, 0x27, 0x37, 0x17, 0x33, 0x37,
	0x01, 0xD7, 0xB7, 0x10, 0xBC, 0x35, 0x7B, 0x28, 0x6A, 0xAC, 0x6A, 0x28,
	0x7B, 0x35, 0xBC, 0x10, 0xB7, 0x8C, 0x0A, 0x32, 0x0A, 0x02, 0x57, 0x46,
	0x30, 0x33, 0xA4, 0x98, 0x1E, 0xA3, 0xA3, 0x1E, 0x98, 0xA4, 0x33, 0x30,
	0x46, 0x65, 0xC3, 0xC3, 0x00, 0x02, 0x00, 0x5A, 0xFF, 0x6A, 0x01, 0xE0,
	0x02, 0xBC, 0x00, 0x03, 0x00, 0x07, 0x00, 0x00, 0x53, 0x15, 0x21, 0x35,
	0x27, 0x11, 0x33, 0x11, 0x5A, 0x01, 0x86, 0xEB, 0x50, 0x02, 0x1C, 0x4B,
	0x4B, 0xA0, 0xFC, 0xAE, 0x03, 0x52, 0x00, 0x03, 0x00, 0x5A, 0xFF, 0x6A,
	0x01, 0xE0, 0x02, 0xBC, 0x00, 0x03, 0x00, 0x07, 0x00, 0x0B, 0x00, 0x00,
	0x77, 0x15, 0x21, 0x35, 0x01, 0x15, 0x21, 0x35, 0x27, 0x11, 0x33, 0x11,
	0x5A, 0x01, 0x86, 0xFE, 0x7A, 0x01, 0x86, 0xEB, 0x50, 0x78, 0x4B, 0x4B,
	0x01, 0xA4, 0x4B, 0x4B, 0xA0, 0xFC, 0xAE, 0x03, 0x52, 0x00, 0x00, 0x01,
	0x00, 0x5F, 0xFF, 0xF1, 0x00, 0xCD, 0x00, 0x5F, 0x00, 0x0B, 0x00, 0x00,
	0x77, 0x14, 0x16, 0x33, 0x32, 0x36, 0x35, 0x34, 0x26, 0x23, 0x22, 0x06,
	0x5F, 0x21, 0x16, 0x17, 0x20, 0x20, 0x17, 0x16, 0x21, 0x28, 0x16, 0x21,
	0x21, 0x16, 0x17, 0x20, 0x20, 0x00, 0x00, 0x01, 0x00, 0x3C, 0xFF, 0x56,
	0x00, 0xE4, 0x00, 0x6E, 0x00, 0x03, 0x00, 0x00, 0x77, 0x03, 0x17, 0x37,
	0x94, 0x58, 0x3A, 0x6E, 0x6E, 0xFE, 0xFD, 0x15, 0xFA, 0x00, 0x00, 0x02,
	0x00, 0x5F, 0xFF, 0xF1, 0x00, 0xCD, 0x01, 0xDB, 0x00, 0x0B, 0x00, 0x17,
	0x00, 0x00, 0x77, 0x14, 0x16, 0x33, 0x32, 0x36, 0x35, 0x34, 0x26, 0x23,
	0x22, 0x06, 0x11, 0x14, 0x16, 0x33, 0x32, 0x36, 0x35, 0x34, 0x26, 0x23,
	0x22, 0x06, 0x5F, 0x21, 0x16, 0x17, 0x20, 0x20, 0x17, 0x16, 0x21, 0x21,
	0x16, 0x17, 0x20, 0x20, 0x17, 0x16, 0x21, 0x28, 0x16, 0x21, 0x21, 0x16,
	0x17, 0x20, 0x20, 0x01, 0x65, 0x16, 0x21, 0x21, 0x16, 0x17, 0x20, 0x20,
	0x00, 0x02, 0x00, 0x3C, 0xFF, 0x56, 0x00, 0xEB, 0x01, 0xDB, 0x00, 0x0B,
	0x00, 0x0F, 0x00, 0x00, 0x53, 0x14, 0x16, 0x33, 0x32, 0x36, 0x35, 0x34,
	0x26, 0x23, 0x22, 0x06, 0x13, 0x03, 0x17, 0x37, 0x7D, 0x21, 0x16, 0x17,
	0x20, 0x20, 0x17, 0x16, 0x21, 0x17, 0x58, 0x3A, 0x6E, 0x01, 0xA4, 0x16,
	0x21, 0x21, 0x16, 0x17, 0x20, 0x20, 0xFE, 0xB3, 0xFE, 0xFD, 0x15, 0xFA,
	0x00, 0x03, 0x00, 0x5F, 0xFF, 0xF1, 0x03, 0x25, 0x00, 0x5F, 0x00, 0x0B,
	0x00, 0x17, 0x00, 0x23, 0x00, 0x00, 0x77, 0x14, 0x16, 0x33, 0x32, 0x36,
	0x35, 0x34, 0x26, 0x23, 0x22, 0x06, 0x05, 0x14, 0x16, 0x33, 0x32, 0x36,
	0x35, 0x34, 0x26, 0x23, 0x22, 0x06, 0x05, 0x14, 0x16, 0x33, 0x32, 0x36,
	0x35, 0x34, 0x26, 0x23, 0x22, 0x06, 0x5F, 0x21, 0x16, 0x17, 0x20, 0x20,
	0x17, 0x16, 0x21, 0x01, 0x2C, 0x21, 0x16, 0x17, 0x20, 0x20, 0x17, 0x16,
	0x21, 0x01, 0x2C, 0x21, 0x16, 0x17, 0x20, 0x20, 0x17, 0x16, 0x21, 0x28,
	0x16, 0x21, 0x21, 0x16, 0x17, 0x20, 0x20, 0x17, 0x16, 0x21, 0x21, 0x16,
	0x17, 0x20, 0x20, 0x17, 0x16, 0x21, 0x21, 0x16, 0x17, 0x20, 0x20, 0x00,
	0x00, 0x02, 0x00, 0x5F, 0xFF, 0xF1, 0x00, 0xCD, 0x02, 0xBC, 0x00, 0x03,
	0x00, 0x0F, 0x00, 0x00, 0x53, 0x13, 0x33, 0x13, 0x03, 0x14, 0x16, 0x33,
	0x32, 0x36, 0x35, 0x34, 0x26, 0x23, 0x22, 0x06, 0x64, 0x14, 0x3C, 0x14,
	0x69, 0x21, 0x16, 0x17, 0x20, 0x20, 0x17, 0x16, 0x21, 0x02, 0xBC, 0xFE,
	0x0C, 0x01, 0xF4, 0xFD, 0x6C, 0x16, 0x21, 0x21, 0x16, 0x17, 0x20, 0x20,
	0x00, 0x02, 0x00, 0x5F, 0xFF, 0x0B, 0x00, 0xCD, 0x01, 0xD6, 0x00, 0x03,
	0x00, 0x0F, 0x00, 0x00, 0x57, 0x03, 0x23, 0x03, 0x13, 0x34, 0x26, 0x23,
	0x22, 0x06, 0x15, 0x14, 0x16, 0x33, 0x32, 0x36, 0xC8, 0x14, 0x3C, 0x14,
	0x69, 0x20, 0x17, 0x16, 0x21, 0x21, 0x16, 0x17, 0x20, 0xF5, 0x01, 0xF4,
	0xFE, 0x0C, 0x02, 0x94, 0x17, 0x20, 0x20, 0x17, 0x16, 0x21, 0x21, 0x00,
	0x00, 0x02, 0x00, 0x3C, 0xFF, 0xF1, 0x01, 0xF1, 0x02, 0xC6, 0x00, 0x1C,
	0x00, 0x28, 0x00, 0x00, 0x41, 0x14, 0x06, 0x06, 0x23, 0x23, 0x17, 0x33,
	0x37, 0x3E, 0x02, 0x35, 0x34, 0x2E, 0x02, 0x23, 0x22, 0x06, 0x06, 0x07,
	0x17, 0x36, 0x36, 0x33, 0x32, 0x16, 0x16, 0x03, 0x14, 0x16, 0x33, 0x32,
	0x36, 0x35, 0x34, 0x26, 0x23, 0x22, 0x06, 0x01, 0xA0, 0x2E, 0x56, 0x3C,
	0x1A, 0x14, 0x3C, 0x07, 0x38, 0x60, 0x3C, 0x21, 0x3B, 0x4F, 0x2F, 0x3B,
	0x51, 0x38, 0x17, 0x41, 0x17, 0x47, 0x32, 0x2D, 0x42, 0x24, 0xDD, 0x21,
	0x16, 0x17, 0x20, 0x20, 0x17, 0x16, 0x21, 0x01, 0xF4, 0x26, 0x47, 0x2E,
	0xAF, 0x78, 0x03, 0x39, 0x5D, 0x39, 0x2D, 0x4C, 0x39, 0x20, 0x1D, 0x35,
	0x23, 0x29, 0x26, 0x2D, 0x20, 0x3C, 0xFE, 0x09, 0x16, 0x21, 0x21, 0x16,
	0x17, 0x20, 0x20, 0x00, 0x00, 0x02, 0x00, 0x3C, 0xFF, 0xF6, 0x01, 0xF1,
	0x02, 0xCB, 0x00, 0x1C, 0x00, 0x28, 0x00, 0x00, 0x77, 0x34, 0x36, 0x36,
	0x33, 0x33, 0x27, 0x23, 0x07, 0x0E, 0x02, 0x15, 0x14, 0x1E, 0x02, 0x33,
	0x32, 0x36, 0x36, 0x37, 0x27, 0x06, 0x06, 0x23, 0x22, 0x26, 0x26, 0x13,
	0x34, 0x26, 0x23, 0x22, 0x06, 0x15, 0x14, 0x16, 0x33, 0x32, 0x36, 0x8D,
	0x2E, 0x56, 0x3C, 0x1A, 0x14, 0x3C, 0x07, 0x37, 0x61, 0x3C, 0x21, 0x3B,
	0x4F, 0x2F, 0x3C, 0x50, 0x38, 0x17, 0x41, 0x17, 0x47, 0x32, 0x2D, 0x42,
	0x24, 0xDD, 0x20, 0x17, 0x16, 0x21, 0x21, 0x16, 0x17, 0x20, 0xC8, 0x26,
	0x47, 0x2E, 0xAF, 0x78, 0x03, 0x39, 0x5C, 0x3A, 0x2D, 0x4C, 0x39, 0x20,
	0x1D, 0x35, 0x23, 0x29, 0x25, 0x2E, 0x20, 0x3C, 0x01, 0xF7, 0x17, 0x20,
	0x20, 0x17, 0x16, 0x21, 0x21, 0x00, 0x00, 0x01, 0x00, 0x0F, 0xFF, 0x6A,
	0x01, 0xF4, 0x02, 0xBC, 0x00, 0x03, 0x00, 0x00, 0x41, 0x01, 0x33, 0x01,
	0x01, 0xA4, 0xFE, 0x6B, 0x50, 0x01, 0x95, 0x02, 0xBC, 0xFC, 0xAE, 0x03,
	0x52, 0x00, 0x00, 0x01, 0x00, 0x0F, 0x00, 0x00, 0x01, 0xF4, 0x02, 0xBC,
	0x00, 0x03, 0x00, 0x00, 0x53, 0x01, 0x33, 0x01, 0x0F, 0x01, 0x90, 0x55,
	0xFE, 0x70, 0x02, 0xBC, 0xFD, 0x44, 0x02, 0xBC, 0x00, 0x01, 0x00, 0x3C,
	0x00, 0x00, 0x02, 0x85, 0x02, 0xBC, 0x00, 0x03, 0x00, 0x00, 0x41, 0x01,
	0x33, 0x01, 0x02, 0x44, 0xFD, 0xF8, 0x41, 0x02, 0x08, 0x02, 0xBC, 0xFD,
	0x44, 0x02, 0xBC, 0x00, 0x00, 0x01, 0x00, 0x64, 0xFF, 0x29, 0x00, 0xAE,
	0x03, 0x11, 0x00, 0x03, 0x00, 0x00, 0x53, 0x11, 0x33, 0x11, 0x64, 0x4A,
	0x03, 0x11, 0xFC, 0x18, 0x03, 0xE8, 0x00, 0x02, 0x00, 0x64, 0x00, 0x05,
	0x00, 0xAE, 0x02, 0xB7, 0x00, 0x03, 0x00, 0x07, 0x00, 0x00, 0x53, 0x15,
	0x33, 0x35, 0x11, 0x23, 0x15, 0x33, 0x64, 0x4A, 0x4A, 0x4A, 0x02, 0xB7,
	0xF0, 0xF0, 0xFE, 0x3E, 0xF0, 0x00, 0x00, 0x03, 0x00, 0x23, 0xFF, 0xF6,
	0x02, 0xDF, 0x02, 0xC6, 0x00, 0x0E, 0x00, 0x1E, 0x00, 0x59, 0x00, 0x00,
	0x41, 0x34, 0x36, 0x36, 0x33, 0x32, 0x16, 0x16, 0x15, 0x14, 0x06, 0x06,
	0x23, 0x22, 0x26, 0x27, 0x14, 0x16, 0x16, 0x33, 0x32, 0x36, 0x36, 0x35,
	0x34, 0x26, 0x26, 0x23, 0x22, 0x06, 0x06, 0x07, 0x14, 0x16, 0x16, 0x33,
	0x32, 0x36, 0x37, 0x27, 0x06, 0x06, 0x23, 0x22, 0x26, 0x26, 0x35, 0x34,
	0x3E, 0x02, 0x33, 0x32, 0x1E, 0x02, 0x15, 0x14, 0x06, 0x06, 0x23, 0x22,
	0x26, 0x26, 0x35, 0x34, 0x36, 0x37, 0x37, 0x23, 0x07, 0x33, 0x06, 0x16,
	0x16, 0x33, 0x32, 0x3E, 0x02, 0x35, 0x34, 0x2E, 0x02, 0x23, 0x22, 0x0E,
	0x02, 0x01, 0x0A, 0x21, 0x34, 0x1B, 0x19, 0x27, 0x17, 0x26, 0x36, 0x19,
	0x29, 0x29, 0x4C, 0x27, 0x3F, 0x24, 0x30, 0x4E, 0x2F, 0x1A, 0x36, 0x2B,
	0x2A, 0x57, 0x3B, 0x9B, 0x4C, 0x93, 0x6B, 0x56, 0x69, 0x2D, 0x23, 0x31,
	0x63, 0x35, 0x4F, 0x75, 0x40, 0x2C, 0x51, 0x73, 0x46, 0x3F, 0x5E, 0x3E,
	0x1F, 0x25, 0x2F, 0x0F, 0x10, 0x11, 0x06, 0x01, 0x01, 0x29, 0x4B, 0x24,
	0x07, 0x05, 0x14, 0x2D, 0x1E, 0x1C, 0x3E, 0x37, 0x22, 0x28, 0x50, 0x78,
	0x50, 0x54, 0x8B, 0x66, 0x37, 0x01, 0x40, 0x2B, 0x3F, 0x22, 0x16, 0x28,
	0x1C, 0x35, 0x3D, 0x1A, 0x30, 0x27, 0x31, 0x47, 0x25, 0x2F, 0x5E, 0x45,
	0x28, 0x49, 0x2F, 0x31, 0x5E, 0x43, 0x63, 0x95, 0x52, 0x21, 0x1B, 0x39,
	0x1F, 0x15, 0x41, 0x77, 0x51, 0x45, 0x76, 0x58, 0x32, 0x2A, 0x48, 0x5B,
	0x32, 0x3F, 0x4D, 0x22, 0x0D, 0x15, 0x0C, 0x06, 0x10, 0x05, 0xE7, 0xFA,
	0x21, 0x36, 0x21, 0x1A, 0x38, 0x5C, 0x42, 0x3C, 0x72, 0x5C, 0x36, 0x3C,
	0x6A, 0x8E, 0x00, 0x01, 0x00, 0x28, 0xFF, 0xF6, 0x02, 0x98, 0x02, 0xC7,
	0x00, 0x3E, 0x00, 0x00, 0x53, 0x01, 0x33, 0x01, 0x26, 0x26, 0x35, 0x34,
	0x36, 0x33, 0x32, 0x16, 0x16, 0x15, 0x14, 0x06, 0x07, 0x0E, 0x04, 0x15,
	0x14, 0x16, 0x16, 0x33, 0x32, 0x3E, 0x02, 0x37, 0x27, 0x0E, 0x03, 0x23,
	0x22, 0x26, 0x26, 0x35, 0x34, 0x3E, 0x02, 0x37, 0x3E, 0x03, 0x35, 0x34,
	0x26, 0x26, 0x23, 0x22, 0x06, 0x06, 0x15, 0x14, 0x16, 0x16, 0xDF, 0x01,
	0x50, 0x60, 0xFE, 0x8E, 0x1E, 0x36, 0x2E, 0x29, 0x1C, 0x26, 0x15, 0x41,
	0x38, 0x14, 0x38, 0x3A, 0x31, 0x1F, 0x41, 0x67, 0x39, 0x43, 0x70, 0x60,
	0x54, 0x28, 0x3E, 0x24, 0x4D, 0x52, 0x59, 0x30, 0x28, 0x42, 0x27, 0x24,
	0x39, 0x40, 0x1B, 0x23, 0x36, 0x26, 0x14, 0x28, 0x4B, 0x35, 0x32, 0x4D,
	0x2C, 0x27, 0x33, 0x01, 0x80, 0xFE, 0x80, 0x01, 0xA9, 0x23, 0x3E, 0x22,
	0x26, 0x2E, 0x16, 0x26, 0x1A, 0x22, 0x47, 0x20, 0x0B, 0x1B, 0x24, 0x32,
	0x42, 0x2C, 0x3B, 0x57, 0x2F, 0x32, 0x52, 0x67, 0x34, 0x27, 0x31, 0x5A,
	0x47, 0x2A, 0x1E, 0x38, 0x26, 0x26, 0x36, 0x29, 0x21, 0x10, 0x15, 0x2B,
	0x2F, 0x30, 0x19, 0x2A, 0x47, 0x2C, 0x26, 0x46, 0x2F, 0x26, 0x40, 0x33,
	0x00, 0x02, 0x00, 0x1E, 0xFF, 0xF6, 0x01, 0x7A, 0x02, 0xC6, 0x00, 0x2C,
	0x00, 0x59, 0x00, 0x00, 0x41, 0x37, 0x2E, 0x02, 0x23, 0x22, 0x06, 0x06,
	0x15, 0x14, 0x1E, 0x02, 0x17, 0x1E, 0x02, 0x15, 0x14, 0x06, 0x06, 0x23,
	0x15, 0x32, 0x3E, 0x02, 0x35, 0x34, 0x26, 0x26, 0x27, 0x2E, 0x03, 0x35,
	0x34, 0x36, 0x36, 0x33, 0x32, 0x16, 0x16, 0x03, 0x07, 0x1E, 0x02, 0x33,
	0x32, 0x3E, 0x02, 0x35, 0x34, 0x26, 0x26, 0x27, 0x2E, 0x03, 0x35, 0x34,
	0x36, 0x36, 0x37, 0x35, 0x22, 0x0E, 0x02, 0x15, 0x14, 0x16, 0x16, 0x17,
	0x1E, 0x02, 0x15, 0x14, 0x06, 0x06, 0x23, 0x22, 0x26, 0x26, 0x01, 0x36,
	0x40, 0x09, 0x33, 0x45, 0x25, 0x25, 0x44, 0x2C, 0x17, 0x27, 0x2E, 0x18,
	0x1B, 0x2F, 0x1E, 0x16, 0x26, 0x19, 0x25, 0x3E, 0x2D, 0x18, 0x24, 0x3A,
	0x21, 0x13, 0x28, 0x21, 0x14, 0x12, 0x20, 0x14, 0x13, 0x27, 0x21, 0xCC,
	0x42, 0x07, 0x35, 0x4E, 0x2A, 0x25, 0x3E, 0x2D, 0x18, 0x24, 0x3A, 0x21,
	0x13, 0x28, 0x21, 0x14, 0x13, 0x28, 0x1E, 0x2B, 0x3F, 0x2A, 0x15, 0x28,
	0x3D, 0x1F, 0x1B, 0x2F, 0x1E, 0x13, 0x24, 0x19, 0x1C, 0x32, 0x23, 0x02,
	0x43, 0x29, 0x1A, 0x28, 0x18, 0x1D, 0x36, 0x26, 0x1D, 0x2A, 0x1F, 0x17,
	0x09, 0x0A, 0x18, 0x21, 0x19, 0x14, 0x29, 0x1B, 0x23, 0x0D, 0x1E, 0x32,
	0x25, 0x22, 0x33, 0x26, 0x0D, 0x08, 0x12, 0x14, 0x18, 0x0D, 0x10, 0x13,
	0x0A, 0x0C, 0x18, 0xFE, 0x4B, 0x26, 0x25, 0x3D, 0x23, 0x10, 0x22, 0x35,
	0x25, 0x22, 0x33, 0x26, 0x0D, 0x08, 0x10, 0x15, 0x21, 0x19, 0x15, 0x1E,
	0x18, 0x0A, 0x1A, 0x10, 0x20, 0x2C, 0x1D, 0x26, 0x38, 0x25, 0x0D, 0x0A,
	0x18, 0x21, 0x19, 0x14, 0x1A, 0x0C, 0x19, 0x2B, 0x00, 0x01, 0x00, 0x3C,
	0xFF, 0x24, 0x02, 0x06, 0x02, 0xBC, 0x00, 0x0F, 0x00, 0x00, 0x41, 0x11,
	0x33, 0x11, 0x33, 0x11, 0x33, 0x11, 0x23, 0x22, 0x06, 0x06, 0x15, 0x14,
	0x16, 0x16, 0x01, 0x20, 0x46, 0x5A, 0x46, 0xE6, 0x3E, 0x68, 0x3E, 0x3E,
	0x68, 0x01, 0x0E, 0xFE, 0x16, 0x03, 0x57, 0xFC, 0xA9, 0x03, 0x98, 0x32,
	0x5F, 0x46, 0x45, 0x60, 0x32, 0x00, 0x00, 0x01, 0x00, 0x5F, 0x00, 0xB9,
	0x00, 0xCD, 0x01, 0x27, 0x00, 0x0B, 0x00, 0x00, 0x77, 0x14, 0x16, 0x33,
	0x32, 0x36, 0x35, 0x34, 0x26, 0x23, 0x22, 0x06, 0x5F, 0x21, 0x16, 0x17,
	0x20, 0x20, 0x17, 0x16, 0x21, 0xF0, 0x16, 0x21, 0x21, 0x16, 0x17, 0x20,
	0x20, 0x00, 0x00, 0x01, 0x00, 0x5F, 0x01, 0x68, 0x00, 0xCD, 0x01, 0xD6,
	0x00, 0x0B, 0x00, 0x00, 0x53, 0x14, 0x16, 0x33, 0x32, 0x36, 0x35, 0x34,
	0x26, 0x23, 0x22, 0x06, 0x5F, 0x21, 0x16, 0x17, 0x20, 0x20, 0x17, 0x16,
	0x21, 0x01, 0x9F, 0x16, 0x21, 0x21, 0x16, 0x17, 0x20, 0x20, 0x00, 0x03,
	0x00, 0x3C, 0xFF, 0xF1, 0x01, 0xF1, 0x02, 0xC6, 0x00, 0x1C, 0x00, 0x20,
	0x00, 0x2C, 0x00, 0x00, 0x41, 0x14, 0x06, 0x06, 0x23, 0x17, 0x32, 0x3E,
	0x03, 0x35, 0x34, 0x2E, 0x02, 0x23, 0x22, 0x06, 0x06, 0x07, 0x17, 0x3E,
	0x02, 0x33, 0x32, 0x16, 0x16, 0x07, 0x13, 0x33, 0x13, 0x03, 0x14, 0x16,
	0x33, 0x32, 0x36, 0x35, 0x34, 0x26, 0x23, 0x22, 0x06, 0x01, 0xA0, 0x2E,
	0x56, 0x3C, 0x32, 0x23, 0x41, 0x38, 0x2B, 0x18, 0x21, 0x3B, 0x4F, 0x2F,
	0x3B, 0x51, 0x38, 0x17, 0x41, 0x10, 0x29, 0x36, 0x21, 0x2D, 0x42, 0x24,
	0xD8, 0x14, 0x3C, 0x14, 0x69, 0x21, 0x16, 0x17, 0x20, 0x20, 0x17, 0x16,
	0x21, 0x01, 0xF4, 0x26, 0x47, 0x2E, 0x37, 0x15, 0x26, 0x34, 0x3F, 0x24,
	0x2D, 0x4C, 0x39, 0x20, 0x1D, 0x35, 0x23, 0x29, 0x19, 0x25, 0x15, 0x20,
	0x3C, 0x21, 0xFE, 0xAC, 0x01, 0x54, 0xFE, 0x2A, 0x16, 0x21, 0x21, 0x16,
	0x17, 0x20, 0x20, 0x00, 0x00, 0x02, 0x00, 0x41, 0x00, 0x0A, 0x02, 0x26,
	0x01, 0xF4, 0x00, 0x03, 0x00, 0x07, 0x00, 0x00, 0x77, 0x21, 0x35, 0x21,
	0x37, 0x11, 0x33, 0x11, 0x41, 0x01, 0xE5, 0xFE, 0x1B, 0xC8, 0x55, 0xD7,
	0x50, 0xCD, 0xFE, 0x16, 0x01, 0xEA, 0x00, 0x01, 0x00, 0x46, 0x00, 0xC8,
	0x02, 0x08, 0x01, 0x13, 0x00, 0x03, 0x00, 0x00, 0x77, 0x21, 0x35, 0x21,
	0x46, 0x01, 0xC2, 0xFE, 0x3E, 0xC8, 0x4B, 0x00, 0x00, 0x03, 0x00, 0x41,
	0x00, 0x00, 0x02, 0x26, 0x02, 0x6C, 0x00, 0x03, 0x00, 0x07, 0x00, 0x0B,
	0x00, 0x00, 0x73, 0x21, 0x35, 0x21, 0x11, 0x21, 0x35, 0x21, 0x37, 0x11,
	0x33, 0x11, 0x41, 0x01, 0xE5, 0xFE, 0x1B, 0x01, 0xE5, 0xFE, 0x1B, 0xC8,
	0x55, 0x50, 0x01, 0x09, 0x50, 0xC3, 0xFE, 0x2A, 0x01, 0xD6, 0x00, 0x03,
	0x00, 0x3C, 0x00, 0x0F, 0x02, 0x30, 0x01, 0xF9, 0x00, 0x0B, 0x00, 0x17,
	0x00, 0x1B, 0x00, 0x00, 0x53, 0x14, 0x16, 0x33, 0x32, 0x36, 0x35, 0x34,
	0x26, 0x23, 0x22, 0x06, 0x11, 0x14, 0x16, 0x33, 0x32, 0x36, 0x35, 0x34,
	0x26, 0x23, 0x22, 0x06, 0x27, 0x21, 0x35, 0x21, 0xFF, 0x21, 0x16, 0x17,
	0x20, 0x20, 0x17, 0x16, 0x21, 0x21, 0x16, 0x17, 0x20, 0x20, 0x17, 0x16,
	0x21, 0xC3, 0x01, 0xF4, 0xFE, 0x0C, 0x01, 0xC2, 0x16, 0x21, 0x21, 0x16,
	0x17, 0x20, 0x20, 0xFE, 0x6D, 0x16, 0x21, 0x21, 0x16, 0x17, 0x20, 0x20,
	0x84, 0x50, 0x00, 0x01, 0x00, 0x41, 0x00, 0x16, 0x02, 0x13, 0x01, 0xE8,
	0x00, 0x0B, 0x00, 0x00, 0x77, 0x37, 0x17, 0x37, 0x27, 0x37, 0x27, 0x07,
	0x27, 0x07, 0x17, 0x07, 0x79, 0xB1, 0xB1, 0x38, 0xB6, 0xB6, 0x38, 0xB1,
	0xB1, 0x38, 0xB6, 0xB6, 0x16, 0xB6, 0xB6, 0x38, 0xB1, 0xB1, 0x38, 0xB6,
	0xB6, 0x38, 0xB1, 0xB1, 0x00, 0x02, 0x00, 0x41, 0x00, 0x8C, 0x02, 0x26,
	0x01, 0x6D, 0x00, 0x03, 0x00, 0x07, 0x00, 0x00, 0x77, 0x21, 0x35, 0x21,
	0x35, 0x21, 0x35, 0x21, 0x41, 0x01, 0xE5, 0xFE, 0x1B, 0x01, 0xE5, 0xFE,
	0x1B, 0x8C, 0x4B, 0x4B, 0x4B, 0x00, 0x00, 0x01, 0x00, 0x41, 0x00, 0x0F,
	0x02, 0x3F, 0x01, 0xF4, 0x00, 0x06, 0x00, 0x00, 0x53, 0x25, 0x35, 0x05,
	0x15, 0x05, 0x35, 0xC5, 0x01, 0x7A, 0xFE, 0x02, 0x01, 0xFE, 0x01, 0x06,
	0x9E, 0x50, 0xDC, 0x2D, 0xDC, 0x50, 0x00, 0x01, 0x00, 0x41, 0x00, 0x0F,
	0x02, 0x3F, 0x01, 0xF4, 0x00, 0x06, 0x00, 0x00, 0x65, 0x05, 0x15, 0x25,
	0x35, 0x25, 0x15, 0x01, 0xBB, 0xFE, 0x86, 0x01, 0xFE, 0xFE, 0x02, 0xFD,
	0x9E, 0x50, 0xDC, 0x2D, 0xDC, 0x50, 0x00, 0x02, 0x00, 0x28, 0x00, 0x00,
	0x02, 0x26, 0x02, 0x58, 0x00, 0x03, 0x00, 0x0A, 0x00, 0x00, 0x73, 0x35,
	0x21, 0x15, 0x35, 0x25, 0x35, 0x25, 0x15, 0x05, 0x05, 0x28, 0x01, 0xFE,
	0xFE, 0x02, 0x01, 0xFE, 0xFE, 0x86, 0x01, 0x7A, 0x50, 0x50, 0x73, 0xDC,
	0x2D, 0xDC, 0x50, 0x9E, 0xA7, 0x00, 0x00, 0x02, 0x00, 0x41, 0x00, 0x00,
	0x02, 0x3F, 0x02, 0x58, 0x00, 0x03, 0x00, 0x0A, 0x00, 0x00, 0x73, 0x35,
	0x21, 0x15, 0x25, 0x35, 0x25, 0x25, 0x35, 0x05, 0x15, 0x41, 0x01, 0xFE,
	0xFE, 0x02, 0x01, 0x7A, 0xFE, 0x86, 0x01, 0xFE, 0x50, 0x50, 0x73, 0x50,
	0x9E, 0xA7, 0x50, 0xDC, 0x2D, 0x00, 0x00, 0x02, 0x00, 0x3A, 0x00, 0x7A,
	0x02, 0x03, 0x02, 0x0F, 0x00, 0x1B, 0x00, 0x37, 0x00, 0x00, 0x41, 0x22,
	0x26, 0x27, 0x26, 0x26, 0x23, 0x22, 0x06, 0x17, 0x27, 0x26, 0x36, 0x36,
	0x33, 0x32, 0x16, 0x17, 0x16, 0x16, 0x33, 0x32, 0x36, 0x27, 0x17, 0x16,
	0x06, 0x06, 0x07, 0x22, 0x26, 0x27, 0x26, 0x26, 0x23, 0x22, 0x06, 0x17,
	0x27, 0x26, 0x36, 0x36, 0x33, 0x32, 0x16, 0x17, 0x16, 0x16, 0x33, 0x32,
	0x36, 0x27, 0x17, 0x16, 0x06, 0x06, 0x01, 0x8A, 0x19, 0x3A, 0x20, 0x18,
	0x27, 0x17, 0x21, 0x1C, 0x0A, 0x4A, 0x0A, 0x1F, 0x41, 0x28, 0x1D, 0x40,
	0x1E, 0x15, 0x25, 0x0F, 0x1B, 0x16, 0x0C, 0x4F, 0x09, 0x1B, 0x39, 0x25,
	0x19, 0x3A, 0x20, 0x18, 0x27, 0x17, 0x21, 0x1C, 0x0A, 0x4A, 0x0A, 0x1F,
	0x41, 0x28, 0x1D, 0x40, 0x1E, 0x15, 0x25, 0x0F, 0x1B, 0x16, 0x0C, 0x4F,
	0x09, 0x1B, 0x39, 0x01, 0x74, 0x18, 0x18, 0x12, 0x0F, 0x2C, 0x21, 0x05,
	0x23, 0x43, 0x2C, 0x19, 0x17, 0x10, 0x10, 0x2E, 0x1E, 0x05, 0x25, 0x43,
	0x2A, 0xFA, 0x18, 0x18, 0x12, 0x0F, 0x2C, 0x21, 0x05, 0x23, 0x43, 0x2C,
	0x19, 0x17, 0x10, 0x10, 0x2E, 0x1E, 0x05, 0x25, 0x43, 0x2A, 0x00, 0x03,
	0x00, 0x41, 0x00, 0x22, 0x02, 0x26, 0x01, 0xEC, 0x00, 0x03, 0x00, 0x07,
	0x00, 0x0B, 0x00, 0x00, 0x77, 0x27, 0x13, 0x17, 0x01, 0x35, 0x21, 0x15,
	0x25, 0x35, 0x21, 0x15, 0xDB, 0x41, 0xF2, 0x41, 0xFE, 0x74, 0x01, 0xE5,
	0xFE, 0x1B, 0x01, 0xE5, 0x22, 0x26, 0x01, 0xA4, 0x26, 0xFE, 0xC6, 0x4B,
	0x4B, 0x96, 0x4B, 0x4B, 0x00, 0x01, 0x00, 0x41, 0x00, 0xAF, 0x02, 0x2B,
	0x01, 0x77, 0x00, 0x05, 0x00, 0x00, 0x53, 0x21, 0x15, 0x33, 0x35, 0x21,
	0x41, 0x01, 0x9F, 0x4B, 0xFE, 0x16, 0x01, 0x2C, 0x7D, 0xC8, 0x00, 0x02,
	0x00, 0x23, 0xFF, 0xF6, 0x01, 0xFF, 0x02, 0xD5, 0x00, 0x1A, 0x00, 0x2A,
	0x00, 0x00, 0x45, 0x32, 0x36, 0x36, 0x35, 0x34, 0x2E, 0x03, 0x27, 0x07,
	0x1E, 0x03, 0x17, 0x33, 0x26, 0x23, 0x22, 0x06, 0x06, 0x15, 0x14, 0x16,
	0x16, 0x37, 0x22, 0x26, 0x26, 0x35, 0x34, 0x36, 0x36, 0x33, 0x32, 0x16,
	0x16, 0x15, 0x14, 0x06, 0x06, 0x01, 0x11, 0x46, 0x6B, 0x3D, 0x16, 0x2F,
	0x48, 0x64, 0x40, 0x30, 0x2B, 0x46, 0x38, 0x2D, 0x10, 0x2E, 0x65, 0x5B,
	0x3C, 0x5D, 0x36, 0x3D, 0x6C, 0x45, 0x2E, 0x47, 0x28, 0x29, 0x47, 0x2D,
	0x2D, 0x47, 0x29, 0x28, 0x47, 0x0A, 0x3E, 0x6C, 0x46, 0x28, 0x55, 0x5B,
	0x65, 0x72, 0x40, 0x38, 0x27, 0x48, 0x45, 0x44, 0x23, 0x47, 0x3B, 0x66,
	0x42, 0x46, 0x6C, 0x3E, 0x4D, 0x2A, 0x4A, 0x2F, 0x30, 0x4A, 0x2B, 0x2B,
	0x4A, 0x30, 0x2F, 0x4A, 0x2A, 0x00, 0x00, 0x03, 0x00, 0x56, 0x00, 0x1C,
	0x02, 0x02, 0x01, 0xC8, 0x00, 0x0F, 0x00, 0x1F, 0x00, 0x23, 0x00, 0x00,
	0x65, 0x32, 0x36, 0x36, 0x35, 0x34, 0x26, 0x26, 0x23, 0x22, 0x06, 0x06,
	0x15, 0x14, 0x16, 0x16, 0x37, 0x22, 0x26, 0x26, 0x35, 0x34, 0x36, 0x36,
	0x33, 0x32, 0x16, 0x16, 0x15, 0x14, 0x06, 0x06, 0x07, 0x01, 0x27, 0x01,
	0x01, 0x2C, 0x3B, 0x61, 0x3A, 0x3A, 0x61, 0x3B, 0x3B, 0x61, 0x3A, 0x3A,
	0x61, 0x3B, 0x2A, 0x45, 0x29, 0x29, 0x45, 0x2A, 0x2A, 0x45, 0x29, 0x29,
	0x44, 0xDB, 0x01, 0x86, 0x26, 0xFE, 0x7B, 0x1C, 0x3A, 0x61, 0x3B, 0x3B,
	0x61, 0x3A, 0x3A, 0x61, 0x3B, 0x3B, 0x61, 0x3A, 0x3E, 0x29, 0x45, 0x2A,
	0x2A, 0x45, 0x29, 0x29, 0x45, 0x2A, 0x28, 0x45, 0x2B, 0x3C, 0x01, 0x84,
	0x24, 0xFE, 0x7C, 0x00, 0x00, 0x01, 0x00, 0x4B, 0x00, 0x00, 0x02, 0x0D,
	0x02, 0xBC, 0x00, 0x0B, 0x00, 0x00, 0x73, 0x33, 0x11, 0x33, 0x11, 0x33,
	0x11, 0x33, 0x35, 0x21, 0x15, 0x33, 0xA0, 0x50, 0x78, 0x50, 0x55, 0xFE,
	0x3E, 0x55, 0x02, 0x76, 0xFD, 0x8A, 0x02, 0x76, 0x46, 0x46, 0x00, 0x01,
	0x00, 0x64, 0x00, 0x00, 0x01, 0xF4, 0x02, 0xBC, 0x00, 0x09, 0x00, 0x00,
	0x73, 0x21, 0x35, 0x21, 0x13, 0x03, 0x21, 0x35, 0x21, 0x13, 0x64, 0x01,
	0x90, 0xFE, 0xE4, 0x86, 0x86, 0x01, 0x1C, 0xFE, 0x70, 0xAA, 0x48, 0x01,
	0x18, 0x01, 0x14, 0x48, 0xFE, 0xA4, 0x00, 0x01, 0x00, 0x4B, 0xFE, 0xC0,
	0x01, 0xC2, 0x01, 0xCC, 0x00, 0x16, 0x00, 0x00, 0x53, 0x23, 0x11, 0x33,
	0x11, 0x16, 0x16, 0x33, 0x32, 0x36, 0x37, 0x15, 0x33, 0x11, 0x23, 0x11,
	0x14, 0x06, 0x06, 0x23, 0x22, 0x26, 0x35, 0x9B, 0x50, 0x50, 0x11, 0x27,
	0x16, 0x2A, 0x47, 0x18, 0x50, 0x50, 0x1D, 0x35, 0x23, 0x31, 0x31, 0x01,
	0xCC, 0xFC, 0xF4, 0x01, 0x48, 0x09, 0x09, 0x26, 0x22, 0x3E, 0x01, 0xCC,
	0xFE, 0xE8, 0x21, 0x34, 0x1E, 0x3A, 0x39, 0x00, 0x00, 0x01, 0x00, 0x0F,
	0xFF, 0x6A, 0x01, 0xF4, 0x02, 0xBC, 0x00, 0x03, 0x00, 0x00, 0x41, 0x01,
	0x33, 0x01, 0x01, 0xA4, 0xFE, 0x6B, 0x50, 0x01, 0x95, 0x02, 0xBC, 0xFC,
	0xAE, 0x03, 0x52, 0x00, 0x00, 0x01, 0x00, 0x5F, 0x01, 0x68, 0x00, 0xCD,
	0x01, 0xD6, 0x00, 0x0B, 0x00, 0x00, 0x53, 0x14, 0x16, 0x33, 0x32, 0x36,
	0x35, 0x34, 0x26, 0x23, 0x22, 0x06, 0x5F, 0x21, 0x16, 0x17, 0x20, 0x20,
	0x17, 0x16, 0x21, 0x01, 0x9F, 0x16, 0x21, 0x21, 0x16, 0x17, 0x20, 0x20,
	0x00, 0x01, 0x00, 0x2D, 0xFF, 0x38, 0x01, 0xF6, 0x02, 0xBC, 0x00, 0x0C,
	0x00, 0x00, 0x57, 0x03, 0x17, 0x07, 0x27, 0x37, 0x13, 0x27, 0x13, 0x33,
	0x15, 0x23, 0x37, 0xF3, 0x87, 0x50, 0x81, 0x0E, 0x85, 0x4D, 0x2B, 0x84,
	0x9E, 0xA2, 0x4F, 0xC8, 0x01, 0x94, 0x1C, 0x20, 0x39, 0x21, 0xFE, 0xE2,
	0x14, 0x02, 0xDC, 0x48, 0x36, 0x00, 0x00, 0x03, 0x00, 0x16, 0x00, 0x30,
	0x02, 0xD8, 0x01, 0x9A, 0x00, 0x18, 0x00, 0x26, 0x00, 0x34, 0x00, 0x00,
	0x77, 0x32, 0x37, 0x16, 0x16, 0x33, 0x32, 0x36, 0x36, 0x35, 0x34, 0x26,
	0x26, 0x23, 0x22, 0x07, 0x26, 0x23, 0x22, 0x06, 0x06, 0x15, 0x14, 0x16,
	0x16, 0x37, 0x22, 0x26, 0x26, 0x35, 0x34, 0x36, 0x36, 0x33, 0x32, 0x16,
	0x17, 0x06, 0x06, 0x21, 0x22, 0x26, 0x27, 0x36, 0x36, 0x33, 0x32, 0x16,
	0x16, 0x15, 0x14, 0x06, 0x06, 0xBF, 0x5B, 0x5E, 0x2F, 0x5B, 0x2E, 0x2D,
	0x4D, 0x2E, 0x2E, 0x4D, 0x2D, 0x5B, 0x5D, 0x5D, 0x5C, 0x2D, 0x4D, 0x2F,
	0x2F, 0x4D, 0x38, 0x19, 0x2C, 0x1B, 0x1B, 0x2C, 0x19, 0x21, 0x44, 0x1E,
	0x1F, 0x43, 0x01, 0x3A, 0x21, 0x44, 0x1E, 0x1E, 0x44, 0x21, 0x19, 0x2B,
	0x1B, 0x1B, 0x2B, 0x30, 0x78, 0x3C, 0x3C, 0x33, 0x53, 0x30, 0x31, 0x51,
	0x32, 0x78, 0x78, 0x32, 0x51, 0x31, 0x30, 0x53, 0x33, 0x4E, 0x1E, 0x2F,
	0x1B, 0x1C, 0x2E, 0x1D, 0x35, 0x32, 0x32, 0x36, 0x37, 0x31, 0x32, 0x35,
	0x1D, 0x2E, 0x1C, 0x1B, 0x2F, 0x1E, 0x00, 0x01, 0x00, 0x73, 0xFF, 0x37,
	0x01, 0xFF, 0x03, 0x17, 0x00, 0x1C, 0x00, 0x00, 0x57, 0x16, 0x36, 0x36,
	0x37, 0x13, 0x36, 0x36, 0x33, 0x32, 0x16, 0x17, 0x37, 0x26, 0x26, 0x27,
	0x26, 0x06, 0x07, 0x03, 0x06, 0x06, 0x23, 0x22, 0x26, 0x27, 0x07, 0x16,
	0x16, 0xCC, 0x25, 0x39, 0x22, 0x03, 0x25, 0x03, 0x1B, 0x16, 0x09, 0x13,
	0x10, 0x2B, 0x19, 0x29, 0x17, 0x38, 0x46, 0x05, 0x25, 0x03, 0x1A, 0x17,
	0x09, 0x13, 0x10, 0x2B, 0x1A, 0x29, 0xC8, 0x01, 0x27, 0x49, 0x33, 0x02,
	0x92, 0x2C, 0x2F, 0x0B, 0x0F, 0x3E, 0x17, 0x12, 0x01, 0x02, 0x58, 0x4D,
	0xFD, 0x6E, 0x2B, 0x2F, 0x0B, 0x0F, 0x3E, 0x16, 0x13, 0x00, 0x00, 0x03,
	0x00, 0x37, 0xFF, 0x90, 0x02, 0x06, 0x03, 0x32, 0x00, 0x03, 0x00, 0x07,
	0x00, 0x3B, 0x00, 0x00, 0x41, 0x15, 0x33, 0x35, 0x03, 0x15, 0x33, 0x35,
	0x13, 0x37, 0x2E, 0x02, 0x23, 0x22, 0x06, 0x06, 0x15, 0x14, 0x1E, 0x02,
	0x17, 0x1E, 0x02, 0x15, 0x14, 0x06, 0x06, 0x23, 0x22, 0x26, 0x26, 0x27,
	0x07, 0x1E, 0x02, 0x33, 0x32, 0x36, 0x36, 0x35, 0x34, 0x2E, 0x02, 0x27,
	0x2E, 0x02, 0x35, 0x34, 0x36, 0x36, 0x33, 0x32, 0x16, 0x16, 0x01, 0x03,
	0x4A, 0x4A, 0x4A, 0x6B, 0x45, 0x0E, 0x3B, 0x56, 0x39, 0x39, 0x5C, 0x36,
	0x23, 0x36, 0x3D, 0x1A, 0x28, 0x4B, 0x31, 0x1B, 0x35, 0x28, 0x2B, 0x43,
	0x34, 0x15, 0x48, 0x16, 0x49, 0x62, 0x39, 0x46, 0x5E, 0x31, 0x22, 0x36,
	0x3E, 0x1B, 0x2A, 0x4A, 0x2E, 0x18, 0x33, 0x28, 0x27, 0x36, 0x26, 0x03,
	0x32, 0x96, 0x96, 0xFC, 0xFE, 0xA0, 0xA0, 0x01, 0xD2, 0x2E, 0x24, 0x45,
	0x2D, 0x2D, 0x4D, 0x30, 0x30, 0x44, 0x2F, 0x1E, 0x09, 0x0E, 0x26, 0x3A,
	0x2D, 0x23, 0x33, 0x1B, 0x26, 0x46, 0x30, 0x2B, 0x3A, 0x56, 0x31, 0x32,
	0x5B, 0x3B, 0x30, 0x45, 0x2F, 0x20, 0x0A, 0x10, 0x23, 0x31, 0x26, 0x1F,
	0x2A, 0x16, 0x21, 0x35, 0x00, 0x03, 0x00, 0x51, 0xFF, 0x90, 0x01, 0xDF,
	0x02, 0x42, 0x00, 0x03, 0x00, 0x21, 0x00, 0x25, 0x00, 0x00, 0x65, 0x15,
	0x33, 0x35, 0x27, 0x34, 0x36, 0x36, 0x33, 0x32, 0x16, 0x17, 0x35, 0x26,
	0x26, 0x23, 0x22, 0x06, 0x06, 0x15, 0x14, 0x16, 0x16, 0x33, 0x32, 0x36,
	0x37, 0x35, 0x06, 0x06, 0x23, 0x22, 0x26, 0x26, 0x13, 0x15, 0x33, 0x35,
	0x01, 0x18, 0x40, 0xB6, 0x29, 0x47, 0x2D, 0x38, 0x58, 0x10, 0x18, 0x59,
	0x2F, 0x43, 0x6C, 0x3F, 0x3F, 0x6C, 0x43, 0x2F, 0x59, 0x18, 0x10, 0x58,
	0x38, 0x2D, 0x47, 0x29, 0x76, 0x40, 0x26, 0x96, 0x96, 0xC0, 0x30, 0x4B,
	0x2A, 0x32, 0x22, 0x64, 0x1C, 0x1F, 0x3E, 0x6C, 0x46, 0x45, 0x6D, 0x3E,
	0x1F, 0x1C, 0x64, 0x22, 0x32, 0x2B, 0x4A, 0x01, 0x8C, 0x96, 0x96, 0x00,
	0x00, 0x02, 0x00, 0x40, 0x00, 0x00, 0x02, 0x09, 0x02, 0xC6, 0x00, 0x03,
	0x00, 0x2F, 0x00, 0x00, 0x53, 0x15, 0x21, 0x35, 0x37, 0x37, 0x2E, 0x03,
	0x23, 0x22, 0x06, 0x06, 0x15, 0x14, 0x1E, 0x03, 0x15, 0x14, 0x06, 0x06,
	0x07, 0x21, 0x35, 0x21, 0x07, 0x3E, 0x03, 0x35, 0x34, 0x2E, 0x03, 0x35,
	0x34, 0x36, 0x36, 0x33, 0x32, 0x1E, 0x02, 0x43, 0x01, 0x68, 0x17, 0x47,
	0x02, 0x1A, 0x30, 0x4A, 0x32, 0x3B, 0x5D, 0x35, 0x14, 0x1F, 0x1E, 0x14,
	0x24, 0x44, 0x31, 0x01, 0xC5, 0xFE, 0x95, 0x02, 0x1C, 0x34, 0x2A, 0x18,
	0x13, 0x1C, 0x1D, 0x13, 0x22, 0x36, 0x1E, 0x20, 0x30, 0x1F, 0x11, 0x01,
	0x72, 0x4B, 0x4B, 0x6D, 0x1D, 0x1E, 0x46, 0x3E, 0x28, 0x2E, 0x56, 0x3C,
	0x29, 0x3D, 0x31, 0x2C, 0x2E, 0x1C, 0x2C, 0x4B, 0x4F, 0x33, 0x50, 0x1E,
	0x08, 0x26, 0x39, 0x47, 0x28, 0x22, 0x32, 0x2A, 0x2B, 0x34, 0x23, 0x26,
	0x2F, 0x15, 0x19, 0x2A, 0x35, 0x00, 0x00, 0x06, 0x00, 0x25, 0x00, 0x2F,
	0x02, 0x1E, 0x02, 0x29, 0x00, 0x03, 0x00, 0x07, 0x00, 0x0B, 0x00, 0x0F,
	0x00, 0x1F, 0x00, 0x2F, 0x00, 0x00, 0x53, 0x17, 0x37, 0x27, 0x11, 0x37,
	0x27, 0x07, 0x01, 0x37, 0x27, 0x07, 0x11, 0x17, 0x37, 0x27, 0x25, 0x14,
	0x16, 0x16, 0x33, 0x32, 0x36, 0x36, 0x35, 0x34, 0x26, 0x26, 0x23, 0x22,
	0x06, 0x06, 0x17, 0x34, 0x36, 0x36, 0x33, 0x32, 0x16, 0x16, 0x15, 0x14,
	0x06, 0x06, 0x23, 0x22, 0x26, 0x26, 0x25, 0x5E, 0x31, 0x5D, 0x5D, 0x31,
	0x5E, 0x01, 0x9C, 0x5D, 0x31, 0x5E, 0x5E, 0x31, 0x5D, 0xFE, 0x73, 0x3F,
	0x6C, 0x43, 0x44, 0x6B, 0x3F, 0x3F, 0x6B, 0x44, 0x43, 0x6C, 0x3F, 0x51,
	0x29, 0x47, 0x2D, 0x2D, 0x47, 0x29, 0x29, 0x47, 0x2D, 0x2D, 0x47, 0x29,
	0x01, 0xF7, 0x5D, 0x31, 0x5E, 0xFE, 0x06, 0x5E, 0x31, 0x5D, 0x01, 0x39,
	0x5D, 0x32, 0x5E, 0xFE, 0xC2, 0x5E, 0x32, 0x5D, 0x6E, 0x45, 0x6D, 0x3E,
	0x3E, 0x6D, 0x45, 0x46, 0x6C, 0x3E, 0x3E, 0x6C, 0x46, 0x30, 0x4B, 0x2A,
	0x2A, 0x4B, 0x30, 0x30, 0x4B, 0x2A, 0x2A, 0x4B, 0x00, 0x03, 0x00, 0x0F,
	0x00, 0x00, 0x02, 0x35, 0x02, 0xBC, 0x00, 0x03, 0x00, 0x07, 0x00, 0x10,
	0x00, 0x00, 0x53, 0x21, 0x35, 0x21, 0x15, 0x21, 0x35, 0x21, 0x01, 0x03,
	0x03, 0x23, 0x13, 0x11, 0x33, 0x11, 0x13, 0x2D, 0x01, 0xE5, 0xFE, 0x1B,
	0x01, 0xE5, 0xFE, 0x1B, 0x01, 0xAA, 0xB5, 0xB4, 0x5F, 0xE9, 0x56, 0xE7,
	0x01, 0x22, 0x4B, 0xE1, 0x4B, 0x01, 0xE5, 0xFE, 0xBC, 0x01, 0x44, 0xFE,
	0x73, 0xFE, 0xD1, 0x01, 0x32, 0x01, 0x8A, 0x00, 0x00, 0x03, 0x00, 0x0F,
	0xFF, 0xF6, 0x02, 0x08, 0x02, 0xC6, 0x00, 0x03, 0x00, 0x07, 0x00, 0x24,
	0x00, 0x00, 0x53, 0x21, 0x35, 0x21, 0x15, 0x21, 0x35, 0x21, 0x37, 0x34,
	0x36, 0x36, 0x33, 0x32, 0x17, 0x35, 0x26, 0x26, 0x23, 0x22, 0x0E, 0x02,
	0x15, 0x14, 0x16, 0x16, 0x33, 0x32, 0x36, 0x37, 0x35, 0x06, 0x23, 0x22,
	0x26, 0x26, 0x0F, 0x01, 0xF5, 0xFE, 0x0B, 0x01, 0xDB, 0xFE, 0x25, 0x8C,
	0x36, 0x61, 0x40, 0x56, 0x40, 0x22, 0x4B, 0x29, 0x41, 0x6E, 0x51, 0x2C,
	0x4E, 0x87, 0x57, 0x29, 0x4B, 0x22, 0x40, 0x56, 0x40, 0x61, 0x36, 0x01,
	0x97, 0x30, 0xA8, 0x30, 0x0F, 0x52, 0x7E, 0x48, 0x3E, 0x65, 0x14, 0x15,
	0x35, 0x61, 0x84, 0x4E, 0x69, 0xA2, 0x5D, 0x16, 0x13, 0x65, 0x3E, 0x48,
	0x7F, 0x00, 0x00, 0x01, 0x00, 0x73, 0xFF, 0x37, 0x01, 0xFF, 0x03, 0x17,
	0x00, 0x24, 0x00, 0x00, 0x57, 0x16, 0x36, 0x36, 0x37, 0x13, 0x33, 0x37,
	0x23, 0x37, 0x36, 0x36, 0x33, 0x32, 0x16, 0x17, 0x37, 0x26, 0x26, 0x27,
	0x26, 0x06, 0x07, 0x07, 0x23, 0x07, 0x33, 0x03, 0x06, 0x06, 0x23, 0x22,
	0x26, 0x27, 0x07, 0x16, 0x16, 0xCC, 0x25, 0x39, 0x22, 0x03, 0x17, 0x4E,
	0x06, 0x50, 0x0A, 0x03, 0x1B, 0x16, 0x09, 0x13, 0x10, 0x2B, 0x19, 0x29,
	0x17, 0x38, 0x46, 0x05, 0x09, 0x3C, 0x06, 0x3E, 0x18, 0x03, 0x1A, 0x17,
	0x09, 0x13, 0x10, 0x2B, 0x1A, 0x29, 0xC8, 0x01, 0x27, 0x49, 0x33, 0x01,
	0xA7, 0x4B, 0xA0, 0x2C, 0x2F, 0x0B, 0x0F, 0x3E, 0x17, 0x12, 0x01, 0x02,
	0x58, 0x4D, 0xA6, 0x4B, 0xFE, 0x5F, 0x2B, 0x2F, 0x0B, 0x0F, 0x3E, 0x16,
	0x13, 0x00, 0x00, 0x05, 0x00, 0x1E, 0x00, 0x00, 0x02, 0x56, 0x02, 0xBC,
	0x00, 0x03, 0x00, 0x19, 0x00, 0x1D, 0x00, 0x21, 0x00, 0x25, 0x00, 0x00,
	0x53, 0x11, 0x33, 0x11, 0x07, 0x33, 0x32, 0x16, 0x16, 0x15, 0x14, 0x06,
	0x06, 0x23, 0x23, 0x15, 0x33, 0x32, 0x36, 0x36, 0x35, 0x34, 0x26, 0x26,
	0x23, 0x23, 0x13, 0x33, 0x35, 0x23, 0x27, 0x33, 0x35, 0x23, 0x11, 0x33,
	0x35, 0x23, 0x96, 0x55, 0x2B, 0x99, 0x35, 0x4D, 0x2B, 0x2B, 0x4D, 0x35,
	0x99, 0x99, 0x44, 0x73, 0x46, 0x46, 0x73, 0x44, 0x99, 0x1C, 0xC8, 0xC8,
	0xBE, 0xC8, 0xC8, 0xC8, 0xC8, 0x02, 0xBC, 0xFD, 0x44, 0x02, 0xBC, 0x50,
	0x1B, 0x37, 0x2B, 0x2B, 0x37, 0x1B, 0x50, 0x28, 0x5B, 0x4A, 0x4B, 0x5A,
	0x28, 0xFD, 0xAD, 0x4B, 0x6E, 0x4B, 0xFE, 0xFC, 0x4B, 0x00, 0x00, 0x01,
	0x00, 0x41, 0x01, 0xCC, 0x01, 0xBD, 0x02, 0xC6, 0x00, 0x06, 0x00, 0x00,
	0x53, 0x17, 0x33, 0x27, 0x23, 0x07, 0x33, 0xFF, 0x6E, 0x50, 0xAA, 0x28,
	0xAA, 0x50, 0x02, 0x6D, 0xA1, 0xFA, 0xFA, 0x00, 0x00, 0x01, 0x00, 0x41,
	0x00, 0xAC, 0x01, 0xFE, 0x01, 0x47, 0x00, 0x2C, 0x00, 0x00, 0x77, 0x26,
	0x26, 0x35, 0x34, 0x36, 0x33, 0x32, 0x16, 0x16, 0x17, 0x16, 0x16, 0x33,
	0x32, 0x36, 0x37, 0x36, 0x36, 0x35, 0x34, 0x26, 0x27, 0x27, 0x16, 0x16,
	0x15, 0x14, 0x06, 0x23, 0x22, 0x26, 0x27, 0x2E, 0x02, 0x23, 0x22, 0x06,
	0x07, 0x06, 0x06, 0x15, 0x14, 0x17, 0x8E, 0x02, 0x02, 0x1C, 0x1B, 0x0D,
	0x1C, 0x1E, 0x0F, 0x20, 0x3A, 0x19, 0x1B, 0x30, 0x13, 0x0D, 0x09, 0x02,
	0x02, 0x4F, 0x03, 0x02, 0x14, 0x16, 0x0D, 0x25, 0x17, 0x15, 0x2A, 0x28,
	0x14, 0x1F, 0x36, 0x14, 0x0D, 0x0B, 0x03, 0xB0, 0x06, 0x0B, 0x05, 0x1A,
	0x1D, 0x07, 0x0E, 0x0C, 0x18, 0x18, 0x16, 0x19, 0x11, 0x27, 0x0F, 0x08,
	0x0E, 0x06, 0x05, 0x07, 0x0E, 0x06, 0x18, 0x19, 0x0F, 0x11, 0x10, 0x15,
	0x0B, 0x1A, 0x1A, 0x12, 0x24, 0x10, 0x0D, 0x0B, 0x00, 0x01, 0x00, 0x4B,
	0x01, 0xFE, 0x01, 0x2C, 0x02, 0xBC, 0x00, 0x03, 0x00, 0x00, 0x41, 0x27,
	0x07, 0x17, 0x01, 0x2C, 0x4B, 0x96, 0x2D, 0x02, 0x94, 0x28, 0xA0, 0x1E,
	0x00, 0x01, 0x00, 0x4B, 0x01, 0xFE, 0x01, 0x2C, 0x02, 0xBC, 0x00, 0x03,
	0x00, 0x00, 0x53, 0x17, 0x37, 0x27, 0x4B, 0xB4, 0x2D, 0x96, 0x02, 0x94,
	0x96, 0x1E, 0xA0, 0x00, 0x00, 0x02, 0x00, 0x00, 0x01, 0xFF, 0x01, 0x60,
	0x02, 0xD2, 0x00, 0x03, 0x00, 0x07, 0x00, 0x00, 0x53, 0x37, 0x27, 0x07,
	0x17, 0x37, 0x27, 0x07, 0x34, 0x86, 0x52, 0x68, 0xD8, 0x88, 0x54, 0x67,
	0x01, 0xFF, 0xBF, 0x14, 0xC2, 0x11, 0xBF, 0x14, 0xC2, 0x00, 0x00, 0x01,
	0x00, 0x50, 0x02, 0x26, 0x01, 0x90, 0x02, 0xDA, 0x00, 0x05, 0x00, 0x00,
	0x53, 0x17, 0x37, 0x27, 0x07, 0x17, 0xF0, 0x6E, 0x32, 0xA0, 0xA0, 0x32,
	0x02, 0x85, 0x5F, 0x28, 0x8C, 0x8C, 0x28, 0x00, 0x00, 0x01, 0x00, 0x50,
	0x02, 0x3A, 0x01, 0x90, 0x02, 0xEE, 0x00, 0x05, 0x00, 0x00, 0x53, 0x27,
	0x07, 0x17, 0x37, 0x27, 0xF0, 0x6E, 0x32, 0xA0, 0xA0, 0x32, 0x02, 0x8F,
	0x5F, 0x28, 0x8C, 0x8C, 0x28, 0x00, 0x00, 0x01, 0x00, 0x73, 0x02, 0xC6,
	0x01, 0xAF, 0x03, 0x52, 0x00, 0x11, 0x00, 0x00, 0x53, 0x14, 0x16, 0x16,
	0x33, 0x32, 0x36, 0x36, 0x35, 0x23, 0x14, 0x06, 0x06, 0x23, 0x22, 0x26,
	0x26, 0x35, 0x73, 0x23, 0x47, 0x34, 0x35, 0x46, 0x23, 0x47, 0x0E, 0x26,
	0x23, 0x23, 0x26, 0x0E, 0x03, 0x52, 0x22, 0x41, 0x29, 0x29, 0x41, 0x22,
	0x0D, 0x23, 0x1B, 0x1B, 0x23, 0x0D, 0x00, 0x01, 0x00, 0x64, 0x02, 0x4C,
	0x01, 0xAE, 0x02, 0xC4, 0x00, 0x19, 0x00, 0x00, 0x53, 0x17, 0x34, 0x36,
	0x36, 0x33, 0x32, 0x16, 0x16, 0x33, 0x32, 0x36, 0x36, 0x37, 0x27, 0x06,
	0x06, 0x23, 0x22, 0x2E, 0x02, 0x23, 0x22, 0x06, 0x06, 0x64, 0x35, 0x08,
	0x16, 0x14, 0x17, 0x21, 0x26, 0x1B, 0x19, 0x2A, 0x1F, 0x08, 0x2E, 0x0F,
	0x1B, 0x0E, 0x14, 0x1A, 0x17, 0x1F, 0x18, 0x16, 0x2D, 0x20, 0x02, 0x71,
	0x25, 0x08, 0x18, 0x13, 0x17, 0x18, 0x15, 0x22, 0x12, 0x2B, 0x18, 0x18,
	0x0E, 0x13, 0x0E, 0x15, 0x24, 0x00, 0x00, 0x01, 0x00, 0x50, 0x02, 0x58,
	0x01, 0xAE, 0x02, 0xA3, 0x00, 0x03, 0x00, 0x00, 0x53, 0x21, 0x35, 0x21,
	0x50, 0x01, 0x5E, 0xFE, 0xA2, 0x02, 0x58, 0x4B, 0x00, 0x02, 0x00, 0x50,
	0x02, 0x5D, 0x01, 0x86, 0x02, 0xCB, 0x00, 0x0B, 0x00, 0x17, 0x00, 0x00,
	0x41, 0x14, 0x16, 0x33, 0x32, 0x36, 0x35, 0x34, 0x26, 0x23, 0x22, 0x06,
	0x07, 0x14, 0x16, 0x33, 0x32, 0x36, 0x35, 0x34, 0x26, 0x23, 0x22, 0x06,
	0x01, 0x18, 0x21, 0x16, 0x17, 0x20, 0x20, 0x17, 0x16, 0x21, 0xC8, 0x21,
	0x16, 0x17, 0x20, 0x20, 0x17, 0x16, 0x21, 0x02, 0x94, 0x16, 0x21, 0x21,
	0x16, 0x17, 0x20, 0x20, 0x17, 0x16, 0x21, 0x21, 0x16, 0x17, 0x20, 0x20,
	0x00, 0x01, 0x00, 0x5F, 0x02, 0xDF, 0x00, 0xCD, 0x03, 0x4D, 0x00, 0x0B,
	0x00, 0x00, 0x53, 0x14, 0x16, 0x33, 0x32, 0x36, 0x35, 0x34, 0x26, 0x23,
	0x22, 0x06, 0x5F, 0x21, 0x16, 0x17, 0x20, 0x20, 0x17, 0x16, 0x21, 0x03,
	0x16, 0x16, 0x21, 0x21, 0x16, 0x17, 0x20, 0x20, 0x00, 0x02, 0x00, 0x25,
	0x02, 0xAD, 0x00, 0xF1, 0x03, 0x75, 0x00, 0x0B, 0x00, 0x17, 0x00, 0x00,
	0x53, 0x14, 0x16, 0x33, 0x32, 0x36, 0x35, 0x34, 0x26, 0x23, 0x22, 0x06,
	0x17, 0x34, 0x36, 0x33, 0x32, 0x16, 0x15, 0x14, 0x06, 0x23, 0x22, 0x26,
	0x25, 0x3F, 0x27, 0x27, 0x3F, 0x3F, 0x27, 0x27, 0x3F, 0x33, 0x20, 0x13,
	0x13, 0x20, 0x20, 0x13, 0x13, 0x20, 0x03, 0x11, 0x2D, 0x37, 0x37, 0x2D,
	0x2D, 0x37, 0x37, 0x2D, 0x19, 0x1C, 0x1C, 0x19, 0x19, 0x1C, 0x1C, 0x00,
	0x00, 0x01, 0x00, 0x4F, 0xFF, 0x24, 0x01, 0x13, 0x00, 0x3C, 0x00, 0x1D,
	0x00, 0x00, 0x77, 0x07, 0x36, 0x36, 0x33, 0x32, 0x16, 0x15, 0x14, 0x06,
	0x23, 0x22, 0x26, 0x27, 0x07, 0x16, 0x16, 0x33, 0x32, 0x36, 0x36, 0x35,
	0x34, 0x26, 0x26, 0x23, 0x22, 0x22, 0x23, 0x37, 0xC4, 0x55, 0x10, 0x22,
	0x07, 0x1A, 0x18, 0x18, 0x1A, 0x13, 0x17, 0x0E, 0x21, 0x15, 0x28, 0x1C,
	0x1C, 0x30, 0x1F, 0x17, 0x21, 0x11, 0x02, 0x05, 0x02, 0x40, 0x3C, 0xA8,
	0x0B, 0x07, 0x12, 0x12, 0x12, 0x16, 0x0C, 0x0C, 0x28, 0x15, 0x11, 0x16,
	0x2A, 0x1E, 0x19, 0x20, 0x11, 0x70, 0x00, 0x01, 0x00, 0x10, 0xFF, 0x24,
	0x00, 0xE3, 0x00, 0x19, 0x00, 0x16, 0x00, 0x00, 0x57, 0x06, 0x06, 0x23,
	0x22, 0x26, 0x35, 0x34, 0x36, 0x36, 0x37, 0x27, 0x0E, 0x02, 0x15, 0x14,
	0x16, 0x16, 0x33, 0x32, 0x36, 0x37, 0xC2, 0x0A, 0x14, 0x14, 0x16, 0x1A,
	0x19, 0x2A, 0x1A, 0x29, 0x23, 0x3C, 0x25, 0x1B, 0x36, 0x2A, 0x20, 0x2D,
	0x0B, 0x82, 0x0A, 0x0A, 0x17, 0x1B, 0x13, 0x25, 0x21, 0x0B, 0x19, 0x12,
	0x2D, 0x34, 0x1E, 0x1D, 0x2E, 0x19, 0x19, 0x0F, 0x00, 0x03, 0x00, 0x28,
	0xFF, 0xF6, 0x02, 0xF8, 0x02, 0xC6, 0x00, 0x1D, 0x00, 0x31, 0x00, 0x45,
	0x00, 0x00, 0x53, 0x34, 0x36, 0x36, 0x33, 0x32, 0x16, 0x17, 0x35, 0x26,
	0x26, 0x23, 0x22, 0x06, 0x06, 0x15, 0x14, 0x16, 0x16, 0x33, 0x32, 0x36,
	0x37, 0x35, 0x06, 0x06, 0x23, 0x22, 0x26, 0x26, 0x27, 0x34, 0x3E, 0x02,
	0x33, 0x32, 0x1E, 0x02, 0x15, 0x14, 0x0E, 0x02, 0x23, 0x22, 0x2E, 0x02,
	0x27, 0x14, 0x1E, 0x02, 0x33, 0x32, 0x3E, 0x02, 0x35, 0x34, 0x2E, 0x02,
	0x23, 0x22, 0x0E, 0x02, 0xEF, 0x29, 0x47, 0x2C, 0x2C, 0x45, 0x16, 0x1A,
	0x3F, 0x2E, 0x3A, 0x5F, 0x39, 0x39, 0x5F, 0x3A, 0x2E, 0x3F, 0x1A, 0x16,
	0x45, 0x2C, 0x2C, 0x47, 0x29, 0x90, 0x2E, 0x53, 0x6F, 0x41, 0x41, 0x6F,
	0x53, 0x2E, 0x2E, 0x53, 0x6F, 0x41, 0x41, 0x6F, 0x53, 0x2E, 0x37, 0x37,
	0x61, 0x84, 0x4C, 0x4D, 0x83, 0x61, 0x37, 0x37, 0x61, 0x83, 0x4D, 0x4C,
	0x84, 0x61, 0x37, 0x01, 0x5E, 0x31, 0x4A, 0x2A, 0x22, 0x1C, 0x43, 0x17,
	0x17, 0x38, 0x61, 0x3F, 0x3E, 0x62, 0x38, 0x17, 0x17, 0x43, 0x1C, 0x22,
	0x2A, 0x4A, 0x31, 0x43, 0x71, 0x54, 0x2E, 0x2E, 0x54, 0x71, 0x43, 0x43,
	0x71, 0x54, 0x2E, 0x2E, 0x54, 0x71, 0x43, 0x4E, 0x84, 0x61, 0x35, 0x35,
	0x61, 0x84, 0x4E, 0x4E, 0x84, 0x61, 0x35, 0x35, 0x61, 0x84, 0x00, 0x05,
	0x00, 0x28, 0xFF, 0xF6, 0x02, 0xF8, 0x02, 0xC6, 0x00, 0x03, 0x00, 0x07,
	0x00, 0x19, 0x00, 0x2D, 0x00, 0x41, 0x00, 0x00, 0x41, 0x17, 0x33, 0x27,
	0x27, 0x11, 0x33, 0x11, 0x07, 0x33, 0x32, 0x16, 0x15, 0x14, 0x06, 0x23,
	0x23, 0x15, 0x33, 0x32, 0x36, 0x35, 0x34, 0x26, 0x23, 0x23, 0x07, 0x34,
	0x3E, 0x02, 0x33, 0x32, 0x1E, 0x02, 0x15, 0x14, 0x0E, 0x02, 0x23, 0x22,
	0x2E, 0x02, 0x27, 0x14, 0x1E, 0x02, 0x33, 0x32, 0x3E, 0x02, 0x35, 0x34,
	0x2E, 0x02, 0x23, 0x22, 0x0E, 0x02, 0x01, 0x5D, 0x90, 0x3F, 0x96, 0x84,
	0x33, 0x17, 0x56, 0x29, 0x33, 0x33, 0x29, 0x56, 0x56, 0x3D, 0x52, 0x52,
	0x3D, 0x56, 0xCF, 0x2E, 0x53, 0x6F, 0x41, 0x41, 0x6F, 0x53, 0x2E, 0x2E,
	0x53, 0x6F, 0x41, 0x41, 0x6F, 0x53, 0x2E, 0x37, 0x37, 0x61, 0x84, 0x4C,
	0x4D, 0x83, 0x61, 0x37, 0x37, 0x61, 0x83, 0x4D, 0x4C, 0x84, 0x61, 0x37,
	0x01, 0x65, 0xCF, 0xCF, 0xD5, 0xFE, 0x5C, 0x01, 0xA4, 0x2D, 0x2A, 0x27,
	0x27, 0x2A, 0x2D, 0x44, 0x3A, 0x3A, 0x44, 0xDC, 0x43, 0x71, 0x54, 0x2E,
	0x2E, 0x54, 0x71, 0x43, 0x43, 0x71, 0x54, 0x2E, 0x2E, 0x54, 0x71, 0x43,
	0x4E, 0x84, 0x61, 0x35, 0x35, 0x61, 0x84, 0x4E, 0x4E, 0x84, 0x61, 0x35,
	0x35, 0x61, 0x84, 0x00, 0x00, 0x04, 0x00, 0x20, 0x01, 0x5E, 0x02, 0x78,
	0x02, 0xCD, 0x00, 0x07, 0x00, 0x0B, 0x00, 0x0F, 0x00, 0x15, 0x00, 0x00,
	0x53, 0x33, 0x11, 0x33, 0x11, 0x33, 0x35, 0x23, 0x05, 0x17, 0x33, 0x03,
	0x21, 0x03, 0x33, 0x37, 0x37, 0x07, 0x27, 0x15, 0x17, 0x37, 0x20, 0x5A,
	0x2B, 0x5A, 0xDF, 0x02, 0x12, 0x1C, 0x2A, 0x2A, 0xFE, 0xE8, 0x2A, 0x2A,
	0x1C, 0xFC, 0x8C, 0x8C, 0x8C, 0x8C, 0x02, 0x94, 0xFE, 0xCA, 0x01, 0x36,
	0x28, 0x62, 0xFC, 0x01, 0x6F, 0xFE, 0x91, 0xFC, 0x73, 0xFD, 0xFD, 0x55,
	0xFA, 0xFA, 0x00, 0x02, 0x00, 0x14, 0x01, 0xE0, 0x01, 0x02, 0x02, 0xD0,
	0x00, 0x0B, 0x00, 0x17, 0x00, 0x00, 0x53, 0x14, 0x16, 0x33, 0x32, 0x36,
	0x35, 0x34, 0x26, 0x23, 0x22, 0x06, 0x17, 0x34, 0x36, 0x33, 0x32, 0x16,
	0x15, 0x14, 0x06, 0x23, 0x22, 0x26, 0x14, 0x44, 0x33, 0x33, 0x44, 0x44,
	0x33, 0x33, 0x44, 0x28, 0x2D, 0x22, 0x22, 0x2D, 0x2D, 0x22, 0x22, 0x2D,
	0x02, 0x58, 0x34, 0x44, 0x44, 0x34, 0x35, 0x43, 0x43, 0x35, 0x24, 0x2E,
	0x2E, 0x24, 0x24, 0x2E, 0x2E, 0x00, 0x00, 0x02, 0x00, 0x64, 0x00, 0x0F,
	0x01, 0xF4, 0x02, 0xB8, 0x00, 0x03, 0x00, 0x07, 0x00, 0x00, 0x65, 0x03,
	0x13, 0x13, 0x07, 0x37, 0x27, 0x07, 0x01, 0x32, 0xCE, 0xCE, 0xC2, 0xC5,
	0x6A, 0x6A, 0x70, 0x0F, 0x01, 0x55, 0x01, 0x54, 0xFE, 0xAC, 0xB8, 0xB8,
	0xB8, 0xB8, 0x00, 0x01, 0x00, 0x05, 0x00, 0xC8, 0x00, 0xCD, 0x01, 0x13,
	0x00, 0x03, 0x00, 0x00, 0x77, 0x33, 0x35, 0x23, 0x05, 0xC8, 0xC8, 0xC8,
	0x4B, 0x00, 0x00, 0x03, 0x00, 0x23, 0xFF, 0xF6, 0x01, 0xF4, 0x01, 0xD6,
	0x00, 0x03, 0x00, 0x13, 0x00, 0x23, 0x00, 0x00, 0x41, 0x11, 0x33, 0x11,
	0x05, 0x14, 0x16, 0x16, 0x33, 0x32, 0x36, 0x36, 0x35, 0x34, 0x26, 0x26,
	0x23, 0x22, 0x06, 0x06, 0x17, 0x34, 0x36, 0x36, 0x33, 0x32, 0x16, 0x16,
	0x15, 0x14, 0x06, 0x06, 0x23, 0x22, 0x26, 0x26, 0x01, 0xA9, 0x4B, 0xFE,
	0x2F, 0x3E, 0x68, 0x3E, 0x3A, 0x56, 0x31, 0x31, 0x56, 0x3A, 0x3E, 0x68,
	0x3E, 0x51, 0x2B, 0x48, 0x2A, 0x23, 0x44, 0x2C, 0x2C, 0x44, 0x23, 0x2A,
	0x48, 0x2B, 0x01, 0xCC, 0xFE, 0x34, 0x01, 0xCC, 0xE6, 0x4A, 0x6C, 0x3A,
	0x3A, 0x6C, 0x4A, 0x4B, 0x6B, 0x3A, 0x3A, 0x6B, 0x4B, 0x35, 0x4A, 0x26,
	0x26, 0x4A, 0x35, 0x35, 0x4A, 0x26, 0x26, 0x4A, 0x00, 0x04, 0x00, 0x23,
	0xFF, 0xF6, 0x01, 0xF4, 0x02, 0xD0, 0x00, 0x03, 0x00, 0x13, 0x00, 0x23,
	0x00, 0x27, 0x00, 0x00, 0x41, 0x11, 0x33, 0x11, 0x05, 0x14, 0x16, 0x16,
	0x33, 0x32, 0x36, 0x36, 0x35, 0x34, 0x26, 0x26, 0x23, 0x22, 0x06, 0x06,
	0x17, 0x34, 0x36, 0x36, 0x33, 0x32, 0x16, 0x16, 0x15, 0x14, 0x06, 0x06,
	0x23, 0x22, 0x26, 0x26, 0x03, 0x17, 0x37, 0x27, 0x01, 0xA9, 0x4B, 0xFE,
	0x2F, 0x3E, 0x68, 0x3E, 0x3A, 0x56, 0x31, 0x31, 0x56, 0x3A, 0x3E, 0x68,
	0x3E, 0x51, 0x2B, 0x48, 0x2A, 0x23, 0x44, 0x2C, 0x2C, 0x44, 0x23, 0x2A,
	0x48, 0x2B, 0x03, 0xB4, 0x2D, 0x96, 0x01, 0xCC, 0xFE, 0x34, 0x01, 0xCC,
	0xE6, 0x4A, 0x6C, 0x3A, 0x3A, 0x6C, 0x4A, 0x4B, 0x6B, 0x3A, 0x3A, 0x6B,
	0x4B, 0x35, 0x4A, 0x26, 0x26, 0x4A, 0x35, 0x35, 0x4A, 0x26, 0x26, 0x4A,
	0x01, 0xF7, 0x96, 0x1E, 0xA0, 0x00, 0x00, 0x04, 0x00, 0x23, 0xFF, 0xF6,
	0x01, 0xF4, 0x02, 0xD0, 0x00, 0x03, 0x00, 0x13, 0x00, 0x23, 0x00, 0x27,
	0x00, 0x00, 0x41, 0x11, 0x33, 0x11, 0x05, 0x14, 0x16, 0x16, 0x33, 0x32,
	0x36, 0x36, 0x35, 0x34, 0x26, 0x26, 0x23, 0x22, 0x06, 0x06, 0x17, 0x34,
	0x36, 0x36, 0x33, 0x32, 0x16, 0x16, 0x15, 0x14, 0x06, 0x06, 0x23, 0x22,
	0x26, 0x26, 0x01, 0x27, 0x07, 0x17, 0x01, 0xA9, 0x4B, 0xFE, 0x2F, 0x3E,
	0x68, 0x3E, 0x3A, 0x56, 0x31, 0x31, 0x56, 0x3A, 0x3E, 0x68, 0x3E, 0x51,
	0x2B, 0x48, 0x2A, 0x23, 0x44, 0x2C, 0x2C, 0x44, 0x23, 0x2A, 0x48, 0x2B,
	0x01, 0x15, 0x4B, 0x96, 0x2D, 0x01, 0xCC, 0xFE, 0x34, 0x01, 0xCC, 0xE6,
	0x4A, 0x6C, 0x3A, 0x3A, 0x6C, 0x4A, 0x4B, 0x6B, 0x3A, 0x3A, 0x6B, 0x4B,
	0x35, 0x4A, 0x26, 0x26, 0x4A, 0x35, 0x35, 0x4A, 0x26, 0x26, 0x4A, 0x01,
	0xF7, 0x28, 0xA0, 0x1E, 0x00, 0x04, 0x00, 0x23, 0xFF, 0xF6, 0x01, 0xF4,
	0x02, 0xC6, 0x00, 0x03, 0x00, 0x13, 0x00, 0x23, 0x00, 0x29, 0x00, 0x00,
	0x41, 0x11, 0x33, 0x11, 0x05, 0x14, 0x16, 0x16, 0x33, 0x32, 0x36, 0x36,
	0x35, 0x34, 0x26, 0x26, 0x23, 0x22, 0x06, 0x06, 0x17, 0x34, 0x36, 0x36,
	0x33, 0x32, 0x16, 0x16, 0x15, 0x14, 0x06, 0x06, 0x23, 0x22, 0x26, 0x26,
	0x13, 0x17, 0x37, 0x27, 0x07, 0x17, 0x01, 0xA9, 0x4B, 0xFE, 0x2F, 0x3E,
	0x68, 0x3E, 0x3A, 0x56, 0x31, 0x31, 0x56, 0x3A, 0x3E, 0x68, 0x3E, 0x51,
	0x2B, 0x48, 0x2A, 0x23, 0x44, 0x2C, 0x2C, 0x44, 0x23, 0x2A, 0x48, 0x2B,
	0xA7, 0x6E, 0x32, 0xA0, 0xA0, 0x32, 0x01, 0xCC, 0xFE, 0x34, 0x01, 0xCC,
	0xE6, 0x4A, 0x6C, 0x3A, 0x3A, 0x6C, 0x4A, 0x4B, 0x6B, 0x3A, 0x3A, 0x6B,
	0x4B, 0x35, 0x4A, 0x26, 0x26, 0x4A, 0x35, 0x35, 0x4A, 0x26, 0x26, 0x4A,
	0x01, 0xC0, 0x5F, 0x28, 0x8C, 0x8C, 0x28, 0x00, 0x00, 0x04, 0x00, 0x23,
	0xFF, 0xF6, 0x01, 0xF4, 0x02, 0x8A, 0x00, 0x03, 0x00, 0x13, 0x00, 0x23,
	0x00, 0x3D, 0x00, 0x00, 0x41, 0x11, 0x33, 0x11, 0x05, 0x14, 0x16, 0x16,
	0x33, 0x32, 0x36, 0x36, 0x35, 0x34, 0x26, 0x26, 0x23, 0x22, 0x06, 0x06,
	0x17, 0x34, 0x36, 0x36, 0x33, 0x32, 0x16, 0x16, 0x15, 0x14, 0x06, 0x06,
	0x23, 0x22, 0x26, 0x26, 0x13, 0x17, 0x34, 0x36, 0x36, 0x33, 0x32, 0x16,
	0x16, 0x33, 0x32, 0x36, 0x36, 0x37, 0x27, 0x06, 0x06, 0x23, 0x22, 0x2E,
	0x02, 0x23, 0x22, 0x06, 0x06, 0x01, 0xA9, 0x4B, 0xFE, 0x2F, 0x3E, 0x68,
	0x3E, 0x3A, 0x56, 0x31, 0x31, 0x56, 0x3A, 0x3E, 0x68, 0x3E, 0x51, 0x2B,
	0x48, 0x2A, 0x23, 0x44, 0x2C, 0x2C, 0x44, 0x23, 0x2A, 0x48, 0x2B, 0x02,
	0x35, 0x08, 0x16, 0x14, 0x17, 0x21, 0x26, 0x1B, 0x19, 0x2A, 0x1F, 0x08,
	0x2E, 0x0F, 0x1B, 0x0E, 0x14, 0x1A, 0x17, 0x1F, 0x18, 0x16, 0x2D, 0x20,
	0x01, 0xCC, 0xFE, 0x34, 0x01, 0xCC, 0xE6, 0x4A, 0x6C, 0x3A, 0x3A, 0x6C,
	0x4A, 0x4B, 0x6B, 0x3A, 0x3A, 0x6B, 0x4B, 0x35, 0x4A, 0x26, 0x26, 0x4A,
	0x35, 0x35, 0x4A, 0x26, 0x26, 0x4A, 0x01, 0x86, 0x25, 0x08, 0x18, 0x13,
	0x17, 0x18, 0x15, 0x22, 0x12, 0x2B, 0x18, 0x18, 0x0E, 0x13, 0x0E, 0x15,
	0x24, 0x00, 0x00, 0x05, 0x00, 0x23, 0xFF, 0xF6, 0x01, 0xF4, 0x02, 0x80,
	0x00, 0x03, 0x00, 0x13, 0x00, 0x23, 0x00, 0x2F, 0x00, 0x3B, 0x00, 0x00,
	0x41, 0x11, 0x33, 0x11, 0x05, 0x14, 0x16, 0x16, 0x33, 0x32, 0x36, 0x36,
	0x35, 0x34, 0x26, 0x26, 0x23, 0x22, 0x06, 0x06, 0x17, 0x34, 0x36, 0x36,
	0x33, 0x32, 0x16, 0x16, 0x15, 0x14, 0x06, 0x06, 0x23, 0x22, 0x26, 0x26,
	0x13, 0x14, 0x16, 0x33, 0x32, 0x36, 0x35, 0x34, 0x26, 0x23, 0x22, 0x06,
	0x07, 0x14, 0x16, 0x33, 0x32, 0x36, 0x35, 0x34, 0x26, 0x23, 0x22, 0x06,
	0x01, 0xA9, 0x4B, 0xFE, 0x2F, 0x3E, 0x68, 0x3E, 0x3A, 0x56, 0x31, 0x31,
	0x56, 0x3A, 0x3E, 0x68, 0x3E, 0x51, 0x2B, 0x48, 0x2A, 0x23, 0x44, 0x2C,
	0x2C, 0x44, 0x23, 0x2A, 0x48, 0x2B, 0xD4, 0x21, 0x16, 0x17, 0x20, 0x20,
	0x17, 0x16, 0x21, 0xC8, 0x21, 0x16, 0x17, 0x20, 0x20, 0x17, 0x16, 0x21,
	0x01, 0xCC, 0xFE, 0x34, 0x01, 0xCC, 0xE6, 0x4A, 0x6C, 0x3A, 0x3A, 0x6C,
	0x4A, 0x4B, 0x6B, 0x3A, 0x3A, 0x6B, 0x4B, 0x35, 0x4A, 0x26, 0x26, 0x4A,
	0x35, 0x35, 0x4A, 0x26, 0x26, 0x4A, 0x01, 0x98, 0x16, 0x21, 0x21, 0x16,
	0x17, 0x20, 0x20, 0x17, 0x16, 0x21, 0x21, 0x16, 0x17, 0x20, 0x20, 0x00,
	0x00, 0x05, 0x00, 0x23, 0xFF, 0xF6, 0x01, 0xF4, 0x02, 0xDA, 0x00, 0x03,
	0x00, 0x13, 0x00, 0x23, 0x00, 0x2F, 0x00, 0x3B, 0x00, 0x00, 0x41, 0x11,
	0x33, 0x11, 0x05, 0x14, 0x16, 0x16, 0x33, 0x32, 0x36, 0x36, 0x35, 0x34,
	0x26, 0x26, 0x23, 0x22, 0x06, 0x06, 0x17, 0x34, 0x36, 0x36, 0x33, 0x32,
	0x16, 0x16, 0x15, 0x14, 0x06, 0x06, 0x23, 0x22, 0x26, 0x26, 0x13, 0x14,
	0x16, 0x33, 0x32, 0x36, 0x35, 0x34, 0x26, 0x23, 0x22, 0x06, 0x17, 0x34,
	0x36, 0x33, 0x32, 0x16, 0x15, 0x14, 0x06, 0x23, 0x22, 0x26, 0x01, 0xA9,
	0x4B, 0xFE, 0x2F, 0x3E, 0x68, 0x3E, 0x3A, 0x56, 0x31, 0x31, 0x56, 0x3A,
	0x3E, 0x68, 0x3E, 0x51, 0x2B, 0x48, 0x2A, 0x23, 0x44, 0x2C, 0x2C, 0x44,
	0x23, 0x2A, 0x48, 0x2B, 0x41, 0x3F, 0x27, 0x27, 0x3F, 0x3F, 0x27, 0x27,
	0x3F, 0x33, 0x20, 0x13, 0x13, 0x20, 0x20, 0x13, 0x13, 0x20, 0x01, 0xCC,
	0xFE, 0x34, 0x01, 0xCC, 0xE6, 0x4A, 0x6C, 0x3A, 0x3A, 0x6C, 0x4A, 0x4B,
	0x6B, 0x3A, 0x3A, 0x6B, 0x4B, 0x35, 0x4A, 0x26, 0x26, 0x4A, 0x35, 0x35,
	0x4A, 0x26, 0x26, 0x4A, 0x01, 0xC5, 0x2D, 0x37, 0x37, 0x2D, 0x2D, 0x37,
	0x37, 0x2D, 0x19, 0x1C, 0x1C, 0x19, 0x19, 0x1C, 0x1C, 0x00, 0x00, 0x04,
	0x00, 0x23, 0xFF, 0xF6, 0x01, 0xF4, 0x02, 0x5D, 0x00, 0x03, 0x00, 0x13,
	0x00, 0x23, 0x00, 0x27, 0x00, 0x00, 0x41, 0x11, 0x33, 0x11, 0x05, 0x14,
	0x16, 0x16, 0x33, 0x32, 0x36, 0x36, 0x35, 0x34, 0x26, 0x26, 0x23, 0x22,
	0x06, 0x06, 0x17, 0x34, 0x36, 0x36, 0x33, 0x32, 0x16, 0x16, 0x15, 0x14,
	0x06, 0x06, 0x23, 0x22, 0x26, 0x26, 0x03, 0x21, 0x35, 0x21, 0x01, 0xA9,
	0x4B, 0xFE, 0x2F, 0x3E, 0x68, 0x3E, 0x3A, 0x56, 0x31, 0x31, 0x56, 0x3A,
	0x3E, 0x68, 0x3E, 0x51, 0x2B, 0x48, 0x2A, 0x23, 0x44, 0x2C, 0x2C, 0x44,
	0x23, 0x2A, 0x48, 0x2B, 0x12, 0x01, 0x5E, 0xFE, 0xA2, 0x01, 0xCC, 0xFE,
	0x34, 0x01, 0xCC, 0xE6, 0x4A, 0x6C, 0x3A, 0x3A, 0x6C, 0x4A, 0x4B, 0x6B,
	0x3A, 0x3A, 0x6B, 0x4B, 0x35, 0x4A, 0x26, 0x26, 0x4A, 0x35, 0x35, 0x4A,
	0x26, 0x26, 0x4A, 0x01, 0x61, 0x4B, 0x00, 0x04, 0x00, 0x23, 0xFF, 0xF6,
	0x01, 0xF4, 0x02, 0x9E, 0x00, 0x03, 0x00, 0x13, 0x00, 0x23, 0x00, 0x35,
	0x00, 0x00, 0x41, 0x11, 0x33, 0x11, 0x05, 0x14, 0x16, 0x16, 0x33, 0x32,
	0x36, 0x36, 0x35, 0x34, 0x26, 0x26, 0x23, 0x22, 0x06, 0x06, 0x17, 0x34,
	0x36, 0x36, 0x33, 0x32, 0x16, 0x16, 0x15, 0x14, 0x06, 0x06, 0x23, 0x22,
	0x26, 0x26, 0x03, 0x14, 0x16, 0x16, 0x33, 0x32, 0x36, 0x36, 0x35, 0x23,
	0x14, 0x06, 0x06, 0x23, 0x22, 0x26, 0x26, 0x35, 0x01, 0xA9, 0x4B, 0xFE,
	0x2F, 0x3E, 0x68, 0x3E, 0x3A, 0x56, 0x31, 0x31, 0x56, 0x3A, 0x3E, 0x68,
	0x3E, 0x51, 0x2B, 0x48, 0x2A, 0x23, 0x44, 0x2C, 0x2C, 0x44, 0x23, 0x2A,
	0x48, 0x2B, 0x0B, 0x23, 0x47, 0x34, 0x35, 0x46, 0x23, 0x47, 0x0E, 0x26,
	0x23, 0x23, 0x26, 0x0E, 0x01, 0xCC, 0xFE, 0x34, 0x01, 0xCC, 0xE6, 0x4A,
	0x6C, 0x3A, 0x3A, 0x6C, 0x4A, 0x4B, 0x6B, 0x3A, 0x3A, 0x6B, 0x4B, 0x35,
	0x4A, 0x26, 0x26, 0x4A, 0x35, 0x35, 0x4A, 0x26, 0x26, 0x4A, 0x01, 0xED,
	0x22, 0x41, 0x29, 0x29, 0x41, 0x22, 0x0D, 0x23, 0x1B, 0x1B, 0x23, 0x0D,
	0x00, 0x04, 0x00, 0x23, 0xFF, 0x24, 0x02, 0x1A, 0x01, 0xD6, 0x00, 0x03,
	0x00, 0x13, 0x00, 0x23, 0x00, 0x3A, 0x00, 0x00, 0x41, 0x11, 0x33, 0x11,
	0x05, 0x14, 0x16, 0x16, 0x33, 0x32, 0x36, 0x36, 0x35, 0x34, 0x26, 0x26,
	0x23, 0x22, 0x06, 0x06, 0x17, 0x34, 0x36, 0x36, 0x33, 0x32, 0x16, 0x16,
	0x15, 0x14, 0x06, 0x06, 0x23, 0x22, 0x26, 0x26, 0x01, 0x06, 0x06, 0x23,
	0x22, 0x26, 0x35, 0x34, 0x36, 0x36, 0x37, 0x27, 0x0E, 0x02, 0x15, 0x14,
	0x16, 0x16, 0x33, 0x32, 0x36, 0x37, 0x01, 0xA9, 0x4B, 0xFE, 0x2F, 0x3E,
	0x68, 0x3E, 0x3A, 0x56, 0x31, 0x31, 0x56, 0x3A, 0x3E, 0x68, 0x3E, 0x51,
	0x2B, 0x48, 0x2A, 0x23, 0x44, 0x2C, 0x2C, 0x44, 0x23, 0x2A, 0x48, 0x2B,
	0x01, 0x85, 0x0A, 0x14, 0x14, 0x16, 0x1A, 0x19, 0x2A, 0x1A, 0x29, 0x23,
	0x3C, 0x25, 0x1B, 0x36, 0x2A, 0x20, 0x2D, 0x0B, 0x01, 0xCC, 0xFE, 0x34,
	0x01, 0xCC, 0xE6, 0x4A, 0x6C, 0x3A, 0x3A, 0x6C, 0x4A, 0x4B, 0x6B, 0x3A,
	0x3A, 0x6B, 0x4B, 0x35, 0x4A, 0x26, 0x26, 0x4A, 0x35, 0x35, 0x4A, 0x26,
	0x26, 0x4A, 0xFE, 0xCD, 0x0A, 0x0A, 0x17, 0x1B, 0x13, 0x25, 0x21, 0x0B,
	0x19, 0x12, 0x2D, 0x34, 0x1E, 0x1D, 0x2E, 0x19, 0x19, 0x0F, 0x00, 0x00
};
