/* D:\Desktop\standoff-2 weapon font left.ttf (02.07.2025 1:22:18)
   StartOffset(h): 00000000, EndOffset(h): 00008F3F, Довжина(h): 00008F40 */

unsigned char so2_weapon_font_left[36672] = {
	0x00, 0x01, 0x00, 0x00, 0x00, 0x0B, 0x00, 0x80, 0x00, 0x03, 0x00, 0x30,
	0x4F, 0x53, 0x2F, 0x32, 0x12, 0xD1, 0x11, 0x66, 0x00, 0x00, 0x00, 0xBC,
	0x00, 0x00, 0x00, 0x60, 0x63, 0x6D, 0x61, 0x70, 0x01, 0xA5, 0x02, 0xCF,
	0x00, 0x00, 0x01, 0x1C, 0x00, 0x00, 0x00, 0x84, 0x67, 0x61, 0x73, 0x70,
	0x00, 0x00, 0x00, 0x10, 0x00, 0x00, 0x01, 0xA0, 0x00, 0x00, 0x00, 0x08,
	0x67, 0x6C, 0x79, 0x66, 0x5B, 0x95, 0x97, 0x52, 0x00, 0x00, 0x01, 0xA8,
	0x00, 0x00, 0x8A, 0x2C, 0x68, 0x65, 0x61, 0x64, 0x34, 0xB3, 0x47, 0xD9,
	0x00, 0x00, 0x8B, 0xD4, 0x00, 0x00, 0x00, 0x36, 0x68, 0x68, 0x65, 0x61,
	0x10, 0x42, 0x0C, 0x77, 0x00, 0x00, 0x8C, 0x0C, 0x00, 0x00, 0x00, 0x24,
	0x68, 0x6D, 0x74, 0x78, 0x8F, 0x0E, 0x00, 0x00, 0x00, 0x00, 0x8C, 0x30,
	0x00, 0x00, 0x00, 0xD8, 0x6C, 0x6F, 0x63, 0x61, 0x65, 0xC1, 0x43, 0x5A,
	0x00, 0x00, 0x8D, 0x08, 0x00, 0x00, 0x00, 0x6E, 0x6D, 0x61, 0x78, 0x70,
	0x00, 0x46, 0x07, 0x24, 0x00, 0x00, 0x8D, 0x78, 0x00, 0x00, 0x00, 0x20,
	0x6E, 0x61, 0x6D, 0x65, 0x99, 0x4A, 0x09, 0xFB, 0x00, 0x00, 0x8D, 0x98,
	0x00, 0x00, 0x01, 0x86, 0x70, 0x6F, 0x73, 0x74, 0x00, 0x03, 0x00, 0x00,
	0x00, 0x00, 0x8F, 0x20, 0x00, 0x00, 0x00, 0x20, 0x00, 0x03, 0x07, 0xBF,
	0x01, 0x90, 0x00, 0x05, 0x00, 0x00, 0x02, 0x99, 0x02, 0xCC, 0x00, 0x00,
	0x00, 0x8F, 0x02, 0x99, 0x02, 0xCC, 0x00, 0x00, 0x01, 0xEB, 0x00, 0x33,
	0x01, 0x09, 0x00, 0x00, 0x00, 0x00, 0x00, 0x00, 0x00, 0x00, 0x00, 0x00,
	0x00, 0x00, 0x00, 0x00, 0x00, 0x01, 0x00, 0x00, 0x00, 0x00, 0x00, 0x00,
	0x00, 0x00, 0x00, 0x00, 0x00, 0x00, 0x00, 0x00, 0x00, 0x00, 0x00, 0x40,
	0x00, 0x00, 0x00, 0x7D, 0x03, 0xC0, 0xFF, 0xC0, 0x00, 0x40, 0x03, 0xC0,
	0x00, 0x40, 0x00, 0x00, 0x00, 0x01, 0x00, 0x00, 0x00, 0x00, 0x00, 0x00,
	0x03, 0xC0, 0x00, 0x00, 0x00, 0x20, 0x00, 0x00, 0x00, 0x00, 0x00, 0x03,
	0x00, 0x00, 0x00, 0x03, 0x00, 0x00, 0x00, 0x1C, 0x00, 0x01, 0x00, 0x03,
	0x00, 0x00, 0x00, 0x1C, 0x00, 0x03, 0x00, 0x01, 0x00, 0x00, 0x00, 0x1C,
	0x00, 0x04, 0x00, 0x68, 0x00, 0x00, 0x00, 0x16, 0x00, 0x10, 0x00, 0x03,
	0x00, 0x06, 0x00, 0x01, 0x00, 0x20, 0x00, 0x28, 0x00, 0x39, 0x00, 0x5B,
	0x00, 0x5D, 0x00, 0x69, 0x00, 0x7B, 0x00, 0x7D, 0xFF, 0xFD, 0xFF, 0xFF,
	0x00, 0x00, 0x00, 0x00, 0x00, 0x20, 0x00, 0x28, 0x00, 0x30, 0x00, 0x41,
	0x00, 0x5D, 0x00, 0x61, 0x00, 0x7B, 0x00, 0x7D, 0xFF, 0xFD, 0xFF, 0xFF,
	0x00, 0x01, 0xFF, 0xE3, 0xFF, 0xDC, 0xFF, 0xD5, 0xFF, 0xCE, 0xFF, 0xCD,
	0xFF, 0xCA, 0xFF, 0xB9, 0xFF, 0xB8, 0x00, 0x03, 0x00, 0x01, 0x00, 0x00,
	0x00, 0x00, 0x00, 0x00, 0x00, 0x00, 0x00, 0x00, 0x00, 0x00, 0x00, 0x00,
	0x00, 0x00, 0x00, 0x00, 0x00, 0x00, 0x00, 0x00, 0x00, 0x01, 0x00, 0x01,
	0xFF, 0xFF, 0x00, 0x0F, 0x00, 0x01, 0x00, 0x00, 0xFF, 0xC0, 0x00, 0x00,
	0x03, 0xC0, 0x00, 0x02, 0x00, 0x00, 0x37, 0x39, 0x01, 0x00, 0x00, 0x00,
	0x00, 0x01, 0x00, 0x00, 0xFF, 0xC0, 0x00, 0x00, 0x03, 0xC0, 0x00, 0x02,
	0x00, 0x00, 0x37, 0x39, 0x01, 0x00, 0x00, 0x00, 0x00, 0x01, 0x00, 0x00,
	0xFF, 0xC0, 0x00, 0x00, 0x03, 0xC0, 0x00, 0x02, 0x00, 0x00, 0x37, 0x39,
	0x01, 0x00, 0x00, 0x00, 0x00, 0x01, 0x00, 0x00, 0xFF, 0xC0, 0x08, 0x7F,
	0x03, 0xC0, 0x00, 0x4B, 0x00, 0x00, 0x01, 0x2E, 0x01, 0x07, 0x0E, 0x01,
	0x25, 0x26, 0x27, 0x2E, 0x01, 0x27, 0x26, 0x27, 0x26, 0x27, 0x2E, 0x01,
	0x27, 0x26, 0x27, 0x26, 0x37, 0x3E, 0x01, 0x37, 0x36, 0x37, 0x36, 0x37,
	0x3E, 0x01, 0x37, 0x36, 0x37, 0x24, 0x16, 0x17, 0x16, 0x36, 0x37, 0x3E,
	0x01, 0x17, 0x1E, 0x01, 0x33, 0x14, 0x16, 0x17, 0x1E, 0x01, 0x17, 0x16,
	0x32, 0x3F, 0x01, 0x17, 0x16, 0x06, 0x07, 0x06, 0x26, 0x27, 0x2E, 0x01,
	0x07, 0x0E, 0x01, 0x27, 0x26, 0x06, 0x07, 0x06, 0x26, 0x27, 0x05, 0x1A,
	0x0E, 0x31, 0x17, 0x0E, 0x62, 0xFE, 0xFA, 0x68, 0x4B, 0x4A, 0x70, 0x2A,
	0x2A, 0x27, 0x3E, 0x3F, 0x3E, 0x65, 0x21, 0x21, 0x04, 0x03, 0x16, 0x16,
	0x50, 0x38, 0x37, 0x41, 0x29, 0x27, 0x26, 0x6F, 0x51, 0x52, 0x7F, 0x01,
	0x02, 0x8B, 0x0B, 0x16, 0x31, 0x10, 0x0C, 0x12, 0x13, 0x0D, 0x12, 0x01,
	0x0A, 0x05, 0x0B, 0x51, 0xB9, 0xE6, 0x97, 0x35, 0x35, 0x04, 0x02, 0x06,
	0x07, 0x07, 0x30, 0x1C, 0x29, 0x46, 0x3F, 0x31, 0x9B, 0x52, 0x8F, 0x33,
	0x28, 0x16, 0x2D, 0x0E, 0x01, 0x3E, 0x28, 0x0A, 0x20, 0x15, 0x05, 0x05,
	0x02, 0x03, 0x02, 0x08, 0x05, 0x06, 0x07, 0x0C, 0x0F, 0x0E, 0x1C, 0x0B,
	0x0B, 0x05, 0x05, 0x0A, 0x0A, 0x1A, 0x0E, 0x0F, 0x0E, 0x09, 0x06, 0x06,
	0x07, 0x02, 0x02, 0x02, 0x04, 0x05, 0x0E, 0x1B, 0x0F, 0x26, 0x1F, 0x0D,
	0x06, 0x03, 0x07, 0x01, 0x11, 0x0B, 0x12, 0x09, 0x03, 0x03, 0x04, 0x03,
	0x69, 0x33, 0x3A, 0x05, 0x04, 0x05, 0x08, 0x0B, 0x01, 0x09, 0x06, 0x03,
	0x04, 0x07, 0x0C, 0x2F, 0x1A, 0x0E, 0x26, 0x00, 0x00, 0x01, 0x00, 0x00,
	0xFF, 0xC0, 0x08, 0x4D, 0x03, 0xC0, 0x00, 0x3B, 0x00, 0x00, 0x01, 0x27,
	0x25, 0x22, 0x27, 0x2E, 0x01, 0x27, 0x26, 0x27, 0x26, 0x27, 0x2E, 0x01,
	0x27, 0x26, 0x27, 0x26, 0x36, 0x37, 0x36, 0x37, 0x3E, 0x01, 0x37, 0x36,
	0x37, 0x25, 0x35, 0x34, 0x36, 0x33, 0x32, 0x16, 0x0F, 0x01, 0x05, 0x04,
	0x32, 0x3F, 0x01, 0x03, 0x07, 0x06, 0x26, 0x27, 0x26, 0x06, 0x07, 0x0E,
	0x01, 0x0F, 0x01, 0x17, 0x16, 0x06, 0x23, 0x22, 0x26, 0x27, 0x04, 0xE0,
	0x08, 0xFE, 0x39, 0x5E, 0x58, 0x58, 0x8C, 0x30, 0x2F, 0x0D, 0x2A, 0x2D,
	0x2D, 0x4D, 0x1A, 0x1A, 0x05, 0x04, 0x39, 0x8E, 0x29, 0x46, 0x46, 0xAA,
	0x5D, 0x5D, 0x57, 0x01, 0xA8, 0x1F, 0x1A, 0x0F, 0x06, 0x05, 0x08, 0x01,
	0x4B, 0x01, 0x2C, 0x4C, 0x34, 0x39, 0x08, 0x25, 0x10, 0x21, 0x08, 0x0C,
	0x85, 0x51, 0x05, 0x94, 0x62, 0xEE, 0x09, 0x06, 0x08, 0x18, 0x15, 0x11,
	0x05, 0x01, 0x0C, 0x28, 0x01, 0x01, 0x01, 0x03, 0x02, 0x02, 0x02, 0x07,
	0x15, 0x15, 0x38, 0x1F, 0x1F, 0x1C, 0x13, 0x0A, 0x08, 0x02, 0x02, 0x03,
	0x04, 0x02, 0x03, 0x01, 0x07, 0x1E, 0x1B, 0x23, 0x0F, 0x17, 0x27, 0x08,
	0x08, 0x08, 0x08, 0xFE, 0xEC, 0x05, 0x01, 0x06, 0x07, 0x0A, 0x05, 0x0E,
	0x01, 0x02, 0x01, 0x01, 0x28, 0x1B, 0x0D, 0x10, 0x18, 0x00, 0x00, 0x00,
	0x00, 0x01, 0x00, 0x00, 0xFF, 0xC0, 0x08, 0x65, 0x03, 0xC0, 0x00, 0x72,
	0x00, 0x00, 0x25, 0x35, 0x07, 0x06, 0x07, 0x0E, 0x01, 0x23, 0x06, 0x23,
	0x2E, 0x01, 0x27, 0x2E, 0x01, 0x35, 0x34, 0x37, 0x3E, 0x01, 0x37, 0x36,
	0x33, 0x32, 0x16, 0x15, 0x14, 0x32, 0x37, 0x36, 0x32, 0x15, 0x14, 0x32,
	0x37, 0x3E, 0x01, 0x07, 0x06, 0x16, 0x33, 0x32, 0x36, 0x37, 0x3E, 0x01,
	0x33, 0x32, 0x16, 0x07, 0x06, 0x32, 0x37, 0x36, 0x32, 0x07, 0x06, 0x32,
	0x37, 0x36, 0x32, 0x07, 0x06, 0x32, 0x37, 0x3E, 0x01, 0x07, 0x06, 0x16,
	0x37, 0x3E, 0x01, 0x07, 0x06, 0x16, 0x37, 0x3E, 0x01, 0x07, 0x06, 0x32,
	0x37, 0x3E, 0x01, 0x3B, 0x01, 0x35, 0x34, 0x36, 0x33, 0x32, 0x16, 0x1D,
	0x01, 0x25, 0x17, 0x16, 0x06, 0x27, 0x26, 0x27, 0x2E, 0x01, 0x27, 0x22,
	0x0F, 0x01, 0x15, 0x14, 0x06, 0x07, 0x06, 0x26, 0x35, 0x04, 0xEE, 0xB7,
	0x26, 0x39, 0x39, 0x85, 0x46, 0x46, 0x3F, 0xCE, 0x82, 0x3E, 0x42, 0x7F,
	0x49, 0x4A, 0xB7, 0x53, 0x53, 0x13, 0x0E, 0x10, 0x07, 0x11, 0x17, 0x13,
	0x07, 0x11, 0x17, 0x20, 0x08, 0x03, 0x04, 0x07, 0x06, 0x0D, 0x03, 0x04,
	0x0F, 0x07, 0x08, 0x06, 0x03, 0x08, 0x1B, 0x10, 0x10, 0x16, 0x07, 0x07,
	0x1A, 0x10, 0x10, 0x17, 0x08, 0x07, 0x1A, 0x10, 0x0E, 0x1E, 0x0A, 0x0A,
	0x1E, 0x0D, 0x0D, 0x1E, 0x09, 0x0A, 0x1D, 0x0D, 0x0E, 0x1D, 0x09, 0x0C,
	0x22, 0x12, 0x0C, 0x27, 0x1E, 0x3A, 0x07, 0x06, 0x06, 0x07, 0x03, 0x59,
	0x04, 0x04, 0x26, 0x67, 0x25, 0x3D, 0x3C, 0x9C, 0x5C, 0x5D, 0x66, 0x7B,
	0x08, 0x05, 0x06, 0x07, 0xF0, 0x4B, 0x0B, 0x03, 0x02, 0x02, 0x03, 0x01,
	0x01, 0x09, 0x13, 0x15, 0x46, 0x10, 0x04, 0x0F, 0x10, 0x22, 0x0E, 0x0D,
	0x0C, 0x0A, 0x10, 0x10, 0x15, 0x15, 0x10, 0x10, 0x14, 0x02, 0x14, 0x08,
	0x0C, 0x0C, 0x08, 0x08, 0x0C, 0x0B, 0x09, 0x14, 0x14, 0x13, 0x13, 0x14,
	0x14, 0x13, 0x13, 0x14, 0x14, 0x10, 0x07, 0x10, 0x10, 0x07, 0x10, 0x10,
	0x07, 0x10, 0x10, 0x07, 0x10, 0x10, 0x07, 0x10, 0x13, 0x13, 0x0E, 0x0C,
	0x5D, 0x28, 0x35, 0x2F, 0x23, 0x51, 0x0A, 0x6F, 0x6F, 0x28, 0x08, 0x03,
	0x02, 0x02, 0x02, 0x01, 0x01, 0x01, 0x48, 0x1E, 0x2F, 0x03, 0x04, 0x24,
	0x23, 0x00, 0x00, 0x00, 0x00, 0x07, 0x00, 0x00, 0xFF, 0xC0, 0x07, 0x9E,
	0x03, 0xC0, 0x01, 0x8E, 0x01, 0xA4, 0x01, 0xB0, 0x02, 0x0B, 0x02, 0x5D,
	0x02, 0x65, 0x02, 0xB2, 0x00, 0x00, 0x01, 0x22, 0x07, 0x0E, 0x01, 0x07,
	0x06, 0x07, 0x14, 0x16, 0x07, 0x14, 0x06, 0x07, 0x0E, 0x01, 0x07, 0x0E,
	0x01, 0x23, 0x0E, 0x01, 0x07, 0x22, 0x06, 0x07, 0x22, 0x06, 0x23, 0x22,
	0x06, 0x23, 0x22, 0x06, 0x23, 0x22, 0x06, 0x07, 0x22, 0x30, 0x23, 0x38,
	0x01, 0x31, 0x0E, 0x01, 0x07, 0x0E, 0x01, 0x07, 0x06, 0x22, 0x07, 0x2A,
	0x01, 0x23, 0x06, 0x07, 0x0E, 0x01, 0x07, 0x06, 0x07, 0x06, 0x07, 0x0E,
	0x01, 0x07, 0x06, 0x15, 0x14, 0x16, 0x33, 0x32, 0x36, 0x37, 0x36, 0x37,
	0x3E, 0x01, 0x37, 0x36, 0x37, 0x36, 0x37, 0x3E, 0x01, 0x37, 0x32, 0x17,
	0x16, 0x36, 0x37, 0x3E, 0x01, 0x33, 0x32, 0x16, 0x17, 0x1E, 0x01, 0x37,
	0x36, 0x16, 0x17, 0x1E, 0x01, 0x37, 0x36, 0x16, 0x17, 0x14, 0x16, 0x17,
	0x1E, 0x01, 0x33, 0x32, 0x36, 0x37, 0x3E, 0x01, 0x33, 0x32, 0x36, 0x37,
	0x36, 0x26, 0x27, 0x2E, 0x01, 0x27, 0x2E, 0x01, 0x23, 0x22, 0x26, 0x27,
	0x2E, 0x01, 0x07, 0x06, 0x26, 0x35, 0x34, 0x26, 0x27, 0x06, 0x26, 0x27,
	0x22, 0x34, 0x35, 0x2E, 0x01, 0x27, 0x2A, 0x01, 0x23, 0x06, 0x26, 0x27,
	0x2E, 0x01, 0x27, 0x06, 0x26, 0x27, 0x3C, 0x01, 0x35, 0x31, 0x38, 0x01,
	0x31, 0x38, 0x01, 0x31, 0x38, 0x01, 0x31, 0x30, 0x34, 0x31, 0x30, 0x22,
	0x31, 0x38, 0x01, 0x31, 0x38, 0x01, 0x31, 0x30, 0x34, 0x31, 0x38, 0x01,
	0x31, 0x38, 0x01, 0x31, 0x30, 0x26, 0x31, 0x38, 0x01, 0x31, 0x38, 0x01,
	0x23, 0x34, 0x30, 0x31, 0x38, 0x01, 0x39, 0x01, 0x38, 0x01, 0x23, 0x38,
	0x01, 0x31, 0x30, 0x22, 0x31, 0x30, 0x22, 0x31, 0x30, 0x22, 0x35, 0x38,
	0x01, 0x31, 0x30, 0x22, 0x31, 0x22, 0x30, 0x23, 0x38, 0x01, 0x23, 0x30,
	0x34, 0x31, 0x22, 0x30, 0x31, 0x22, 0x30, 0x31, 0x30, 0x22, 0x31, 0x30,
	0x22, 0x31, 0x30, 0x22, 0x31, 0x30, 0x22, 0x31, 0x30, 0x22, 0x31, 0x30,
	0x26, 0x31, 0x30, 0x22, 0x31, 0x38, 0x01, 0x23, 0x38, 0x01, 0x31, 0x38,
	0x01, 0x31, 0x38, 0x01, 0x31, 0x38, 0x01, 0x31, 0x30, 0x22, 0x31, 0x38,
	0x01, 0x39, 0x01, 0x38, 0x01, 0x31, 0x14, 0x30, 0x23, 0x31, 0x06, 0x26,
	0x3D, 0x01, 0x38, 0x01, 0x31, 0x38, 0x01, 0x35, 0x30, 0x22, 0x31, 0x30,
	0x34, 0x31, 0x38, 0x01, 0x35, 0x38, 0x01, 0x31, 0x30, 0x22, 0x35, 0x38,
	0x01, 0x31, 0x38, 0x01, 0x31, 0x38, 0x01, 0x31, 0x23, 0x2E, 0x01, 0x27,
	0x31, 0x30, 0x22, 0x31, 0x38, 0x01, 0x31, 0x38, 0x01, 0x23, 0x38, 0x01,
	0x31, 0x38, 0x01, 0x31, 0x30, 0x14, 0x31, 0x38, 0x01, 0x23, 0x38, 0x01,
	0x31, 0x38, 0x01, 0x31, 0x30, 0x14, 0x31, 0x30, 0x22, 0x31, 0x38, 0x01,
	0x39, 0x01, 0x38, 0x01, 0x31, 0x30, 0x14, 0x31, 0x14, 0x22, 0x27, 0x34,
	0x26, 0x35, 0x26, 0x27, 0x2E, 0x01, 0x27, 0x26, 0x23, 0x05, 0x38, 0x01,
	0x31, 0x2A, 0x01, 0x15, 0x38, 0x01, 0x31, 0x22, 0x30, 0x31, 0x22, 0x30,
	0x31, 0x30, 0x14, 0x31, 0x32, 0x36, 0x37, 0x05, 0x32, 0x16, 0x15, 0x14,
	0x06, 0x07, 0x06, 0x26, 0x27, 0x26, 0x36, 0x27, 0x38, 0x01, 0x31, 0x30,
	0x22, 0x31, 0x38, 0x01, 0x39, 0x01, 0x38, 0x01, 0x15, 0x38, 0x01, 0x31,
	0x14, 0x06, 0x31, 0x1E, 0x01, 0x17, 0x38, 0x01, 0x31, 0x3C, 0x01, 0x35,
	0x31, 0x38, 0x01, 0x31, 0x38, 0x01, 0x31, 0x38, 0x01, 0x31, 0x30, 0x34,
	0x31, 0x30, 0x22, 0x31, 0x38, 0x01, 0x31, 0x38, 0x01, 0x31, 0x30, 0x34,
	0x31, 0x38, 0x01, 0x31, 0x38, 0x01, 0x31, 0x30, 0x26, 0x39, 0x01, 0x2E,
	0x01, 0x27, 0x30, 0x22, 0x31, 0x30, 0x22, 0x31, 0x30, 0x22, 0x31, 0x30,
	0x22, 0x31, 0x30, 0x26, 0x31, 0x30, 0x22, 0x31, 0x38, 0x01, 0x23, 0x38,
	0x01, 0x31, 0x17, 0x38, 0x01, 0x31, 0x30, 0x22, 0x31, 0x38, 0x01, 0x31,
	0x38, 0x01, 0x31, 0x38, 0x01, 0x39, 0x01, 0x38, 0x01, 0x31, 0x14, 0x30,
	0x31, 0x30, 0x22, 0x31, 0x30, 0x14, 0x31, 0x38, 0x01, 0x31, 0x14, 0x06,
	0x15, 0x1E, 0x01, 0x17, 0x2E, 0x01, 0x3D, 0x01, 0x38, 0x01, 0x31, 0x38,
	0x01, 0x35, 0x38, 0x01, 0x31, 0x38, 0x01, 0x31, 0x38, 0x01, 0x31, 0x23,
	0x30, 0x34, 0x31, 0x38, 0x01, 0x31, 0x22, 0x30, 0x31, 0x34, 0x30, 0x31,
	0x38, 0x01, 0x31, 0x2E, 0x01, 0x27, 0x38, 0x01, 0x31, 0x22, 0x30, 0x31,
	0x17, 0x31, 0x38, 0x01, 0x39, 0x01, 0x38, 0x01, 0x17, 0x22, 0x30, 0x31,
	0x30, 0x14, 0x31, 0x22, 0x30, 0x31, 0x14, 0x30, 0x31, 0x0E, 0x01, 0x07,
	0x1E, 0x01, 0x27, 0x2E, 0x01, 0x27, 0x38, 0x01, 0x31, 0x38, 0x01, 0x31,
	0x22, 0x30, 0x15, 0x38, 0x01, 0x23, 0x38, 0x01, 0x31, 0x38, 0x01, 0x31,
	0x38, 0x01, 0x15, 0x38, 0x01, 0x31, 0x38, 0x01, 0x15, 0x31, 0x16, 0x06,
	0x27, 0x2E, 0x01, 0x35, 0x38, 0x01, 0x31, 0x38, 0x01, 0x23, 0x30, 0x34,
	0x31, 0x30, 0x34, 0x31, 0x30, 0x22, 0x35, 0x38, 0x01, 0x31, 0x2E, 0x01,
	0x27, 0x04, 0x7E, 0x4C, 0x4E, 0x4E, 0x84, 0x2E, 0x2E, 0x0A, 0x01, 0x01,
	0x02, 0x01, 0x01, 0x03, 0x02, 0x01, 0x03, 0x01, 0x02, 0x04, 0x01, 0x02,
	0x03, 0x02, 0x02, 0x05, 0x02, 0x03, 0x06, 0x02, 0x03, 0x06, 0x03, 0x02,
	0x06, 0x02, 0x01, 0x01, 0x03, 0x06, 0x03, 0x04, 0x08, 0x04, 0x02, 0x01,
	0x02, 0x01, 0x01, 0x01, 0x2A, 0x2F, 0x30, 0x5B, 0x28, 0x27, 0x18, 0x35,
	0x2D, 0x2C, 0x42, 0x12, 0x13, 0x03, 0x03, 0x02, 0x22, 0x17, 0x16, 0x1F,
	0x20, 0x47, 0x26, 0x26, 0x22, 0x37, 0x4A, 0x49, 0x8C, 0x37, 0x37, 0x12,
	0x1D, 0x2D, 0x13, 0x13, 0x44, 0x23, 0x0C, 0x2D, 0x14, 0x17, 0x21, 0x0A,
	0x1B, 0x68, 0x21, 0x17, 0x23, 0x12, 0x30, 0x70, 0x01, 0x1B, 0x13, 0x1E,
	0x25, 0x2C, 0x38, 0x42, 0x1F, 0x0C, 0x1A, 0x07, 0x06, 0x15, 0x08, 0x0B,
	0x0A, 0x1C, 0x13, 0x33, 0x10, 0x15, 0x21, 0x10, 0x0C, 0x17, 0x03, 0x03,
	0x11, 0x08, 0x08, 0x0C, 0x04, 0x03, 0x03, 0x10, 0x04, 0x01, 0x06, 0x0A,
	0x06, 0x01, 0x01, 0x01, 0x04, 0x0F, 0x02, 0x09, 0x0E, 0x04, 0x01, 0x15,
	0x02, 0x01, 0x01, 0x01, 0x01, 0x01, 0x01, 0x01, 0x01, 0x01, 0x01, 0x01,
	0x01, 0x01, 0x01, 0x01, 0x01, 0x01, 0x01, 0x01, 0x01, 0x01, 0x01, 0x01,
	0x01, 0x16, 0x01, 0x01, 0x01, 0x02, 0x05, 0x03, 0x01, 0x01, 0x01, 0x01,
	0x16, 0x02, 0x01, 0x20, 0x29, 0x2A, 0x56, 0x29, 0x29, 0x20, 0xFE, 0x1B,
	0x01, 0x01, 0x01, 0x01, 0x01, 0x02, 0x01, 0x04, 0x25, 0x34, 0x41, 0x13,
	0x23, 0x25, 0x4E, 0x22, 0x3C, 0x3C, 0x6C, 0x01, 0x01, 0x05, 0x0C, 0x06,
	0x01, 0x01, 0x03, 0x06, 0x03, 0x01, 0x01, 0x01, 0x01, 0x01, 0x01, 0x01,
	0x2F, 0x01, 0x01, 0x01, 0x07, 0x0F, 0x08, 0x01, 0x02, 0x01, 0x01, 0x06,
	0x0A, 0x05, 0x01, 0x18, 0x1A, 0x01, 0x01, 0x01, 0x05, 0x03, 0x41, 0x78,
	0x0C, 0x08, 0x41, 0x29, 0x01, 0x01, 0x01, 0x15, 0x04, 0x01, 0x02, 0x01,
	0x01, 0x04, 0x09, 0x04, 0x03, 0x4E, 0x01, 0x02, 0x05, 0x03, 0x03, 0x03,
	0x01, 0x02, 0x02, 0x01, 0x02, 0x01, 0x02, 0x03, 0x01, 0x01, 0x03, 0x02,
	0x01, 0x01, 0x01, 0x01, 0x01, 0x01, 0x01, 0x01, 0x01, 0x01, 0x01, 0x01,
	0x01, 0x02, 0x01, 0x01, 0x01, 0x10, 0x18, 0x18, 0x34, 0x1B, 0x1B, 0x17,
	0x32, 0x3D, 0x3E, 0x82, 0x41, 0x41, 0x37, 0x19, 0x22, 0x31, 0x23, 0x23,
	0x26, 0x25, 0x46, 0x1E, 0x1E, 0x14, 0x21, 0x19, 0x19, 0x1C, 0x01, 0x11,
	0x1E, 0x13, 0x31, 0x32, 0x41, 0x13, 0x0E, 0x0F, 0x0B, 0x06, 0x11, 0x0C,
	0x18, 0x12, 0x0A, 0x05, 0x0D, 0x3E, 0x28, 0x07, 0x26, 0x13, 0x20, 0x10,
	0x1F, 0x27, 0x0F, 0x16, 0x08, 0x05, 0x07, 0x19, 0x20, 0x15, 0x44, 0x1A,
	0x22, 0x1E, 0x07, 0x06, 0x05, 0x03, 0x03, 0x03, 0x03, 0x06, 0x02, 0x04,
	0x02, 0x08, 0x02, 0x0D, 0x02, 0x01, 0x01, 0x03, 0x01, 0x08, 0x03, 0x0A,
	0x03, 0x06, 0x03, 0x0D, 0x01, 0x10, 0x01, 0x03, 0x02, 0x01, 0x01, 0x01,
	0x01, 0x01, 0x01, 0x01, 0x01, 0x0F, 0x01, 0x11, 0x02, 0x01, 0x01, 0x01,
	0x01, 0x01, 0x02, 0x01, 0x01, 0x01, 0x01, 0x0E, 0x10, 0x02, 0x04, 0x02,
	0x07, 0x07, 0x06, 0x0B, 0x03, 0x03, 0x20, 0x01, 0x01, 0x01, 0x01, 0xBA,
	0x41, 0x34, 0x2C, 0x22, 0x18, 0x1A, 0x08, 0x22, 0x3D, 0x8D, 0xA3, 0x01,
	0x01, 0x01, 0x02, 0x05, 0x03, 0x01, 0x03, 0x02, 0x01, 0x01, 0x01, 0x01,
	0x01, 0x01, 0x01, 0x0C, 0x01, 0x01, 0x02, 0x05, 0x02, 0x03, 0x06, 0x03,
	0x02, 0x06, 0x04, 0x03, 0x01, 0x01, 0x01, 0x01, 0x03, 0x01, 0x06, 0x07,
	0x01, 0x01, 0x05, 0x07, 0x01, 0x1A, 0x2A, 0x11, 0x0C, 0x1B, 0x0D, 0x01,
	0x01, 0x01, 0x0D, 0x03, 0x10, 0x02, 0x05, 0x02, 0x01, 0x01, 0x01, 0x01,
	0x03, 0x01, 0x00, 0x00, 0x00, 0x01, 0x00, 0x00, 0xFF, 0xC0, 0x09, 0xFC,
	0x03, 0xC0, 0x00, 0x3F, 0x00, 0x00, 0x01, 0x2E, 0x01, 0x07, 0x06, 0x27,
	0x26, 0x24, 0x27, 0x26, 0x27, 0x2E, 0x01, 0x27, 0x26, 0x36, 0x37, 0x36,
	0x37, 0x3E, 0x01, 0x17, 0x16, 0x17, 0x16, 0x17, 0x16, 0x36, 0x37, 0x36,
	0x37, 0x3E, 0x01, 0x33, 0x32, 0x36, 0x35, 0x34, 0x16, 0x17, 0x1E, 0x01,
	0x37, 0x36, 0x37, 0x3E, 0x01, 0x33, 0x32, 0x17, 0x04, 0x16, 0x17, 0x16,
	0x14, 0x0F, 0x01, 0x25, 0x24, 0x06, 0x07, 0x0E, 0x01, 0x27, 0x05, 0xFB,
	0x03, 0x7A, 0xA2, 0xB0, 0xA5, 0xA6, 0xFE, 0xE6, 0x6E, 0x6F, 0x43, 0x3F,
	0x60, 0x05, 0x0C, 0x4C, 0x6B, 0x3C, 0x40, 0x41, 0xA1, 0x67, 0x68, 0x89,
	0x69, 0x68, 0x68, 0xAB, 0x39, 0x39, 0x0B, 0x06, 0x15, 0x09, 0x09, 0x0D,
	0x35, 0x0C, 0x11, 0x34, 0x28, 0x0B, 0x21, 0x21, 0x6C, 0x4B, 0x4A, 0x5E,
	0x01, 0x1F, 0x6B, 0x18, 0x1F, 0x1E, 0x20, 0xFE, 0x3E, 0xFE, 0xAE, 0x77,
	0x11, 0x13, 0x2B, 0x07, 0x01, 0x3F, 0x0A, 0x05, 0x02, 0x02, 0x03, 0x03,
	0x0F, 0x0C, 0x0B, 0x0F, 0x0E, 0x1B, 0x04, 0x0C, 0x21, 0x1C, 0x10, 0x08,
	0x09, 0x03, 0x05, 0x06, 0x0B, 0x09, 0x03, 0x02, 0x07, 0x0A, 0x09, 0x0E,
	0x08, 0x0B, 0x08, 0x05, 0x14, 0x10, 0x18, 0x1F, 0x10, 0x0D, 0x04, 0x02,
	0x02, 0x03, 0x01, 0x04, 0x09, 0x16, 0x1D, 0x3C, 0x1C, 0x1E, 0x04, 0x02,
	0x06, 0x16, 0x17, 0x08, 0x13, 0x00, 0x00, 0x00, 0x00, 0x01, 0x00, 0x00,
	0xFF, 0xC0, 0x09, 0x33, 0x03, 0xC0, 0x01, 0x05, 0x00, 0x00, 0x01, 0x31,
	0x22, 0x07, 0x0E, 0x01, 0x07, 0x06, 0x07, 0x06, 0x07, 0x0E, 0x01, 0x23,
	0x22, 0x27, 0x26, 0x06, 0x07, 0x0E, 0x01, 0x07, 0x0E, 0x01, 0x07, 0x0E,
	0x01, 0x07, 0x0E, 0x01, 0x27, 0x2E, 0x01, 0x27, 0x2E, 0x01, 0x35, 0x31,
	0x22, 0x30, 0x35, 0x38, 0x01, 0x31, 0x38, 0x01, 0x31, 0x38, 0x01, 0x31,
	0x30, 0x22, 0x31, 0x38, 0x01, 0x31, 0x34, 0x30, 0x39, 0x01, 0x38, 0x01,
	0x31, 0x38, 0x01, 0x31, 0x22, 0x30, 0x23, 0x38, 0x01, 0x23, 0x31, 0x30,
	0x26, 0x31, 0x30, 0x22, 0x31, 0x38, 0x01, 0x23, 0x06, 0x07, 0x06, 0x26,
	0x27, 0x26, 0x27, 0x26, 0x06, 0x07, 0x0E, 0x01, 0x07, 0x06, 0x16, 0x17,
	0x1E, 0x01, 0x17, 0x16, 0x33, 0x32, 0x36, 0x37, 0x36, 0x37, 0x3E, 0x01,
	0x33, 0x38, 0x01, 0x31, 0x32, 0x30, 0x31, 0x30, 0x34, 0x31, 0x32, 0x30,
	0x31, 0x38, 0x01, 0x33, 0x38, 0x01, 0x31, 0x38, 0x01, 0x31, 0x38, 0x01,
	0x35, 0x38, 0x01, 0x39, 0x01, 0x30, 0x32, 0x31, 0x38, 0x01, 0x31, 0x38,
	0x01, 0x31, 0x38, 0x01, 0x31, 0x38, 0x01, 0x31, 0x38, 0x01, 0x33, 0x31,
	0x38, 0x01, 0x31, 0x38, 0x01, 0x31, 0x38, 0x01, 0x31, 0x34, 0x32, 0x31,
	0x38, 0x01, 0x31, 0x38, 0x01, 0x31, 0x32, 0x30, 0x31, 0x34, 0x30, 0x33,
	0x38, 0x01, 0x31, 0x38, 0x01, 0x31, 0x30, 0x36, 0x33, 0x3E, 0x01, 0x37,
	0x3E, 0x01, 0x33, 0x32, 0x36, 0x33, 0x32, 0x16, 0x33, 0x16, 0x32, 0x17,
	0x32, 0x16, 0x17, 0x31, 0x1E, 0x01, 0x17, 0x1E, 0x01, 0x17, 0x32, 0x16,
	0x15, 0x32, 0x16, 0x17, 0x1E, 0x01, 0x17, 0x16, 0x17, 0x1E, 0x01, 0x17,
	0x16, 0x17, 0x16, 0x17, 0x1E, 0x01, 0x17, 0x16, 0x33, 0x17, 0x2F, 0x01,
	0x25, 0x26, 0x27, 0x2E, 0x01, 0x27, 0x26, 0x27, 0x26, 0x37, 0x3E, 0x01,
	0x37, 0x36, 0x33, 0x21, 0x35, 0x34, 0x26, 0x23, 0x09, 0x1A, 0x04, 0x33,
	0x32, 0xA5, 0x6D, 0x6C, 0x79, 0x79, 0x6D, 0x6D, 0xAA, 0x34, 0x35, 0x08,
	0x10, 0x20, 0x08, 0x01, 0x06, 0x03, 0x03, 0x04, 0x03, 0x04, 0x08, 0x05,
	0x07, 0x0E, 0x07, 0x07, 0x0C, 0x04, 0x01, 0x01, 0x01, 0x01, 0x01, 0x01,
	0x01, 0x01, 0x01, 0x01, 0x33, 0x43, 0x43, 0x88, 0x3E, 0x3D, 0x28, 0x56,
	0x3A, 0x31, 0x1E, 0x69, 0x2C, 0x5F, 0x0C, 0x7B, 0x48, 0x4C, 0x81, 0x24,
	0x31, 0x31, 0x6A, 0x34, 0x34, 0x2C, 0x31, 0x4B, 0x1D, 0x01, 0x01, 0x01,
	0x01, 0x01, 0x01, 0x01, 0x01, 0x01, 0x01, 0x02, 0x05, 0x02, 0x02, 0x05,
	0x03, 0x01, 0x02, 0x01, 0x01, 0x04, 0x01, 0x01, 0x01, 0x01, 0x01, 0x01,
	0x01, 0x01, 0x03, 0x01, 0x01, 0x04, 0x01, 0x01, 0x01, 0x09, 0x0D, 0x03,
	0x0B, 0x93, 0x5C, 0x2F, 0x3C, 0x3D, 0x83, 0x40, 0x41, 0x35, 0x34, 0x3C,
	0x3C, 0x74, 0x33, 0x33, 0x23, 0xA8, 0x04, 0x04, 0xFD, 0xBE, 0x78, 0x6A,
	0x6A, 0xA0, 0x30, 0x2F, 0x03, 0x06, 0x2C, 0x2D, 0xB8, 0x8A, 0x8A, 0xB4,
	0x01, 0xC3, 0x09, 0x0E, 0x02, 0x4A, 0x02, 0x01, 0x06, 0x03, 0x04, 0x04,
	0x04, 0x03, 0x03, 0x04, 0x02, 0x03, 0x04, 0x07, 0x01, 0x02, 0x01, 0x04,
	0x08, 0x03, 0x05, 0x09, 0x03, 0x03, 0x01, 0x02, 0x02, 0x07, 0x07, 0x01,
	0x01, 0x01, 0x01, 0x01, 0x01, 0x04, 0x02, 0x01, 0x02, 0x03, 0x04, 0x06,
	0x0E, 0x01, 0x12, 0x0A, 0x14, 0x03, 0x09, 0x1C, 0x3B, 0x22, 0x0E, 0x04,
	0x01, 0x02, 0x02, 0x02, 0x03, 0x02, 0x03, 0x01, 0x01, 0x01, 0x01, 0x02,
	0x01, 0x03, 0x01, 0x01, 0x01, 0x01, 0x01, 0x01, 0x01, 0x01, 0x01, 0x01,
	0x01, 0x01, 0x02, 0x02, 0x02, 0x01, 0x01, 0x03, 0x02, 0x06, 0x0B, 0x01,
	0x01, 0x02, 0x02, 0x04, 0x02, 0x02, 0x03, 0x02, 0x02, 0x02, 0x03, 0x01,
	0x02, 0x02, 0x38, 0x38, 0x03, 0x01, 0x01, 0x02, 0x04, 0x02, 0x02, 0x03,
	0x06, 0x06, 0x05, 0x07, 0x02, 0x02, 0x3B, 0x24, 0x17, 0x00, 0x00, 0x00,
	0x00, 0x05, 0x00, 0x00, 0xFF, 0xC0, 0x08, 0x0C, 0x03, 0xC0, 0x00, 0x40,
	0x00, 0x49, 0x00, 0x53, 0x00, 0x60, 0x00, 0x6A, 0x00, 0x00, 0x01, 0x2E,
	0x01, 0x27, 0x2E, 0x01, 0x07, 0x0E, 0x01, 0x07, 0x06, 0x26, 0x27, 0x2E,
	0x01, 0x37, 0x36, 0x37, 0x3E, 0x01, 0x37, 0x36, 0x37, 0x3E, 0x01, 0x37,
	0x3E, 0x01, 0x37, 0x36, 0x37, 0x36, 0x16, 0x17, 0x16, 0x17, 0x16, 0x17,
	0x1E, 0x01, 0x17, 0x16, 0x17, 0x1E, 0x01, 0x17, 0x16, 0x14, 0x07, 0x0E,
	0x01, 0x07, 0x06, 0x26, 0x27, 0x26, 0x27, 0x26, 0x06, 0x07, 0x06, 0x07,
	0x0E, 0x01, 0x27, 0x37, 0x36, 0x26, 0x23, 0x22, 0x06, 0x17, 0x1E, 0x01,
	0x25, 0x36, 0x26, 0x27, 0x26, 0x06, 0x17, 0x1E, 0x01, 0x37, 0x25, 0x3E,
	0x01, 0x27, 0x26, 0x06, 0x15, 0x14, 0x16, 0x33, 0x32, 0x36, 0x37, 0x37,
	0x36, 0x26, 0x27, 0x26, 0x06, 0x17, 0x1E, 0x01, 0x37, 0x03, 0xAA, 0x0B,
	0x2A, 0x12, 0x14, 0x1D, 0x04, 0x0C, 0x70, 0xBC, 0x9A, 0x7F, 0x30, 0x4A,
	0x69, 0x07, 0x05, 0x25, 0x25, 0x6D, 0x40, 0x40, 0x3A, 0x56, 0x94, 0x66,
	0x4C, 0x9F, 0x24, 0x29, 0x55, 0x55, 0xC2, 0x5D, 0x5C, 0x3A, 0x2E, 0x39,
	0x3A, 0x6E, 0x2C, 0x2D, 0x12, 0x0D, 0x1E, 0x09, 0x0E, 0x0F, 0x1B, 0x8E,
	0x61, 0x52, 0x5A, 0x68, 0x48, 0x3B, 0x3B, 0x67, 0x2D, 0x2D, 0x2D, 0x35,
	0x3A, 0x28, 0x67, 0x32, 0x26, 0x3D, 0x43, 0x30, 0x2F, 0x1D, 0x36, 0x02,
	0xF0, 0x12, 0x06, 0x18, 0x1B, 0x29, 0x0A, 0x07, 0x2D, 0x12, 0xFE, 0x78,
	0x16, 0x07, 0x13, 0x1B, 0x66, 0x2F, 0x16, 0x0A, 0x1E, 0x0A, 0xC3, 0x10,
	0x03, 0x12, 0x1F, 0x35, 0x1A, 0x0E, 0x21, 0x10, 0x01, 0x18, 0x02, 0x18,
	0x0E, 0x0E, 0x0C, 0x06, 0x13, 0x0B, 0x02, 0x01, 0x08, 0x0E, 0x15, 0x35,
	0x0C, 0x08, 0x10, 0x11, 0x26, 0x13, 0x14, 0x0E, 0x15, 0x14, 0x04, 0x03,
	0x0E, 0x06, 0x07, 0x02, 0x02, 0x06, 0x08, 0x07, 0x0A, 0x08, 0x10, 0x0F,
	0x23, 0x11, 0x11, 0x0C, 0x08, 0x24, 0x11, 0x1C, 0x14, 0x11, 0x1D, 0x28,
	0x06, 0x05, 0x0C, 0x1D, 0x14, 0x09, 0x0A, 0x01, 0x0B, 0x0B, 0x15, 0x19,
	0x0A, 0x0A, 0x61, 0x27, 0x76, 0x6A, 0x2E, 0x1E, 0x02, 0x44, 0x12, 0x22,
	0x0C, 0x0F, 0x24, 0x1F, 0x17, 0x07, 0x12, 0x18, 0x0C, 0x48, 0x13, 0x1B,
	0x26, 0x25, 0x16, 0x2E, 0x08, 0x05, 0x02, 0x11, 0x2D, 0x10, 0x1A, 0x45,
	0x1F, 0x12, 0x01, 0x0F, 0x00, 0x02, 0x00, 0x00, 0xFF, 0xC0, 0x08, 0x7D,
	0x03, 0xC0, 0x00, 0x35, 0x00, 0x43, 0x00, 0x00, 0x01, 0x26, 0x27, 0x2E,
	0x01, 0x27, 0x26, 0x2F, 0x01, 0x37, 0x36, 0x37, 0x3E, 0x01, 0x37, 0x36,
	0x37, 0x36, 0x16, 0x17, 0x1E, 0x01, 0x17, 0x1E, 0x01, 0x17, 0x16, 0x36,
	0x37, 0x36, 0x37, 0x36, 0x16, 0x17, 0x16, 0x07, 0x0E, 0x01, 0x27, 0x2E,
	0x01, 0x2F, 0x01, 0x07, 0x06, 0x07, 0x0E, 0x01, 0x07, 0x06, 0x07, 0x0E,
	0x01, 0x27, 0x25, 0x36, 0x26, 0x27, 0x26, 0x07, 0x0E, 0x01, 0x07, 0x06,
	0x17, 0x1E, 0x01, 0x37, 0x03, 0x86, 0xBE, 0x8F, 0x8E, 0xD0, 0x45, 0x45,
	0x2B, 0x26, 0x21, 0x27, 0x46, 0x46, 0xC8, 0x83, 0x83, 0xA2, 0xF3, 0x6A,
	0x29, 0x15, 0x35, 0x10, 0x7F, 0x98, 0x67, 0x74, 0x33, 0x17, 0x29, 0x36,
	0x36, 0x5B, 0x1C, 0x1C, 0x0B, 0x0C, 0x83, 0x46, 0x0F, 0x2B, 0x0F, 0x26,
	0x94, 0x51, 0x4A, 0x4A, 0x79, 0x2D, 0x2D, 0x16, 0x31, 0x71, 0xAF, 0x04,
	0xAA, 0x1E, 0x02, 0x1E, 0x23, 0x29, 0x2A, 0x3C, 0x0A, 0x0B, 0x1C, 0x21,
	0x65, 0x27, 0x01, 0x3A, 0x11, 0x0F, 0x10, 0x1E, 0x0F, 0x0F, 0x11, 0x0F,
	0x0D, 0x0F, 0x0F, 0x0F, 0x1D, 0x0E, 0x0E, 0x0D, 0x15, 0x01, 0x16, 0x0B,
	0x13, 0x02, 0x11, 0x0C, 0x01, 0x02, 0x09, 0x18, 0x2C, 0x07, 0x06, 0x29,
	0x2B, 0x2C, 0x39, 0x41, 0x4B, 0x12, 0x04, 0x1D, 0x10, 0x29, 0x02, 0x01,
	0x04, 0x05, 0x0F, 0x0A, 0x0A, 0x0C, 0x1A, 0x05, 0x0F, 0x42, 0x21, 0x50,
	0x1F, 0x23, 0x03, 0x02, 0x31, 0x27, 0x27, 0x28, 0x2E, 0x05, 0x2C, 0x00,
	0x00, 0x01, 0x00, 0x00, 0xFF, 0xC0, 0x07, 0xA2, 0x03, 0xC0, 0x00, 0x3D,
	0x00, 0x00, 0x01, 0x26, 0x27, 0x2E, 0x01, 0x27, 0x26, 0x27, 0x26, 0x06,
	0x07, 0x0E, 0x01, 0x23, 0x22, 0x26, 0x27, 0x2E, 0x01, 0x07, 0x0E, 0x01,
	0x27, 0x2E, 0x01, 0x27, 0x26, 0x27, 0x2E, 0x01, 0x27, 0x26, 0x2F, 0x01,
	0x37, 0x36, 0x37, 0x3E, 0x01, 0x37, 0x36, 0x37, 0x36, 0x17, 0x1E, 0x01,
	0x17, 0x16, 0x17, 0x16, 0x17, 0x1E, 0x01, 0x17, 0x16, 0x17, 0x16, 0x06,
	0x07, 0x06, 0x26, 0x27, 0x06, 0xCF, 0x53, 0x40, 0x40, 0x7A, 0x41, 0x41,
	0x53, 0xB4, 0x6C, 0x32, 0x11, 0x1E, 0x05, 0x04, 0x19, 0x0C, 0x16, 0x0E,
	0x0C, 0x0C, 0x30, 0x56, 0x35, 0x81, 0x26, 0x25, 0x2C, 0x2D, 0x57, 0x27,
	0x26, 0x18, 0x26, 0x5B, 0x56, 0x4B, 0x4B, 0xAF, 0x6F, 0x6E, 0x9E, 0x88,
	0x62, 0x61, 0x9C, 0x44, 0x44, 0x4E, 0x55, 0x3D, 0x3E, 0x58, 0x1D, 0x1D,
	0x12, 0x13, 0x04, 0x18, 0x1A, 0x4D, 0x63, 0x01, 0x09, 0x22, 0x16, 0x16,
	0x1B, 0x06, 0x07, 0x02, 0x06, 0x1F, 0x46, 0x18, 0x23, 0x19, 0x11, 0x1D,
	0x05, 0x11, 0x10, 0x05, 0x06, 0x03, 0x11, 0x08, 0x08, 0x10, 0x10, 0x28,
	0x16, 0x16, 0x14, 0x1F, 0x2D, 0x2C, 0x1B, 0x1C, 0x21, 0x08, 0x07, 0x03,
	0x03, 0x01, 0x02, 0x0C, 0x0C, 0x0C, 0x14, 0x15, 0x17, 0x17, 0x38, 0x23,
	0x22, 0x2D, 0x2C, 0x35, 0x1E, 0x22, 0x05, 0x29, 0x00, 0x03, 0x00, 0x00,
	0xFF, 0xC0, 0x08, 0x1A, 0x03, 0xC0, 0x00, 0xD1, 0x00, 0xDA, 0x00, 0xE1,
	0x00, 0x00, 0x01, 0x07, 0x06, 0x07, 0x0E, 0x01, 0x07, 0x06, 0x07, 0x16,
	0x06, 0x2B, 0x01, 0x22, 0x06, 0x23, 0x2A, 0x01, 0x27, 0x2A, 0x01, 0x2B,
	0x01, 0x22, 0x26, 0x23, 0x22, 0x26, 0x2B, 0x01, 0x2A, 0x01, 0x23, 0x26,
	0x22, 0x27, 0x2A, 0x01, 0x27, 0x2A, 0x01, 0x23, 0x26, 0x22, 0x23, 0x22,
	0x26, 0x27, 0x2A, 0x01, 0x23, 0x06, 0x22, 0x23, 0x2A, 0x01, 0x23, 0x38,
	0x01, 0x31, 0x23, 0x2A, 0x01, 0x27, 0x2A, 0x01, 0x27, 0x22, 0x30, 0x27,
	0x38, 0x01, 0x23, 0x26, 0x22, 0x27, 0x22, 0x26, 0x23, 0x26, 0x27, 0x2E,
	0x01, 0x27, 0x26, 0x2F, 0x01, 0x17, 0x1E, 0x01, 0x17, 0x16, 0x17, 0x1E,
	0x01, 0x17, 0x16, 0x33, 0x32, 0x16, 0x17, 0x30, 0x32, 0x31, 0x32, 0x34,
	0x33, 0x30, 0x36, 0x31, 0x30, 0x36, 0x31, 0x34, 0x30, 0x33, 0x3E, 0x01,
	0x37, 0x31, 0x32, 0x34, 0x37, 0x34, 0x36, 0x37, 0x32, 0x36, 0x33, 0x38,
	0x01, 0x31, 0x38, 0x01, 0x31, 0x32, 0x34, 0x31, 0x30, 0x32, 0x33, 0x38,
	0x01, 0x31, 0x33, 0x30, 0x32, 0x31, 0x38, 0x01, 0x31, 0x30, 0x32, 0x31,
	0x33, 0x3A, 0x01, 0x33, 0x3A, 0x01, 0x31, 0x3A, 0x01, 0x33, 0x30, 0x32,
	0x33, 0x32, 0x16, 0x33, 0x3A, 0x01, 0x33, 0x32, 0x16, 0x33, 0x1E, 0x01,
	0x15, 0x32, 0x14, 0x17, 0x14, 0x16, 0x15, 0x1C, 0x01, 0x17, 0x1C, 0x01,
	0x15, 0x1C, 0x01, 0x15, 0x1C, 0x01, 0x15, 0x38, 0x01, 0x31, 0x16, 0x37,
	0x36, 0x24, 0x37, 0x36, 0x37, 0x3E, 0x01, 0x35, 0x25, 0x38, 0x01, 0x31,
	0x38, 0x01, 0x31, 0x38, 0x01, 0x17, 0x32, 0x30, 0x39, 0x01, 0x38, 0x01,
	0x08, 0x1A, 0x4B, 0x42, 0x51, 0x51, 0xB8, 0x65, 0x65, 0x69, 0x03, 0x05,
	0x09, 0xCE, 0x01, 0x02, 0x01, 0x03, 0x04, 0x02, 0x02, 0x03, 0x02, 0x31,
	0x05, 0x0B, 0x05, 0x03, 0x04, 0x02, 0x06, 0x07, 0x0F, 0x07, 0x06, 0x0D,
	0x07, 0x07, 0x0D, 0x07, 0x06, 0x0D, 0x06, 0x07, 0x0D, 0x07, 0x05, 0x0B,
	0x05, 0x01, 0x01, 0x01, 0x05, 0x0B, 0x05, 0x05, 0x0B, 0x06, 0x0C, 0x02,
	0x04, 0x02, 0x07, 0x0D, 0x06, 0x0A, 0x09, 0x01, 0x03, 0x07, 0x04, 0x05,
	0x09, 0x05, 0x56, 0x52, 0x52, 0x94, 0x40, 0x40, 0x34, 0x50, 0x47, 0x1D,
	0x3D, 0x0E, 0x2E, 0x48, 0x49, 0xBB, 0x70, 0x6F, 0x7C, 0x5A, 0x93, 0x2F,
	0x01, 0x01, 0x01, 0x01, 0x01, 0x01, 0x01, 0x01, 0x01, 0x01, 0x01, 0x01,
	0x01, 0x01, 0x01, 0x01, 0x01, 0x01, 0x01, 0x01, 0x01, 0x01, 0x14, 0x01,
	0x02, 0x01, 0x01, 0x02, 0x01, 0x02, 0x01, 0x02, 0x01, 0x01, 0x01, 0x01,
	0x01, 0x01, 0x01, 0x01, 0x01, 0x01, 0x01, 0x01, 0x01, 0x01, 0x01, 0x01,
	0x17, 0x7D, 0x7C, 0x01, 0x1D, 0x77, 0x77, 0x0C, 0x05, 0x07, 0xFB, 0xF4,
	0xAC, 0x01, 0x02, 0x3C, 0x08, 0x07, 0x06, 0x05, 0x0A, 0x03, 0x03, 0x03,
	0x03, 0x0A, 0x01, 0x01, 0x01, 0x01, 0x01, 0x01, 0x01, 0x01, 0x01, 0x01,
	0x01, 0x01, 0x01, 0x01, 0x01, 0x01, 0x01, 0x01, 0x02, 0x03, 0x06, 0x04,
	0x04, 0x06, 0x08, 0x4D, 0x20, 0x33, 0x04, 0x0D, 0x0A, 0x0B, 0x0E, 0x04,
	0x04, 0x03, 0x02, 0x01, 0x01, 0x01, 0x01, 0x02, 0x03, 0x02, 0x01, 0x01,
	0x01, 0x01, 0x01, 0x01, 0x01, 0x01, 0x01, 0x01, 0x01, 0x01, 0x01, 0x01,
	0x01, 0x01, 0x01, 0x01, 0x02, 0x01, 0x01, 0x02, 0x01, 0x01, 0x02, 0x02,
	0x01, 0x02, 0x01, 0x05, 0x02, 0x03, 0x0E, 0x0A, 0x09, 0x08, 0x03, 0x3E,
	0x29, 0x32, 0xBE, 0x00, 0x00, 0x0A, 0x00, 0x00, 0xFF, 0xC0, 0x08, 0xF6,
	0x03, 0xC0, 0x00, 0x78, 0x00, 0x82, 0x00, 0x8C, 0x00, 0x96, 0x00, 0xA2,
	0x01, 0x18, 0x01, 0x25, 0x01, 0x2F, 0x01, 0x39, 0x01, 0x46, 0x00, 0x00,
	0x25, 0x27, 0x37, 0x3E, 0x01, 0x35, 0x34, 0x26, 0x23, 0x22, 0x06, 0x07,
	0x0E, 0x01, 0x27, 0x2E, 0x01, 0x37, 0x36, 0x26, 0x23, 0x22, 0x06, 0x07,
	0x06, 0x26, 0x27, 0x26, 0x27, 0x2E, 0x01, 0x27, 0x26, 0x27, 0x2E, 0x01,
	0x37, 0x32, 0x17, 0x1E, 0x01, 0x17, 0x16, 0x17, 0x1E, 0x01, 0x17, 0x1E,
	0x01, 0x07, 0x06, 0x16, 0x33, 0x32, 0x36, 0x37, 0x36, 0x16, 0x07, 0x06,
	0x16, 0x17, 0x1E, 0x01, 0x37, 0x3E, 0x01, 0x3F, 0x01, 0x17, 0x1E, 0x01,
	0x17, 0x16, 0x06, 0x23, 0x22, 0x06, 0x17, 0x16, 0x06, 0x07, 0x0E, 0x01,
	0x17, 0x16, 0x06, 0x07, 0x0E, 0x01, 0x17, 0x16, 0x06, 0x23, 0x22, 0x06,
	0x15, 0x14, 0x06, 0x23, 0x22, 0x06, 0x15, 0x14, 0x06, 0x23, 0x22, 0x06,
	0x15, 0x14, 0x06, 0x07, 0x0E, 0x01, 0x17, 0x16, 0x06, 0x23, 0x22, 0x26,
	0x27, 0x37, 0x36, 0x26, 0x07, 0x0E, 0x01, 0x17, 0x16, 0x36, 0x37, 0x37,
	0x34, 0x26, 0x07, 0x06, 0x16, 0x33, 0x32, 0x36, 0x35, 0x37, 0x36, 0x26,
	0x23, 0x22, 0x06, 0x17, 0x16, 0x36, 0x37, 0x37, 0x36, 0x26, 0x23, 0x22,
	0x06, 0x07, 0x06, 0x14, 0x17, 0x16, 0x36, 0x01, 0x27, 0x37, 0x3E, 0x01,
	0x35, 0x34, 0x26, 0x23, 0x22, 0x06, 0x15, 0x14, 0x06, 0x27, 0x2E, 0x01,
	0x37, 0x36, 0x26, 0x23, 0x22, 0x06, 0x07, 0x06, 0x26, 0x27, 0x26, 0x27,
	0x2E, 0x01, 0x27, 0x26, 0x27, 0x26, 0x36, 0x17, 0x16, 0x17, 0x1E, 0x01,
	0x17, 0x16, 0x17, 0x1E, 0x01, 0x07, 0x06, 0x16, 0x33, 0x32, 0x36, 0x37,
	0x3E, 0x01, 0x17, 0x1E, 0x01, 0x07, 0x06, 0x16, 0x37, 0x3E, 0x01, 0x3F,
	0x01, 0x17, 0x1E, 0x01, 0x17, 0x16, 0x06, 0x23, 0x22, 0x06, 0x17, 0x16,
	0x06, 0x07, 0x0E, 0x01, 0x17, 0x16, 0x06, 0x07, 0x0E, 0x01, 0x17, 0x16,
	0x06, 0x23, 0x22, 0x06, 0x15, 0x14, 0x06, 0x23, 0x22, 0x06, 0x15, 0x14,
	0x06, 0x23, 0x22, 0x06, 0x15, 0x14, 0x06, 0x07, 0x0E, 0x01, 0x17, 0x16,
	0x06, 0x23, 0x22, 0x26, 0x27, 0x37, 0x3E, 0x01, 0x27, 0x26, 0x06, 0x15,
	0x14, 0x16, 0x17, 0x32, 0x36, 0x37, 0x37, 0x34, 0x06, 0x07, 0x06, 0x16,
	0x37, 0x3E, 0x01, 0x35, 0x37, 0x36, 0x26, 0x23, 0x22, 0x06, 0x17, 0x16,
	0x36, 0x37, 0x37, 0x36, 0x26, 0x23, 0x22, 0x06, 0x07, 0x0E, 0x01, 0x17,
	0x16, 0x36, 0x37, 0x03, 0x44, 0x2D, 0x1C, 0x1D, 0x1C, 0x30, 0x19, 0x10,
	0x35, 0x06, 0x03, 0x10, 0x0A, 0x0C, 0x07, 0x05, 0x05, 0x07, 0x11, 0x0B,
	0x17, 0x05, 0x07, 0x2A, 0x46, 0x39, 0x35, 0x34, 0x63, 0x31, 0x30, 0x32,
	0x56, 0x14, 0x1D, 0x1D, 0x36, 0x37, 0x7A, 0x3A, 0x39, 0x23, 0x26, 0x75,
	0x2C, 0x4C, 0x1D, 0x04, 0x03, 0x06, 0x0C, 0x08, 0x14, 0x05, 0x0C, 0x2E,
	0x0A, 0x13, 0x05, 0x1A, 0x16, 0x1B, 0x19, 0x27, 0x22, 0x0E, 0x10, 0x40,
	0x1B, 0x2B, 0x04, 0x0C, 0x04, 0x0B, 0x06, 0x04, 0x03, 0x04, 0x04, 0x06,
	0x06, 0x04, 0x03, 0x04, 0x07, 0x09, 0x09, 0x07, 0x04, 0x03, 0x04, 0x06,
	0x06, 0x09, 0x08, 0x05, 0x05, 0x08, 0x0C, 0x08, 0x08, 0x0C, 0x0D, 0x09,
	0x09, 0x07, 0x03, 0x0A, 0x4B, 0x13, 0x09, 0x27, 0x12, 0x63, 0x20, 0x25,
	0x29, 0x16, 0x02, 0x12, 0x17, 0x0B, 0x12, 0x49, 0x25, 0x07, 0x0E, 0x0C,
	0x13, 0x0B, 0x10, 0x25, 0x02, 0x09, 0x09, 0x12, 0x12, 0x09, 0x09, 0x1E,
	0x04, 0x2A, 0x0F, 0x0E, 0x19, 0x0F, 0x0D, 0x03, 0x02, 0x02, 0x07, 0x24,
	0x03, 0x83, 0x2D, 0x1B, 0x1E, 0x1B, 0x2F, 0x19, 0x12, 0x37, 0x0E, 0x09,
	0x0D, 0x09, 0x03, 0x02, 0x09, 0x10, 0x0B, 0x17, 0x04, 0x08, 0x33, 0x57,
	0x38, 0x31, 0x31, 0x5E, 0x31, 0x30, 0x36, 0x57, 0x1A, 0xAE, 0x3D, 0x35,
	0x36, 0x68, 0x35, 0x35, 0x3A, 0x4D, 0x1D, 0x05, 0x03, 0x07, 0x0C, 0x08,
	0x13, 0x05, 0x06, 0x12, 0x0A, 0x0D, 0x03, 0x08, 0x14, 0x3D, 0x32, 0x22,
	0x30, 0x0A, 0x0B, 0x41, 0x1B, 0x2C, 0x04, 0x0B, 0x03, 0x0C, 0x06, 0x03,
	0x03, 0x04, 0x04, 0x06, 0x06, 0x04, 0x03, 0x04, 0x07, 0x09, 0x09, 0x07,
	0x04, 0x03, 0x04, 0x06, 0x06, 0x09, 0x08, 0x05, 0x06, 0x07, 0x0C, 0x08,
	0x08, 0x0C, 0x0D, 0x09, 0x09, 0x07, 0x03, 0x0A, 0x4B, 0x13, 0x09, 0x27,
	0x12, 0x6A, 0x12, 0x02, 0x0E, 0x11, 0x45, 0x25, 0x0C, 0x02, 0x11, 0x0C,
	0x3B, 0x28, 0x04, 0x03, 0x09, 0x0E, 0x0A, 0x0E, 0x2C, 0x02, 0x09, 0x09,
	0x12, 0x12, 0x08, 0x09, 0x1F, 0x04, 0x2A, 0x0F, 0x0E, 0x1A, 0x0E, 0x0D,
	0x03, 0x02, 0x01, 0x02, 0x07, 0x25, 0x0C, 0x75, 0x2F, 0x1D, 0x21, 0x3D,
	0x23, 0x20, 0x3D, 0x2E, 0x15, 0x07, 0x05, 0x04, 0x05, 0x12, 0x13, 0x15,
	0x0C, 0x0C, 0x09, 0x0D, 0x0B, 0x22, 0x1C, 0x1F, 0x1E, 0x46, 0x28, 0x28,
	0x30, 0x51, 0x1E, 0x01, 0x06, 0x07, 0x13, 0x0C, 0x0C, 0x0B, 0x0B, 0x2C,
	0x13, 0x21, 0x18, 0x1C, 0x15, 0x11, 0x0D, 0x09, 0x16, 0x11, 0x18, 0x2C,
	0x2A, 0x11, 0x0E, 0x03, 0x0B, 0x10, 0x2D, 0x37, 0x3E, 0x04, 0x02, 0x0C,
	0x06, 0x11, 0x47, 0x0F, 0x0A, 0x0B, 0x14, 0x04, 0x03, 0x13, 0x0A, 0x0B,
	0x11, 0x04, 0x03, 0x10, 0x09, 0x08, 0x0C, 0x13, 0x0E, 0x0E, 0x13, 0x10,
	0x0B, 0x0B, 0x0F, 0x0F, 0x0A, 0x0A, 0x14, 0x03, 0x04, 0x0A, 0x04, 0x09,
	0x4A, 0x1B, 0x13, 0x3B, 0x3E, 0x1F, 0x36, 0x1E, 0x11, 0x0D, 0x11, 0x04,
	0x22, 0x77, 0x0D, 0x1A, 0x07, 0x0E, 0x1E, 0x07, 0x05, 0x6F, 0x0A, 0x0C,
	0x1A, 0x0E, 0x0E, 0x0C, 0x14, 0x58, 0x24, 0x2C, 0x14, 0x19, 0x12, 0x23,
	0x06, 0x15, 0x10, 0xFE, 0xA4, 0x2F, 0x1D, 0x21, 0x3D, 0x23, 0x20, 0x3D,
	0x33, 0x10, 0x06, 0x05, 0x01, 0x03, 0x13, 0x13, 0x16, 0x0E, 0x0C, 0x09,
	0x0E, 0x10, 0x2D, 0x1D, 0x1D, 0x1E, 0x44, 0x29, 0x29, 0x34, 0x51, 0x11,
	0x17, 0x08, 0x0A, 0x0B, 0x1D, 0x13, 0x14, 0x19, 0x21, 0x18, 0x1C, 0x15,
	0x11, 0x0D, 0x09, 0x09, 0x08, 0x04, 0x05, 0x11, 0x15, 0x35, 0x43, 0x15,
	0x0F, 0x43, 0x2F, 0x32, 0x04, 0x02, 0x0C, 0x06, 0x11, 0x47, 0x0F, 0x0A,
	0x0B, 0x14, 0x04, 0x03, 0x13, 0x0A, 0x0B, 0x11, 0x04, 0x03, 0x10, 0x09,
	0x08, 0x0C, 0x13, 0x0E, 0x0E, 0x13, 0x10, 0x0B, 0x0B, 0x0F, 0x0F, 0x0A,
	0x0A, 0x14, 0x03, 0x04, 0x0A, 0x04, 0x09, 0x4A, 0x1B, 0x13, 0x4A, 0x23,
	0x14, 0x06, 0x06, 0x37, 0x15, 0x0A, 0x21, 0x01, 0x1F, 0x16, 0x77, 0x15,
	0x04, 0x16, 0x0D, 0x09, 0x02, 0x02, 0x0E, 0x09, 0x60, 0x0A, 0x0C, 0x1A,
	0x0E, 0x0E, 0x0C, 0x14, 0x58, 0x24, 0x2C, 0x14, 0x19, 0x12, 0x23, 0x06,
	0x15, 0x10, 0x1D, 0x00, 0x00, 0x02, 0x00, 0x00, 0xFF, 0xC0, 0x04, 0x80,
	0x03, 0xC0, 0x00, 0x5D, 0x00, 0x70, 0x00, 0x00, 0x25, 0x2E, 0x01, 0x35,
	0x34, 0x26, 0x27, 0x2E, 0x01, 0x35, 0x34, 0x26, 0x27, 0x2E, 0x01, 0x37,
	0x36, 0x26, 0x27, 0x2E, 0x01, 0x37, 0x36, 0x26, 0x27, 0x26, 0x06, 0x07,
	0x0E, 0x01, 0x2B, 0x01, 0x37, 0x36, 0x26, 0x27, 0x2E, 0x01, 0x2B, 0x01,
	0x27, 0x2E, 0x01, 0x27, 0x26, 0x36, 0x37, 0x3E, 0x01, 0x17, 0x16, 0x17,
	0x16, 0x04, 0x37, 0x36, 0x35, 0x34, 0x36, 0x33, 0x32, 0x16, 0x15, 0x14,
	0x16, 0x33, 0x32, 0x16, 0x15, 0x14, 0x16, 0x17, 0x16, 0x06, 0x07, 0x06,
	0x07, 0x06, 0x16, 0x17, 0x16, 0x17, 0x1E, 0x01, 0x07, 0x0E, 0x01, 0x17,
	0x16, 0x06, 0x23, 0x22, 0x26, 0x27, 0x03, 0x3E, 0x01, 0x27, 0x26, 0x06,
	0x07, 0x06, 0x26, 0x37, 0x36, 0x26, 0x27, 0x26, 0x06, 0x17, 0x16, 0x36,
	0x37, 0x03, 0x7F, 0x04, 0x05, 0x0C, 0x09, 0x08, 0x0C, 0x0F, 0x0A, 0x0B,
	0x0B, 0x03, 0x02, 0x0D, 0x0C, 0x0C, 0x0C, 0x03, 0x08, 0x22, 0x11, 0x08,
	0x1B, 0x0A, 0x0B, 0x53, 0x30, 0x74, 0x03, 0x02, 0x08, 0x0A, 0x09, 0x71,
	0x47, 0xAD, 0x0F, 0x06, 0x0A, 0x01, 0x01, 0x0F, 0x25, 0x1D, 0x1A, 0x04,
	0x03, 0x88, 0x88, 0x01, 0x46, 0x87, 0x87, 0x10, 0x0B, 0x0B, 0x10, 0x0C,
	0x08, 0x0C, 0x08, 0x08, 0x06, 0x12, 0x0C, 0x1B, 0x1E, 0x0C, 0x0C, 0x0C,
	0x17, 0x18, 0x29, 0x37, 0x0F, 0x20, 0x11, 0x0C, 0x03, 0x05, 0x21, 0x50,
	0x2F, 0x48, 0x04, 0xE2, 0x0B, 0x0B, 0x03, 0x09, 0x16, 0x26, 0x28, 0x13,
	0x16, 0x13, 0x11, 0x2D, 0x37, 0x32, 0x27, 0x19, 0x91, 0x1A, 0x39, 0x04,
	0x13, 0x0A, 0x09, 0x18, 0x07, 0x07, 0x18, 0x0B, 0x0B, 0x1B, 0x09, 0x09,
	0x1B, 0x0A, 0x0B, 0x1E, 0x0D, 0x0B, 0x18, 0x05, 0x0D, 0x45, 0x06, 0x03,
	0x03, 0x06, 0x05, 0x08, 0x4B, 0x29, 0x28, 0x07, 0x05, 0x08, 0x25, 0x0F,
	0x3A, 0x19, 0x2B, 0x19, 0x14, 0x0F, 0x05, 0x09, 0x09, 0x04, 0x05, 0x01,
	0x04, 0x03, 0x08, 0x06, 0x08, 0x08, 0x06, 0x05, 0x08, 0x1D, 0x26, 0x1C,
	0x2C, 0x04, 0x0B, 0x16, 0x06, 0x08, 0x18, 0x18, 0x53, 0x3A, 0x3A, 0x4B,
	0x63, 0x4C, 0x11, 0x09, 0x15, 0x0D, 0x12, 0x08, 0x06, 0x03, 0x01, 0xA9,
	0x0B, 0x1B, 0x09, 0x16, 0x08, 0x24, 0x27, 0x08, 0x2D, 0x26, 0x1C, 0x09,
	0x0C, 0x5C, 0x28, 0x18, 0x04, 0x1A, 0x00, 0x00, 0x00, 0x03, 0x00, 0x00,
	0xFF, 0xC0, 0x07, 0x0F, 0x03, 0xC0, 0x00, 0xE7, 0x00, 0xF4, 0x01, 0x59,
	0x00, 0x00, 0x13, 0x1F, 0x02, 0x32, 0x17, 0x32, 0x36, 0x37, 0x36, 0x3F,
	0x01, 0x35, 0x34, 0x36, 0x33, 0x32, 0x16, 0x07, 0x06, 0x16, 0x17, 0x1E,
	0x01, 0x33, 0x32, 0x16, 0x07, 0x06, 0x16, 0x17, 0x1E, 0x01, 0x17, 0x1E,
	0x01, 0x17, 0x16, 0x14, 0x07, 0x06, 0x16, 0x33, 0x32, 0x37, 0x3E, 0x01,
	0x37, 0x36, 0x37, 0x36, 0x26, 0x27, 0x2E, 0x01, 0x27, 0x26, 0x36, 0x37,
	0x3E, 0x01, 0x27, 0x26, 0x36, 0x37, 0x36, 0x26, 0x07, 0x06, 0x26, 0x27,
	0x2E, 0x01, 0x07, 0x06, 0x26, 0x27, 0x2E, 0x01, 0x07, 0x14, 0x22, 0x07,
	0x32, 0x14, 0x31, 0x14, 0x06, 0x31, 0x14, 0x30, 0x31, 0x1C, 0x01, 0x15,
	0x0E, 0x01, 0x15, 0x0E, 0x01, 0x07, 0x06, 0x30, 0x23, 0x30, 0x06, 0x23,
	0x31, 0x0E, 0x01, 0x2B, 0x01, 0x2A, 0x01, 0x23, 0x2A, 0x01, 0x07, 0x2A,
	0x01, 0x23, 0x22, 0x06, 0x23, 0x22, 0x06, 0x2B, 0x01, 0x2A, 0x01, 0x23,
	0x2A, 0x01, 0x23, 0x2A, 0x01, 0x23, 0x2A, 0x01, 0x23, 0x2A, 0x01, 0x23,
	0x06, 0x22, 0x07, 0x22, 0x06, 0x23, 0x2A, 0x01, 0x23, 0x2A, 0x01, 0x23,
	0x2A, 0x01, 0x23, 0x2A, 0x01, 0x23, 0x2A, 0x01, 0x27, 0x2A, 0x01, 0x27,
	0x2A, 0x01, 0x27, 0x2A, 0x01, 0x23, 0x2A, 0x01, 0x23, 0x2A, 0x01, 0x23,
	0x2A, 0x01, 0x23, 0x22, 0x26, 0x23, 0x2A, 0x01, 0x27, 0x22, 0x26, 0x23,
	0x22, 0x26, 0x23, 0x26, 0x22, 0x2B, 0x01, 0x2A, 0x01, 0x23, 0x2A, 0x01,
	0x23, 0x2A, 0x01, 0x23, 0x2A, 0x01, 0x23, 0x2A, 0x01, 0x23, 0x22, 0x26,
	0x27, 0x2E, 0x01, 0x27, 0x2E, 0x01, 0x35, 0x22, 0x26, 0x35, 0x34, 0x27,
	0x2E, 0x01, 0x27, 0x26, 0x23, 0x05, 0x30, 0x14, 0x31, 0x38, 0x01, 0x31,
	0x30, 0x32, 0x35, 0x22, 0x30, 0x31, 0x05, 0x32, 0x16, 0x17, 0x16, 0x06,
	0x0F, 0x01, 0x30, 0x22, 0x31, 0x38, 0x01, 0x31, 0x30, 0x14, 0x23, 0x38,
	0x01, 0x31, 0x30, 0x22, 0x31, 0x38, 0x01, 0x31, 0x30, 0x14, 0x23, 0x38,
	0x01, 0x31, 0x38, 0x01, 0x31, 0x30, 0x22, 0x31, 0x30, 0x14, 0x31, 0x38,
	0x01, 0x31, 0x38, 0x01, 0x31, 0x30, 0x14, 0x31, 0x38, 0x01, 0x31, 0x38,
	0x01, 0x31, 0x38, 0x01, 0x15, 0x38, 0x01, 0x31, 0x38, 0x01, 0x31, 0x38,
	0x01, 0x31, 0x32, 0x30, 0x31, 0x38, 0x01, 0x31, 0x38, 0x01, 0x39, 0x01,
	0x17, 0x32, 0x36, 0x35, 0x34, 0x36, 0x17, 0x1E, 0x01, 0x07, 0x06, 0x07,
	0x0E, 0x01, 0x27, 0x26, 0x27, 0x26, 0x36, 0x37, 0x3E, 0x01, 0x33, 0x00,
	0x04, 0x04, 0xE6, 0x30, 0x38, 0x38, 0x6E, 0x32, 0x32, 0x24, 0xAE, 0x07,
	0x05, 0x0C, 0x0E, 0x06, 0x03, 0x04, 0x06, 0x0A, 0x2A, 0x49, 0x63, 0x39,
	0x05, 0x04, 0x34, 0x7D, 0x34, 0x52, 0x06, 0x0D, 0x1F, 0x12, 0x0B, 0x0B,
	0x0D, 0x06, 0x1C, 0x16, 0x2A, 0x2B, 0x58, 0x24, 0x23, 0x08, 0x0A, 0x03,
	0x0F, 0x0A, 0x1E, 0x0C, 0x20, 0x09, 0x30, 0x2C, 0x09, 0x10, 0x08, 0x01,
	0x09, 0x0E, 0x0F, 0x13, 0x07, 0x17, 0x0A, 0x09, 0x14, 0x04, 0x04, 0x0A,
	0x02, 0x03, 0x0D, 0x0D, 0x01, 0x01, 0x01, 0x01, 0x01, 0x01, 0x01, 0x02,
	0x01, 0x01, 0x01, 0x01, 0x01, 0x01, 0x04, 0x04, 0x02, 0x03, 0x06, 0x03,
	0x03, 0x07, 0x04, 0x03, 0x07, 0x03, 0x03, 0x07, 0x03, 0x04, 0x09, 0x04,
	0x14, 0x04, 0x0A, 0x05, 0x05, 0x09, 0x05, 0x06, 0x0D, 0x06, 0x05, 0x0B,
	0x06, 0x05, 0x09, 0x05, 0x05, 0x09, 0x05, 0x04, 0x0A, 0x04, 0x05, 0x0B,
	0x05, 0x06, 0x0B, 0x06, 0x06, 0x0D, 0x07, 0x07, 0x0F, 0x08, 0x08, 0x0F,
	0x07, 0x07, 0x0D, 0x07, 0x05, 0x0B, 0x05, 0x05, 0x0A, 0x04, 0x05, 0x0A,
	0x05, 0x05, 0x0B, 0x05, 0x06, 0x0B, 0x06, 0x05, 0x0B, 0x06, 0x06, 0x0C,
	0x06, 0x06, 0x0C, 0x06, 0x07, 0x0C, 0x06, 0x06, 0x0B, 0x06, 0x67, 0x05,
	0x0A, 0x05, 0x04, 0x08, 0x04, 0x04, 0x08, 0x04, 0x04, 0x07, 0x04, 0x03,
	0x08, 0x03, 0x04, 0x07, 0x03, 0x04, 0x08, 0x02, 0x01, 0x02, 0x01, 0x03,
	0x20, 0x20, 0x6F, 0x4B, 0x4A, 0x55, 0x04, 0xD9, 0x01, 0x01, 0xFE, 0x69,
	0x1F, 0x18, 0x07, 0x0A, 0x0E, 0x1A, 0x10, 0x01, 0x01, 0x01, 0x01, 0x01,
	0x01, 0x15, 0x19, 0x2D, 0x0B, 0x11, 0x2F, 0x04, 0x2F, 0x0D, 0x20, 0x20,
	0x45, 0x1C, 0x1D, 0x05, 0x0B, 0x05, 0x0D, 0x06, 0x27, 0x15, 0x03, 0x45,
	0x66, 0x66, 0x05, 0x01, 0x02, 0x01, 0x01, 0x02, 0x09, 0x26, 0x10, 0x16,
	0x29, 0x11, 0x08, 0x1B, 0x0B, 0x12, 0x0A, 0x27, 0x43, 0x35, 0x17, 0x01,
	0x01, 0x06, 0x04, 0x09, 0x5F, 0x57, 0x39, 0x2A, 0x11, 0x12, 0x08, 0x08,
	0x08, 0x16, 0x0C, 0x0C, 0x07, 0x0B, 0x2C, 0x3D, 0x29, 0x5F, 0x1A, 0x49,
	0x3B, 0x13, 0x11, 0x19, 0x3D, 0x21, 0x22, 0x0A, 0x11, 0x20, 0x07, 0x02,
	0x0B, 0x0A, 0x0A, 0x0B, 0x02, 0x03, 0x06, 0x07, 0x09, 0x01, 0x07, 0x01,
	0x01, 0x01, 0x01, 0x02, 0x01, 0x01, 0x02, 0x02, 0x01, 0x03, 0x01, 0x01,
	0x03, 0x01, 0x01, 0x01, 0x02, 0x02, 0x01, 0x01, 0x01, 0x01, 0x01, 0x01,
	0x01, 0x01, 0x01, 0x01, 0x01, 0x01, 0x01, 0x01, 0x01, 0x01, 0x01, 0x04,
	0x04, 0x02, 0x05, 0x02, 0x01, 0x01, 0x02, 0x02, 0x02, 0x03, 0x01, 0x01,
	0x12, 0x01, 0x01, 0xF6, 0x0C, 0x11, 0x1D, 0x25, 0x0A, 0x07, 0x01, 0x01,
	0x01, 0x01, 0x01, 0x01, 0x38, 0x21, 0x12, 0x0B, 0x02, 0x07, 0x63, 0x15,
	0x06, 0x04, 0x04, 0x02, 0x02, 0x01, 0x06, 0x0B, 0x61, 0x0C, 0x07, 0x09,
	0x00, 0x02, 0x00, 0x00, 0xFF, 0xC0, 0x04, 0x54, 0x03, 0xC0, 0x00, 0x58,
	0x00, 0x73, 0x00, 0x00, 0x25, 0x34, 0x27, 0x2E, 0x01, 0x27, 0x26, 0x27,
	0x2E, 0x01, 0x0F, 0x01, 0x27, 0x2E, 0x01, 0x23, 0x22, 0x26, 0x27, 0x26,
	0x22, 0x07, 0x06, 0x22, 0x27, 0x26, 0x06, 0x07, 0x0E, 0x01, 0x27, 0x26,
	0x22, 0x07, 0x06, 0x26, 0x27, 0x2E, 0x01, 0x07, 0x06, 0x26, 0x27, 0x2E,
	0x01, 0x37, 0x3E, 0x01, 0x37, 0x3E, 0x01, 0x17, 0x16, 0x17, 0x1E, 0x01,
	0x17, 0x16, 0x33, 0x32, 0x37, 0x3E, 0x01, 0x37, 0x36, 0x37, 0x36, 0x16,
	0x17, 0x1E, 0x01, 0x15, 0x14, 0x16, 0x17, 0x16, 0x06, 0x07, 0x0E, 0x01,
	0x07, 0x06, 0x16, 0x17, 0x1E, 0x01, 0x1D, 0x01, 0x21, 0x03, 0x36, 0x26,
	0x23, 0x22, 0x06, 0x17, 0x16, 0x06, 0x07, 0x0E, 0x01, 0x37, 0x3E, 0x01,
	0x27, 0x2E, 0x01, 0x2B, 0x01, 0x07, 0x06, 0x16, 0x17, 0x16, 0x36, 0x37,
	0x03, 0x0C, 0x08, 0x07, 0x14, 0x0B, 0x0B, 0x07, 0x0B, 0x44, 0x6A, 0xA7,
	0x01, 0x02, 0x12, 0x1F, 0x0E, 0x16, 0x02, 0x04, 0x0A, 0x0C, 0x0C, 0x0F,
	0x0A, 0x0A, 0x0C, 0x08, 0x08, 0x09, 0x04, 0x07, 0x25, 0x06, 0x04, 0x0A,
	0x09, 0x09, 0x09, 0x04, 0x09, 0x1A, 0x10, 0x0A, 0x06, 0x04, 0x05, 0x0D,
	0x18, 0x0E, 0x19, 0x03, 0x02, 0x21, 0x22, 0x72, 0x4B, 0x4B, 0x55, 0x74,
	0x50, 0x4F, 0x64, 0x17, 0x18, 0x05, 0x19, 0x2B, 0x0B, 0x06, 0x08, 0x39,
	0x1B, 0x15, 0x09, 0x2A, 0x29, 0x15, 0x03, 0x02, 0x17, 0x17, 0x16, 0x1B,
	0xFE, 0xBA, 0x88, 0x38, 0x05, 0x39, 0x13, 0x09, 0x04, 0x03, 0x0B, 0x0F,
	0x1B, 0x22, 0x19, 0x0A, 0x0B, 0x02, 0x04, 0x18, 0x41, 0x58, 0x04, 0x03,
	0x09, 0x15, 0x29, 0x95, 0x26, 0x44, 0x18, 0x2E, 0x2E, 0x5D, 0x26, 0x25,
	0x09, 0x0D, 0x06, 0x04, 0x07, 0x4C, 0x44, 0x24, 0x0A, 0x07, 0x0B, 0x0A,
	0x0A, 0x0A, 0x09, 0x01, 0x0C, 0x0C, 0x01, 0x0A, 0x10, 0x10, 0x0A, 0x02,
	0x0B, 0x0C, 0x01, 0x0A, 0x14, 0x0B, 0x1E, 0x14, 0x3F, 0x36, 0x44, 0x23,
	0x09, 0x06, 0x01, 0x04, 0x03, 0x02, 0x02, 0x02, 0x01, 0x01, 0x01, 0x01,
	0x04, 0x03, 0x03, 0x05, 0x18, 0x12, 0x28, 0x15, 0x2E, 0x0B, 0x1F, 0x54,
	0x08, 0x07, 0x0C, 0x14, 0x13, 0x1A, 0x23, 0x18, 0x64, 0x43, 0x3E, 0x72,
	0x1B, 0x40, 0x01, 0x7B, 0x1E, 0x6B, 0x0E, 0x19, 0x14, 0x21, 0x0F, 0x1B,
	0x02, 0x1B, 0x0B, 0x24, 0x11, 0x1D, 0x0A, 0x41, 0x2B, 0x1A, 0x08, 0x11,
	0x07, 0x15, 0x00, 0x00, 0x00, 0x02, 0x00, 0x00, 0xFF, 0xC0, 0x05, 0x89,
	0x03, 0xC0, 0x00, 0x53, 0x00, 0x6A, 0x00, 0x00, 0x25, 0x2E, 0x01, 0x37,
	0x36, 0x26, 0x2F, 0x02, 0x37, 0x36, 0x26, 0x27, 0x2E, 0x01, 0x23, 0x2E,
	0x01, 0x27, 0x2E, 0x01, 0x33, 0x32, 0x36, 0x35, 0x34, 0x16, 0x17, 0x1E,
	0x01, 0x25, 0x36, 0x37, 0x32, 0x16, 0x17, 0x16, 0x17, 0x16, 0x36, 0x37,
	0x3E, 0x01, 0x15, 0x14, 0x16, 0x17, 0x1E, 0x01, 0x17, 0x1E, 0x01, 0x37,
	0x36, 0x16, 0x17, 0x16, 0x06, 0x23, 0x22, 0x06, 0x17, 0x32, 0x16, 0x17,
	0x16, 0x06, 0x07, 0x0E, 0x01, 0x07, 0x06, 0x16, 0x17, 0x1E, 0x01, 0x07,
	0x06, 0x07, 0x0E, 0x01, 0x27, 0x26, 0x27, 0x03, 0x3E, 0x01, 0x2F, 0x01,
	0x07, 0x0E, 0x01, 0x23, 0x22, 0x36, 0x37, 0x36, 0x26, 0x07, 0x0E, 0x01,
	0x1D, 0x01, 0x33, 0x32, 0x36, 0x37, 0x03, 0xD5, 0x08, 0x05, 0x03, 0x03,
	0x0B, 0x0A, 0x18, 0xF6, 0x08, 0x06, 0x23, 0x21, 0x0B, 0x7C, 0x7E, 0xEA,
	0x68, 0x0F, 0x0E, 0x02, 0x0E, 0x06, 0x07, 0x26, 0x11, 0x0D, 0x9C, 0x01,
	0x3E, 0x71, 0x59, 0x59, 0x7F, 0x24, 0x24, 0x07, 0x12, 0x1A, 0x16, 0x20,
	0x1B, 0x1B, 0x13, 0x12, 0x20, 0x04, 0x06, 0x0B, 0x18, 0x18, 0x11, 0x13,
	0x1B, 0x05, 0x23, 0x20, 0x10, 0x1F, 0x0A, 0x20, 0x0E, 0x16, 0x10, 0x3B,
	0x32, 0x2C, 0x0F, 0x1A, 0x08, 0x28, 0x2D, 0x07, 0x27, 0x0C, 0x2D, 0x2E,
	0x67, 0x2E, 0x2D, 0x0C, 0x4F, 0x0D, 0x06, 0x05, 0x0A, 0x0B, 0x09, 0x2A,
	0x13, 0x05, 0x06, 0x09, 0x24, 0x3D, 0x37, 0x13, 0x0E, 0x4E, 0x2E, 0x2A,
	0x0E, 0x2A, 0x03, 0x1B, 0x13, 0x11, 0x64, 0x35, 0x7F, 0x07, 0x28, 0x1E,
	0x4B, 0x19, 0x08, 0x08, 0x01, 0x12, 0x29, 0x27, 0x8E, 0x0C, 0x09, 0x14,
	0x02, 0x14, 0x0F, 0x05, 0x05, 0x01, 0x01, 0x01, 0x02, 0x03, 0x03, 0x08,
	0x06, 0x11, 0x19, 0x04, 0x15, 0x08, 0x24, 0x10, 0x11, 0x2B, 0x0D, 0x19,
	0x03, 0x10, 0x0F, 0x03, 0x16, 0x20, 0x14, 0x1A, 0x01, 0x0B, 0x07, 0x0D,
	0x07, 0x04, 0x04, 0x0F, 0x12, 0x20, 0x50, 0x63, 0x70, 0x8C, 0x11, 0x06,
	0x04, 0x03, 0x03, 0x02, 0x02, 0x05, 0x01, 0x95, 0x0F, 0x1C, 0x15, 0x25,
	0x28, 0x1D, 0x2C, 0x14, 0x0E, 0x37, 0x3D, 0x24, 0x0D, 0x1E, 0x20, 0x35,
	0x0B, 0x0F, 0x00, 0x00, 0x00, 0x06, 0x00, 0x00, 0xFF, 0xC0, 0x05, 0xB2,
	0x03, 0xC0, 0x01, 0x77, 0x01, 0x80, 0x01, 0x87, 0x01, 0x8F, 0x01, 0x99,
	0x01, 0xAD, 0x00, 0x00, 0x01, 0x22, 0x06, 0x07, 0x06, 0x07, 0x0E, 0x01,
	0x07, 0x06, 0x23, 0x22, 0x07, 0x22, 0x06, 0x23, 0x06, 0x07, 0x06, 0x26,
	0x27, 0x26, 0x06, 0x07, 0x0E, 0x01, 0x07, 0x0E, 0x01, 0x33, 0x32, 0x16,
	0x17, 0x1E, 0x01, 0x17, 0x30, 0x32, 0x31, 0x34, 0x32, 0x33, 0x38, 0x01,
	0x37, 0x38, 0x01, 0x31, 0x38, 0x01, 0x31, 0x36, 0x30, 0x35, 0x32, 0x34,
	0x31, 0x38, 0x01, 0x39, 0x01, 0x34, 0x30, 0x31, 0x32, 0x34, 0x31, 0x3C,
	0x01, 0x31, 0x38, 0x01, 0x33, 0x34, 0x36, 0x3B, 0x01, 0x32, 0x16, 0x15,
	0x38, 0x01, 0x31, 0x30, 0x14, 0x31, 0x30, 0x14, 0x31, 0x38, 0x01, 0x15,
	0x30, 0x14, 0x31, 0x30, 0x16, 0x15, 0x38, 0x01, 0x31, 0x38, 0x01, 0x31,
	0x14, 0x30, 0x31, 0x14, 0x32, 0x15, 0x38, 0x01, 0x31, 0x3A, 0x01, 0x33,
	0x38, 0x01, 0x31, 0x36, 0x30, 0x35, 0x30, 0x32, 0x35, 0x3C, 0x01, 0x37,
	0x30, 0x34, 0x33, 0x38, 0x01, 0x31, 0x3E, 0x01, 0x33, 0x36, 0x32, 0x33,
	0x3A, 0x01, 0x33, 0x32, 0x16, 0x33, 0x1E, 0x01, 0x15, 0x1E, 0x01, 0x15,
	0x3A, 0x01, 0x33, 0x38, 0x01, 0x33, 0x30, 0x34, 0x31, 0x32, 0x34, 0x35,
	0x38, 0x01, 0x31, 0x35, 0x26, 0x36, 0x3B, 0x01, 0x32, 0x16, 0x17, 0x38,
	0x01, 0x31, 0x14, 0x30, 0x15, 0x38, 0x01, 0x15, 0x31, 0x38, 0x01, 0x31,
	0x30, 0x14, 0x31, 0x30, 0x14, 0x33, 0x30, 0x14, 0x31, 0x30, 0x32, 0x15,
	0x3A, 0x01, 0x33, 0x31, 0x30, 0x36, 0x31, 0x38, 0x01, 0x33, 0x38, 0x01,
	0x39, 0x01, 0x38, 0x01, 0x31, 0x34, 0x30, 0x31, 0x3E, 0x01, 0x3B, 0x01,
	0x32, 0x16, 0x15, 0x31, 0x30, 0x14, 0x39, 0x01, 0x38, 0x01, 0x31, 0x32,
	0x14, 0x33, 0x30, 0x32, 0x31, 0x38, 0x01, 0x31, 0x38, 0x01, 0x31, 0x32,
	0x16, 0x33, 0x30, 0x36, 0x31, 0x32, 0x34, 0x31, 0x32, 0x34, 0x31, 0x38,
	0x01, 0x39, 0x01, 0x34, 0x36, 0x3B, 0x01, 0x30, 0x32, 0x33, 0x32, 0x16,
	0x33, 0x32, 0x16, 0x15, 0x30, 0x32, 0x31, 0x38, 0x01, 0x31, 0x38, 0x01,
	0x31, 0x30, 0x14, 0x31, 0x30, 0x16, 0x31, 0x14, 0x32, 0x31, 0x38, 0x01,
	0x31, 0x1E, 0x01, 0x17, 0x1E, 0x01, 0x17, 0x1E, 0x01, 0x15, 0x06, 0x15,
	0x14, 0x16, 0x15, 0x14, 0x1F, 0x01, 0x33, 0x35, 0x34, 0x36, 0x17, 0x16,
	0x36, 0x37, 0x3E, 0x01, 0x37, 0x36, 0x16, 0x17, 0x16, 0x17, 0x1E, 0x01,
	0x17, 0x16, 0x15, 0x14, 0x16, 0x33, 0x32, 0x37, 0x3E, 0x01, 0x37, 0x36,
	0x37, 0x36, 0x27, 0x2E, 0x01, 0x27, 0x26, 0x27, 0x2E, 0x01, 0x37, 0x3E,
	0x01, 0x33, 0x32, 0x36, 0x37, 0x36, 0x26, 0x27, 0x2E, 0x01, 0x35, 0x34,
	0x26, 0x23, 0x22, 0x26, 0x27, 0x2E, 0x01, 0x23, 0x05, 0x38, 0x01, 0x31,
	0x38, 0x01, 0x31, 0x38, 0x01, 0x17, 0x38, 0x01, 0x39, 0x01, 0x38, 0x01,
	0x39, 0x01, 0x38, 0x01, 0x31, 0x38, 0x01, 0x31, 0x33, 0x38, 0x01, 0x31,
	0x38, 0x01, 0x31, 0x38, 0x01, 0x31, 0x05, 0x32, 0x16, 0x1F, 0x01, 0x23,
	0x3F, 0x01, 0x36, 0x16, 0x07, 0x0E, 0x01, 0x33, 0x32, 0x36, 0x35, 0x34,
	0x36, 0x33, 0x05, 0x3F, 0x03, 0x0C, 0x08, 0x08, 0x1C, 0x1C, 0x6C, 0x53,
	0x54, 0x76, 0x59, 0x57, 0x58, 0x95, 0x37, 0x38, 0x19, 0x35, 0x59, 0x12,
	0x23, 0x2E, 0x06, 0x03, 0x13, 0x0D, 0x1F, 0x02, 0x1F, 0x0C, 0x13, 0x03,
	0x03, 0x0E, 0x13, 0x01, 0x01, 0x01, 0x01, 0x01, 0x01, 0x01, 0x01, 0x04,
	0x04, 0x11, 0x04, 0x05, 0x01, 0x01, 0x07, 0x0F, 0x08, 0x01, 0x01, 0x01,
	0x01, 0x01, 0x02, 0x02, 0x03, 0x05, 0x02, 0x01, 0x02, 0x01, 0x02, 0x04,
	0x02, 0x04, 0x04, 0x01, 0x02, 0x08, 0x0B, 0x06, 0x01, 0x01, 0x01, 0x02,
	0x03, 0x1F, 0x02, 0x02, 0x01, 0x01, 0x01, 0x07, 0x0A, 0x06, 0x01, 0x01,
	0x01, 0x04, 0x04, 0x14, 0x04, 0x05, 0x01, 0x01, 0x01, 0x07, 0x0C, 0x06,
	0x01, 0x01, 0x01, 0x05, 0x04, 0x0B, 0x01, 0x01, 0x02, 0x06, 0x03, 0x04,
	0x04, 0x01, 0x01, 0x01, 0x2C, 0x1B, 0x02, 0x02, 0x11, 0x0C, 0x2B, 0x29,
	0x01, 0x01, 0x01, 0x01, 0xA0, 0x0D, 0x0E, 0x06, 0x0F, 0x0E, 0x0F, 0x35,
	0x46, 0x42, 0x35, 0x09, 0x09, 0x10, 0x11, 0x20, 0x0B, 0x0C, 0x0D, 0x11,
	0x10, 0x24, 0x25, 0x4D, 0x1E, 0x1F, 0x03, 0x04, 0x0B, 0x0B, 0x24, 0x16,
	0x15, 0x12, 0x12, 0x18, 0x01, 0x01, 0x2F, 0x1E, 0x1C, 0x1A, 0x07, 0x05,
	0x07, 0x10, 0x0A, 0x10, 0x0B, 0x07, 0x08, 0x0F, 0x02, 0x02, 0x05, 0x04,
	0xFC, 0x1D, 0x1E, 0x01, 0x02, 0x80, 0x0F, 0x1A, 0x0D, 0x08, 0xF3, 0x08,
	0x39, 0x38, 0x15, 0x2A, 0x13, 0x09, 0x0A, 0x16, 0x39, 0x0C, 0x08, 0x03,
	0x98, 0x05, 0x05, 0x05, 0x03, 0x03, 0x04, 0x02, 0x01, 0x01, 0x02, 0x01,
	0x01, 0x01, 0x07, 0x07, 0x0E, 0x15, 0x21, 0x0C, 0x11, 0x02, 0x04, 0x41,
	0x0E, 0x0C, 0x0A, 0x0A, 0x03, 0x01, 0x01, 0x01, 0x01, 0x01, 0x01, 0x01,
	0x01, 0x01, 0x02, 0x02, 0x04, 0x02, 0x01, 0x01, 0x01, 0x01, 0x01, 0x01,
	0x01, 0x01, 0x01, 0x01, 0x01, 0x01, 0x01, 0x02, 0x01, 0x01, 0x01, 0x01,
	0x01, 0x01, 0x01, 0x04, 0x02, 0x01, 0x01, 0x01, 0x01, 0x01, 0x01, 0x01,
	0x01, 0x03, 0x01, 0x01, 0x01, 0x01, 0x01, 0x01, 0x01, 0x01, 0x01, 0x01,
	0x01, 0x02, 0x04, 0x04, 0x02, 0x01, 0x01, 0x01, 0x01, 0x01, 0x01, 0x02,
	0x04, 0x01, 0x04, 0x02, 0x01, 0x01, 0x01, 0x03, 0x0C, 0x0E, 0x0D, 0x13,
	0x02, 0x08, 0x41, 0x3C, 0x10, 0x1F, 0x20, 0x53, 0x30, 0x2F, 0x30, 0xE5,
	0xC4, 0x98, 0x71, 0x18, 0x09, 0x04, 0x11, 0x11, 0x0E, 0x06, 0x05, 0x04,
	0x0A, 0x0C, 0x24, 0x25, 0x55, 0x26, 0x26, 0x0D, 0x12, 0x0D, 0x06, 0x05,
	0x0E, 0x07, 0x07, 0x03, 0x04, 0x22, 0x21, 0x59, 0x2E, 0x2D, 0x1C, 0x1D,
	0x39, 0x0B, 0x18, 0x24, 0x30, 0x42, 0x2A, 0x20, 0x0C, 0x07, 0x15, 0x07,
	0x07, 0x0A, 0x0A, 0x07, 0x05, 0x05, 0xD4, 0x01, 0x42, 0x32, 0x33, 0x20,
	0x7E, 0x04, 0x04, 0x2B, 0x21, 0x10, 0x10, 0x3A, 0x17, 0x0B, 0x0F, 0x00,
	0x00, 0x02, 0x00, 0x00, 0xFF, 0xC0, 0x04, 0x66, 0x03, 0xC0, 0x00, 0x6D,
	0x01, 0xC8, 0x00, 0x00, 0x01, 0x22, 0x06, 0x07, 0x0E, 0x01, 0x07, 0x06,
	0x07, 0x0E, 0x01, 0x07, 0x06, 0x23, 0x22, 0x26, 0x27, 0x26, 0x06, 0x15,
	0x14, 0x06, 0x23, 0x22, 0x06, 0x15, 0x14, 0x16, 0x33, 0x32, 0x16, 0x17,
	0x1E, 0x01, 0x37, 0x36, 0x32, 0x17, 0x16, 0x36, 0x37, 0x36, 0x32, 0x17,
	0x1E, 0x01, 0x37, 0x36, 0x32, 0x17, 0x16, 0x32, 0x37, 0x36, 0x32, 0x17,
	0x16, 0x32, 0x37, 0x36, 0x32, 0x17, 0x1E, 0x01, 0x33, 0x32, 0x16, 0x17,
	0x1E, 0x01, 0x17, 0x1E, 0x01, 0x17, 0x1E, 0x01, 0x17, 0x1E, 0x01, 0x17,
	0x1E, 0x01, 0x07, 0x06, 0x16, 0x17, 0x16, 0x36, 0x37, 0x36, 0x26, 0x27,
	0x2E, 0x01, 0x37, 0x3E, 0x01, 0x37, 0x3E, 0x01, 0x35, 0x34, 0x26, 0x27,
	0x2E, 0x01, 0x35, 0x34, 0x26, 0x23, 0x01, 0x31, 0x30, 0x32, 0x31, 0x3A,
	0x01, 0x33, 0x30, 0x32, 0x33, 0x30, 0x32, 0x33, 0x31, 0x30, 0x32, 0x39,
	0x01, 0x32, 0x16, 0x31, 0x32, 0x16, 0x07, 0x0E, 0x01, 0x07, 0x38, 0x01,
	0x31, 0x30, 0x22, 0x15, 0x22, 0x06, 0x23, 0x0E, 0x01, 0x07, 0x22, 0x06,
	0x23, 0x22, 0x06, 0x23, 0x06, 0x22, 0x23, 0x06, 0x30, 0x31, 0x0E, 0x01,
	0x23, 0x0E, 0x01, 0x07, 0x2A, 0x01, 0x23, 0x2A, 0x01, 0x23, 0x2A, 0x01,
	0x23, 0x2A, 0x01, 0x23, 0x2A, 0x01, 0x23, 0x26, 0x22, 0x27, 0x2A, 0x01,
	0x23, 0x2A, 0x01, 0x31, 0x2A, 0x01, 0x27, 0x2A, 0x01, 0x31, 0x2A, 0x01,
	0x31, 0x22, 0x30, 0x39, 0x01, 0x22, 0x26, 0x31, 0x2A, 0x01, 0x23, 0x2A,
	0x01, 0x23, 0x26, 0x22, 0x23, 0x22, 0x26, 0x31, 0x30, 0x22, 0x31, 0x2A,
	0x01, 0x27, 0x22, 0x26, 0x27, 0x30, 0x22, 0x31, 0x30, 0x22, 0x35, 0x2A,
	0x01, 0x23, 0x34, 0x22, 0x27, 0x2E, 0x01, 0x27, 0x30, 0x26, 0x23, 0x2E,
	0x01, 0x27, 0x26, 0x36, 0x33, 0x32, 0x16, 0x07, 0x14, 0x06, 0x07, 0x0E,
	0x01, 0x07, 0x38, 0x01, 0x15, 0x38, 0x01, 0x31, 0x38, 0x01, 0x31, 0x30,
	0x22, 0x31, 0x14, 0x22, 0x15, 0x38, 0x01, 0x31, 0x30, 0x14, 0x31, 0x30,
	0x16, 0x31, 0x38, 0x01, 0x31, 0x32, 0x16, 0x31, 0x3A, 0x01, 0x33, 0x30,
	0x32, 0x33, 0x14, 0x32, 0x33, 0x30, 0x32, 0x33, 0x32, 0x36, 0x33, 0x30,
	0x32, 0x31, 0x38, 0x01, 0x31, 0x32, 0x36, 0x33, 0x36, 0x32, 0x37, 0x3A,
	0x01, 0x37, 0x32, 0x36, 0x33, 0x36, 0x32, 0x37, 0x32, 0x36, 0x33, 0x32,
	0x34, 0x33, 0x30, 0x36, 0x37, 0x30, 0x36, 0x35, 0x3E, 0x01, 0x31, 0x36,
	0x30, 0x31, 0x36, 0x30, 0x31, 0x34, 0x36, 0x37, 0x34, 0x36, 0x37, 0x34,
	0x36, 0x37, 0x34, 0x36, 0x35, 0x32, 0x36, 0x35, 0x30, 0x34, 0x33, 0x30,
	0x34, 0x31, 0x34, 0x36, 0x37, 0x34, 0x36, 0x35, 0x3E, 0x01, 0x37, 0x34,
	0x36, 0x35, 0x3E, 0x01, 0x35, 0x38, 0x01, 0x31, 0x30, 0x34, 0x35, 0x38,
	0x01, 0x31, 0x30, 0x34, 0x33, 0x3C, 0x01, 0x35, 0x3C, 0x01, 0x35, 0x30,
	0x34, 0x35, 0x30, 0x34, 0x35, 0x38, 0x01, 0x31, 0x38, 0x01, 0x31, 0x3C,
	0x01, 0x37, 0x30, 0x34, 0x31, 0x38, 0x01, 0x31, 0x3C, 0x01, 0x31, 0x3C,
	0x01, 0x37, 0x3C, 0x01, 0x35, 0x34, 0x36, 0x35, 0x36, 0x34, 0x37, 0x34,
	0x36, 0x33, 0x34, 0x36, 0x33, 0x34, 0x36, 0x37, 0x32, 0x36, 0x33, 0x34,
	0x32, 0x33, 0x32, 0x30, 0x33, 0x04, 0x0D, 0x09, 0x1A, 0x14, 0x20, 0x35,
	0x05, 0x03, 0x20, 0x21, 0x6C, 0x47, 0x48, 0x4F, 0xFA, 0x8C, 0x07, 0x0A,
	0x2F, 0x0C, 0x08, 0x0B, 0x09, 0x13, 0x1C, 0x10, 0x13, 0x04, 0x05, 0x0B,
	0x0B, 0x0B, 0x0C, 0x05, 0x05, 0x0A, 0x06, 0x07, 0x0B, 0x09, 0x09, 0x10,
	0x08, 0x09, 0x0C, 0x05, 0x05, 0x0C, 0x0A, 0x09, 0x0D, 0x05, 0x05, 0x0C,
	0x09, 0x0A, 0x0C, 0x05, 0x03, 0x14, 0x0A, 0x0E, 0x0F, 0x05, 0x0B, 0x3F,
	0x6B, 0x34, 0x53, 0x07, 0x06, 0x0E, 0x03, 0x03, 0x10, 0x08, 0x08, 0x05,
	0x05, 0x17, 0x23, 0x35, 0x8D, 0x5B, 0x0D, 0x12, 0x17, 0x2B, 0x13, 0x18,
	0x03, 0x03, 0x1F, 0x14, 0x1A, 0x15, 0x24, 0x0E, 0x07, 0x0A, 0x08, 0x0E,
	0xFE, 0x90, 0x01, 0x01, 0x01, 0x01, 0x02, 0x01, 0x02, 0x01, 0x01, 0x01,
	0x03, 0x0F, 0x19, 0x07, 0x02, 0x06, 0x05, 0x01, 0x01, 0x02, 0x01, 0x01,
	0x02, 0x01, 0x01, 0x02, 0x01, 0x01, 0x02, 0x01, 0x01, 0x02, 0x01, 0x01,
	0x03, 0x06, 0x03, 0x03, 0x07, 0x04, 0x03, 0x07, 0x03, 0x03, 0x07, 0x03,
	0x03, 0x07, 0x04, 0x03, 0x07, 0x04, 0x03, 0x08, 0x03, 0x04, 0x07, 0x03,
	0x01, 0x02, 0x01, 0x01, 0x02, 0x01, 0x01, 0x01, 0x01, 0x01, 0x01, 0x01,
	0x01, 0x01, 0x01, 0x02, 0x02, 0x01, 0x02, 0x02, 0x01, 0x01, 0x03, 0x01,
	0x01, 0x02, 0x01, 0x01, 0x02, 0x01, 0x02, 0x04, 0x02, 0x01, 0x01, 0x01,
	0x01, 0x01, 0x01, 0x01, 0x07, 0x0F, 0x07, 0x01, 0x01, 0x0A, 0x0E, 0x03,
	0x0B, 0x20, 0x3C, 0x37, 0x14, 0x01, 0x0B, 0x07, 0x04, 0x0A, 0x06, 0x01,
	0x01, 0x01, 0x01, 0x01, 0x01, 0x01, 0x01, 0x02, 0x01, 0x02, 0x01, 0x01,
	0x01, 0x01, 0x03, 0x01, 0x01, 0x01, 0x03, 0x01, 0x01, 0x02, 0x01, 0x01,
	0x02, 0x01, 0x01, 0x01, 0x01, 0x01, 0x01, 0x01, 0x01, 0x01, 0x01, 0x01,
	0x01, 0x01, 0x01, 0x02, 0x01, 0x01, 0x01, 0x01, 0x01, 0x01, 0x01, 0x01,
	0x01, 0x01, 0x02, 0x01, 0x01, 0x01, 0x01, 0x01, 0x01, 0x01, 0x01, 0x01,
	0x01, 0x01, 0x01, 0x01, 0x01, 0x01, 0x01, 0x01, 0x01, 0x01, 0x01, 0x01,
	0x01, 0x01, 0x01, 0x01, 0x02, 0x01, 0x02, 0x01, 0x01, 0x01, 0x03, 0x48,
	0x02, 0x02, 0x04, 0x0B, 0x05, 0x03, 0x02, 0x02, 0x03, 0x01, 0x01, 0x07,
	0x0E, 0x12, 0x0D, 0x15, 0x07, 0x0B, 0x1B, 0x21, 0x3B, 0x2A, 0x10, 0x13,
	0x15, 0x07, 0x09, 0x08, 0x09, 0x08, 0x01, 0x0A, 0x0B, 0x09, 0x09, 0x01,
	0x07, 0x07, 0x08, 0x08, 0x08, 0x08, 0x08, 0x08, 0x08, 0x08, 0x07, 0x06,
	0x08, 0x18, 0x1F, 0x41, 0x26, 0x08, 0x03, 0x0E, 0x05, 0x06, 0x22, 0x11,
	0x12, 0x4B, 0x22, 0x23, 0x36, 0x03, 0x0D, 0x13, 0x04, 0x09, 0x04, 0x10,
	0x15, 0x89, 0x7F, 0x3A, 0x5E, 0x08, 0x07, 0x17, 0x08, 0x0B, 0x17, 0x12,
	0x2B, 0x82, 0x05, 0x03, 0x12, 0x0B, 0x0B, 0x0A, 0xFE, 0xDE, 0x01, 0x49,
	0x16, 0x06, 0x08, 0x03, 0x01, 0x02, 0x01, 0x01, 0x01, 0x01, 0x01, 0x01,
	0x01, 0x01, 0x02, 0x01, 0x01, 0x01, 0x01, 0x01, 0x01, 0x01, 0x01, 0x01,
	0x01, 0x01, 0x01, 0x01, 0x01, 0x01, 0x01, 0x05, 0x04, 0x01, 0x06, 0x10,
	0x0A, 0x2D, 0x1C, 0x0A, 0x1B, 0x0F, 0x23, 0x0A, 0x05, 0x07, 0x02, 0x01,
	0x01, 0x01, 0x01, 0x01, 0x01, 0x01, 0x01, 0x01, 0x01, 0x01, 0x01, 0x01,
	0x01, 0x01, 0x01, 0x01, 0x01, 0x01, 0x01, 0x01, 0x01, 0x01, 0x01, 0x01,
	0x01, 0x01, 0x01, 0x01, 0x02, 0x01, 0x01, 0x02, 0x01, 0x01, 0x02, 0x01,
	0x02, 0x01, 0x01, 0x01, 0x01, 0x02, 0x02, 0x01, 0x03, 0x01, 0x02, 0x03,
	0x01, 0x02, 0x04, 0x01, 0x02, 0x03, 0x02, 0x01, 0x01, 0x01, 0x01, 0x01,
	0x01, 0x01, 0x01, 0x01, 0x01, 0x01, 0x01, 0x01, 0x03, 0x04, 0x02, 0x01,
	0x01, 0x01, 0x01, 0x03, 0x01, 0x01, 0x02, 0x01, 0x01, 0x02, 0x01, 0x01,
	0x01, 0x01, 0x01, 0x01, 0x01, 0x01, 0x01, 0x01, 0x01, 0x02, 0x01, 0x00,
	0x00, 0x04, 0x00, 0x00, 0xFF, 0xC0, 0x07, 0xC5, 0x03, 0xC0, 0x00, 0x57,
	0x00, 0x6D, 0x00, 0xBC, 0x00, 0xD8, 0x00, 0x00, 0x25, 0x34, 0x36, 0x37,
	0x36, 0x27, 0x2E, 0x01, 0x27, 0x26, 0x27, 0x2E, 0x01, 0x35, 0x34, 0x26,
	0x27, 0x26, 0x06, 0x07, 0x22, 0x26, 0x27, 0x2E, 0x01, 0x35, 0x34, 0x26,
	0x27, 0x2E, 0x01, 0x37, 0x36, 0x26, 0x23, 0x22, 0x26, 0x35, 0x34, 0x36,
	0x37, 0x3E, 0x01, 0x17, 0x16, 0x17, 0x16, 0x32, 0x37, 0x36, 0x37, 0x36,
	0x16, 0x17, 0x1E, 0x01, 0x37, 0x36, 0x16, 0x07, 0x06, 0x16, 0x17, 0x1E,
	0x01, 0x23, 0x22, 0x06, 0x15, 0x14, 0x16, 0x17, 0x1E, 0x01, 0x23, 0x22,
	0x06, 0x17, 0x1E, 0x01, 0x07, 0x06, 0x07, 0x0E, 0x01, 0x27, 0x26, 0x35,
	0x03, 0x3E, 0x01, 0x27, 0x2E, 0x01, 0x07, 0x0E, 0x01, 0x07, 0x06, 0x26,
	0x37, 0x36, 0x26, 0x23, 0x22, 0x06, 0x17, 0x16, 0x32, 0x37, 0x01, 0x34,
	0x36, 0x37, 0x36, 0x27, 0x2E, 0x01, 0x27, 0x26, 0x27, 0x2E, 0x01, 0x27,
	0x2E, 0x01, 0x2F, 0x01, 0x23, 0x22, 0x26, 0x27, 0x2E, 0x01, 0x2F, 0x02,
	0x2E, 0x01, 0x27, 0x22, 0x26, 0x35, 0x34, 0x26, 0x27, 0x2E, 0x01, 0x35,
	0x34, 0x36, 0x17, 0x1E, 0x01, 0x37, 0x24, 0x32, 0x17, 0x1E, 0x01, 0x07,
	0x06, 0x16, 0x17, 0x16, 0x14, 0x07, 0x0E, 0x01, 0x17, 0x1E, 0x01, 0x17,
	0x16, 0x06, 0x23, 0x22, 0x06, 0x17, 0x1E, 0x01, 0x07, 0x06, 0x07, 0x0E,
	0x01, 0x23, 0x22, 0x35, 0x03, 0x3E, 0x01, 0x27, 0x2E, 0x01, 0x23, 0x22,
	0x06, 0x07, 0x0E, 0x01, 0x23, 0x22, 0x36, 0x37, 0x3E, 0x01, 0x35, 0x34,
	0x26, 0x23, 0x22, 0x06, 0x17, 0x16, 0x36, 0x37, 0x03, 0x07, 0x07, 0x05,
	0x06, 0x03, 0x03, 0x10, 0x0B, 0x0A, 0x09, 0x07, 0x0B, 0x2D, 0x0D, 0x06,
	0x33, 0x1E, 0x1E, 0x47, 0x14, 0x23, 0x0F, 0x2D, 0x7B, 0x86, 0x48, 0x04,
	0x02, 0x08, 0x0B, 0x0A, 0x0A, 0x10, 0x13, 0x12, 0x18, 0x07, 0x06, 0x3B,
	0x3C, 0xAA, 0x60, 0x61, 0x4F, 0x43, 0x5F, 0x0F, 0x0E, 0x25, 0x0C, 0x15,
	0x06, 0x05, 0x06, 0x0A, 0x15, 0x1F, 0x03, 0x18, 0x15, 0x2E, 0x1B, 0x13,
	0x25, 0x0E, 0x19, 0x12, 0x01, 0x12, 0x08, 0x06, 0x04, 0x06, 0x1E, 0x1E,
	0x43, 0x1B, 0x1B, 0x88, 0x0F, 0x0A, 0x04, 0x09, 0x43, 0x0B, 0x04, 0x16,
	0x0C, 0x15, 0x02, 0x11, 0x19, 0x03, 0x1A, 0x3A, 0x24, 0x2D, 0x1C, 0x6C,
	0x1B, 0x04, 0x7D, 0x07, 0x05, 0x05, 0x03, 0x03, 0x0E, 0x08, 0x09, 0x07,
	0x04, 0x0B, 0x04, 0x04, 0x11, 0x08, 0x13, 0x5A, 0x25, 0x50, 0x13, 0x21,
	0x0F, 0x03, 0x04, 0xAB, 0x46, 0x6B, 0x04, 0x04, 0x06, 0x0B, 0x08, 0x08,
	0x0C, 0x43, 0x15, 0x0A, 0x9B, 0xB2, 0x01, 0x22, 0x5B, 0x35, 0x28, 0x0E,
	0x06, 0x07, 0x1D, 0x1D, 0x15, 0x13, 0x47, 0x0E, 0x2A, 0x13, 0x20, 0x03,
	0x05, 0x07, 0x10, 0x17, 0x01, 0x14, 0x09, 0x05, 0x05, 0x06, 0x1E, 0x1E,
	0x44, 0x1B, 0x1B, 0x85, 0x13, 0x04, 0x0A, 0x06, 0x0E, 0x04, 0x0C, 0x2A,
	0x11, 0x0A, 0x15, 0x07, 0x06, 0x04, 0x09, 0x09, 0x0D, 0x0C, 0x10, 0x34,
	0x25, 0x29, 0x1E, 0x6F, 0x1A, 0x22, 0x06, 0x0C, 0x03, 0x04, 0x21, 0x22,
	0x4E, 0x22, 0x22, 0x04, 0x05, 0x1A, 0x0F, 0x27, 0x94, 0x01, 0x01, 0x01,
	0x01, 0x0B, 0x08, 0x0F, 0x17, 0x29, 0x35, 0x14, 0x02, 0x01, 0x14, 0x21,
	0x13, 0x11, 0x12, 0x12, 0x14, 0x18, 0x09, 0x08, 0x02, 0x07, 0x06, 0x03,
	0x03, 0x03, 0x02, 0x06, 0x05, 0x02, 0x06, 0x05, 0x07, 0x01, 0x01, 0x0E,
	0x1E, 0x1D, 0x1E, 0x15, 0x1E, 0x10, 0x2E, 0x15, 0x08, 0x4F, 0x2F, 0x5C,
	0x72, 0x27, 0x56, 0x26, 0x3B, 0x04, 0x05, 0x05, 0x05, 0x05, 0x01, 0x01,
	0x05, 0x01, 0xFC, 0x0A, 0x18, 0x12, 0x31, 0x0B, 0x2F, 0x0D, 0x1B, 0x07,
	0x0B, 0x03, 0x13, 0x1C, 0x44, 0x5D, 0x1F, 0x14, 0x13, 0xFE, 0x02, 0x05,
	0x0E, 0x05, 0x05, 0x21, 0x21, 0x4C, 0x21, 0x20, 0x05, 0x02, 0x1F, 0x13,
	0x13, 0x44, 0x1C, 0x45, 0x0C, 0x08, 0x0D, 0x19, 0x2C, 0x3E, 0x09, 0x03,
	0x06, 0x01, 0x18, 0x0F, 0x10, 0x1B, 0x03, 0x03, 0x16, 0x0C, 0x1D, 0x24,
	0x11, 0x08, 0x03, 0x06, 0x09, 0x09, 0x07, 0x0D, 0x1B, 0x21, 0x3B, 0x0B,
	0x08, 0x06, 0x06, 0x18, 0x3E, 0x6B, 0x33, 0x65, 0x14, 0x20, 0x11, 0x1E,
	0x58, 0x28, 0x3D, 0x05, 0x06, 0x05, 0x06, 0x06, 0x06, 0x02, 0x01, 0x10,
	0x16, 0x1C, 0x12, 0x19, 0x29, 0x1C, 0x0F, 0x15, 0x0D, 0x0B, 0x0A, 0x22,
	0x0F, 0x14, 0x0F, 0x60, 0x1C, 0x15, 0x02, 0x15, 0x00, 0x06, 0x00, 0x00,
	0xFF, 0xC0, 0x07, 0x80, 0x03, 0xC0, 0x01, 0xDA, 0x01, 0xE4, 0x01, 0xF0,
	0x02, 0x05, 0x02, 0x9A, 0x02, 0xA4, 0x00, 0x00, 0x13, 0x31, 0x0E, 0x01,
	0x15, 0x14, 0x06, 0x23, 0x22, 0x06, 0x15, 0x14, 0x16, 0x37, 0x36, 0x16,
	0x15, 0x14, 0x16, 0x33, 0x32, 0x36, 0x35, 0x34, 0x36, 0x37, 0x36, 0x16,
	0x1D, 0x01, 0x33, 0x27, 0x26, 0x36, 0x17, 0x1E, 0x01, 0x07, 0x14, 0x06,
	0x07, 0x0E, 0x01, 0x07, 0x14, 0x16, 0x17, 0x16, 0x36, 0x37, 0x3E, 0x01,
	0x37, 0x3E, 0x01, 0x15, 0x14, 0x16, 0x33, 0x32, 0x36, 0x35, 0x34, 0x16,
	0x17, 0x1E, 0x01, 0x37, 0x3E, 0x01, 0x37, 0x36, 0x16, 0x17, 0x1E, 0x01,
	0x17, 0x16, 0x36, 0x37, 0x3E, 0x01, 0x35, 0x34, 0x26, 0x27, 0x2E, 0x01,
	0x35, 0x34, 0x36, 0x37, 0x36, 0x16, 0x17, 0x16, 0x17, 0x1E, 0x01, 0x17,
	0x16, 0x17, 0x1E, 0x01, 0x37, 0x3E, 0x01, 0x35, 0x27, 0x25, 0x2E, 0x01,
	0x27, 0x2E, 0x01, 0x07, 0x0E, 0x01, 0x07, 0x14, 0x16, 0x1D, 0x01, 0x14,
	0x22, 0x3D, 0x01, 0x38, 0x01, 0x31, 0x30, 0x34, 0x27, 0x30, 0x34, 0x31,
	0x34, 0x30, 0x27, 0x38, 0x01, 0x31, 0x2E, 0x01, 0x27, 0x22, 0x30, 0x23,
	0x38, 0x01, 0x31, 0x38, 0x01, 0x31, 0x38, 0x01, 0x31, 0x14, 0x22, 0x31,
	0x22, 0x06, 0x31, 0x38, 0x01, 0x31, 0x06, 0x14, 0x31, 0x30, 0x06, 0x31,
	0x30, 0x14, 0x39, 0x01, 0x14, 0x06, 0x27, 0x30, 0x22, 0x31, 0x23, 0x2A,
	0x01, 0x23, 0x30, 0x22, 0x31, 0x2A, 0x01, 0x23, 0x30, 0x22, 0x31, 0x2A,
	0x01, 0x23, 0x2A, 0x01, 0x23, 0x30, 0x22, 0x35, 0x23, 0x2A, 0x01, 0x23,
	0x30, 0x22, 0x31, 0x23, 0x22, 0x26, 0x27, 0x30, 0x34, 0x31, 0x38, 0x01,
	0x31, 0x22, 0x34, 0x31, 0x30, 0x34, 0x31, 0x38, 0x01, 0x31, 0x34, 0x22,
	0x31, 0x38, 0x01, 0x31, 0x34, 0x30, 0x31, 0x38, 0x01, 0x35, 0x22, 0x30,
	0x31, 0x38, 0x01, 0x31, 0x34, 0x22, 0x31, 0x38, 0x01, 0x35, 0x30, 0x22,
	0x31, 0x38, 0x01, 0x31, 0x30, 0x34, 0x23, 0x38, 0x01, 0x39, 0x01, 0x2A,
	0x01, 0x23, 0x38, 0x01, 0x31, 0x30, 0x22, 0x31, 0x38, 0x01, 0x07, 0x30,
	0x06, 0x31, 0x30, 0x14, 0x23, 0x30, 0x14, 0x31, 0x30, 0x06, 0x31, 0x30,
	0x14, 0x31, 0x30, 0x14, 0x31, 0x38, 0x01, 0x15, 0x30, 0x22, 0x39, 0x01,
	0x14, 0x06, 0x27, 0x2A, 0x01, 0x2B, 0x01, 0x22, 0x26, 0x27, 0x38, 0x01,
	0x35, 0x38, 0x01, 0x35, 0x22, 0x34, 0x31, 0x30, 0x34, 0x23, 0x30, 0x34,
	0x31, 0x22, 0x30, 0x31, 0x26, 0x30, 0x23, 0x38, 0x01, 0x31, 0x2A, 0x01,
	0x23, 0x31, 0x30, 0x22, 0x31, 0x30, 0x22, 0x15, 0x30, 0x22, 0x31, 0x06,
	0x30, 0x07, 0x30, 0x14, 0x23, 0x14, 0x30, 0x07, 0x38, 0x01, 0x15, 0x38,
	0x01, 0x23, 0x0E, 0x01, 0x2B, 0x01, 0x22, 0x26, 0x27, 0x38, 0x01, 0x31,
	0x38, 0x01, 0x23, 0x30, 0x34, 0x31, 0x30, 0x34, 0x23, 0x30, 0x34, 0x31,
	0x30, 0x22, 0x35, 0x30, 0x22, 0x31, 0x30, 0x34, 0x23, 0x38, 0x01, 0x39,
	0x01, 0x0E, 0x01, 0x07, 0x30, 0x06, 0x23, 0x30, 0x22, 0x31, 0x2A, 0x01,
	0x15, 0x22, 0x06, 0x07, 0x30, 0x06, 0x31, 0x38, 0x01, 0x31, 0x0E, 0x01,
	0x15, 0x06, 0x14, 0x07, 0x30, 0x06, 0x15, 0x0E, 0x01, 0x07, 0x0E, 0x01,
	0x23, 0x0E, 0x01, 0x23, 0x2A, 0x01, 0x23, 0x2A, 0x01, 0x27, 0x2A, 0x01,
	0x23, 0x38, 0x01, 0x31, 0x22, 0x30, 0x31, 0x23, 0x2A, 0x01, 0x23, 0x30,
	0x22, 0x31, 0x06, 0x23, 0x06, 0x26, 0x27, 0x26, 0x27, 0x2E, 0x01, 0x27,
	0x2E, 0x01, 0x07, 0x05, 0x38, 0x01, 0x31, 0x38, 0x01, 0x15, 0x34, 0x30,
	0x31, 0x05, 0x33, 0x15, 0x14, 0x06, 0x07, 0x06, 0x26, 0x27, 0x2E, 0x01,
	0x35, 0x27, 0x32, 0x16, 0x33, 0x1E, 0x01, 0x17, 0x16, 0x06, 0x07, 0x0E,
	0x01, 0x27, 0x22, 0x26, 0x27, 0x2E, 0x01, 0x37, 0x3E, 0x01, 0x05, 0x3A,
	0x01, 0x33, 0x32, 0x16, 0x17, 0x1E, 0x01, 0x17, 0x16, 0x06, 0x07, 0x0E,
	0x01, 0x07, 0x38, 0x01, 0x31, 0x14, 0x06, 0x15, 0x30, 0x32, 0x31, 0x30,
	0x16, 0x33, 0x38, 0x01, 0x31, 0x32, 0x36, 0x33, 0x3A, 0x01, 0x37, 0x38,
	0x01, 0x33, 0x32, 0x36, 0x33, 0x30, 0x32, 0x37, 0x3E, 0x01, 0x37, 0x3E,
	0x01, 0x37, 0x32, 0x34, 0x31, 0x32, 0x36, 0x35, 0x3E, 0x01, 0x35, 0x3E,
	0x01, 0x35, 0x38, 0x01, 0x31, 0x3E, 0x01, 0x35, 0x3E, 0x01, 0x17, 0x32,
	0x16, 0x17, 0x1E, 0x01, 0x07, 0x0E, 0x01, 0x07, 0x30, 0x06, 0x31, 0x0E,
	0x01, 0x07, 0x2A, 0x01, 0x23, 0x14, 0x22, 0x31, 0x22, 0x06, 0x31, 0x2A,
	0x01, 0x07, 0x22, 0x06, 0x23, 0x22, 0x06, 0x23, 0x2A, 0x01, 0x07, 0x2A,
	0x01, 0x35, 0x0E, 0x01, 0x07, 0x22, 0x06, 0x23, 0x2A, 0x01, 0x23, 0x30,
	0x22, 0x31, 0x06, 0x22, 0x23, 0x22, 0x06, 0x23, 0x2A, 0x01, 0x23, 0x2A,
	0x01, 0x23, 0x2A, 0x01, 0x2B, 0x01, 0x30, 0x26, 0x31, 0x22, 0x26, 0x27,
	0x26, 0x36, 0x37, 0x17, 0x30, 0x14, 0x31, 0x38, 0x01, 0x31, 0x30, 0x34,
	0x31, 0xA4, 0x13, 0x27, 0x1A, 0x23, 0x1C, 0x11, 0x0E, 0x16, 0x27, 0x1F,
	0x07, 0x06, 0x05, 0x08, 0x13, 0x15, 0x31, 0x1E, 0x51, 0x03, 0x03, 0x22,
	0x48, 0x52, 0x28, 0x01, 0x1C, 0x14, 0x13, 0x1C, 0x01, 0x12, 0x0E, 0x32,
	0x1F, 0x0C, 0x06, 0x23, 0x12, 0x20, 0x1B, 0x08, 0x05, 0x06, 0x07, 0x1B,
	0x1F, 0x16, 0x29, 0x2A, 0x1C, 0x35, 0x09, 0x0C, 0x17, 0x13, 0x0E, 0x18,
	0x03, 0x05, 0x16, 0x29, 0x19, 0x23, 0x1F, 0x16, 0x16, 0x1F, 0x4C, 0x41,
	0x3A, 0x39, 0x2A, 0x0D, 0x1C, 0x1B, 0x48, 0x2A, 0x29, 0x29, 0x51, 0x88,
	0x0D, 0x19, 0x07, 0x01, 0xFE, 0xE6, 0xC2, 0x6B, 0x29, 0x85, 0x4B, 0x0C,
	0x07, 0x0A, 0x02, 0x01, 0x0C, 0x01, 0x01, 0x05, 0x21, 0x1E, 0x01, 0x01,
	0x01, 0x01, 0x01, 0x01, 0x01, 0x09, 0x09, 0x01, 0x01, 0x01, 0x01, 0x01,
	0x01, 0x01, 0x01, 0x01, 0x02, 0x01, 0x01, 0x01, 0x01, 0x01, 0x01, 0x01,
	0x03, 0x01, 0x01, 0x01, 0x02, 0x02, 0x07, 0x08, 0x01, 0x01, 0x01, 0x01,
	0x01, 0x01, 0x01, 0x0A, 0x13, 0x0B, 0x01, 0x01, 0x01, 0x01, 0x01, 0x01,
	0x09, 0x08, 0x02, 0x06, 0x03, 0x12, 0x08, 0x09, 0x01, 0x01, 0x01, 0x01,
	0x01, 0x01, 0x0C, 0x1A, 0x0A, 0x01, 0x01, 0x01, 0x01, 0x01, 0x01, 0x01,
	0x01, 0x01, 0x08, 0x07, 0x20, 0x06, 0x07, 0x02, 0x01, 0x01, 0x01, 0x01,
	0x01, 0x0E, 0x16, 0x07, 0x01, 0x01, 0x01, 0x01, 0x01, 0x01, 0x01, 0x01,
	0x01, 0x01, 0x01, 0x01, 0x01, 0x02, 0x01, 0x01, 0x01, 0x01, 0x02, 0x02,
	0x01, 0x03, 0x02, 0x01, 0x04, 0x02, 0x01, 0x04, 0x02, 0x01, 0x03, 0x01,
	0x01, 0x32, 0x04, 0x07, 0x04, 0x01, 0x26, 0x2D, 0x2D, 0x50, 0x1E, 0x1E,
	0x0A, 0x0A, 0x13, 0x03, 0x05, 0x0F, 0x09, 0x02, 0xB3, 0x02, 0xF4, 0xEE,
	0x09, 0x0E, 0x15, 0x16, 0x42, 0x3B, 0x2E, 0x82, 0x05, 0x0F, 0x08, 0x23,
	0x16, 0x03, 0x01, 0x06, 0x07, 0x06, 0x0F, 0x03, 0x04, 0x15, 0x0C, 0x1E,
	0x1C, 0x07, 0x05, 0x0E, 0xFD, 0x72, 0x04, 0x0A, 0x06, 0x06, 0x0F, 0x08,
	0x22, 0x1A, 0x03, 0x02, 0x0B, 0x0A, 0x02, 0x03, 0x02, 0x01, 0x01, 0x01,
	0x01, 0x01, 0x03, 0x01, 0x01, 0x03, 0x01, 0x01, 0x01, 0x01, 0x01, 0x01,
	0x01, 0x03, 0x05, 0x02, 0x03, 0x06, 0x02, 0x01, 0x01, 0x01, 0x01, 0x01,
	0x01, 0x01, 0x04, 0x04, 0x01, 0x01, 0x02, 0x02, 0x08, 0x06, 0x0B, 0x02,
	0x08, 0x06, 0x0A, 0x04, 0x01, 0x02, 0x06, 0x02, 0x01, 0x02, 0x01, 0x01,
	0x01, 0x02, 0x01, 0x02, 0x01, 0x01, 0x03, 0x01, 0x02, 0x03, 0x01, 0x02,
	0x03, 0x01, 0x01, 0x01, 0x02, 0x04, 0x02, 0x03, 0x07, 0x03, 0x03, 0x06,
	0x03, 0x01, 0x01, 0x02, 0x01, 0x01, 0x03, 0x01, 0x01, 0x02, 0x02, 0x01,
	0x03, 0x02, 0x02, 0x04, 0x01, 0x02, 0x01, 0x14, 0x22, 0x0A, 0x0F, 0x09,
	0x1F, 0x4F, 0x03, 0x72, 0x01, 0x42, 0x2F, 0x28, 0x1D, 0x0B, 0x11, 0x10,
	0x0A, 0x03, 0x04, 0x1C, 0x26, 0x13, 0x1B, 0x0F, 0x0A, 0x0D, 0x0F, 0x03,
	0x07, 0x40, 0x74, 0x86, 0x84, 0x78, 0x3B, 0x01, 0x02, 0x1B, 0x36, 0x19,
	0x95, 0x4F, 0x4F, 0x7C, 0x08, 0x07, 0x11, 0x04, 0x0F, 0x0F, 0x2C, 0x17,
	0x85, 0x46, 0x7B, 0x4A, 0x23, 0x09, 0x0D, 0x0C, 0x08, 0x15, 0x04, 0x19,
	0x10, 0x09, 0x03, 0x02, 0x09, 0x04, 0x06, 0x1C, 0x2D, 0x1F, 0x3B, 0x09,
	0x0F, 0x03, 0x17, 0x0E, 0x1A, 0x04, 0x05, 0x3B, 0x25, 0x26, 0x3E, 0x06,
	0x18, 0x27, 0x09, 0x08, 0x04, 0x10, 0x05, 0x0B, 0x0A, 0x1B, 0x10, 0x0F,
	0x10, 0x1F, 0x2A, 0x02, 0x03, 0x27, 0x72, 0x98, 0x04, 0x03, 0x0B, 0x14,
	0x41, 0x1F, 0x05, 0x02, 0x15, 0x0D, 0x01, 0x02, 0x02, 0x11, 0x09, 0x09,
	0x04, 0x01, 0x01, 0x01, 0x01, 0x01, 0x04, 0x06, 0x01, 0x01, 0x01, 0x01,
	0x01, 0x01, 0x01, 0x04, 0x07, 0x01, 0x01, 0x05, 0x03, 0x01, 0x01, 0x01,
	0x01, 0x01, 0x01, 0x01, 0x01, 0x01, 0x01, 0x01, 0x01, 0x01, 0x01, 0x01,
	0x01, 0x01, 0x04, 0x06, 0x01, 0x07, 0x04, 0x01, 0x01, 0x01, 0x01, 0x01,
	0x01, 0x01, 0x01, 0x01, 0x01, 0x01, 0x01, 0x01, 0x03, 0x05, 0x04, 0x03,
	0x01, 0x01, 0x01, 0x01, 0x01, 0x01, 0x02, 0x02, 0x01, 0x01, 0x01, 0x01,
	0x01, 0x01, 0x03, 0x01, 0x01, 0x02, 0x02, 0x01, 0x01, 0x01, 0x01, 0x01,
	0x01, 0x02, 0x01, 0x01, 0x01, 0x02, 0x01, 0x03, 0x03, 0x03, 0x05, 0x05,
	0x1C, 0x0D, 0x12, 0x0F, 0x01, 0x3A, 0x01, 0x01, 0x8B, 0x57, 0x33, 0x2C,
	0x0B, 0x10, 0x03, 0x1C, 0x18, 0x3C, 0x33, 0x2A, 0x01, 0x03, 0x0D, 0x13,
	0x0C, 0x1D, 0x08, 0x08, 0x0A, 0x01, 0x05, 0x02, 0x06, 0x27, 0x19, 0x0D,
	0x0B, 0x9D, 0x01, 0x01, 0x02, 0x0C, 0x0F, 0x0B, 0x19, 0x07, 0x01, 0x02,
	0x01, 0x01, 0x01, 0x01, 0x01, 0x01, 0x01, 0x01, 0x01, 0x01, 0x02, 0x02,
	0x02, 0x03, 0x02, 0x01, 0x01, 0x01, 0x01, 0x01, 0x01, 0x01, 0x02, 0x01,
	0x08, 0x19, 0x08, 0x08, 0x07, 0x01, 0x09, 0x08, 0x0E, 0x13, 0x0A, 0x06,
	0x08, 0x01, 0x01, 0x01, 0x03, 0x01, 0x01, 0x01, 0x01, 0x01, 0x01, 0x01,
	0x01, 0x01, 0x01, 0x01, 0x01, 0x01, 0x01, 0x01, 0x15, 0x13, 0x1C, 0x17,
	0x01, 0x52, 0x01, 0x01, 0x00, 0x06, 0x00, 0x00, 0xFF, 0xC0, 0x08, 0x18,
	0x03, 0xC0, 0x00, 0x68, 0x00, 0x7E, 0x00, 0x8A, 0x00, 0xEF, 0x01, 0x08,
	0x01, 0x12, 0x00, 0x00, 0x25, 0x26, 0x36, 0x3F, 0x01, 0x07, 0x06, 0x26,
	0x3D, 0x01, 0x27, 0x22, 0x23, 0x2E, 0x01, 0x23, 0x26, 0x23, 0x27, 0x35,
	0x33, 0x32, 0x36, 0x35, 0x34, 0x36, 0x17, 0x16, 0x36, 0x37, 0x36, 0x16,
	0x17, 0x1E, 0x01, 0x37, 0x3E, 0x01, 0x33, 0x32, 0x36, 0x35, 0x34, 0x36,
	0x33, 0x32, 0x16, 0x15, 0x14, 0x16, 0x33, 0x32, 0x16, 0x17, 0x16, 0x36,
	0x35, 0x34, 0x36, 0x33, 0x32, 0x16, 0x15, 0x14, 0x16, 0x17, 0x1E, 0x01,
	0x15, 0x14, 0x16, 0x33, 0x32, 0x17, 0x1E, 0x01, 0x07, 0x06, 0x07, 0x06,
	0x26, 0x35, 0x34, 0x26, 0x27, 0x2E, 0x01, 0x23, 0x22, 0x26, 0x27, 0x2E,
	0x01, 0x07, 0x0E, 0x01, 0x15, 0x14, 0x06, 0x07, 0x0E, 0x01, 0x1D, 0x01,
	0x23, 0x03, 0x3E, 0x01, 0x27, 0x26, 0x06, 0x15, 0x14, 0x06, 0x23, 0x22,
	0x26, 0x37, 0x36, 0x26, 0x27, 0x26, 0x06, 0x07, 0x06, 0x16, 0x37, 0x25,
	0x34, 0x26, 0x23, 0x22, 0x06, 0x17, 0x1E, 0x01, 0x33, 0x32, 0x36, 0x17,
	0x2E, 0x01, 0x3D, 0x01, 0x07, 0x06, 0x26, 0x3D, 0x01, 0x23, 0x22, 0x26,
	0x27, 0x2E, 0x01, 0x07, 0x0E, 0x01, 0x27, 0x2E, 0x01, 0x27, 0x26, 0x36,
	0x17, 0x16, 0x36, 0x35, 0x34, 0x36, 0x17, 0x16, 0x36, 0x37, 0x3E, 0x01,
	0x15, 0x14, 0x16, 0x33, 0x32, 0x36, 0x27, 0x26, 0x36, 0x33, 0x32, 0x16,
	0x07, 0x06, 0x16, 0x33, 0x32, 0x36, 0x35, 0x34, 0x36, 0x37, 0x36, 0x16,
	0x15, 0x14, 0x16, 0x17, 0x1E, 0x01, 0x17, 0x1E, 0x01, 0x17, 0x16, 0x17,
	0x16, 0x06, 0x07, 0x06, 0x07, 0x06, 0x26, 0x35, 0x34, 0x26, 0x27, 0x2E,
	0x01, 0x2F, 0x01, 0x07, 0x0E, 0x01, 0x07, 0x0E, 0x01, 0x07, 0x0E, 0x01,
	0x07, 0x06, 0x26, 0x27, 0x03, 0x3E, 0x01, 0x27, 0x26, 0x06, 0x15, 0x14,
	0x06, 0x07, 0x06, 0x26, 0x37, 0x36, 0x26, 0x23, 0x22, 0x06, 0x15, 0x14,
	0x16, 0x17, 0x32, 0x36, 0x37, 0x25, 0x34, 0x26, 0x23, 0x22, 0x06, 0x17,
	0x16, 0x36, 0x35, 0x03, 0x83, 0x01, 0x01, 0x01, 0x02, 0x36, 0x33, 0x2C,
	0xA3, 0x22, 0x2E, 0x2F, 0x66, 0x34, 0x34, 0x2C, 0xD5, 0xCB, 0x74, 0x58,
	0x09, 0x07, 0x07, 0x0C, 0x02, 0x05, 0x47, 0x04, 0x03, 0x12, 0x21, 0x14,
	0x26, 0x07, 0x07, 0x0A, 0x0C, 0x08, 0x08, 0x0C, 0x4B, 0x82, 0x54, 0x9D,
	0x19, 0x2B, 0x13, 0x28, 0x12, 0x0E, 0x23, 0x0F, 0x0B, 0x0B, 0x10, 0x08,
	0x05, 0x06, 0x03, 0x04, 0x02, 0x02, 0x02, 0x05, 0x0B, 0x23, 0x42, 0x28,
	0x10, 0x39, 0x18, 0x18, 0x2A, 0x06, 0x05, 0x15, 0x0A, 0x0D, 0x09, 0x08,
	0x0C, 0x0B, 0x09, 0x5D, 0x1A, 0x0B, 0x0B, 0x03, 0x08, 0x19, 0x0D, 0x09,
	0x0D, 0x02, 0x0A, 0x10, 0x0B, 0x20, 0x13, 0x10, 0x02, 0x06, 0x4C, 0x23,
	0x01, 0xD2, 0x10, 0x0C, 0x12, 0x05, 0x0B, 0x07, 0x10, 0x05, 0x05, 0x07,
	0xDF, 0x04, 0x06, 0x33, 0x2E, 0x32, 0x9E, 0x56, 0x4C, 0x03, 0x03, 0x11,
	0x12, 0x0D, 0x7B, 0x48, 0x83, 0x30, 0x06, 0x0E, 0x3B, 0xA3, 0x73, 0x55,
	0x09, 0x07, 0x07, 0x0C, 0x02, 0x06, 0x4D, 0x1A, 0x2F, 0x2C, 0x1A, 0x05,
	0x04, 0x0A, 0x0E, 0x0E, 0x0A, 0x04, 0x05, 0x5B, 0xAE, 0xAE, 0x5E, 0x14,
	0x0D, 0x21, 0x29, 0x0B, 0x09, 0x08, 0x10, 0x04, 0x03, 0x0E, 0x05, 0x07,
	0x02, 0x03, 0x02, 0x05, 0x04, 0x07, 0x10, 0x15, 0x14, 0x16, 0x2B, 0x4F,
	0x4A, 0x55, 0x03, 0x01, 0x0A, 0x0D, 0x0D, 0x0B, 0x02, 0x03, 0x0B, 0x18,
	0x0E, 0x19, 0x04, 0x2C, 0x1A, 0x0E, 0x13, 0x06, 0x08, 0x0C, 0x08, 0x0E,
	0x04, 0x06, 0x06, 0x0A, 0x1D, 0x1A, 0x0F, 0x1B, 0x23, 0x02, 0x15, 0x0E,
	0x01, 0xDA, 0x0C, 0x08, 0x12, 0x02, 0x10, 0x10, 0x08, 0x4A, 0x2A, 0x6D,
	0x22, 0x52, 0x07, 0x07, 0x21, 0x2D, 0x2D, 0x02, 0x01, 0x01, 0x01, 0x02,
	0x6A, 0x08, 0x09, 0x07, 0x08, 0x02, 0x01, 0x10, 0x0D, 0x21, 0x08, 0x22,
	0x15, 0x08, 0x05, 0x04, 0x05, 0x0C, 0x08, 0x08, 0x0C, 0x0C, 0x08, 0x0D,
	0x07, 0x05, 0x04, 0x06, 0x07, 0x13, 0x11, 0x26, 0x35, 0x15, 0x0D, 0x23,
	0x0B, 0x0B, 0x1B, 0x09, 0x08, 0x0C, 0x23, 0x23, 0x5B, 0x2A, 0x2A, 0x0D,
	0x1E, 0x11, 0x23, 0x28, 0x67, 0x14, 0x08, 0x0C, 0x08, 0x06, 0x06, 0x03,
	0x04, 0x05, 0x2E, 0x46, 0x41, 0x32, 0x05, 0x04, 0x30, 0x3D, 0x69, 0x01,
	0x91, 0x0B, 0x17, 0x06, 0x0D, 0x10, 0x13, 0x08, 0x0B, 0x08, 0x0C, 0x13,
	0x0E, 0x04, 0x02, 0x0C, 0x13, 0x2A, 0x14, 0x23, 0x13, 0x09, 0x0B, 0x07,
	0x0D, 0x08, 0x0C, 0x0C, 0x89, 0x04, 0x6E, 0x4A, 0xB1, 0x08, 0x07, 0x27,
	0x2C, 0x27, 0x07, 0x09, 0x09, 0x02, 0x07, 0x06, 0x05, 0x02, 0x03, 0x09,
	0x18, 0x36, 0x14, 0x04, 0x02, 0x05, 0x0A, 0x07, 0x07, 0x01, 0x01, 0x0F,
	0x0C, 0x26, 0x03, 0x26, 0x11, 0x09, 0x08, 0x0C, 0x0B, 0x09, 0x09, 0x0B,
	0x0D, 0x07, 0x08, 0x0D, 0x08, 0x15, 0x06, 0x0F, 0x21, 0x28, 0x10, 0x1B,
	0x03, 0x03, 0x15, 0x0C, 0x0C, 0x1B, 0x07, 0x08, 0x27, 0x28, 0x5B, 0x28,
	0x27, 0x09, 0x13, 0x19, 0x25, 0x18, 0x2C, 0x1A, 0x30, 0x24, 0x04, 0x05,
	0x70, 0x41, 0x35, 0x09, 0x09, 0x33, 0x38, 0x47, 0x1D, 0x02, 0x02, 0x03,
	0x04, 0x01, 0x7D, 0x0B, 0x30, 0x0C, 0x03, 0x06, 0x08, 0x08, 0x15, 0x08,
	0x0B, 0x06, 0x18, 0x18, 0x0B, 0x0C, 0x15, 0x16, 0x1A, 0x0B, 0x08, 0x07,
	0x25, 0x0C, 0x0F, 0x15, 0x10, 0x10, 0x03, 0x17, 0x00, 0x02, 0x00, 0x00,
	0xFF, 0xC0, 0x05, 0x80, 0x03, 0xC0, 0x00, 0x8A, 0x00, 0x9D, 0x00, 0x00,
	0x05, 0x2E, 0x01, 0x37, 0x36, 0x37, 0x3E, 0x01, 0x27, 0x26, 0x27, 0x26,
	0x34, 0x37, 0x3E, 0x01, 0x2F, 0x02, 0x2E, 0x01, 0x27, 0x2E, 0x01, 0x0F,
	0x02, 0x0E, 0x01, 0x07, 0x0E, 0x01, 0x23, 0x22, 0x26, 0x35, 0x34, 0x26,
	0x27, 0x26, 0x06, 0x07, 0x06, 0x26, 0x37, 0x36, 0x26, 0x23, 0x22, 0x26,
	0x35, 0x34, 0x36, 0x17, 0x16, 0x36, 0x37, 0x3E, 0x01, 0x37, 0x3E, 0x01,
	0x33, 0x32, 0x36, 0x35, 0x34, 0x36, 0x33, 0x32, 0x36, 0x35, 0x34, 0x36,
	0x33, 0x32, 0x16, 0x0F, 0x01, 0x21, 0x32, 0x36, 0x35, 0x34, 0x36, 0x33,
	0x32, 0x36, 0x35, 0x34, 0x36, 0x33, 0x32, 0x16, 0x15, 0x14, 0x16, 0x33,
	0x32, 0x16, 0x15, 0x14, 0x16, 0x37, 0x36, 0x16, 0x15, 0x14, 0x16, 0x33,
	0x32, 0x16, 0x15, 0x14, 0x06, 0x27, 0x2E, 0x01, 0x2F, 0x01, 0x23, 0x22,
	0x06, 0x07, 0x0E, 0x01, 0x17, 0x16, 0x06, 0x07, 0x0E, 0x01, 0x15, 0x14,
	0x06, 0x07, 0x0E, 0x01, 0x27, 0x03, 0x3E, 0x01, 0x35, 0x34, 0x06, 0x07,
	0x06, 0x26, 0x37, 0x36, 0x26, 0x23, 0x22, 0x06, 0x17, 0x1E, 0x01, 0x37,
	0x03, 0x66, 0x36, 0x1E, 0x0A, 0x0D, 0x0A, 0x0A, 0x09, 0x02, 0x03, 0x0A,
	0x07, 0x08, 0x06, 0x06, 0x02, 0x04, 0x5B, 0x48, 0x20, 0x17, 0x0A, 0x1F,
	0x4C, 0x67, 0x04, 0x03, 0x09, 0x19, 0x0E, 0x1B, 0x05, 0x06, 0x07, 0x08,
	0x08, 0x13, 0x39, 0x07, 0x0A, 0x1A, 0x08, 0x06, 0x14, 0x40, 0x40, 0x17,
	0x16, 0x3D, 0x56, 0x1D, 0x07, 0x05, 0x19, 0x1F, 0x16, 0x33, 0x0D, 0x0E,
	0x13, 0x14, 0x0D, 0x0E, 0x14, 0x0C, 0x09, 0x0C, 0x06, 0x05, 0x08, 0x01,
	0x2B, 0xC1, 0x6A, 0x0F, 0x0B, 0x0B, 0x10, 0x10, 0x0B, 0x0B, 0x0F, 0x0C,
	0x08, 0x08, 0x0C, 0x60, 0x11, 0x0A, 0x0A, 0x0D, 0x0D, 0x13, 0x08, 0x07,
	0x10, 0x0D, 0x13, 0x0A, 0x13, 0x95, 0x51, 0x4B, 0x08, 0x08, 0x01, 0x07,
	0x09, 0x08, 0x0F, 0x05, 0x07, 0x0C, 0x09, 0x10, 0x1A, 0x32, 0x4C, 0x07,
	0x09, 0x10, 0x13, 0x1F, 0x14, 0x18, 0x19, 0x0F, 0x36, 0x34, 0x17, 0x11,
	0x07, 0x7B, 0x12, 0x1C, 0x0D, 0x16, 0x12, 0x19, 0x2C, 0x2C, 0x58, 0x21,
	0x22, 0x04, 0x02, 0x23, 0x24, 0x1C, 0x42, 0x13, 0x2C, 0x06, 0x05, 0x16,
	0x39, 0x1B, 0x09, 0x03, 0x04, 0xA3, 0x79, 0x2E, 0x09, 0x05, 0x08, 0x5E,
	0x46, 0x52, 0x59, 0x08, 0x13, 0x07, 0x17, 0x1D, 0x06, 0x1E, 0x19, 0x08,
	0x09, 0x1A, 0x19, 0x08, 0x02, 0x03, 0x0B, 0x26, 0x1B, 0x1E, 0x10, 0x0B,
	0x11, 0x07, 0x06, 0x05, 0x08, 0x08, 0x05, 0x06, 0x08, 0x0F, 0x12, 0x22,
	0x07, 0x0D, 0x09, 0x0B, 0x08, 0x05, 0x06, 0x08, 0x08, 0x06, 0x05, 0x08,
	0x07, 0x06, 0x0E, 0x25, 0x06, 0x04, 0x0A, 0x0E, 0x0E, 0x0E, 0x35, 0x86,
	0x80, 0x3A, 0x04, 0x02, 0x2A, 0x31, 0x5A, 0x08, 0x0A, 0x09, 0x37, 0x34,
	0x4A, 0x5F, 0x0A, 0x03, 0x2F, 0x1E, 0x1E, 0x62, 0x26, 0x47, 0x18, 0x0D,
	0x02, 0x4E, 0x07, 0x14, 0x08, 0x09, 0x04, 0x0F, 0x18, 0x08, 0x1A, 0x1C,
	0x0F, 0x1D, 0x2B, 0x14, 0x04, 0x12, 0x00, 0x00, 0x00, 0x04, 0x00, 0x00,
	0xFF, 0xC0, 0x06, 0xCD, 0x03, 0xC0, 0x00, 0x50, 0x00, 0x60, 0x00, 0x73,
	0x00, 0x7F, 0x00, 0x00, 0x25, 0x2E, 0x01, 0x37, 0x36, 0x26, 0x23, 0x22,
	0x06, 0x07, 0x0E, 0x01, 0x23, 0x22, 0x26, 0x3D, 0x01, 0x23, 0x22, 0x26,
	0x37, 0x3E, 0x01, 0x37, 0x34, 0x36, 0x3F, 0x02, 0x3E, 0x01, 0x37, 0x3E,
	0x01, 0x37, 0x3E, 0x01, 0x17, 0x1E, 0x01, 0x17, 0x1E, 0x01, 0x3F, 0x02,
	0x3E, 0x01, 0x37, 0x36, 0x16, 0x15, 0x14, 0x16, 0x17, 0x1E, 0x01, 0x1F,
	0x01, 0x21, 0x11, 0x25, 0x26, 0x06, 0x07, 0x06, 0x07, 0x06, 0x26, 0x27,
	0x26, 0x27, 0x2E, 0x01, 0x2B, 0x01, 0x17, 0x27, 0x22, 0x26, 0x27, 0x25,
	0x36, 0x26, 0x27, 0x2E, 0x01, 0x23, 0x22, 0x06, 0x15, 0x14, 0x16, 0x17,
	0x16, 0x36, 0x37, 0x05, 0x3E, 0x01, 0x33, 0x32, 0x36, 0x27, 0x2E, 0x01,
	0x27, 0x26, 0x06, 0x15, 0x14, 0x16, 0x33, 0x32, 0x36, 0x37, 0x13, 0x34,
	0x26, 0x07, 0x0E, 0x01, 0x07, 0x06, 0x16, 0x33, 0x32, 0x36, 0x01, 0x9B,
	0x20, 0x37, 0x08, 0x08, 0x24, 0x1E, 0x19, 0x12, 0x05, 0x04, 0x10, 0x0B,
	0x17, 0x11, 0x50, 0x3A, 0x14, 0x06, 0x04, 0x07, 0x01, 0x26, 0x19, 0x3D,
	0x07, 0x04, 0x16, 0x12, 0x0F, 0x17, 0x01, 0x02, 0x17, 0x06, 0x02, 0x16,
	0x0D, 0x17, 0x30, 0x54, 0x79, 0x01, 0x01, 0x05, 0x03, 0x0C, 0x19, 0x13,
	0x15, 0x12, 0x27, 0x0B, 0x1C, 0x03, 0xD9, 0xFE, 0xFD, 0xBA, 0x65, 0x4B,
	0x3F, 0x3B, 0x3B, 0x68, 0x2B, 0x2B, 0x1E, 0x16, 0x26, 0x1D, 0x34, 0x12,
	0x47, 0x1D, 0x43, 0x12, 0x02, 0x68, 0x12, 0x04, 0x17, 0x10, 0x2B, 0x2D,
	0x3E, 0x2E, 0x1E, 0x27, 0x38, 0x4A, 0x16, 0xFD, 0xFF, 0x06, 0x15, 0x08,
	0x0A, 0x07, 0x02, 0x02, 0x0F, 0x15, 0x19, 0x50, 0x35, 0x0B, 0x05, 0x11,
	0x07, 0x5C, 0x3F, 0x51, 0x2D, 0x46, 0x03, 0x03, 0x4B, 0x38, 0x37, 0x4F,
	0x64, 0x10, 0x58, 0x17, 0x17, 0x27, 0x0F, 0x19, 0x13, 0x14, 0x2E, 0x3D,
	0x41, 0x08, 0x16, 0x0C, 0x13, 0x01, 0x01, 0x04, 0x01, 0x03, 0x48, 0x23,
	0x41, 0x1B, 0x16, 0x38, 0x11, 0x23, 0x14, 0x1D, 0x0A, 0x22, 0x0C, 0x15,
	0x09, 0x03, 0x04, 0x38, 0x17, 0x26, 0x03, 0x0C, 0x1E, 0x1B, 0x13, 0x1D,
	0x0E, 0x0B, 0x34, 0x1A, 0x3F, 0xFE, 0x62, 0x03, 0x02, 0x09, 0x19, 0x16,
	0x07, 0x08, 0x0C, 0x13, 0x13, 0x20, 0x17, 0x10, 0x77, 0x01, 0x0D, 0x09,
	0x86, 0x18, 0x30, 0x17, 0x0F, 0x0B, 0x1A, 0x22, 0x11, 0x1B, 0x14, 0x1B,
	0x01, 0x1D, 0x05, 0x09, 0x0B, 0x14, 0x17, 0x1B, 0x12, 0x03, 0x02, 0x31,
	0x12, 0x0C, 0x35, 0x0B, 0x08, 0x01, 0x51, 0x19, 0x09, 0x0D, 0x07, 0x0F,
	0x03, 0x03, 0x04, 0x06, 0x00, 0x03, 0x00, 0x00, 0xFF, 0xC0, 0x07, 0x9A,
	0x03, 0xC0, 0x00, 0x65, 0x00, 0x71, 0x00, 0x87, 0x00, 0x00, 0x13, 0x22,
	0x06, 0x07, 0x15, 0x23, 0x22, 0x06, 0x15, 0x14, 0x16, 0x37, 0x36, 0x16,
	0x15, 0x14, 0x16, 0x33, 0x32, 0x16, 0x17, 0x16, 0x36, 0x37, 0x36, 0x16,
	0x15, 0x16, 0x07, 0x0E, 0x01, 0x07, 0x06, 0x07, 0x0E, 0x01, 0x1F, 0x01,
	0x37, 0x3E, 0x01, 0x37, 0x3E, 0x01, 0x37, 0x3E, 0x01, 0x17, 0x1E, 0x01,
	0x37, 0x36, 0x16, 0x1F, 0x01, 0x37, 0x17, 0x37, 0x27, 0x26, 0x36, 0x33,
	0x32, 0x16, 0x17, 0x16, 0x17, 0x1E, 0x01, 0x17, 0x16, 0x37, 0x3E, 0x01,
	0x3F, 0x01, 0x25, 0x27, 0x2E, 0x01, 0x07, 0x06, 0x26, 0x27, 0x2E, 0x01,
	0x17, 0x16, 0x06, 0x07, 0x22, 0x07, 0x0E, 0x01, 0x07, 0x06, 0x23, 0x07,
	0x35, 0x34, 0x26, 0x23, 0x17, 0x32, 0x16, 0x1D, 0x01, 0x14, 0x22, 0x3D,
	0x01, 0x34, 0x36, 0x33, 0x05, 0x32, 0x16, 0x07, 0x06, 0x16, 0x37, 0x3E,
	0x01, 0x37, 0x36, 0x16, 0x17, 0x16, 0x06, 0x07, 0x06, 0x26, 0x27, 0x26,
	0x36, 0x33, 0x92, 0x0C, 0x0F, 0x01, 0x3B, 0x26, 0x15, 0x1A, 0x3B, 0x2F,
	0x27, 0x11, 0x0C, 0x0C, 0x95, 0x5C, 0xCE, 0x31, 0x05, 0x03, 0x04, 0x01,
	0x0D, 0x0E, 0x2F, 0x1F, 0x1F, 0x22, 0x23, 0x03, 0x1C, 0x1C, 0x20, 0x0D,
	0x33, 0x17, 0x27, 0x28, 0x2A, 0x10, 0x09, 0x04, 0x04, 0x05, 0x06, 0x07,
	0x0A, 0x0E, 0x16, 0x95, 0x37, 0x8B, 0x39, 0x36, 0x1B, 0x72, 0x44, 0x58,
	0x52, 0x7C, 0x4E, 0x4D, 0x59, 0x11, 0x11, 0x02, 0x03, 0x09, 0x04, 0x09,
	0xFE, 0x11, 0x59, 0x37, 0x33, 0x1B, 0x1B, 0x14, 0x03, 0x07, 0x54, 0x04,
	0x03, 0x49, 0xA9, 0x32, 0x3E, 0x3E, 0x7F, 0x3D, 0x3C, 0x2F, 0xE2, 0x07,
	0x05, 0x0C, 0x04, 0x05, 0x10, 0x04, 0x03, 0x03, 0x07, 0x22, 0x17, 0x14,
	0x0C, 0x01, 0x0F, 0x09, 0x10, 0x02, 0x03, 0x06, 0x0D, 0x0C, 0x02, 0x10,
	0x1B, 0x48, 0x0C, 0x12, 0x0D, 0x20, 0x03, 0x36, 0x3E, 0x2E, 0x31, 0x0A,
	0x12, 0x13, 0x07, 0x03, 0x03, 0x06, 0x09, 0x06, 0x0A, 0x0C, 0x08, 0x12,
	0x01, 0x15, 0x09, 0x11, 0x16, 0x22, 0x2E, 0x2D, 0x5F, 0x2D, 0x2D, 0x21,
	0x22, 0x1E, 0x1D, 0x1E, 0x1D, 0x0D, 0x3F, 0x21, 0x38, 0x49, 0x5E, 0x25,
	0x06, 0x17, 0x17, 0x02, 0x12, 0x11, 0x08, 0x21, 0x33, 0x09, 0x9F, 0x3D,
	0x67, 0x65, 0x2D, 0x11, 0x1E, 0x2C, 0x1C, 0x1C, 0x1E, 0x04, 0x04, 0x02,
	0x02, 0x5A, 0x3D, 0x93, 0x08, 0x33, 0x1F, 0x10, 0x05, 0x05, 0x06, 0x0F,
	0x19, 0x06, 0x19, 0x10, 0x08, 0x02, 0x01, 0x01, 0x02, 0x01, 0x01, 0x04,
	0x2B, 0x11, 0x19, 0x86, 0x06, 0x06, 0x0C, 0x0C, 0x0C, 0x0C, 0x06, 0x06,
	0xCF, 0x25, 0x1A, 0x0F, 0x02, 0x0C, 0x07, 0x1B, 0x0C, 0x15, 0x01, 0x17,
	0x15, 0x11, 0x0C, 0x13, 0x05, 0x16, 0x23, 0x20, 0x00, 0x05, 0x00, 0x00,
	0xFF, 0xC0, 0x06, 0x7E, 0x03, 0xC0, 0x00, 0x6E, 0x00, 0x7B, 0x00, 0x8B,
	0x00, 0x97, 0x00, 0xA0, 0x00, 0x00, 0x25, 0x34, 0x27, 0x34, 0x26, 0x27,
	0x26, 0x2F, 0x01, 0x07, 0x06, 0x26, 0x27, 0x2E, 0x01, 0x35, 0x34, 0x26,
	0x0F, 0x01, 0x15, 0x14, 0x06, 0x23, 0x22, 0x26, 0x27, 0x26, 0x36, 0x17,
	0x16, 0x36, 0x3D, 0x01, 0x07, 0x06, 0x26, 0x27, 0x2E, 0x01, 0x2B, 0x01,
	0x35, 0x37, 0x36, 0x37, 0x3E, 0x01, 0x37, 0x36, 0x37, 0x36, 0x16, 0x15,
	0x14, 0x16, 0x33, 0x32, 0x36, 0x35, 0x34, 0x36, 0x33, 0x32, 0x16, 0x17,
	0x16, 0x36, 0x27, 0x34, 0x36, 0x33, 0x32, 0x16, 0x07, 0x06, 0x16, 0x33,
	0x32, 0x36, 0x35, 0x34, 0x36, 0x37, 0x36, 0x32, 0x17, 0x16, 0x17, 0x1E,
	0x01, 0x07, 0x06, 0x07, 0x06, 0x26, 0x3D, 0x01, 0x07, 0x0E, 0x01, 0x17,
	0x1E, 0x01, 0x15, 0x0E, 0x01, 0x2B, 0x01, 0x11, 0x23, 0x03, 0x36, 0x26,
	0x27, 0x26, 0x06, 0x07, 0x0E, 0x01, 0x17, 0x16, 0x36, 0x37, 0x37, 0x36,
	0x34, 0x27, 0x26, 0x06, 0x15, 0x14, 0x06, 0x07, 0x06, 0x16, 0x33, 0x32,
	0x36, 0x37, 0x25, 0x2E, 0x01, 0x27, 0x26, 0x06, 0x15, 0x14, 0x16, 0x33,
	0x32, 0x36, 0x27, 0x34, 0x06, 0x07, 0x06, 0x16, 0x33, 0x32, 0x36, 0x04,
	0xB9, 0x01, 0x03, 0x01, 0x02, 0x02, 0x08, 0x47, 0x33, 0x18, 0x09, 0x06,
	0x08, 0x19, 0x47, 0x61, 0x09, 0x10, 0x0B, 0x12, 0x02, 0x03, 0x08, 0x0A,
	0x0D, 0x08, 0x9A, 0x4A, 0x58, 0x07, 0x07, 0x81, 0x73, 0xEC, 0xE5, 0x2F,
	0x38, 0x37, 0x6C, 0x31, 0x31, 0x23, 0x56, 0x53, 0x0C, 0x08, 0x09, 0x0B,
	0x0C, 0x0F, 0x0B, 0x14, 0x04, 0x08, 0x21, 0x02, 0x0C, 0x0D, 0x0D, 0x0D,
	0x01, 0x01, 0x30, 0x66, 0x3F, 0x59, 0x62, 0x46, 0x67, 0x47, 0x0B, 0x08,
	0x06, 0x06, 0x03, 0x03, 0x02, 0x08, 0x13, 0x27, 0x5C, 0x5F, 0x29, 0x15,
	0x08, 0x0B, 0x01, 0x0E, 0x1F, 0x2D, 0x6A, 0x69, 0x02, 0x05, 0x04, 0x02,
	0x0F, 0x09, 0x10, 0x0A, 0x0D, 0x0F, 0x1E, 0x01, 0x56, 0x04, 0x03, 0x09,
	0x27, 0x09, 0x05, 0x09, 0x07, 0x15, 0x13, 0x13, 0x04, 0x01, 0xB9, 0x01,
	0x0B, 0x08, 0x09, 0x08, 0x08, 0x0D, 0x0C, 0x07, 0x42, 0x7A, 0x0A, 0x02,
	0x25, 0x1C, 0x1C, 0x29, 0x88, 0x1D, 0x24, 0x24, 0x4C, 0x25, 0x25, 0x1D,
	0x8E, 0x09, 0x06, 0x07, 0x1A, 0x0F, 0x28, 0x0E, 0x18, 0x08, 0x03, 0x04,
	0x3C, 0x26, 0x16, 0x0A, 0x07, 0x08, 0x04, 0x04, 0x04, 0x0E, 0x1B, 0x2C,
	0x04, 0x02, 0x05, 0x07, 0x07, 0x07, 0x91, 0x07, 0x02, 0x02, 0x02, 0x04,
	0x02, 0x02, 0x01, 0x04, 0x03, 0x07, 0x06, 0x08, 0x11, 0x10, 0x12, 0x0F,
	0x0C, 0x08, 0x15, 0x03, 0x15, 0x0C, 0x0C, 0x0C, 0x0C, 0x0F, 0x08, 0x06,
	0x05, 0x04, 0x10, 0x07, 0x0A, 0x0B, 0x09, 0x2B, 0x2C, 0x64, 0x2B, 0x2B,
	0x08, 0x13, 0x19, 0x1F, 0x25, 0x05, 0x04, 0x2E, 0x50, 0x20, 0x47, 0x12,
	0x1E, 0x0D, 0xFE, 0x8C, 0x02, 0x4C, 0x18, 0x2D, 0x04, 0x02, 0x03, 0x04,
	0x06, 0x46, 0x0D, 0x0F, 0x0E, 0x16, 0x10, 0x0E, 0x1F, 0x08, 0x17, 0x06,
	0x18, 0x0B, 0x20, 0x0A, 0x11, 0x09, 0x0F, 0x12, 0xB6, 0x26, 0x2F, 0x02,
	0x03, 0x25, 0x30, 0x34, 0x23, 0x20, 0x7E, 0x08, 0x07, 0x08, 0x02, 0x03,
	0x07, 0x00, 0x00, 0x00, 0x00, 0x05, 0x00, 0x00, 0xFF, 0xC0, 0x0B, 0x80,
	0x03, 0xC0, 0x00, 0x7E, 0x00, 0x89, 0x01, 0x1B, 0x01, 0x39, 0x01, 0x41,
	0x00, 0x00, 0x13, 0x26, 0x06, 0x07, 0x0E, 0x01, 0x1D, 0x01, 0x05, 0x16,
	0x17, 0x1E, 0x01, 0x17, 0x16, 0x17, 0x1E, 0x01, 0x17, 0x16, 0x07, 0x0E,
	0x01, 0x07, 0x06, 0x07, 0x0E, 0x01, 0x17, 0x1E, 0x01, 0x17, 0x1E, 0x01,
	0x37, 0x3E, 0x01, 0x37, 0x3E, 0x01, 0x37, 0x3E, 0x01, 0x17, 0x1E, 0x01,
	0x33, 0x32, 0x36, 0x27, 0x26, 0x36, 0x17, 0x1E, 0x01, 0x33, 0x32, 0x16,
	0x17, 0x1E, 0x01, 0x17, 0x1E, 0x01, 0x37, 0x3E, 0x01, 0x27, 0x2E, 0x01,
	0x27, 0x26, 0x36, 0x17, 0x1E, 0x01, 0x17, 0x1E, 0x01, 0x3B, 0x01, 0x11,
	0x25, 0x26, 0x27, 0x2E, 0x01, 0x27, 0x26, 0x27, 0x2E, 0x01, 0x23, 0x22,
	0x26, 0x35, 0x34, 0x27, 0x2E, 0x01, 0x27, 0x26, 0x23, 0x20, 0x06, 0x15,
	0x14, 0x06, 0x23, 0x22, 0x26, 0x37, 0x36, 0x26, 0x07, 0x0E, 0x01, 0x07,
	0x0E, 0x01, 0x23, 0x20, 0x26, 0x35, 0x34, 0x26, 0x27, 0x05, 0x17, 0x1E,
	0x01, 0x33, 0x32, 0x16, 0x07, 0x06, 0x26, 0x27, 0x25, 0x36, 0x16, 0x07,
	0x0E, 0x01, 0x07, 0x30, 0x06, 0x31, 0x38, 0x01, 0x31, 0x30, 0x22, 0x31,
	0x30, 0x14, 0x23, 0x31, 0x30, 0x22, 0x31, 0x30, 0x14, 0x31, 0x22, 0x14,
	0x31, 0x38, 0x01, 0x15, 0x30, 0x32, 0x31, 0x30, 0x14, 0x33, 0x38, 0x01,
	0x33, 0x32, 0x36, 0x33, 0x31, 0x32, 0x30, 0x33, 0x30, 0x32, 0x37, 0x30,
	0x32, 0x31, 0x32, 0x34, 0x33, 0x30, 0x32, 0x31, 0x30, 0x32, 0x31, 0x34,
	0x32, 0x39, 0x01, 0x3E, 0x01, 0x37, 0x3E, 0x01, 0x35, 0x34, 0x36, 0x17,
	0x16, 0x06, 0x07, 0x0E, 0x01, 0x07, 0x38, 0x01, 0x31, 0x0E, 0x01, 0x23,
	0x0E, 0x01, 0x23, 0x0E, 0x01, 0x23, 0x06, 0x22, 0x07, 0x2A, 0x01, 0x23,
	0x2A, 0x01, 0x23, 0x2A, 0x01, 0x23, 0x2A, 0x01, 0x23, 0x2A, 0x01, 0x23,
	0x30, 0x26, 0x31, 0x22, 0x26, 0x23, 0x2E, 0x01, 0x23, 0x2A, 0x01, 0x31,
	0x22, 0x26, 0x23, 0x2A, 0x01, 0x35, 0x2A, 0x01, 0x23, 0x2E, 0x01, 0x27,
	0x31, 0x2E, 0x01, 0x35, 0x34, 0x36, 0x37, 0x3E, 0x01, 0x33, 0x05, 0x32,
	0x16, 0x17, 0x1E, 0x01, 0x33, 0x1F, 0x01, 0x16, 0x14, 0x07, 0x0E, 0x01,
	0x23, 0x22, 0x26, 0x27, 0x2E, 0x01, 0x37, 0x3E, 0x01, 0x23, 0x22, 0x26,
	0x35, 0x34, 0x36, 0x17, 0x05, 0x31, 0x38, 0x01, 0x31, 0x38, 0x01, 0x31,
	0x34, 0x07, 0x11, 0x09, 0x09, 0x0A, 0x02, 0x13, 0xB4, 0x6E, 0x6E, 0x8D,
	0x2E, 0x2E, 0x35, 0x40, 0x5D, 0x02, 0x02, 0x07, 0x06, 0x18, 0x0F, 0x0F,
	0x0D, 0x12, 0x08, 0x08, 0x07, 0x3B, 0x23, 0x23, 0x39, 0x05, 0x05, 0x0E,
	0x04, 0x05, 0x1E, 0x11, 0x1D, 0x25, 0x0E, 0x03, 0x0C, 0x06, 0x05, 0x03,
	0x04, 0x05, 0x09, 0x13, 0x0D, 0x3F, 0x1F, 0x35, 0x1B, 0x0A, 0x06, 0x0A,
	0x01, 0x03, 0x17, 0x2C, 0x4A, 0x15, 0x06, 0x04, 0x11, 0x09, 0x15, 0x21,
	0x57, 0x55, 0x7C, 0xD5, 0xA1, 0x61, 0x3A, 0x53, 0xFE, 0xDE, 0x7A, 0x66,
	0x67, 0x96, 0x2C, 0x2B, 0x03, 0x02, 0x12, 0x0A, 0x0B, 0x0E, 0x11, 0x11,
	0x6D, 0x65, 0x65, 0xA7, 0xFE, 0xEB, 0x95, 0x12, 0x11, 0x14, 0x09, 0x0A,
	0x15, 0x1D, 0x47, 0x32, 0x33, 0x08, 0x09, 0x8E, 0xFA, 0xFE, 0xE5, 0x67,
	0x07, 0x06, 0x08, 0xAD, 0x40, 0x1A, 0x3A, 0x0F, 0x17, 0x0A, 0x04, 0x06,
	0x23, 0x49, 0xFD, 0x7F, 0x27, 0x1D, 0x1A, 0x04, 0x0B, 0x06, 0x01, 0x01,
	0x01, 0x01, 0x01, 0x01, 0x01, 0x01, 0x04, 0x08, 0x04, 0x01, 0x01, 0x01,
	0x01, 0x01, 0x01, 0x01, 0x01, 0x01, 0x01, 0x01, 0x03, 0x03, 0x09, 0x0E,
	0x15, 0x11, 0x09, 0x01, 0x0A, 0x06, 0x16, 0x0C, 0x01, 0x03, 0x01, 0x02,
	0x03, 0x02, 0x02, 0x04, 0x02, 0x02, 0x04, 0x02, 0x02, 0x04, 0x02, 0x02,
	0x04, 0x02, 0x02, 0x05, 0x02, 0x02, 0x05, 0x02, 0x02, 0x04, 0x02, 0x02,
	0x01, 0x03, 0x03, 0x04, 0x07, 0x04, 0x01, 0x01, 0x01, 0x01, 0x01, 0x01,
	0x01, 0x01, 0x01, 0x01, 0x02, 0x04, 0x02, 0x09, 0x06, 0x0D, 0x14, 0x06,
	0x0C, 0x05, 0x03, 0x71, 0x05, 0x0C, 0x07, 0x14, 0x50, 0x23, 0x56, 0x07,
	0x03, 0x03, 0x02, 0x0D, 0x06, 0x06, 0x42, 0x28, 0x91, 0x20, 0x21, 0x0B,
	0x08, 0x06, 0x05, 0x08, 0x0A, 0x0F, 0xFC, 0x9D, 0x03, 0x16, 0x01, 0x09,
	0x0A, 0x09, 0x30, 0x22, 0x48, 0x04, 0x01, 0x02, 0x01, 0x07, 0x06, 0x06,
	0x09, 0x0C, 0x13, 0x02, 0x03, 0x1E, 0x1E, 0x55, 0x2E, 0x2E, 0x22, 0x30,
	0x2B, 0x03, 0x02, 0x16, 0x0D, 0x0D, 0x11, 0x01, 0x01, 0x1C, 0x12, 0x13,
	0x6C, 0x3A, 0x63, 0x39, 0x23, 0x08, 0x0C, 0x0D, 0x09, 0x0D, 0x05, 0x05,
	0x04, 0x05, 0x0B, 0x19, 0x0E, 0x3C, 0x1C, 0x42, 0x1E, 0x07, 0x0C, 0x15,
	0x38, 0x1B, 0x4D, 0x1A, 0x3D, 0x1E, 0x01, 0x01, 0x2A, 0x63, 0x4C, 0x21,
	0x01, 0x42, 0x09, 0x04, 0x06, 0x06, 0x0F, 0x09, 0x09, 0x08, 0x07, 0x09,
	0x0C, 0x0B, 0x12, 0x0B, 0x0B, 0x0B, 0x02, 0x02, 0x07, 0x0D, 0x09, 0x0A,
	0x06, 0x09, 0x16, 0x0A, 0x03, 0x02, 0x0C, 0x0A, 0x0D, 0x07, 0x07, 0x13,
	0x0B, 0x0D, 0x01, 0xC2, 0x07, 0x03, 0x04, 0x0B, 0x15, 0x1F, 0x02, 0x24,
	0x24, 0x02, 0x31, 0x1D, 0x04, 0x07, 0x03, 0x01, 0x01, 0x01, 0x01, 0x01,
	0x01, 0x01, 0x01, 0x01, 0x01, 0x01, 0x02, 0x01, 0x06, 0x1A, 0x0D, 0x1B,
	0x08, 0x15, 0x0B, 0x13, 0x10, 0x0A, 0x0D, 0x02, 0x01, 0x01, 0x01, 0x01,
	0x01, 0x01, 0x01, 0x01, 0x01, 0x01, 0x01, 0x01, 0x01, 0x01, 0x01, 0x01,
	0x01, 0x03, 0x13, 0x15, 0x1C, 0x14, 0x05, 0x02, 0x01, 0x0C, 0x02, 0x01,
	0x04, 0x04, 0x01, 0x4C, 0x1F, 0x41, 0x0E, 0x0F, 0x14, 0x1A, 0x12, 0x40,
	0x1C, 0x21, 0x0B, 0x0F, 0x0D, 0x09, 0x09, 0x08, 0x01, 0x53, 0x00, 0x00,
	0x00, 0x06, 0x00, 0x00, 0xFF, 0xC0, 0x0A, 0xFF, 0x03, 0xC0, 0x00, 0xB0,
	0x00, 0xC0, 0x00, 0xD0, 0x01, 0x8A, 0x01, 0x94, 0x01, 0x99, 0x00, 0x00,
	0x01, 0x22, 0x06, 0x07, 0x0E, 0x01, 0x07, 0x0E, 0x01, 0x15, 0x14, 0x06,
	0x07, 0x06, 0x26, 0x35, 0x34, 0x26, 0x07, 0x0E, 0x01, 0x07, 0x06, 0x26,
	0x27, 0x26, 0x06, 0x1D, 0x01, 0x07, 0x06, 0x26, 0x35, 0x34, 0x26, 0x23,
	0x21, 0x1F, 0x01, 0x05, 0x16, 0x36, 0x35, 0x34, 0x36, 0x33, 0x32, 0x16,
	0x07, 0x06, 0x14, 0x17, 0x16, 0x36, 0x35, 0x34, 0x16, 0x17, 0x1E, 0x01,
	0x37, 0x3E, 0x01, 0x17, 0x16, 0x36, 0x35, 0x34, 0x36, 0x17, 0x16, 0x36,
	0x35, 0x34, 0x16, 0x17, 0x16, 0x17, 0x1E, 0x01, 0x07, 0x06, 0x07, 0x0E,
	0x01, 0x17, 0x1E, 0x01, 0x17, 0x1E, 0x01, 0x37, 0x36, 0x37, 0x3E, 0x01,
	0x37, 0x36, 0x3F, 0x01, 0x17, 0x1E, 0x01, 0x17, 0x1E, 0x01, 0x17, 0x1E,
	0x01, 0x17, 0x1E, 0x01, 0x37, 0x3E, 0x01, 0x3F, 0x01, 0x27, 0x2E, 0x01,
	0x37, 0x3E, 0x01, 0x35, 0x34, 0x36, 0x17, 0x32, 0x16, 0x17, 0x1E, 0x01,
	0x17, 0x1E, 0x01, 0x37, 0x32, 0x16, 0x17, 0x1E, 0x01, 0x27, 0x26, 0x16,
	0x17, 0x1E, 0x01, 0x37, 0x36, 0x37, 0x3E, 0x01, 0x37, 0x36, 0x27, 0x26,
	0x06, 0x07, 0x06, 0x07, 0x0E, 0x01, 0x07, 0x06, 0x23, 0x2E, 0x01, 0x35,
	0x34, 0x26, 0x23, 0x22, 0x26, 0x27, 0x2E, 0x01, 0x07, 0x07, 0x32, 0x16,
	0x15, 0x14, 0x06, 0x23, 0x22, 0x26, 0x37, 0x3E, 0x01, 0x37, 0x3E, 0x01,
	0x17, 0x05, 0x1E, 0x01, 0x15, 0x14, 0x06, 0x23, 0x22, 0x26, 0x37, 0x3E,
	0x01, 0x37, 0x34, 0x32, 0x17, 0x01, 0x31, 0x3A, 0x01, 0x33, 0x30, 0x32,
	0x3B, 0x01, 0x3A, 0x01, 0x33, 0x14, 0x30, 0x33, 0x31, 0x30, 0x32, 0x31,
	0x32, 0x30, 0x31, 0x38, 0x01, 0x31, 0x32, 0x30, 0x31, 0x32, 0x16, 0x33,
	0x1E, 0x01, 0x33, 0x32, 0x16, 0x15, 0x1E, 0x01, 0x07, 0x0E, 0x01, 0x07,
	0x30, 0x14, 0x31, 0x38, 0x01, 0x31, 0x16, 0x36, 0x07, 0x3E, 0x01, 0x35,
	0x30, 0x36, 0x27, 0x30, 0x34, 0x31, 0x38, 0x01, 0x33, 0x38, 0x01, 0x31,
	0x34, 0x30, 0x31, 0x38, 0x01, 0x31, 0x33, 0x38, 0x01, 0x31, 0x38, 0x01,
	0x31, 0x30, 0x32, 0x31, 0x38, 0x01, 0x31, 0x38, 0x01, 0x31, 0x38, 0x01,
	0x31, 0x33, 0x38, 0x01, 0x31, 0x30, 0x32, 0x31, 0x38, 0x01, 0x31, 0x38,
	0x01, 0x31, 0x38, 0x01, 0x31, 0x38, 0x01, 0x31, 0x32, 0x30, 0x31, 0x14,
	0x30, 0x31, 0x30, 0x32, 0x31, 0x38, 0x01, 0x15, 0x38, 0x01, 0x31, 0x38,
	0x01, 0x31, 0x1E, 0x01, 0x07, 0x0E, 0x01, 0x27, 0x26, 0x36, 0x37, 0x38,
	0x01, 0x31, 0x30, 0x36, 0x31, 0x30, 0x32, 0x31, 0x38, 0x01, 0x31, 0x38,
	0x01, 0x31, 0x32, 0x30, 0x35, 0x38, 0x01, 0x31, 0x38, 0x01, 0x31, 0x32,
	0x30, 0x31, 0x30, 0x32, 0x31, 0x38, 0x01, 0x31, 0x3A, 0x01, 0x31, 0x32,
	0x36, 0x33, 0x3A, 0x01, 0x33, 0x3A, 0x01, 0x33, 0x3A, 0x01, 0x33, 0x17,
	0x22, 0x30, 0x31, 0x38, 0x01, 0x33, 0x38, 0x01, 0x31, 0x17, 0x38, 0x01,
	0x31, 0x15, 0x07, 0x7F, 0x02, 0x04, 0x02, 0x04, 0x65, 0x43, 0xAC, 0x32,
	0x0C, 0x15, 0x11, 0x0F, 0x4D, 0x88, 0x57, 0x83, 0x03, 0x04, 0x23, 0x15,
	0x2E, 0x23, 0x31, 0xB3, 0x70, 0x6D, 0x9F, 0xFE, 0xF3, 0x04, 0x04, 0x01,
	0x09, 0xAC, 0x5C, 0x3F, 0x6E, 0x59, 0x4B, 0x0A, 0x0D, 0x0D, 0x14, 0x13,
	0x4B, 0x0A, 0x04, 0x09, 0x02, 0x03, 0x53, 0x8D, 0x65, 0x79, 0x0F, 0x0B,
	0x0C, 0x0E, 0x0A, 0x08, 0x0C, 0x07, 0x07, 0x04, 0x03, 0x04, 0x09, 0x09,
	0x07, 0x03, 0x04, 0x25, 0x17, 0x16, 0x2C, 0x08, 0x08, 0x0B, 0x0B, 0x14,
	0x07, 0x06, 0x01, 0x01, 0x5F, 0x3D, 0x23, 0x03, 0x02, 0x11, 0x0A, 0x0A,
	0x15, 0x05, 0x07, 0x11, 0x18, 0x0F, 0x2B, 0x0F, 0x25, 0x49, 0x39, 0x0C,
	0x27, 0x0A, 0x10, 0x18, 0x2C, 0x1C, 0x62, 0x29, 0x3D, 0x2A, 0x08, 0x09,
	0x27, 0x28, 0x09, 0x27, 0x11, 0x26, 0x1B, 0x07, 0x10, 0x5A, 0x25, 0x09,
	0x12, 0x04, 0x05, 0x0A, 0x09, 0x12, 0x06, 0x05, 0x03, 0x03, 0x0E, 0x06,
	0x04, 0x1C, 0x1B, 0x62, 0x45, 0x46, 0x59, 0xEB, 0x85, 0x09, 0x07, 0x07,
	0x18, 0x0B, 0x10, 0x20, 0x0E, 0x88, 0x2E, 0x1C, 0x3A, 0x64, 0x5B, 0x41,
	0x03, 0x03, 0x4A, 0x51, 0x18, 0x27, 0x10, 0xFC, 0xAA, 0x0B, 0x29, 0x18,
	0x10, 0x1D, 0x09, 0x06, 0x04, 0x09, 0x03, 0x03, 0x01, 0x03, 0x68, 0x01,
	0x02, 0x01, 0x02, 0x01, 0x06, 0x01, 0x02, 0x01, 0x01, 0x01, 0x01, 0x01,
	0x02, 0x03, 0x02, 0x02, 0x09, 0x02, 0x01, 0x07, 0x01, 0x01, 0x01, 0x01,
	0x04, 0x08, 0x09, 0x0A, 0x04, 0x02, 0x06, 0x04, 0x01, 0x01, 0x01, 0x01,
	0x01, 0x01, 0x01, 0x01, 0x06, 0x05, 0x04, 0x08, 0x76, 0x08, 0x07, 0x19,
	0x13, 0x01, 0x01, 0x01, 0x01, 0x01, 0x01, 0x01, 0x01, 0x01, 0x01, 0x01,
	0x01, 0x01, 0x01, 0x02, 0x01, 0x01, 0x01, 0x01, 0x25, 0x01, 0x01, 0x12,
	0x03, 0x24, 0x02, 0x01, 0x02, 0x0C, 0x06, 0x10, 0x10, 0x27, 0x1C, 0x13,
	0x03, 0x04, 0x06, 0x0A, 0x0D, 0x03, 0x06, 0x04, 0x06, 0x01, 0x01, 0x21,
	0x18, 0x35, 0x0E, 0x47, 0x47, 0x02, 0x06, 0x04, 0x0D, 0x0A, 0x07, 0x38,
	0x37, 0x04, 0x02, 0x06, 0x0C, 0x0D, 0x07, 0x06, 0x07, 0x09, 0x08, 0x09,
	0x0D, 0x02, 0x11, 0x29, 0x14, 0x2C, 0x11, 0x0D, 0x08, 0x0C, 0x06, 0x02,
	0x02, 0x05, 0x05, 0x05, 0x04, 0x03, 0x03, 0x05, 0x09, 0x07, 0x04, 0x0C,
	0x11, 0x21, 0x21, 0x51, 0x2B, 0x2B, 0x24, 0x24, 0x39, 0x03, 0x04, 0x12,
	0x0A, 0x09, 0x0B, 0x01, 0x01, 0x18, 0x18, 0x43, 0x26, 0x26, 0x1E, 0x31,
	0x03, 0x03, 0x0A, 0x11, 0x0B, 0x19, 0x07, 0x07, 0x23, 0x11, 0x1B, 0x0E,
	0x03, 0x02, 0x0B, 0x07, 0x0F, 0x6B, 0x53, 0x40, 0x0A, 0x03, 0x12, 0x0B,
	0x0F, 0x09, 0x01, 0x0A, 0x06, 0x0A, 0x11, 0x12, 0x15, 0x0E, 0x04, 0x0E,
	0x0B, 0x17, 0x03, 0x14, 0x28, 0x45, 0x38, 0x0D, 0x0E, 0x04, 0x05, 0x34,
	0x33, 0x7A, 0x34, 0x34, 0x06, 0x04, 0x01, 0x06, 0x03, 0x02, 0x03, 0x03,
	0x01, 0x01, 0x01, 0x07, 0x0C, 0x08, 0x0B, 0x22, 0x18, 0x24, 0x24, 0x02,
	0x41, 0x07, 0x0A, 0x0D, 0x07, 0x07, 0x09, 0x09, 0x09, 0x02, 0x01, 0x01,
	0x01, 0x0B, 0x04, 0x34, 0x0B, 0x04, 0x07, 0x0B, 0x19, 0x0E, 0x19, 0x03,
	0x01, 0x01, 0xFE, 0xFA, 0x01, 0x01, 0x01, 0x05, 0x14, 0x01, 0x03, 0x0B,
	0x07, 0x02, 0x0B, 0x05, 0x01, 0x02, 0x15, 0x09, 0x02, 0x12, 0x01, 0x0F,
	0x01, 0x01, 0x01, 0x01, 0x01, 0x06, 0x15, 0x08, 0x15, 0x01, 0x15, 0x12,
	0x21, 0x04, 0x01, 0x01, 0x01, 0x45, 0x01, 0x01, 0x00, 0x04, 0x00, 0x00,
	0xFF, 0xC0, 0x0A, 0x9A, 0x03, 0xC0, 0x00, 0x84, 0x00, 0x9D, 0x00, 0xA9,
	0x00, 0xB5, 0x00, 0x00, 0x25, 0x27, 0x37, 0x3E, 0x01, 0x37, 0x36, 0x26,
	0x07, 0x22, 0x26, 0x27, 0x26, 0x27, 0x2E, 0x01, 0x27, 0x26, 0x27, 0x26,
	0x27, 0x2E, 0x01, 0x27, 0x26, 0x27, 0x2E, 0x01, 0x23, 0x22, 0x36, 0x37,
	0x3E, 0x01, 0x35, 0x34, 0x36, 0x17, 0x1E, 0x01, 0x1F, 0x01, 0x33, 0x32,
	0x36, 0x3F, 0x02, 0x36, 0x37, 0x3E, 0x01, 0x17, 0x16, 0x07, 0x06, 0x17,
	0x1E, 0x01, 0x17, 0x16, 0x3B, 0x01, 0x17, 0x1E, 0x01, 0x37, 0x36, 0x37,
	0x3E, 0x01, 0x37, 0x36, 0x33, 0x21, 0x15, 0x14, 0x06, 0x27, 0x26, 0x27,
	0x2E, 0x01, 0x27, 0x26, 0x27, 0x26, 0x06, 0x07, 0x06, 0x16, 0x17, 0x16,
	0x06, 0x07, 0x06, 0x26, 0x35, 0x34, 0x27, 0x2E, 0x01, 0x27, 0x26, 0x27,
	0x26, 0x06, 0x07, 0x06, 0x26, 0x27, 0x26, 0x06, 0x15, 0x14, 0x26, 0x27,
	0x34, 0x06, 0x07, 0x06, 0x07, 0x0E, 0x01, 0x07, 0x06, 0x07, 0x0E, 0x01,
	0x23, 0x22, 0x26, 0x27, 0x01, 0x3E, 0x01, 0x27, 0x34, 0x06, 0x07, 0x0E,
	0x01, 0x35, 0x34, 0x36, 0x37, 0x36, 0x26, 0x23, 0x22, 0x06, 0x15, 0x14,
	0x16, 0x17, 0x32, 0x36, 0x37, 0x25, 0x36, 0x26, 0x23, 0x22, 0x06, 0x15,
	0x14, 0x16, 0x33, 0x32, 0x36, 0x25, 0x34, 0x26, 0x27, 0x26, 0x06, 0x15,
	0x14, 0x16, 0x33, 0x32, 0x36, 0x04, 0x76, 0x32, 0x47, 0x39, 0x48, 0x08,
	0x06, 0x2D, 0x5B, 0x22, 0x75, 0x31, 0x18, 0x34, 0x33, 0x88, 0x4F, 0x4E,
	0x4F, 0x67, 0x4A, 0x49, 0x5F, 0x18, 0x18, 0x05, 0x07, 0x1B, 0x0D, 0x1D,
	0x07, 0x1E, 0x12, 0x0A, 0x09, 0x0E, 0x0B, 0x16, 0x09, 0x12, 0x6E, 0x50,
	0x29, 0x1B, 0x27, 0xD4, 0xD0, 0x77, 0x78, 0x77, 0x0E, 0x0E, 0x02, 0x03,
	0x26, 0x25, 0x83, 0x58, 0x57, 0x61, 0xA6, 0x2F, 0x2C, 0x78, 0x35, 0x0C,
	0x1B, 0x1C, 0x50, 0x33, 0x33, 0x3A, 0x01, 0x00, 0x15, 0x4D, 0x27, 0x5E,
	0x5E, 0xCC, 0x57, 0x57, 0x19, 0x31, 0x17, 0x0A, 0x07, 0x05, 0x0F, 0x1A,
	0x03, 0x1E, 0x27, 0x2D, 0x09, 0x08, 0x16, 0x0B, 0x0C, 0x05, 0x06, 0x0E,
	0x07, 0x12, 0x8A, 0x07, 0x07, 0x18, 0x1A, 0x01, 0x11, 0x0D, 0x0D, 0x16,
	0x16, 0x36, 0x1F, 0x1E, 0x1F, 0x1A, 0x2C, 0x05, 0x04, 0x24, 0x15, 0x02,
	0x34, 0x06, 0x09, 0x01, 0x04, 0x08, 0x09, 0x1E, 0x08, 0x06, 0x13, 0x20,
	0x29, 0x24, 0x0F, 0x1E, 0x31, 0x0D, 0x1D, 0x07, 0xFB, 0xE7, 0x03, 0x36,
	0x35, 0x32, 0x3E, 0x3A, 0x2E, 0x2B, 0x41, 0xFD, 0xE5, 0x07, 0x06, 0x05,
	0x08, 0x08, 0x05, 0x06, 0x07, 0x81, 0x48, 0x4D, 0x3D, 0x85, 0x39, 0x2B,
	0x16, 0x02, 0x07, 0x06, 0x03, 0x03, 0x04, 0x06, 0x03, 0x03, 0x02, 0x02,
	0x03, 0x03, 0x06, 0x04, 0x03, 0x05, 0x06, 0x0A, 0x20, 0x05, 0x02, 0x18,
	0x2B, 0x2A, 0x16, 0x03, 0x02, 0x23, 0x1D, 0x3E, 0x0B, 0x1E, 0x29, 0x0B,
	0x0B, 0x06, 0x06, 0x04, 0x03, 0x02, 0x05, 0x07, 0x05, 0x06, 0x09, 0x02,
	0x03, 0x2D, 0x2B, 0x22, 0x10, 0x03, 0x03, 0x03, 0x04, 0x01, 0x01, 0x90,
	0x78, 0x1D, 0x13, 0x09, 0x14, 0x13, 0x29, 0x10, 0x10, 0x04, 0x06, 0x07,
	0x1A, 0x14, 0x30, 0x2E, 0x4F, 0x33, 0x0B, 0x0F, 0x05, 0x14, 0x0C, 0x1F,
	0x1F, 0x43, 0x1D, 0x1D, 0x06, 0x06, 0x02, 0x08, 0x11, 0x03, 0x12, 0x14,
	0x01, 0x13, 0x18, 0x18, 0x18, 0x0C, 0x29, 0x28, 0x2E, 0x2F, 0x2F, 0x56,
	0x25, 0x25, 0x1A, 0x16, 0x1F, 0x2B, 0x1D, 0x01, 0x6A, 0x06, 0x19, 0x0B,
	0x14, 0x01, 0x14, 0x16, 0x1B, 0x0F, 0x04, 0x0F, 0x06, 0x12, 0x19, 0x0B,
	0x1B, 0x1E, 0x13, 0x03, 0x08, 0x07, 0xE8, 0x06, 0x07, 0x07, 0x06, 0x06,
	0x07, 0x08, 0x11, 0x05, 0x0C, 0x04, 0x03, 0x07, 0x09, 0x08, 0x0C, 0x07,
	0x00, 0x05, 0x00, 0x00, 0xFF, 0xC0, 0x0A, 0xCD, 0x03, 0xC0, 0x01, 0x1E,
	0x01, 0x34, 0x01, 0x40, 0x01, 0x49, 0x01, 0x53, 0x00, 0x00, 0x25, 0x2E,
	0x01, 0x27, 0x26, 0x36, 0x37, 0x36, 0x37, 0x3E, 0x01, 0x37, 0x36, 0x27,
	0x2E, 0x01, 0x27, 0x26, 0x06, 0x07, 0x0E, 0x01, 0x15, 0x14, 0x06, 0x23,
	0x22, 0x26, 0x35, 0x34, 0x26, 0x07, 0x06, 0x26, 0x35, 0x34, 0x26, 0x23,
	0x22, 0x06, 0x07, 0x06, 0x22, 0x27, 0x26, 0x27, 0x2E, 0x01, 0x07, 0x06,
	0x15, 0x14, 0x06, 0x23, 0x22, 0x26, 0x35, 0x34, 0x26, 0x23, 0x22, 0x26,
	0x35, 0x34, 0x36, 0x3B, 0x01, 0x37, 0x3E, 0x01, 0x37, 0x36, 0x16, 0x17,
	0x1E, 0x01, 0x17, 0x16, 0x36, 0x37, 0x3E, 0x01, 0x15, 0x14, 0x16, 0x37,
	0x36, 0x32, 0x15, 0x14, 0x32, 0x37, 0x36, 0x32, 0x15, 0x14, 0x16, 0x33,
	0x32, 0x36, 0x37, 0x3E, 0x01, 0x17, 0x16, 0x36, 0x37, 0x36, 0x16, 0x17,
	0x16, 0x36, 0x37, 0x3E, 0x01, 0x17, 0x1E, 0x01, 0x37, 0x36, 0x16, 0x17,
	0x1E, 0x01, 0x37, 0x3E, 0x01, 0x17, 0x1E, 0x01, 0x37, 0x36, 0x16, 0x17,
	0x16, 0x36, 0x37, 0x36, 0x32, 0x17, 0x16, 0x32, 0x37, 0x36, 0x32, 0x17,
	0x16, 0x32, 0x37, 0x36, 0x32, 0x17, 0x16, 0x32, 0x37, 0x36, 0x32, 0x17,
	0x16, 0x32, 0x37, 0x36, 0x16, 0x17, 0x16, 0x36, 0x37, 0x3E, 0x01, 0x17,
	0x16, 0x36, 0x35, 0x2E, 0x01, 0x0F, 0x01, 0x35, 0x34, 0x36, 0x17, 0x16,
	0x36, 0x37, 0x3E, 0x01, 0x17, 0x1E, 0x01, 0x33, 0x32, 0x16, 0x1D, 0x01,
	0x07, 0x0E, 0x01, 0x17, 0x16, 0x36, 0x37, 0x3E, 0x01, 0x37, 0x36, 0x16,
	0x17, 0x1E, 0x01, 0x17, 0x16, 0x36, 0x37, 0x36, 0x37, 0x3E, 0x01, 0x17,
	0x16, 0x15, 0x14, 0x16, 0x37, 0x32, 0x16, 0x1F, 0x01, 0x07, 0x0E, 0x01,
	0x07, 0x06, 0x26, 0x27, 0x2E, 0x01, 0x07, 0x06, 0x26, 0x35, 0x34, 0x26,
	0x23, 0x26, 0x22, 0x07, 0x06, 0x16, 0x17, 0x1E, 0x01, 0x15, 0x14, 0x06,
	0x07, 0x06, 0x26, 0x27, 0x2E, 0x01, 0x23, 0x26, 0x06, 0x15, 0x14, 0x06,
	0x23, 0x22, 0x26, 0x35, 0x34, 0x26, 0x23, 0x22, 0x26, 0x27, 0x34, 0x06,
	0x07, 0x06, 0x07, 0x0E, 0x01, 0x07, 0x06, 0x0F, 0x01, 0x01, 0x36, 0x26,
	0x07, 0x0E, 0x01, 0x23, 0x22, 0x34, 0x37, 0x36, 0x26, 0x23, 0x22, 0x06,
	0x15, 0x14, 0x16, 0x33, 0x32, 0x36, 0x37, 0x25, 0x34, 0x26, 0x23, 0x22,
	0x06, 0x15, 0x14, 0x16, 0x33, 0x32, 0x36, 0x25, 0x36, 0x26, 0x23, 0x22,
	0x06, 0x17, 0x16, 0x36, 0x25, 0x34, 0x26, 0x23, 0x22, 0x06, 0x17, 0x16,
	0x36, 0x35, 0x05, 0x77, 0x20, 0x2F, 0x02, 0x01, 0x18, 0x13, 0x16, 0x1A,
	0x19, 0x26, 0x0A, 0x0A, 0x08, 0x03, 0x62, 0x42, 0x5D, 0x4A, 0x0B, 0x09,
	0x09, 0x0E, 0x1A, 0x1D, 0x16, 0x21, 0x47, 0x2C, 0x15, 0x28, 0x60, 0x48,
	0x43, 0x04, 0x05, 0x06, 0x05, 0x03, 0x24, 0x24, 0x53, 0x22, 0x22, 0x0C,
	0x08, 0x08, 0x0B, 0x52, 0x44, 0x6A, 0x2C, 0x2C, 0x69, 0x95, 0x04, 0x02,
	0x0C, 0x0C, 0x0C, 0x0E, 0x04, 0x13, 0x15, 0x36, 0x4A, 0x50, 0x04, 0x04,
	0x18, 0x08, 0x0C, 0x0B, 0x08, 0x08, 0x0C, 0x0A, 0x09, 0x26, 0x21, 0x2D,
	0x1D, 0x05, 0x07, 0x17, 0x0A, 0x04, 0x0E, 0x09, 0x0C, 0x0D, 0x07, 0x08,
	0x08, 0x08, 0x08, 0x0B, 0x0A, 0x09, 0x0E, 0x0B, 0x0A, 0x0D, 0x07, 0x08,
	0x08, 0x08, 0x04, 0x10, 0x07, 0x0E, 0x8F, 0x09, 0x03, 0x0E, 0x07, 0x08,
	0x0C, 0x05, 0x05, 0x0C, 0x09, 0x09, 0x0C, 0x05, 0x05, 0x0C, 0x09, 0x0A,
	0x0B, 0x05, 0x05, 0x0C, 0x09, 0x0A, 0x0C, 0x04, 0x05, 0x0C, 0x09, 0x0A,
	0x0C, 0x04, 0x05, 0x0E, 0x0A, 0x0C, 0x0F, 0x0C, 0x07, 0x0F, 0x02, 0x03,
	0x03, 0x01, 0x1B, 0x12, 0x2D, 0x09, 0x18, 0x26, 0x70, 0x11, 0x11, 0x29,
	0x05, 0x02, 0x18, 0x0E, 0x19, 0x0B, 0x42, 0x31, 0x11, 0x1F, 0x0B, 0x15,
	0x0D, 0x0A, 0x3F, 0x26, 0x3A, 0x21, 0x05, 0x19, 0x26, 0x36, 0x1F, 0x3D,
	0x13, 0x12, 0x3B, 0x3B, 0x7F, 0x32, 0x32, 0x0A, 0x06, 0x07, 0x24, 0x12,
	0x2C, 0x09, 0x08, 0x0E, 0x19, 0x1D, 0x3A, 0x1C, 0x19, 0x17, 0x23, 0x15,
	0x1C, 0x0E, 0x09, 0xE3, 0x79, 0x0E, 0x13, 0x03, 0x17, 0x0A, 0x10, 0x11,
	0x2B, 0x35, 0x1C, 0x17, 0x09, 0x11, 0x04, 0x1F, 0x8C, 0x07, 0x06, 0x05,
	0x08, 0x07, 0x06, 0x05, 0x08, 0x01, 0x0F, 0x09, 0x0E, 0x17, 0x17, 0x32,
	0x16, 0x17, 0x0B, 0x1A, 0x01, 0x92, 0x05, 0x12, 0x0E, 0x05, 0x10, 0x06,
	0x08, 0x07, 0x11, 0x0D, 0x24, 0x1F, 0x0F, 0x18, 0x31, 0x28, 0x10, 0x04,
	0xF8, 0xF8, 0x0B, 0x08, 0x08, 0x0C, 0x0C, 0x08, 0x08, 0x0B, 0x02, 0xFE,
	0x10, 0x59, 0x40, 0x28, 0x1A, 0x1B, 0x14, 0x8F, 0xFE, 0x21, 0x0C, 0x08,
	0x0F, 0x07, 0x0B, 0x0B, 0x14, 0x28, 0x17, 0x21, 0x01, 0x01, 0x29, 0x1B,
	0x22, 0x37, 0x38, 0x6D, 0x2B, 0x2A, 0x08, 0x03, 0x07, 0x02, 0x02, 0x06,
	0x0B, 0x0A, 0x43, 0x45, 0x6D, 0x3D, 0x4B, 0x63, 0x72, 0x32, 0x07, 0x04,
	0x07, 0x12, 0x12, 0x08, 0x08, 0x08, 0x0A, 0x0A, 0x07, 0x05, 0x04, 0x01,
	0x03, 0x04, 0x07, 0x05, 0x08, 0x08, 0x05, 0x06, 0x07, 0x08, 0x12, 0x12,
	0x08, 0x44, 0x27, 0x1F, 0x03, 0x02, 0x0F, 0x14, 0x59, 0x1A, 0x03, 0x05,
	0x1A, 0x1D, 0x1A, 0x23, 0x16, 0x0A, 0x01, 0x0A, 0x0A, 0x0A, 0x09, 0x09,
	0x09, 0x07, 0x07, 0x08, 0x0A, 0x10, 0x16, 0x07, 0x10, 0x07, 0x01, 0x08,
	0x0A, 0x01, 0x0C, 0x0C, 0x01, 0x0C, 0x0C, 0x01, 0x09, 0x09, 0x01, 0x09,
	0x09, 0x02, 0x0B, 0x0B, 0x01, 0x0C, 0x07, 0x05, 0x04, 0x09, 0x01, 0x08,
	0x03, 0x03, 0x05, 0x08, 0x01, 0x07, 0x08, 0x08, 0x07, 0x07, 0x08, 0x08,
	0x07, 0x07, 0x08, 0x08, 0x07, 0x07, 0x08, 0x08, 0x07, 0x07, 0x08, 0x01,
	0x09, 0x0A, 0x04, 0x0F, 0x0B, 0x0D, 0x01, 0x02, 0x04, 0x04, 0x04, 0x04,
	0x01, 0x03, 0x41, 0x2F, 0x0E, 0x0A, 0x0E, 0x04, 0x11, 0x11, 0x04, 0x10,
	0x06, 0x09, 0x0F, 0x23, 0x32, 0x08, 0x07, 0x17, 0x14, 0x07, 0x03, 0x0B,
	0x09, 0x11, 0x04, 0x05, 0x05, 0x0F, 0x51, 0x28, 0x07, 0x04, 0x03, 0x07,
	0x06, 0x04, 0x03, 0x01, 0x02, 0x03, 0x06, 0x05, 0x07, 0x01, 0x01, 0x01,
	0x02, 0x83, 0x71, 0x35, 0x06, 0x08, 0x2C, 0x34, 0x2F, 0x11, 0x03, 0x02,
	0x05, 0x06, 0x05, 0x09, 0x0C, 0x0B, 0x11, 0x41, 0x32, 0x18, 0x39, 0x12,
	0x1D, 0x0F, 0x06, 0x08, 0x1C, 0x52, 0x1F, 0x2D, 0x07, 0x02, 0x07, 0x05,
	0x07, 0x0F, 0x0B, 0x0A, 0x10, 0x0D, 0x09, 0x0A, 0x19, 0x1B, 0x25, 0x37,
	0x37, 0x6F, 0x2E, 0x2E, 0x12, 0x2A, 0x01, 0xCE, 0x2A, 0x04, 0x27, 0x10,
	0x17, 0x0C, 0x0D, 0x1F, 0x16, 0x0C, 0x19, 0x25, 0x11, 0x0C, 0x21, 0x96,
	0x05, 0x08, 0x08, 0x05, 0x05, 0x08, 0x08, 0x1D, 0x0A, 0x12, 0x14, 0x0A,
	0x09, 0x03, 0x1E, 0x08, 0x0B, 0x13, 0x0B, 0x0B, 0x06, 0x10, 0x00, 0x00,
	0x00, 0x0F, 0x00, 0x00, 0xFF, 0xC0, 0x0A, 0x4D, 0x03, 0xC0, 0x05, 0xFC,
	0x06, 0x0C, 0x06, 0x16, 0x06, 0x1E, 0x06, 0x24, 0x06, 0x31, 0x06, 0x3B,
	0x06, 0x46, 0x06, 0x53, 0x06, 0x5A, 0x06, 0x64, 0x06, 0x6F, 0x06, 0x7D,
	0x06, 0x96, 0x07, 0x21, 0x00, 0x00, 0x01, 0x31, 0x26, 0x06, 0x07, 0x38,
	0x01, 0x1D, 0x01, 0x1C, 0x01, 0x15, 0x06, 0x14, 0x15, 0x14, 0x06, 0x15,
	0x1C, 0x01, 0x07, 0x1C, 0x01, 0x15, 0x14, 0x06, 0x15, 0x06, 0x14, 0x07,
	0x14, 0x06, 0x07, 0x14, 0x06, 0x15, 0x0E, 0x01, 0x07, 0x38, 0x01, 0x15,
	0x0E, 0x01, 0x07, 0x22, 0x06, 0x23, 0x06, 0x22, 0x07, 0x22, 0x06, 0x07,
	0x0E, 0x01, 0x07, 0x30, 0x22, 0x31, 0x38, 0x01, 0x31, 0x14, 0x06, 0x15,
	0x22, 0x14, 0x15, 0x30, 0x06, 0x31, 0x30, 0x14, 0x33, 0x1C, 0x01, 0x15,
	0x1C, 0x01, 0x15, 0x30, 0x14, 0x31, 0x38, 0x01, 0x31, 0x30, 0x14, 0x31,
	0x32, 0x06, 0x31, 0x30, 0x14, 0x31, 0x16, 0x14, 0x15, 0x1C, 0x01, 0x15,
	0x14, 0x06, 0x07, 0x06, 0x22, 0x07, 0x22, 0x26, 0x27, 0x30, 0x26, 0x31,
	0x30, 0x22, 0x23, 0x2A, 0x01, 0x23, 0x22, 0x06, 0x23, 0x38, 0x01, 0x31,
	0x38, 0x01, 0x31, 0x30, 0x14, 0x31, 0x38, 0x01, 0x31, 0x38, 0x01, 0x07,
	0x38, 0x01, 0x31, 0x30, 0x14, 0x31, 0x30, 0x22, 0x31, 0x38, 0x01, 0x31,
	0x30, 0x14, 0x31, 0x38, 0x01, 0x31, 0x30, 0x22, 0x15, 0x30, 0x22, 0x15,
	0x22, 0x30, 0x07, 0x30, 0x22, 0x31, 0x06, 0x22, 0x31, 0x2A, 0x01, 0x07,
	0x30, 0x22, 0x31, 0x30, 0x22, 0x23, 0x38, 0x01, 0x23, 0x31, 0x38, 0x01,
	0x31, 0x30, 0x22, 0x31, 0x38, 0x01, 0x31, 0x38, 0x01, 0x31, 0x2A, 0x01,
	0x31, 0x2A, 0x01, 0x31, 0x22, 0x30, 0x27, 0x30, 0x22, 0x31, 0x22, 0x34,
	0x23, 0x30, 0x34, 0x31, 0x22, 0x30, 0x31, 0x26, 0x34, 0x23, 0x38, 0x01,
	0x31, 0x38, 0x01, 0x35, 0x30, 0x22, 0x39, 0x02, 0x34, 0x30, 0x31, 0x30,
	0x34, 0x39, 0x01, 0x38, 0x01, 0x31, 0x2A, 0x01, 0x31, 0x06, 0x26, 0x23,
	0x31, 0x30, 0x22, 0x31, 0x23, 0x38, 0x01, 0x15, 0x30, 0x14, 0x07, 0x38,
	0x01, 0x31, 0x38, 0x01, 0x31, 0x14, 0x22, 0x15, 0x38, 0x01, 0x31, 0x30,
	0x06, 0x31, 0x30, 0x06, 0x31, 0x2A, 0x01, 0x15, 0x31, 0x38, 0x01, 0x31,
	0x22, 0x06, 0x23, 0x22, 0x06, 0x31, 0x2A, 0x01, 0x23, 0x30, 0x26, 0x23,
	0x2A, 0x01, 0x23, 0x30, 0x26, 0x31, 0x22, 0x26, 0x23, 0x30, 0x26, 0x31,
	0x22, 0x34, 0x31, 0x30, 0x22, 0x31, 0x34, 0x22, 0x35, 0x22, 0x26, 0x35,
	0x30, 0x34, 0x31, 0x30, 0x34, 0x31, 0x2A, 0x01, 0x23, 0x14, 0x22, 0x15,
	0x30, 0x06, 0x31, 0x38, 0x01, 0x31, 0x14, 0x22, 0x31, 0x0E, 0x01, 0x31,
	0x30, 0x22, 0x31, 0x15, 0x38, 0x01, 0x31, 0x30, 0x22, 0x15, 0x2A, 0x01,
	0x15, 0x22, 0x06, 0x31, 0x38, 0x01, 0x39, 0x01, 0x22, 0x30, 0x23, 0x14,
	0x22, 0x31, 0x2A, 0x01, 0x23, 0x30, 0x14, 0x23, 0x38, 0x01, 0x31, 0x38,
	0x01, 0x31, 0x2A, 0x01, 0x31, 0x30, 0x22, 0x23, 0x38, 0x01, 0x31, 0x38,
	0x01, 0x31, 0x22, 0x26, 0x23, 0x30, 0x22, 0x23, 0x30, 0x26, 0x23, 0x30,
	0x22, 0x23, 0x30, 0x22, 0x31, 0x26, 0x30, 0x23, 0x34, 0x22, 0x35, 0x31,
	0x22, 0x30, 0x31, 0x26, 0x30, 0x27, 0x30, 0x34, 0x23, 0x30, 0x34, 0x31,
	0x3C, 0x01, 0x31, 0x38, 0x01, 0x31, 0x2A, 0x01, 0x23, 0x2A, 0x01, 0x23,
	0x1C, 0x01, 0x23, 0x14, 0x30, 0x23, 0x38, 0x01, 0x39, 0x01, 0x14, 0x22,
	0x39, 0x01, 0x38, 0x01, 0x15, 0x30, 0x22, 0x31, 0x14, 0x30, 0x23, 0x38,
	0x01, 0x39, 0x01, 0x06, 0x22, 0x31, 0x0E, 0x01, 0x23, 0x06, 0x22, 0x23,
	0x30, 0x22, 0x31, 0x2A, 0x01, 0x31, 0x2A, 0x01, 0x23, 0x34, 0x22, 0x31,
	0x22, 0x34, 0x23, 0x30, 0x22, 0x27, 0x30, 0x22, 0x23, 0x30, 0x34, 0x31,
	0x30, 0x22, 0x35, 0x30, 0x22, 0x35, 0x38, 0x01, 0x39, 0x01, 0x30, 0x22,
	0x31, 0x30, 0x34, 0x31, 0x22, 0x34, 0x31, 0x38, 0x01, 0x23, 0x31, 0x30,
	0x34, 0x31, 0x38, 0x01, 0x31, 0x38, 0x01, 0x31, 0x30, 0x22, 0x31, 0x2A,
	0x01, 0x23, 0x06, 0x22, 0x15, 0x38, 0x01, 0x31, 0x0E, 0x01, 0x07, 0x22,
	0x06, 0x23, 0x0E, 0x01, 0x23, 0x38, 0x01, 0x23, 0x30, 0x22, 0x31, 0x06,
	0x22, 0x31, 0x2A, 0x01, 0x31, 0x30, 0x22, 0x31, 0x30, 0x22, 0x31, 0x38,
	0x01, 0x31, 0x2A, 0x01, 0x31, 0x2A, 0x01, 0x31, 0x30, 0x22, 0x31, 0x22,
	0x30, 0x31, 0x23, 0x31, 0x30, 0x34, 0x31, 0x22, 0x30, 0x31, 0x30, 0x22,
	0x23, 0x30, 0x22, 0x27, 0x30, 0x22, 0x31, 0x2A, 0x01, 0x35, 0x2A, 0x01,
	0x23, 0x34, 0x22, 0x27, 0x30, 0x26, 0x31, 0x22, 0x34, 0x31, 0x22, 0x34,
	0x31, 0x38, 0x01, 0x31, 0x0E, 0x01, 0x15, 0x14, 0x06, 0x23, 0x38, 0x01,
	0x39, 0x01, 0x38, 0x01, 0x31, 0x22, 0x30, 0x31, 0x38, 0x01, 0x31, 0x38,
	0x01, 0x31, 0x38, 0x01, 0x31, 0x22, 0x30, 0x31, 0x30, 0x26, 0x31, 0x38,
	0x01, 0x23, 0x38, 0x01, 0x31, 0x38, 0x01, 0x31, 0x30, 0x26, 0x23, 0x38,
	0x01, 0x23, 0x31, 0x38, 0x01, 0x31, 0x26, 0x30, 0x31, 0x22, 0x26, 0x35,
	0x30, 0x26, 0x31, 0x30, 0x22, 0x35, 0x38, 0x01, 0x31, 0x38, 0x01, 0x39,
	0x01, 0x30, 0x34, 0x31, 0x22, 0x30, 0x35, 0x38, 0x01, 0x35, 0x38, 0x01,
	0x27, 0x31, 0x38, 0x01, 0x31, 0x34, 0x26, 0x35, 0x38, 0x01, 0x31, 0x30,
	0x22, 0x31, 0x34, 0x26, 0x27, 0x22, 0x26, 0x23, 0x14, 0x30, 0x31, 0x38,
	0x01, 0x23, 0x38, 0x01, 0x31, 0x14, 0x22, 0x31, 0x30, 0x06, 0x31, 0x38,
	0x01, 0x23, 0x30, 0x14, 0x31, 0x38, 0x01, 0x23, 0x38, 0x01, 0x31, 0x30,
	0x14, 0x23, 0x38, 0x01, 0x31, 0x38, 0x01, 0x31, 0x14, 0x30, 0x31, 0x22,
	0x30, 0x31, 0x30, 0x22, 0x31, 0x30, 0x14, 0x31, 0x38, 0x01, 0x31, 0x38,
	0x01, 0x31, 0x22, 0x30, 0x31, 0x30, 0x14, 0x23, 0x38, 0x01, 0x31, 0x38,
	0x01, 0x07, 0x0E, 0x01, 0x07, 0x22, 0x06, 0x23, 0x38, 0x01, 0x31, 0x30,
	0x22, 0x31, 0x30, 0x22, 0x31, 0x38, 0x01, 0x15, 0x38, 0x01, 0x31, 0x22,
	0x30, 0x31, 0x26, 0x30, 0x23, 0x38, 0x01, 0x23, 0x38, 0x01, 0x31, 0x22,
	0x26, 0x27, 0x22, 0x34, 0x27, 0x26, 0x34, 0x3D, 0x01, 0x30, 0x22, 0x35,
	0x2E, 0x01, 0x07, 0x22, 0x06, 0x07, 0x06, 0x26, 0x27, 0x2E, 0x01, 0x07,
	0x0E, 0x01, 0x1D, 0x01, 0x27, 0x0E, 0x01, 0x2B, 0x01, 0x2A, 0x01, 0x23,
	0x2A, 0x01, 0x23, 0x2A, 0x01, 0x23, 0x2A, 0x01, 0x23, 0x22, 0x26, 0x23,
	0x22, 0x26, 0x27, 0x2E, 0x01, 0x27, 0x22, 0x26, 0x23, 0x27, 0x15, 0x37,
	0x30, 0x32, 0x37, 0x3E, 0x01, 0x33, 0x30, 0x32, 0x31, 0x34, 0x32, 0x33,
	0x36, 0x32, 0x33, 0x31, 0x34, 0x32, 0x31, 0x33, 0x3A, 0x01, 0x33, 0x36,
	0x32, 0x33, 0x3A, 0x01, 0x33, 0x32, 0x36, 0x33, 0x38, 0x01, 0x31, 0x3A,
	0x01, 0x33, 0x32, 0x36, 0x33, 0x3A, 0x01, 0x33, 0x30, 0x32, 0x31, 0x3A,
	0x01, 0x33, 0x3A, 0x01, 0x33, 0x3A, 0x01, 0x37, 0x3A, 0x01, 0x33, 0x3A,
	0x01, 0x33, 0x3A, 0x01, 0x33, 0x3A, 0x01, 0x3B, 0x01, 0x30, 0x32, 0x31,
	0x38, 0x01, 0x31, 0x33, 0x30, 0x32, 0x31, 0x16, 0x32, 0x31, 0x32, 0x16,
	0x31, 0x14, 0x16, 0x31, 0x16, 0x14, 0x31, 0x14, 0x16, 0x31, 0x30, 0x14,
	0x31, 0x30, 0x22, 0x31, 0x30, 0x14, 0x31, 0x30, 0x06, 0x15, 0x30, 0x06,
	0x23, 0x38, 0x01, 0x31, 0x38, 0x01, 0x31, 0x30, 0x06, 0x31, 0x38, 0x01,
	0x31, 0x38, 0x01, 0x31, 0x30, 0x06, 0x31, 0x38, 0x01, 0x07, 0x38, 0x01,
	0x31, 0x30, 0x06, 0x31, 0x38, 0x01, 0x31, 0x14, 0x30, 0x31, 0x06, 0x16,
	0x17, 0x16, 0x36, 0x37, 0x3E, 0x01, 0x33, 0x30, 0x36, 0x31, 0x30, 0x32,
	0x31, 0x30, 0x32, 0x31, 0x38, 0x01, 0x31, 0x3A, 0x01, 0x33, 0x3A, 0x01,
	0x33, 0x3A, 0x01, 0x33, 0x3A, 0x01, 0x33, 0x32, 0x16, 0x17, 0x31, 0x30,
	0x32, 0x31, 0x32, 0x16, 0x31, 0x14, 0x16, 0x31, 0x30, 0x32, 0x15, 0x38,
	0x01, 0x31, 0x38, 0x01, 0x31, 0x15, 0x32, 0x30, 0x31, 0x30, 0x14, 0x31,
	0x32, 0x14, 0x31, 0x16, 0x30, 0x15, 0x30, 0x16, 0x31, 0x14, 0x30, 0x15,
	0x38, 0x01, 0x15, 0x30, 0x14, 0x15, 0x30, 0x14, 0x15, 0x30, 0x14, 0x31,
	0x16, 0x14, 0x31, 0x14, 0x16, 0x31, 0x14, 0x16, 0x31, 0x1C, 0x01, 0x33,
	0x1E, 0x01, 0x15, 0x16, 0x32, 0x31, 0x30, 0x16, 0x31, 0x32, 0x16, 0x31,
	0x32, 0x16, 0x31, 0x30, 0x32, 0x31, 0x32, 0x16, 0x33, 0x32, 0x16, 0x33,
	0x16, 0x32, 0x17, 0x3A, 0x01, 0x31, 0x32, 0x16, 0x15, 0x38, 0x01, 0x31,
	0x32, 0x16, 0x17, 0x14, 0x16, 0x15, 0x14, 0x16, 0x15, 0x1C, 0x01, 0x15,
	0x14, 0x16, 0x15, 0x14, 0x16, 0x17, 0x38, 0x01, 0x31, 0x1E, 0x01, 0x33,
	0x38, 0x01, 0x31, 0x25, 0x36, 0x32, 0x17, 0x35, 0x34, 0x36, 0x35, 0x38,
	0x01, 0x31, 0x30, 0x34, 0x31, 0x30, 0x34, 0x31, 0x30, 0x36, 0x31, 0x38,
	0x01, 0x35, 0x38, 0x01, 0x31, 0x38, 0x01, 0x31, 0x38, 0x01, 0x39, 0x01,
	0x30, 0x34, 0x31, 0x32, 0x30, 0x31, 0x38, 0x01, 0x35, 0x38, 0x01, 0x33,
	0x38, 0x01, 0x39, 0x01, 0x30, 0x34, 0x31, 0x38, 0x01, 0x33, 0x38, 0x01,
	0x35, 0x38, 0x01, 0x31, 0x32, 0x30, 0x31, 0x38, 0x01, 0x35, 0x30, 0x32,
	0x31, 0x38, 0x01, 0x31, 0x32, 0x30, 0x31, 0x30, 0x34, 0x31, 0x30, 0x32,
	0x31, 0x38, 0x01, 0x31, 0x30, 0x32, 0x31, 0x38, 0x01, 0x31, 0x38, 0x01,
	0x31, 0x34, 0x32, 0x33, 0x30, 0x32, 0x31, 0x3A, 0x01, 0x31, 0x30, 0x32,
	0x33, 0x30, 0x32, 0x33, 0x16, 0x30, 0x33, 0x30, 0x14, 0x33, 0x30, 0x32,
	0x31, 0x30, 0x14, 0x33, 0x38, 0x01, 0x15, 0x30, 0x32, 0x31, 0x30, 0x14,
	0x31, 0x32, 0x14, 0x31, 0x30, 0x16, 0x31, 0x30, 0x14, 0x31, 0x30, 0x14,
	0x33, 0x30, 0x14, 0x31, 0x30, 0x14, 0x31, 0x32, 0x14, 0x31, 0x14, 0x30,
	0x15, 0x30, 0x16, 0x31, 0x30, 0x14, 0x39, 0x01, 0x38, 0x01, 0x31, 0x14,
	0x16, 0x15, 0x38, 0x01, 0x31, 0x38, 0x01, 0x15, 0x32, 0x30, 0x31, 0x30,
	0x16, 0x31, 0x38, 0x01, 0x31, 0x16, 0x32, 0x31, 0x38, 0x01, 0x31, 0x38,
	0x01, 0x33, 0x38, 0x01, 0x15, 0x38, 0x01, 0x33, 0x38, 0x01, 0x31, 0x30,
	0x32, 0x31, 0x38, 0x01, 0x31, 0x3A, 0x01, 0x33, 0x38, 0x01, 0x31, 0x32,
	0x34, 0x31, 0x32, 0x30, 0x31, 0x38, 0x01, 0x31, 0x34, 0x36, 0x37, 0x3E,
	0x01, 0x33, 0x3A, 0x01, 0x33, 0x1E, 0x01, 0x17, 0x1C, 0x01, 0x17, 0x30,
	0x14, 0x31, 0x1E, 0x01, 0x17, 0x1E, 0x01, 0x07, 0x06, 0x16, 0x17, 0x16,
	0x07, 0x0E, 0x01, 0x07, 0x06, 0x07, 0x0E, 0x01, 0x17, 0x1E, 0x01, 0x17,
	0x1E, 0x01, 0x37, 0x3E, 0x01, 0x3F, 0x01, 0x17, 0x1E, 0x01, 0x07, 0x14,
	0x16, 0x07, 0x06, 0x16, 0x07, 0x06, 0x16, 0x33, 0x32, 0x36, 0x37, 0x36,
	0x26, 0x27, 0x2E, 0x01, 0x37, 0x3E, 0x01, 0x37, 0x3E, 0x01, 0x37, 0x36,
	0x16, 0x15, 0x14, 0x16, 0x17, 0x1E, 0x01, 0x15, 0x14, 0x36, 0x37, 0x36,
	0x16, 0x17, 0x1E, 0x01, 0x37, 0x36, 0x17, 0x1E, 0x01, 0x17, 0x16, 0x17,
	0x1E, 0x01, 0x37, 0x3E, 0x01, 0x3D, 0x01, 0x25, 0x26, 0x23, 0x26, 0x22,
	0x27, 0x22, 0x23, 0x2E, 0x01, 0x37, 0x36, 0x26, 0x2F, 0x02, 0x2E, 0x01,
	0x27, 0x05, 0x32, 0x16, 0x15, 0x14, 0x06, 0x27, 0x26, 0x36, 0x33, 0x32,
	0x36, 0x35, 0x34, 0x36, 0x33, 0x05, 0x38, 0x01, 0x31, 0x38, 0x01, 0x31,
	0x38, 0x01, 0x31, 0x07, 0x38, 0x01, 0x39, 0x01, 0x38, 0x01, 0x31, 0x07,
	0x30, 0x32, 0x31, 0x30, 0x22, 0x33, 0x38, 0x01, 0x31, 0x30, 0x14, 0x31,
	0x30, 0x34, 0x31, 0x38, 0x01, 0x31, 0x15, 0x30, 0x22, 0x31, 0x38, 0x01,
	0x31, 0x30, 0x32, 0x31, 0x33, 0x38, 0x01, 0x31, 0x38, 0x01, 0x39, 0x01,
	0x38, 0x01, 0x31, 0x23, 0x38, 0x01, 0x23, 0x14, 0x30, 0x31, 0x38, 0x01,
	0x33, 0x30, 0x34, 0x31, 0x07, 0x31, 0x30, 0x32, 0x31, 0x30, 0x22, 0x05,
	0x38, 0x01, 0x31, 0x38, 0x01, 0x31, 0x38, 0x01, 0x31, 0x17, 0x15, 0x38,
	0x01, 0x33, 0x22, 0x30, 0x31, 0x34, 0x14, 0x35, 0x17, 0x38, 0x01, 0x31,
	0x38, 0x01, 0x31, 0x38, 0x01, 0x15, 0x33, 0x34, 0x22, 0x31, 0x05, 0x32,
	0x16, 0x17, 0x1E, 0x01, 0x07, 0x0E, 0x01, 0x27, 0x26, 0x36, 0x37, 0x36,
	0x16, 0x07, 0x06, 0x16, 0x37, 0x3E, 0x01, 0x27, 0x2E, 0x01, 0x33, 0x01,
	0x2A, 0x01, 0x23, 0x22, 0x06, 0x23, 0x2A, 0x01, 0x23, 0x30, 0x22, 0x35,
	0x22, 0x30, 0x23, 0x06, 0x22, 0x23, 0x30, 0x22, 0x23, 0x22, 0x06, 0x23,
	0x14, 0x30, 0x39, 0x01, 0x38, 0x01, 0x31, 0x14, 0x22, 0x15, 0x30, 0x06,
	0x31, 0x1C, 0x01, 0x31, 0x1C, 0x01, 0x23, 0x1E, 0x01, 0x31, 0x30, 0x36,
	0x27, 0x30, 0x06, 0x07, 0x22, 0x06, 0x23, 0x0E, 0x01, 0x23, 0x38, 0x01,
	0x31, 0x38, 0x01, 0x31, 0x2A, 0x01, 0x31, 0x14, 0x22, 0x23, 0x30, 0x22,
	0x23, 0x30, 0x22, 0x31, 0x30, 0x22, 0x31, 0x38, 0x01, 0x31, 0x38, 0x01,
	0x31, 0x2A, 0x01, 0x31, 0x22, 0x30, 0x23, 0x30, 0x22, 0x31, 0x22, 0x30,
	0x31, 0x23, 0x31, 0x22, 0x34, 0x31, 0x30, 0x22, 0x31, 0x30, 0x22, 0x23,
	0x30, 0x22, 0x27, 0x30, 0x22, 0x23, 0x2A, 0x01, 0x35, 0x2A, 0x01, 0x23,
	0x34, 0x22, 0x27, 0x30, 0x26, 0x31, 0x30, 0x26, 0x31, 0x30, 0x26, 0x31,
	0x38, 0x01, 0x31, 0x34, 0x22, 0x35, 0x06, 0xAA, 0x03, 0x06, 0x02, 0x01,
	0x01, 0x01, 0x01, 0x01, 0x01, 0x01, 0x01, 0x02, 0x01, 0x02, 0x01, 0x01,
	0x02, 0x02, 0x01, 0x03, 0x01, 0x01, 0x02, 0x01, 0x01, 0x03, 0x01, 0x01,
	0x01, 0x01, 0x01, 0x01, 0x01, 0x01, 0x01, 0x01, 0x01, 0x01, 0x02, 0x02,
	0x02, 0x03, 0x02, 0x03, 0x06, 0x02, 0x01, 0x01, 0x01, 0x02, 0x06, 0x03,
	0x02, 0x06, 0x02, 0x01, 0x01, 0x01, 0x01, 0x01, 0x01, 0x01, 0x01, 0x01,
	0x01, 0x01, 0x01, 0x01, 0x01, 0x01, 0x01, 0x01, 0x01, 0x01, 0x01, 0x01,
	0x01, 0x01, 0x01, 0x01, 0x01, 0x01, 0x01, 0x01, 0x01, 0x01, 0x02, 0x04,
	0x06, 0x03, 0x01, 0x0A, 0x01, 0x01, 0x01, 0x01, 0x01, 0x01, 0x01, 0x02,
	0x01, 0x01, 0x02, 0x01, 0x02, 0x01, 0x02, 0x01, 0x01, 0x01, 0x01, 0x02,
	0x01, 0x01, 0x01, 0x01, 0x01, 0x01, 0x01, 0x01, 0x01, 0x06, 0x0F, 0x07,
	0x01, 0x01, 0x01, 0x01, 0x01, 0x01, 0x01, 0x01, 0x01, 0x01, 0x01, 0x01,
	0x01, 0x02, 0x01, 0x01, 0x01, 0x01, 0x01, 0x01, 0x01, 0x01, 0x01, 0x01,
	0x01, 0x01, 0x01, 0x01, 0x01, 0x01, 0x01, 0x01, 0x01, 0x01, 0x01, 0x01,
	0x01, 0x01, 0x01, 0x05, 0x05, 0x06, 0x06, 0x08, 0x05, 0x01, 0x01, 0x01,
	0x01, 0x01, 0x01, 0x01, 0x01, 0x02, 0x01, 0x01, 0x01, 0x01, 0x02, 0x01,
	0x02, 0x01, 0x01, 0x01, 0x02, 0x01, 0x01, 0x01, 0x01, 0x01, 0x01, 0x01,
	0x01, 0x01, 0x01, 0x01, 0x01, 0x08, 0x0E, 0x07, 0x01, 0x01, 0x01, 0x01,
	0x01, 0x01, 0x02, 0x01, 0x01, 0x02, 0x01, 0x01, 0x01, 0x01, 0x01, 0x01,
	0x01, 0x01, 0x01, 0x01, 0x01, 0x01, 0x01, 0x01, 0x01, 0x02, 0x01, 0x01,
	0x01, 0x01, 0x01, 0x02, 0x01, 0x01, 0x01, 0x01, 0x01, 0x01, 0x01, 0x01,
	0x01, 0x01, 0x1A, 0x18, 0x08, 0x05, 0x01, 0x01, 0x01, 0x01, 0x01, 0x01,
	0x01, 0x01, 0x01, 0x01, 0x01, 0x01, 0x01, 0x01, 0x01, 0x01, 0x01, 0x01,
	0x01, 0x04, 0x03, 0x01, 0x01, 0x01, 0x01, 0x01, 0x01, 0x01, 0x01, 0x01,
	0x01, 0x01, 0x01, 0x02, 0x02, 0x01, 0x02, 0x02, 0x01, 0x01, 0x01, 0x01,
	0x01, 0x01, 0x02, 0x05, 0x01, 0x01, 0x01, 0x01, 0x01, 0x05, 0x76, 0x8B,
	0x68, 0x9B, 0x04, 0x04, 0x19, 0x0E, 0x1C, 0x3A, 0x0E, 0x05, 0x08, 0xE1,
	0x01, 0x04, 0x03, 0x16, 0x05, 0x0B, 0x06, 0x05, 0x0A, 0x05, 0x04, 0x08,
	0x04, 0x03, 0x07, 0x03, 0x04, 0x07, 0x04, 0x04, 0x08, 0x04, 0x03, 0x07,
	0x03, 0x01, 0x03, 0x01, 0x7A, 0x87, 0x01, 0x01, 0x01, 0x05, 0x02, 0x01,
	0x02, 0x01, 0x01, 0x01, 0x01, 0x02, 0x0B, 0x02, 0x03, 0x01, 0x02, 0x03,
	0x02, 0x02, 0x03, 0x01, 0x02, 0x03, 0x02, 0x01, 0x02, 0x01, 0x03, 0x05,
	0x03, 0x03, 0x07, 0x04, 0x01, 0x02, 0x03, 0x02, 0x02, 0x03, 0x02, 0x01,
	0x03, 0x01, 0x02, 0x03, 0x01, 0x02, 0x03, 0x02, 0x01, 0x04, 0x01, 0x01,
	0x01, 0x01, 0xEE, 0x01, 0x02, 0x01, 0x01, 0x01, 0x01, 0x01, 0x01, 0x01,
	0x01, 0x01, 0x01, 0x01, 0x01, 0x01, 0x01, 0x01, 0x01, 0x02, 0x08, 0x08,
	0x0B, 0x0E, 0x04, 0x03, 0x0D, 0x09, 0x01, 0x01, 0x01, 0x02, 0x02, 0x02,
	0x01, 0x03, 0x01, 0x02, 0x02, 0x01, 0x02, 0x03, 0x01, 0x01, 0x03, 0x01,
	0x01, 0x01, 0x01, 0x01, 0x01, 0x01, 0x01, 0x01, 0x01, 0x01, 0x01, 0x01,
	0x01, 0x01, 0x02, 0x01, 0x01, 0x01, 0x01, 0x01, 0x01, 0x01, 0x01, 0x01,
	0x01, 0x01, 0x01, 0x02, 0x01, 0x01, 0x02, 0x01, 0x01, 0x01, 0x01, 0x01,
	0x01, 0x01, 0x01, 0x01, 0x01, 0x01, 0x01, 0x01, 0x01, 0x03, 0x02, 0x01,
	0x25, 0x53, 0x66, 0x23, 0x01, 0x01, 0x01, 0x01, 0x01, 0x01, 0x01, 0x01,
	0x01, 0x01, 0x01, 0x01, 0x01, 0x01, 0x01, 0x01, 0x01, 0x01, 0x01, 0x01,
	0x01, 0x01, 0x01, 0x01, 0x01, 0x01, 0x01, 0x01, 0x01, 0x01, 0x01, 0x01,
	0x01, 0x01, 0x01, 0x01, 0x01, 0x01, 0x01, 0x02, 0x01, 0x01, 0x01, 0x02,
	0x01, 0x02, 0x05, 0x02, 0x01, 0x01, 0x01, 0x03, 0x04, 0x01, 0x01, 0x0F,
	0x12, 0x06, 0x0C, 0x0A, 0x02, 0x01, 0x03, 0x03, 0x05, 0x02, 0x02, 0x0C,
	0x09, 0x0A, 0x0B, 0x10, 0x03, 0x0B, 0x08, 0x37, 0x1F, 0x1F, 0x34, 0x05,
	0x0E, 0x22, 0x14, 0x17, 0x68, 0x4F, 0x36, 0x01, 0x26, 0x05, 0x04, 0x25,
	0x07, 0x06, 0x13, 0x0E, 0x15, 0x72, 0x0E, 0x0B, 0x35, 0x28, 0x21, 0x0A,
	0x15, 0x08, 0x11, 0x04, 0x03, 0x0E, 0x06, 0x0F, 0x2D, 0x5B, 0x21, 0x14,
	0x1A, 0x20, 0x0E, 0x0B, 0x18, 0x29, 0x1F, 0x1F, 0x03, 0x02, 0x18, 0x18,
	0x40, 0x22, 0x22, 0x16, 0x0C, 0x1E, 0x0A, 0x0F, 0x07, 0xFE, 0xB2, 0x45,
	0x40, 0x40, 0x66, 0x22, 0x22, 0x09, 0x14, 0x15, 0x02, 0x01, 0x25, 0x2A,
	0x51, 0x04, 0x02, 0x0B, 0x06, 0xFB, 0x86, 0x09, 0x2E, 0x48, 0x0B, 0x0A,
	0x04, 0x0B, 0x05, 0x08, 0x06, 0x04, 0x04, 0x37, 0x70, 0x43, 0x01, 0x01,
	0x17, 0x01, 0x01, 0x3F, 0x02, 0x01, 0x01, 0x49, 0x01, 0x01, 0xFC, 0xB6,
	0x05, 0x01, 0x01, 0x0B, 0x01, 0x01, 0x03, 0xFB, 0x01, 0x0A, 0x08, 0x0E,
	0x04, 0x08, 0x0F, 0x74, 0x12, 0x12, 0x1C, 0x24, 0x1F, 0x1C, 0x09, 0x05,
	0x04, 0x0F, 0x0A, 0x07, 0x04, 0x02, 0x03, 0x02, 0xFE, 0x99, 0x02, 0x03,
	0x02, 0x04, 0x06, 0x04, 0x01, 0x04, 0x02, 0x01, 0x01, 0x01, 0x02, 0x04,
	0x02, 0x01, 0x01, 0x01, 0x03, 0x01, 0x01, 0x01, 0x01, 0x01, 0x01, 0x8E,
	0x33, 0x01, 0x01, 0x01, 0x02, 0x01, 0x01, 0x02, 0x01, 0x01, 0x01, 0x01,
	0x01, 0x01, 0x01, 0x01, 0x01, 0x01, 0x01, 0x01, 0x01, 0x01, 0x01, 0x01,
	0x01, 0x01, 0x01, 0x01, 0x01, 0x01, 0x01, 0x01, 0x01, 0x01, 0x01, 0x01,
	0x01, 0x01, 0x01, 0x01, 0x01, 0x01, 0x01, 0x03, 0x75, 0x01, 0x07, 0x07,
	0x01, 0x05, 0x01, 0x03, 0x02, 0x01, 0x03, 0x02, 0x01, 0x04, 0x01, 0x02,
	0x03, 0x02, 0x02, 0x04, 0x01, 0x03, 0x04, 0x02, 0x02, 0x03, 0x02, 0x02,
	0x03, 0x01, 0x01, 0x03, 0x01, 0x01, 0x02, 0x01, 0x01, 0x01, 0x02, 0x01,
	0x01, 0x01, 0x01, 0x01, 0x01, 0x01, 0x01, 0x01, 0x01, 0x01, 0x01, 0x01,
	0x01, 0x01, 0x01, 0x01, 0x02, 0x01, 0x01, 0x01, 0x01, 0x01, 0x01, 0x01,
	0x01, 0x01, 0x02, 0x02, 0x01, 0x02, 0x01, 0x02, 0x03, 0x01, 0x01, 0x01,
	0x03, 0x02, 0x01, 0x01, 0x01, 0x01, 0x01, 0x01, 0x01, 0x01, 0x01, 0x01,
	0x01, 0x01, 0x01, 0x01, 0x01, 0x01, 0x01, 0x01, 0x01, 0x01, 0x01, 0x01,
	0x01, 0x01, 0x01, 0x01, 0x01, 0x01, 0x01, 0x01, 0x01, 0x01, 0x01, 0x01,
	0x01, 0x01, 0x01, 0x01, 0x01, 0x01, 0x01, 0x01, 0x01, 0x01, 0x01, 0x01,
	0x01, 0x01, 0x01, 0x01, 0x01, 0x01, 0x01, 0x01, 0x01, 0x01, 0x01, 0x01,
	0x01, 0x01, 0x01, 0x01, 0x01, 0x01, 0x01, 0x01, 0x01, 0x01, 0x01, 0x01,
	0x01, 0x01, 0x01, 0x01, 0x01, 0x01, 0x01, 0x01, 0x01, 0x01, 0x01, 0x01,
	0x01, 0x01, 0x01, 0x01, 0x01, 0x01, 0x01, 0x02, 0x01, 0x01, 0x01, 0x01,
	0x01, 0x01, 0x01, 0x01, 0x01, 0x01, 0x01, 0x02, 0x06, 0x06, 0x07, 0x0A,
	0x01, 0x01, 0x01, 0x01, 0x01, 0x01, 0x01, 0x01, 0x01, 0x01, 0x01, 0x01,
	0x02, 0x01, 0x01, 0x02, 0x01, 0x01, 0x01, 0x01, 0x01, 0x01, 0x01, 0x01,
	0x01, 0x01, 0x01, 0x01, 0x01, 0x01, 0x02, 0x01, 0x01, 0x03, 0x02, 0x01,
	0x01, 0x02, 0x04, 0x02, 0x04, 0x01, 0x09, 0x06, 0x01, 0x05, 0x03, 0x02,
	0x18, 0x13, 0x2A, 0x2D, 0x09, 0x03, 0x3C, 0x26, 0x5D, 0x07, 0x01, 0x02,
	0x01, 0x01, 0x01, 0x01, 0x01, 0x01, 0x01, 0x04, 0x44, 0x05, 0x01, 0x01,
	0x02, 0x01, 0x01, 0x01, 0x01, 0x01, 0x01, 0x01, 0x01, 0x01, 0x01, 0x01,
	0x01, 0x01, 0x01, 0x01, 0x01, 0x01, 0x01, 0x01, 0x01, 0x01, 0x01, 0x01,
	0x01, 0x01, 0x07, 0x0E, 0x04, 0x04, 0x09, 0x0D, 0x0D, 0x0C, 0x01, 0x01,
	0x01, 0x01, 0x01, 0x01, 0x01, 0x01, 0x01, 0x01, 0x01, 0x01, 0x01, 0x01,
	0x01, 0x01, 0x01, 0x01, 0x01, 0x01, 0x01, 0x01, 0x01, 0x01, 0x01, 0x01,
	0x01, 0x01, 0x01, 0x01, 0x02, 0x01, 0x01, 0x01, 0x01, 0x01, 0x01, 0x01,
	0x01, 0x01, 0x01, 0x01, 0x01, 0x01, 0x01, 0x01, 0x01, 0x01, 0x02, 0x01,
	0x01, 0x02, 0x01, 0x01, 0x02, 0x01, 0x01, 0x02, 0x01, 0x01, 0x02, 0x04,
	0x01, 0x01, 0x03, 0x02, 0x04, 0x02, 0x01, 0x01, 0x01, 0x01, 0x01, 0x01,
	0x01, 0x01, 0x01, 0x01, 0x01, 0x01, 0x01, 0x01, 0x01, 0x01, 0x01, 0x01,
	0x01, 0x01, 0x01, 0x01, 0x01, 0x01, 0x01, 0x01, 0x01, 0x01, 0x01, 0x01,
	0x01, 0x01, 0x01, 0x01, 0x01, 0x03, 0x05, 0x02, 0x02, 0x02, 0x01, 0x05,
	0x03, 0x02, 0x03, 0x02, 0x02, 0x02, 0x08, 0x06, 0x0D, 0x24, 0x1E, 0x17,
	0x28, 0x06, 0x07, 0x1D, 0x1D, 0x4D, 0x2C, 0x2B, 0x24, 0x32, 0x22, 0x04,
	0x03, 0x12, 0x0A, 0x0A, 0x0C, 0x01, 0x03, 0x75, 0x6D, 0x85, 0x04, 0x03,
	0x14, 0x27, 0x09, 0x1C, 0x16, 0x13, 0x23, 0x16, 0x13, 0x11, 0x29, 0x0C,
	0x0A, 0x77, 0x36, 0x2E, 0x36, 0x16, 0x08, 0x21, 0x0F, 0x10, 0x1C, 0x04,
	0x0A, 0x02, 0x0A, 0x16, 0x4B, 0x05, 0x03, 0x0F, 0x07, 0x13, 0x03, 0x13,
	0x10, 0x04, 0x19, 0x12, 0x09, 0x09, 0x06, 0x0B, 0x0A, 0x27, 0x18, 0x17,
	0x15, 0x0B, 0x0E, 0x02, 0x03, 0x46, 0x8D, 0xD1, 0x02, 0x01, 0x01, 0x01,
	0x01, 0x09, 0x08, 0x08, 0x0A, 0x02, 0x04, 0x3A, 0x1C, 0x20, 0x01, 0x44,
	0x4B, 0x10, 0x0B, 0x05, 0x0B, 0x0A, 0x2E, 0x0C, 0x08, 0x08, 0x0C, 0x2E,
	0x10, 0x01, 0x01, 0x01, 0x01, 0x01, 0x01, 0x03, 0x93, 0x01, 0x01, 0x01,
	0x01, 0x01, 0x16, 0x01, 0x01, 0x5B, 0x08, 0x08, 0x0E, 0x13, 0x0D, 0x18,
	0x07, 0x16, 0x16, 0x2B, 0x04, 0x04, 0x1F, 0x1D, 0x12, 0x02, 0x0C, 0x09,
	0x17, 0x0D, 0x0A, 0x0B, 0x01, 0x0D, 0x01, 0x01, 0x01, 0x02, 0x01, 0x01,
	0x01, 0x02, 0x01, 0x02, 0x01, 0x01, 0x02, 0x01, 0x05, 0x08, 0x01, 0x01,
	0x02, 0x01, 0x01, 0x01, 0x01, 0x01, 0x01, 0x01, 0x01, 0x01, 0x01, 0x01,
	0x01, 0x01, 0x00, 0x00, 0x00, 0x09, 0x00, 0x00, 0xFF, 0xC0, 0x0B, 0x00,
	0x03, 0xC0, 0x02, 0xDE, 0x02, 0xEB, 0x02, 0xF2, 0x02, 0xFB, 0x03, 0x05,
	0x03, 0x0F, 0x03, 0xA1, 0x03, 0xA6, 0x03, 0xB0, 0x00, 0x00, 0x01, 0x31,
	0x22, 0x06, 0x07, 0x06, 0x22, 0x27, 0x2E, 0x01, 0x15, 0x14, 0x16, 0x17,
	0x16, 0x06, 0x23, 0x22, 0x06, 0x15, 0x14, 0x06, 0x23, 0x22, 0x06, 0x15,
	0x14, 0x06, 0x27, 0x26, 0x06, 0x07, 0x06, 0x26, 0x27, 0x2E, 0x01, 0x27,
	0x26, 0x06, 0x15, 0x14, 0x26, 0x27, 0x2E, 0x01, 0x27, 0x26, 0x06, 0x07,
	0x0E, 0x01, 0x27, 0x2E, 0x01, 0x27, 0x26, 0x06, 0x1D, 0x01, 0x23, 0x22,
	0x26, 0x27, 0x2E, 0x01, 0x2B, 0x01, 0x15, 0x37, 0x36, 0x16, 0x17, 0x1E,
	0x01, 0x35, 0x34, 0x36, 0x33, 0x32, 0x16, 0x15, 0x14, 0x16, 0x17, 0x38,
	0x01, 0x31, 0x30, 0x36, 0x31, 0x30, 0x36, 0x35, 0x38, 0x01, 0x35, 0x38,
	0x01, 0x39, 0x01, 0x38, 0x01, 0x31, 0x38, 0x01, 0x31, 0x3C, 0x01, 0x31,
	0x34, 0x36, 0x37, 0x31, 0x32, 0x36, 0x33, 0x3A, 0x01, 0x33, 0x3A, 0x01,
	0x33, 0x30, 0x32, 0x33, 0x3A, 0x01, 0x17, 0x32, 0x16, 0x15, 0x31, 0x38,
	0x01, 0x31, 0x32, 0x14, 0x31, 0x16, 0x14, 0x31, 0x1C, 0x01, 0x31, 0x1C,
	0x01, 0x31, 0x14, 0x30, 0x15, 0x38, 0x01, 0x31, 0x38, 0x01, 0x15, 0x38,
	0x01, 0x31, 0x14, 0x30, 0x33, 0x3A, 0x01, 0x33, 0x30, 0x34, 0x31, 0x36,
	0x34, 0x31, 0x3C, 0x01, 0x35, 0x30, 0x34, 0x31, 0x30, 0x34, 0x35, 0x30,
	0x36, 0x35, 0x32, 0x36, 0x31, 0x32, 0x36, 0x31, 0x3A, 0x01, 0x31, 0x3A,
	0x01, 0x33, 0x3A, 0x01, 0x33, 0x30, 0x16, 0x31, 0x38, 0x01, 0x31, 0x1E,
	0x01, 0x15, 0x16, 0x14, 0x15, 0x32, 0x14, 0x31, 0x14, 0x30, 0x31, 0x16,
	0x14, 0x33, 0x14, 0x30, 0x31, 0x3A, 0x01, 0x33, 0x31, 0x38, 0x01, 0x31,
	0x38, 0x01, 0x31, 0x30, 0x36, 0x31, 0x30, 0x32, 0x31, 0x34, 0x30, 0x33,
	0x30, 0x34, 0x31, 0x38, 0x01, 0x31, 0x34, 0x30, 0x39, 0x01, 0x38, 0x01,
	0x31, 0x38, 0x01, 0x37, 0x38, 0x01, 0x31, 0x38, 0x01, 0x31, 0x38, 0x01,
	0x31, 0x34, 0x36, 0x33, 0x34, 0x36, 0x37, 0x36, 0x32, 0x33, 0x32, 0x36,
	0x33, 0x3A, 0x01, 0x31, 0x16, 0x32, 0x17, 0x32, 0x16, 0x17, 0x14, 0x16,
	0x15, 0x38, 0x01, 0x31, 0x38, 0x01, 0x39, 0x01, 0x38, 0x01, 0x31, 0x38,
	0x01, 0x31, 0x14, 0x30, 0x31, 0x38, 0x01, 0x31, 0x32, 0x30, 0x31, 0x14,
	0x32, 0x31, 0x30, 0x32, 0x31, 0x3A, 0x01, 0x33, 0x38, 0x01, 0x33, 0x38,
	0x01, 0x31, 0x38, 0x01, 0x31, 0x30, 0x34, 0x33, 0x38, 0x01, 0x31, 0x30,
	0x34, 0x31, 0x38, 0x01, 0x31, 0x34, 0x32, 0x31, 0x38, 0x01, 0x39, 0x01,
	0x30, 0x34, 0x31, 0x30, 0x34, 0x31, 0x30, 0x32, 0x35, 0x38, 0x01, 0x31,
	0x38, 0x01, 0x35, 0x32, 0x30, 0x35, 0x30, 0x32, 0x31, 0x30, 0x36, 0x31,
	0x30, 0x36, 0x31, 0x30, 0x32, 0x35, 0x30, 0x32, 0x31, 0x38, 0x01, 0x33,
	0x30, 0x34, 0x33, 0x38, 0x01, 0x33, 0x38, 0x01, 0x33, 0x38, 0x01, 0x33,
	0x38, 0x01, 0x33, 0x38, 0x01, 0x31, 0x38, 0x01, 0x31, 0x33, 0x38, 0x01,
	0x39, 0x01, 0x32, 0x34, 0x33, 0x32, 0x16, 0x33, 0x1E, 0x01, 0x17, 0x14,
	0x16, 0x17, 0x30, 0x32, 0x31, 0x32, 0x30, 0x33, 0x3A, 0x01, 0x33, 0x3A,
	0x01, 0x33, 0x3A, 0x01, 0x37, 0x3A, 0x01, 0x33, 0x3A, 0x01, 0x31, 0x3A,
	0x01, 0x15, 0x33, 0x32, 0x30, 0x31, 0x3A, 0x01, 0x33, 0x32, 0x16, 0x17,
	0x1E, 0x01, 0x15, 0x14, 0x16, 0x15, 0x30, 0x14, 0x31, 0x38, 0x01, 0x39,
	0x01, 0x38, 0x01, 0x31, 0x38, 0x01, 0x31, 0x14, 0x30, 0x31, 0x30, 0x32,
	0x31, 0x30, 0x14, 0x31, 0x30, 0x32, 0x31, 0x38, 0x01, 0x33, 0x38, 0x01,
	0x31, 0x30, 0x32, 0x31, 0x32, 0x16, 0x33, 0x1E, 0x01, 0x17, 0x16, 0x14,
	0x17, 0x30, 0x14, 0x15, 0x14, 0x06, 0x15, 0x30, 0x06, 0x31, 0x14, 0x06,
	0x15, 0x0E, 0x01, 0x23, 0x14, 0x06, 0x07, 0x14, 0x06, 0x15, 0x30, 0x06,
	0x31, 0x1E, 0x01, 0x1F, 0x01, 0x31, 0x30, 0x14, 0x31, 0x16, 0x30, 0x15,
	0x32, 0x16, 0x15, 0x30, 0x32, 0x15, 0x32, 0x30, 0x31, 0x32, 0x30, 0x1F,
	0x01, 0x30, 0x32, 0x31, 0x34, 0x32, 0x33, 0x30, 0x36, 0x31, 0x3A, 0x01,
	0x31, 0x34, 0x32, 0x31, 0x36, 0x30, 0x33, 0x34, 0x32, 0x35, 0x32, 0x36,
	0x31, 0x30, 0x36, 0x37, 0x30, 0x36, 0x37, 0x30, 0x36, 0x31, 0x34, 0x36,
	0x31, 0x3C, 0x01, 0x33, 0x3C, 0x01, 0x31, 0x36, 0x34, 0x31, 0x35, 0x34,
	0x36, 0x33, 0x3A, 0x01, 0x17, 0x32, 0x36, 0x35, 0x34, 0x36, 0x33, 0x32,
	0x16, 0x15, 0x14, 0x16, 0x37, 0x34, 0x36, 0x37, 0x3E, 0x01, 0x37, 0x3E,
	0x01, 0x33, 0x30, 0x32, 0x33, 0x32, 0x16, 0x17, 0x1E, 0x01, 0x17, 0x1E,
	0x01, 0x17, 0x16, 0x17, 0x16, 0x06, 0x07, 0x06, 0x07, 0x0E, 0x01, 0x17,
	0x1E, 0x01, 0x17, 0x16, 0x36, 0x37, 0x3E, 0x01, 0x3F, 0x01, 0x17, 0x07,
	0x06, 0x16, 0x33, 0x32, 0x16, 0x15, 0x14, 0x16, 0x33, 0x32, 0x36, 0x35,
	0x34, 0x26, 0x27, 0x2E, 0x01, 0x35, 0x34, 0x16, 0x05, 0x16, 0x17, 0x1E,
	0x01, 0x17, 0x16, 0x17, 0x16, 0x36, 0x3F, 0x01, 0x21, 0x22, 0x27, 0x22,
	0x26, 0x27, 0x26, 0x35, 0x34, 0x26, 0x23, 0x22, 0x26, 0x35, 0x34, 0x26,
	0x23, 0x22, 0x06, 0x15, 0x14, 0x06, 0x23, 0x22, 0x26, 0x37, 0x3E, 0x01,
	0x37, 0x3E, 0x01, 0x35, 0x34, 0x26, 0x23, 0x22, 0x26, 0x37, 0x36, 0x26,
	0x23, 0x05, 0x1E, 0x01, 0x17, 0x16, 0x06, 0x23, 0x22, 0x26, 0x37, 0x3E,
	0x01, 0x17, 0x05, 0x38, 0x01, 0x23, 0x33, 0x38, 0x01, 0x23, 0x38, 0x01,
	0x31, 0x30, 0x32, 0x31, 0x30, 0x22, 0x07, 0x38, 0x01, 0x31, 0x38, 0x01,
	0x31, 0x38, 0x01, 0x31, 0x17, 0x30, 0x14, 0x31, 0x38, 0x01, 0x31, 0x38,
	0x01, 0x35, 0x05, 0x3A, 0x01, 0x33, 0x3A, 0x01, 0x33, 0x3A, 0x01, 0x33,
	0x16, 0x32, 0x33, 0x3A, 0x01, 0x33, 0x3A, 0x01, 0x33, 0x32, 0x16, 0x33,
	0x32, 0x16, 0x33, 0x38, 0x01, 0x31, 0x38, 0x01, 0x31, 0x38, 0x01, 0x31,
	0x38, 0x01, 0x31, 0x38, 0x01, 0x31, 0x38, 0x01, 0x33, 0x38, 0x01, 0x31,
	0x38, 0x01, 0x17, 0x38, 0x01, 0x31, 0x38, 0x01, 0x39, 0x01, 0x35, 0x30,
	0x14, 0x33, 0x31, 0x38, 0x01, 0x31, 0x38, 0x01, 0x31, 0x30, 0x32, 0x31,
	0x32, 0x30, 0x31, 0x30, 0x32, 0x31, 0x30, 0x32, 0x33, 0x14, 0x30, 0x33,
	0x38, 0x01, 0x33, 0x38, 0x01, 0x31, 0x30, 0x32, 0x31, 0x30, 0x32, 0x31,
	0x14, 0x30, 0x33, 0x38, 0x01, 0x31, 0x32, 0x16, 0x17, 0x1E, 0x01, 0x07,
	0x0E, 0x01, 0x27, 0x26, 0x36, 0x37, 0x34, 0x32, 0x31, 0x3A, 0x01, 0x31,
	0x3A, 0x01, 0x33, 0x30, 0x32, 0x33, 0x30, 0x36, 0x31, 0x32, 0x30, 0x31,
	0x32, 0x30, 0x31, 0x33, 0x3A, 0x01, 0x33, 0x38, 0x01, 0x31, 0x3A, 0x01,
	0x33, 0x38, 0x01, 0x31, 0x17, 0x15, 0x35, 0x38, 0x01, 0x27, 0x30, 0x06,
	0x27, 0x26, 0x36, 0x27, 0x26, 0x16, 0x31, 0x07, 0x1C, 0x0E, 0x16, 0x02,
	0x03, 0x1C, 0x23, 0x2F, 0x50, 0x10, 0x0B, 0x16, 0x04, 0x19, 0x08, 0x0C,
	0x1B, 0x12, 0x1A, 0x14, 0x05, 0x07, 0x08, 0x0E, 0x10, 0x13, 0x08, 0x03,
	0x04, 0x36, 0x9E, 0x61, 0x73, 0x44, 0x08, 0x04, 0x21, 0x14, 0x1A, 0x22,
	0x0E, 0x0F, 0x2F, 0x2D, 0x3B, 0x24, 0x27, 0x37, 0x2C, 0x95, 0x40, 0x5A,
	0x03, 0x04, 0x2A, 0x1B, 0x40, 0xD2, 0x8D, 0x49, 0x08, 0x0B, 0x27, 0x11,
	0x0E, 0x24, 0x25, 0x0F, 0x13, 0x01, 0x01, 0x02, 0x01, 0x01, 0x02, 0x01,
	0x01, 0x02, 0x01, 0x01, 0x01, 0x01, 0x01, 0x01, 0x02, 0x03, 0x02, 0x01,
	0x02, 0x01, 0x01, 0x01, 0x05, 0x0D, 0x06, 0x01, 0x01, 0x01, 0x01, 0x01,
	0x01, 0x01, 0x02, 0x01, 0x02, 0x01, 0x01, 0x02, 0x01, 0x02, 0x01, 0x01,
	0x01, 0x01, 0x01, 0x01, 0x06, 0x09, 0x05, 0x01, 0x01, 0x01, 0x01, 0x01,
	0x01, 0x01, 0x01, 0x01, 0x02, 0x01, 0x01, 0x01, 0x01, 0x01, 0x01, 0x01,
	0x03, 0x01, 0x01, 0x02, 0x01, 0x01, 0x01, 0x01, 0x01, 0x07, 0x0C, 0x06,
	0x01, 0x01, 0x01, 0x01, 0x01, 0x01, 0x01, 0x01, 0x01, 0x01, 0x01, 0x01,
	0x01, 0x01, 0x01, 0x01, 0x03, 0x01, 0x01, 0x01, 0x02, 0x01, 0x02, 0x03,
	0x01, 0x01, 0x01, 0x01, 0x01, 0x01, 0x01, 0x01, 0x01, 0x01, 0x01, 0x01,
	0x02, 0x02, 0x01, 0x01, 0x03, 0x01, 0x01, 0x01, 0x01, 0x01, 0x0E, 0x01,
	0x01, 0x01, 0x01, 0x01, 0x02, 0x01, 0x01, 0x01, 0x01, 0x01, 0x01, 0x01,
	0x01, 0x02, 0x04, 0x02, 0x03, 0x06, 0x01, 0x01, 0x01, 0x01, 0x01, 0x01,
	0x01, 0x01, 0x01, 0x01, 0x01, 0x01, 0x01, 0x03, 0x02, 0x01, 0x03, 0x01,
	0x01, 0x01, 0x01, 0x01, 0x01, 0x01, 0x2C, 0x01, 0x01, 0x01, 0x02, 0x01,
	0x01, 0x01, 0x01, 0x01, 0x01, 0x01, 0x01, 0x01, 0x01, 0x01, 0x01, 0x01,
	0x01, 0x01, 0x01, 0x07, 0x09, 0x07, 0x8A, 0x5A, 0x9E, 0x3C, 0x08, 0x05,
	0x05, 0x08, 0x0D, 0x09, 0x02, 0x01, 0x01, 0x02, 0x01, 0x02, 0x03, 0x02,
	0x01, 0x01, 0x03, 0x03, 0x02, 0x01, 0x01, 0x01, 0x06, 0x0A, 0x04, 0x0B,
	0x05, 0x05, 0x02, 0x06, 0x06, 0x0B, 0x0A, 0x0A, 0x02, 0x03, 0x24, 0x16,
	0x4D, 0x25, 0x12, 0x0A, 0x11, 0x03, 0x07, 0xC6, 0x02, 0x01, 0x08, 0x09,
	0x0F, 0x2B, 0x06, 0x05, 0x14, 0x70, 0x26, 0x1B, 0x1B, 0x26, 0x71, 0x01,
	0x12, 0x48, 0x41, 0x41, 0x65, 0x20, 0x1F, 0x04, 0x12, 0x0E, 0x0D, 0x08,
	0xFE, 0x78, 0x5F, 0x49, 0x49, 0x63, 0x1A, 0x1A, 0x0F, 0x0B, 0x0B, 0x0F,
	0x2A, 0x1E, 0x1D, 0x2A, 0x08, 0x06, 0x06, 0x06, 0x02, 0x03, 0x1A, 0x32,
	0x37, 0x14, 0x21, 0x49, 0x09, 0x09, 0x03, 0x03, 0x0D, 0x10, 0xFA, 0xDC,
	0x07, 0x14, 0x15, 0x05, 0x11, 0x19, 0x26, 0x0F, 0x19, 0x05, 0x08, 0x04,
	0x01, 0x12, 0x01, 0x01, 0x1F, 0x01, 0x01, 0x6F, 0xE9, 0x03, 0xA9, 0x01,
	0x01, 0x01, 0x01, 0x02, 0x01, 0x01, 0x02, 0x01, 0x01, 0x03, 0x01, 0x01,
	0x03, 0x01, 0x01, 0x03, 0x02, 0x01, 0x04, 0x01, 0x02, 0x02, 0x02, 0x01,
	0x01, 0x01, 0x01, 0x01, 0x01, 0x01, 0x01, 0x01, 0x01, 0x01, 0x01, 0x01,
	0x01, 0x03, 0x03, 0x06, 0x04, 0x04, 0x07, 0x77, 0x08, 0x07, 0x13, 0x19,
	0x01, 0x01, 0x01, 0x01, 0x01, 0x01, 0x02, 0x01, 0x02, 0x01, 0x01, 0x0C,
	0x01, 0x02, 0x01, 0x01, 0x01, 0x01, 0x2A, 0x04, 0x03, 0x11, 0x13, 0x2B,
	0x21, 0x22, 0x3F, 0x03, 0x53, 0x09, 0x06, 0x09, 0x09, 0x0C, 0x05, 0x09,
	0x03, 0x23, 0x16, 0x2A, 0x2F, 0x08, 0x05, 0x06, 0x07, 0x0A, 0x0D, 0x0E,
	0x02, 0x0C, 0x0C, 0x01, 0x0F, 0x11, 0x02, 0x16, 0x16, 0x09, 0x03, 0x01,
	0x05, 0x05, 0x0C, 0x07, 0x0D, 0x05, 0x0C, 0x03, 0x04, 0x07, 0x0C, 0x0D,
	0x09, 0x01, 0x02, 0x11, 0x2D, 0x40, 0x12, 0x55, 0x54, 0x08, 0x05, 0x06,
	0x07, 0x5B, 0x09, 0x06, 0x05, 0x0E, 0x14, 0x02, 0x14, 0x09, 0x0A, 0x13,
	0x13, 0x08, 0x09, 0x01, 0x01, 0x01, 0x01, 0x01, 0x01, 0x01, 0x02, 0x02,
	0x01, 0x01, 0x01, 0x01, 0x01, 0x01, 0x01, 0x01, 0x01, 0x01, 0x01, 0x01,
	0x01, 0x01, 0x01, 0x01, 0x01, 0x01, 0x01, 0x01, 0x01, 0x01, 0x01, 0x01,
	0x01, 0x01, 0x01, 0x01, 0x01, 0x01, 0x01, 0x01, 0x01, 0x01, 0x01, 0x01,
	0x02, 0x01, 0x01, 0x01, 0x01, 0x01, 0x01, 0x01, 0x01, 0x01, 0x01, 0x02,
	0x01, 0x01, 0x01, 0x01, 0x01, 0x01, 0x01, 0x02, 0x02, 0x01, 0x02, 0x01,
	0x01, 0x01, 0x01, 0x01, 0x01, 0x01, 0x01, 0x01, 0x01, 0x01, 0x01, 0x01,
	0x01, 0x01, 0x01, 0x01, 0x01, 0x03, 0x02, 0x01, 0x03, 0x01, 0x01, 0x01,
	0x01, 0x02, 0x01, 0x03, 0x01, 0x02, 0x03, 0x01, 0x01, 0x01, 0x01, 0x01,
	0x01, 0x02, 0x02, 0x01, 0x01, 0x01, 0x01, 0x01, 0x01, 0x02, 0x01, 0x01,
	0x01, 0x02, 0x01, 0x01, 0x02, 0x01, 0x02, 0x01, 0x01, 0x03, 0x01, 0x01,
	0x10, 0x31, 0x23, 0x85, 0x01, 0x01, 0x01, 0x01, 0x01, 0x01, 0x01, 0x05,
	0x01, 0x01, 0x01, 0x01, 0x01, 0x01, 0x01, 0x01, 0x01, 0x01, 0x01, 0x01,
	0x01, 0x01, 0x01, 0x01, 0x01, 0x01, 0x01, 0x01, 0x7A, 0x50, 0x41, 0x01,
	0x07, 0x13, 0x0B, 0x0F, 0x08, 0x06, 0x06, 0x04, 0x02, 0x01, 0x02, 0x01,
	0x01, 0x02, 0x01, 0x01, 0x02, 0x04, 0x02, 0x02, 0x03, 0x02, 0x02, 0x06,
	0x05, 0x0C, 0x25, 0x25, 0x5F, 0x33, 0x33, 0x28, 0x25, 0x38, 0x02, 0x03,
	0x0D, 0x06, 0x15, 0x11, 0x42, 0x21, 0x58, 0x1D, 0x47, 0x07, 0x24, 0x12,
	0x12, 0x48, 0x19, 0x08, 0x0C, 0x2D, 0x09, 0x05, 0x40, 0x28, 0x27, 0x48,
	0x0A, 0x30, 0x0F, 0x53, 0x16, 0x14, 0x13, 0x1F, 0x0A, 0x09, 0x02, 0x05,
	0x52, 0xB7, 0x72, 0x01, 0x04, 0x02, 0x03, 0x03, 0x05, 0x08, 0x07, 0x06,
	0x05, 0x08, 0x08, 0x05, 0x06, 0x07, 0x11, 0x0C, 0x14, 0x0B, 0x02, 0x03,
	0x0B, 0x1D, 0x1D, 0x0E, 0x09, 0x08, 0x08, 0x09, 0x7E, 0x01, 0x1E, 0x23,
	0x09, 0x07, 0x23, 0x21, 0x07, 0x08, 0x01, 0xE7, 0x01, 0x26, 0x01, 0x01,
	0x14, 0x01, 0x01, 0x01, 0x01, 0x01, 0x01, 0x01, 0x01, 0x02, 0x02, 0x07,
	0x14, 0x09, 0x14, 0x02, 0x15, 0x14, 0x17, 0x02, 0x01, 0x01, 0x3B, 0x01,
	0x01, 0x3A, 0x34, 0x01, 0x01, 0x0D, 0x29, 0x29, 0x2D, 0x00, 0x00, 0x00,
	0x00, 0x03, 0x00, 0x00, 0xFF, 0xC0, 0x09, 0x80, 0x03, 0xC0, 0x00, 0x81,
	0x00, 0xBC, 0x00, 0xE9, 0x00, 0x00, 0x25, 0x2E, 0x01, 0x27, 0x26, 0x36,
	0x37, 0x3E, 0x01, 0x37, 0x36, 0x26, 0x27, 0x2E, 0x01, 0x27, 0x2E, 0x01,
	0x23, 0x22, 0x06, 0x17, 0x1E, 0x01, 0x07, 0x06, 0x07, 0x0E, 0x01, 0x27,
	0x26, 0x27, 0x2E, 0x01, 0x27, 0x2E, 0x01, 0x23, 0x22, 0x06, 0x07, 0x06,
	0x26, 0x27, 0x2E, 0x01, 0x23, 0x22, 0x26, 0x27, 0x2E, 0x01, 0x0F, 0x01,
	0x37, 0x17, 0x16, 0x36, 0x3F, 0x02, 0x3E, 0x01, 0x37, 0x36, 0x37, 0x3E,
	0x01, 0x37, 0x36, 0x37, 0x36, 0x37, 0x36, 0x16, 0x17, 0x16, 0x17, 0x1E,
	0x01, 0x1F, 0x02, 0x32, 0x16, 0x17, 0x16, 0x36, 0x37, 0x3E, 0x01, 0x3B,
	0x01, 0x17, 0x16, 0x15, 0x14, 0x06, 0x07, 0x06, 0x07, 0x0E, 0x01, 0x27,
	0x22, 0x27, 0x2E, 0x01, 0x27, 0x26, 0x27, 0x26, 0x06, 0x07, 0x0E, 0x01,
	0x07, 0x0E, 0x01, 0x07, 0x06, 0x07, 0x0E, 0x01, 0x07, 0x06, 0x27, 0x22,
	0x26, 0x27, 0x25, 0x34, 0x26, 0x23, 0x22, 0x26, 0x35, 0x34, 0x26, 0x27,
	0x2E, 0x01, 0x37, 0x36, 0x26, 0x27, 0x2E, 0x01, 0x37, 0x36, 0x26, 0x23,
	0x22, 0x06, 0x07, 0x0E, 0x01, 0x07, 0x06, 0x26, 0x37, 0x3E, 0x01, 0x35,
	0x34, 0x06, 0x07, 0x0E, 0x01, 0x23, 0x22, 0x26, 0x37, 0x3E, 0x01, 0x27,
	0x26, 0x06, 0x15, 0x14, 0x16, 0x17, 0x16, 0x17, 0x1E, 0x01, 0x37, 0x36,
	0x35, 0x01, 0x3E, 0x01, 0x33, 0x32, 0x36, 0x27, 0x26, 0x36, 0x17, 0x1E,
	0x01, 0x15, 0x14, 0x16, 0x17, 0x1E, 0x01, 0x3B, 0x01, 0x27, 0x25, 0x26,
	0x23, 0x0E, 0x01, 0x07, 0x06, 0x07, 0x0E, 0x01, 0x15, 0x14, 0x16, 0x17,
	0x1E, 0x01, 0x17, 0x16, 0x17, 0x16, 0x36, 0x37, 0x36, 0x37, 0x06, 0xDB,
	0x1D, 0x38, 0x09, 0x10, 0x01, 0x13, 0x0B, 0x14, 0x03, 0x05, 0x06, 0x13,
	0x0C, 0x19, 0x05, 0x0F, 0x56, 0x20, 0x3B, 0x1A, 0x24, 0x20, 0x2F, 0x06,
	0x07, 0x22, 0x21, 0x60, 0x38, 0x37, 0x31, 0x3E, 0x44, 0x37, 0x48, 0x37,
	0xA5, 0x74, 0x53, 0x0A, 0x12, 0x15, 0x0B, 0x07, 0x14, 0x0D, 0x0B, 0x14,
	0x04, 0x05, 0x5B, 0x66, 0xBD, 0x08, 0x9B, 0x40, 0x7C, 0x16, 0x38, 0x03,
	0x01, 0x0A, 0x0A, 0x05, 0x1B, 0x1B, 0x5E, 0x41, 0x41, 0x50, 0xC3, 0x8C,
	0x8C, 0xB6, 0x2D, 0x2D, 0x04, 0x04, 0x0A, 0x03, 0x08, 0xD8, 0x59, 0x96,
	0x10, 0x18, 0x1B, 0x14, 0x16, 0x2F, 0x5A, 0x7F, 0x08, 0x04, 0x07, 0x06,
	0x06, 0x07, 0x07, 0x15, 0x08, 0x07, 0x33, 0x33, 0x81, 0x3D, 0x3E, 0x1B,
	0x12, 0x0E, 0x05, 0x03, 0x09, 0x03, 0x02, 0x0E, 0x08, 0x08, 0x0A, 0x0B,
	0x14, 0x08, 0x09, 0x04, 0x04, 0x2F, 0x1E, 0xFE, 0x78, 0x08, 0x05, 0x06,
	0x07, 0x0D, 0x09, 0x09, 0x07, 0x03, 0x04, 0x08, 0x08, 0x09, 0x08, 0x03,
	0x06, 0x1A, 0x0B, 0x04, 0x0A, 0x04, 0x03, 0x14, 0x0B, 0x14, 0x0D, 0x14,
	0x05, 0x08, 0x28, 0x15, 0x0A, 0x13, 0x04, 0x0F, 0x07, 0x0C, 0x06, 0x05,
	0x04, 0x0A, 0x3F, 0x50, 0x1D, 0x17, 0x27, 0x27, 0x4B, 0x1B, 0x1C, 0xFE,
	0x2F, 0x04, 0x1F, 0x13, 0x26, 0x1A, 0x14, 0x0E, 0x0F, 0x1A, 0x0B, 0x0F,
	0x1B, 0x3D, 0x24, 0x78, 0x30, 0x73, 0x08, 0xFE, 0x4B, 0x75, 0x54, 0x53,
	0x6E, 0x1C, 0x1C, 0x05, 0x07, 0x0B, 0x10, 0x20, 0x14, 0x1F, 0x02, 0x04,
	0x28, 0x28, 0x5E, 0x27, 0x27, 0x03, 0x24, 0x0C, 0x16, 0x02, 0x05, 0x18,
	0x36, 0x20, 0x60, 0x24, 0x3C, 0x1D, 0x06, 0x04, 0x14, 0x0B, 0x1B, 0x32,
	0x32, 0x2E, 0x28, 0x78, 0x19, 0x19, 0x11, 0x11, 0x0F, 0x04, 0x03, 0x10,
	0x15, 0x40, 0x5A, 0x75, 0x1B, 0x08, 0x0C, 0x15, 0x08, 0x21, 0x13, 0x14,
	0x09, 0x06, 0x08, 0x03, 0x05, 0x09, 0x49, 0x04, 0x02, 0x02, 0x03, 0x09,
	0x65, 0x35, 0x36, 0x08, 0x03, 0x03, 0x04, 0x06, 0x02, 0x03, 0x02, 0x05,
	0x02, 0x02, 0x02, 0x03, 0x04, 0x07, 0x06, 0x33, 0x1E, 0x49, 0x02, 0x07,
	0x04, 0x06, 0x09, 0x15, 0x18, 0x0A, 0x38, 0x1E, 0x30, 0x31, 0x62, 0x29,
	0x29, 0x0F, 0x0E, 0x13, 0x01, 0x0D, 0x0D, 0x23, 0x11, 0x10, 0x09, 0x05,
	0x0B, 0x17, 0x0F, 0x26, 0x0B, 0x0A, 0x46, 0x25, 0x2C, 0x2B, 0x2C, 0x44,
	0x16, 0x15, 0x01, 0x13, 0x0D, 0xC4, 0x08, 0x0B, 0x13, 0x0D, 0x0C, 0x18,
	0x03, 0x04, 0x09, 0x04, 0x03, 0x18, 0x0D, 0x0D, 0x1D, 0x08, 0x0F, 0x45,
	0x17, 0x10, 0x0F, 0x20, 0x05, 0x0B, 0x12, 0x0C, 0x03, 0x18, 0x0D, 0x21,
	0x04, 0x24, 0x10, 0x18, 0x21, 0x0E, 0x08, 0x10, 0x04, 0x0B, 0x25, 0x11,
	0x17, 0x88, 0x1C, 0x15, 0x11, 0x11, 0x0F, 0x03, 0x03, 0x11, 0x01, 0xDD,
	0x06, 0x07, 0x24, 0x17, 0x11, 0x04, 0x0F, 0x05, 0x1A, 0x0D, 0x15, 0x0C,
	0x05, 0x04, 0x05, 0x6F, 0x04, 0x01, 0x01, 0x02, 0x03, 0x03, 0x04, 0x06,
	0x1D, 0x0F, 0x18, 0x0C, 0x01, 0x01, 0x04, 0x02, 0x05, 0x01, 0x02, 0x02,
	0x03, 0x03, 0x04, 0x00, 0x00, 0x0C, 0x00, 0x00, 0xFF, 0xC0, 0x0B, 0xAC,
	0x03, 0xC0, 0x02, 0xD6, 0x02, 0xE0, 0x02, 0xEA, 0x02, 0xF4, 0x02, 0xFD,
	0x03, 0x05, 0x03, 0xDB, 0x03, 0xE2, 0x04, 0xF9, 0x04, 0xFF, 0x05, 0x59,
	0x05, 0x62, 0x00, 0x00, 0x01, 0x22, 0x06, 0x07, 0x30, 0x22, 0x31, 0x38,
	0x01, 0x31, 0x30, 0x14, 0x31, 0x38, 0x01, 0x31, 0x30, 0x06, 0x31, 0x38,
	0x01, 0x15, 0x22, 0x30, 0x31, 0x30, 0x14, 0x31, 0x30, 0x14, 0x23, 0x38,
	0x01, 0x15, 0x38, 0x01, 0x31, 0x30, 0x14, 0x31, 0x30, 0x06, 0x31, 0x30,
	0x14, 0x31, 0x30, 0x14, 0x31, 0x30, 0x14, 0x31, 0x30, 0x14, 0x31, 0x22,
	0x14, 0x31, 0x30, 0x14, 0x31, 0x14, 0x30, 0x31, 0x14, 0x30, 0x15, 0x38,
	0x01, 0x15, 0x30, 0x22, 0x31, 0x38, 0x01, 0x31, 0x14, 0x30, 0x31, 0x1C,
	0x01, 0x31, 0x1C, 0x01, 0x31, 0x30, 0x14, 0x31, 0x30, 0x14, 0x31, 0x14,
	0x06, 0x15, 0x38, 0x01, 0x31, 0x38, 0x01, 0x31, 0x1C, 0x01, 0x07, 0x38,
	0x01, 0x31, 0x38, 0x01, 0x31, 0x30, 0x14, 0x31, 0x30, 0x14, 0x07, 0x38,
	0x01, 0x31, 0x38, 0x01, 0x15, 0x38, 0x01, 0x15, 0x38, 0x01, 0x31, 0x22,
	0x14, 0x31, 0x30, 0x06, 0x15, 0x30, 0x22, 0x15, 0x38, 0x01, 0x15, 0x0E,
	0x01, 0x23, 0x14, 0x22, 0x23, 0x38, 0x01, 0x31, 0x14, 0x22, 0x31, 0x22,
	0x06, 0x23, 0x30, 0x06, 0x23, 0x30, 0x22, 0x31, 0x06, 0x22, 0x31, 0x2A,
	0x01, 0x31, 0x22, 0x06, 0x31, 0x2A, 0x01, 0x31, 0x2A, 0x01, 0x31, 0x22,
	0x14, 0x23, 0x0E, 0x01, 0x33, 0x32, 0x16, 0x17, 0x32, 0x14, 0x31, 0x14,
	0x16, 0x15, 0x30, 0x14, 0x15, 0x30, 0x14, 0x31, 0x30, 0x14, 0x31, 0x1C,
	0x01, 0x07, 0x14, 0x22, 0x15, 0x38, 0x01, 0x31, 0x38, 0x01, 0x31, 0x30,
	0x22, 0x31, 0x0E, 0x01, 0x07, 0x0E, 0x01, 0x07, 0x0E, 0x01, 0x07, 0x23,
	0x2A, 0x01, 0x23, 0x2A, 0x01, 0x23, 0x2A, 0x01, 0x23, 0x2A, 0x01, 0x27,
	0x31, 0x06, 0x22, 0x2B, 0x01, 0x2A, 0x01, 0x23, 0x26, 0x22, 0x23, 0x26,
	0x22, 0x27, 0x22, 0x26, 0x23, 0x2A, 0x01, 0x27, 0x22, 0x26, 0x27, 0x2E,
	0x01, 0x27, 0x2E, 0x01, 0x27, 0x26, 0x22, 0x07, 0x0E, 0x01, 0x23, 0x22,
	0x06, 0x07, 0x30, 0x14, 0x31, 0x1C, 0x01, 0x15, 0x06, 0x14, 0x15, 0x30,
	0x16, 0x15, 0x38, 0x01, 0x31, 0x1E, 0x01, 0x1F, 0x01, 0x30, 0x36, 0x31,
	0x3A, 0x01, 0x33, 0x36, 0x32, 0x33, 0x36, 0x32, 0x37, 0x3A, 0x01, 0x33,
	0x36, 0x32, 0x33, 0x36, 0x32, 0x33, 0x3A, 0x01, 0x33, 0x3A, 0x01, 0x33,
	0x3A, 0x01, 0x33, 0x3A, 0x01, 0x3B, 0x01, 0x32, 0x16, 0x33, 0x3A, 0x01,
	0x17, 0x38, 0x01, 0x31, 0x33, 0x38, 0x01, 0x31, 0x33, 0x38, 0x01, 0x3B,
	0x01, 0x30, 0x32, 0x31, 0x30, 0x32, 0x31, 0x30, 0x32, 0x31, 0x32, 0x30,
	0x33, 0x30, 0x16, 0x31, 0x30, 0x32, 0x31, 0x30, 0x32, 0x31, 0x30, 0x32,
	0x31, 0x30, 0x32, 0x31, 0x30, 0x32, 0x31, 0x30, 0x32, 0x15, 0x30, 0x32,
	0x31, 0x38, 0x01, 0x33, 0x38, 0x01, 0x33, 0x38, 0x01, 0x31, 0x32, 0x30,
	0x31, 0x30, 0x16, 0x31, 0x30, 0x32, 0x31, 0x38, 0x01, 0x33, 0x38, 0x01,
	0x31, 0x16, 0x30, 0x31, 0x30, 0x32, 0x31, 0x38, 0x01, 0x31, 0x16, 0x30,
	0x31, 0x38, 0x01, 0x31, 0x30, 0x16, 0x31, 0x38, 0x01, 0x31, 0x14, 0x30,
	0x31, 0x38, 0x01, 0x15, 0x38, 0x01, 0x31, 0x33, 0x31, 0x38, 0x01, 0x31,
	0x38, 0x01, 0x15, 0x38, 0x01, 0x31, 0x15, 0x14, 0x16, 0x17, 0x30, 0x16,
	0x31, 0x30, 0x32, 0x15, 0x3A, 0x01, 0x31, 0x14, 0x32, 0x33, 0x30, 0x32,
	0x31, 0x32, 0x30, 0x31, 0x3A, 0x01, 0x31, 0x30, 0x32, 0x33, 0x30, 0x36,
	0x31, 0x32, 0x34, 0x33, 0x38, 0x01, 0x31, 0x3E, 0x01, 0x37, 0x3E, 0x01,
	0x33, 0x32, 0x16, 0x17, 0x16, 0x17, 0x1E, 0x01, 0x17, 0x16, 0x17, 0x05,
	0x17, 0x16, 0x06, 0x07, 0x0E, 0x01, 0x07, 0x06, 0x16, 0x17, 0x1E, 0x01,
	0x17, 0x32, 0x37, 0x3E, 0x01, 0x37, 0x36, 0x37, 0x3E, 0x01, 0x17, 0x16,
	0x36, 0x37, 0x36, 0x16, 0x15, 0x14, 0x16, 0x37, 0x3E, 0x01, 0x37, 0x36,
	0x17, 0x1E, 0x01, 0x17, 0x16, 0x17, 0x16, 0x36, 0x37, 0x3E, 0x01, 0x27,
	0x34, 0x26, 0x27, 0x2E, 0x01, 0x37, 0x3E, 0x01, 0x33, 0x32, 0x16, 0x17,
	0x04, 0x16, 0x37, 0x3E, 0x01, 0x37, 0x36, 0x26, 0x27, 0x26, 0x06, 0x07,
	0x06, 0x07, 0x22, 0x26, 0x27, 0x26, 0x27, 0x2E, 0x01, 0x35, 0x26, 0x06,
	0x15, 0x14, 0x06, 0x27, 0x26, 0x06, 0x07, 0x0E, 0x01, 0x27, 0x26, 0x27,
	0x2E, 0x01, 0x27, 0x26, 0x27, 0x2E, 0x01, 0x27, 0x22, 0x06, 0x23, 0x2A,
	0x01, 0x23, 0x2A, 0x01, 0x23, 0x2A, 0x01, 0x23, 0x2A, 0x01, 0x23, 0x2A,
	0x01, 0x23, 0x2A, 0x01, 0x31, 0x2A, 0x01, 0x31, 0x22, 0x26, 0x31, 0x2A,
	0x01, 0x23, 0x30, 0x22, 0x23, 0x38, 0x01, 0x31, 0x2A, 0x01, 0x23, 0x2A,
	0x01, 0x23, 0x2A, 0x01, 0x27, 0x2A, 0x01, 0x23, 0x2A, 0x01, 0x23, 0x2A,
	0x01, 0x27, 0x2A, 0x01, 0x23, 0x22, 0x26, 0x23, 0x26, 0x22, 0x27, 0x22,
	0x26, 0x23, 0x2E, 0x01, 0x23, 0x22, 0x26, 0x27, 0x22, 0x26, 0x27, 0x30,
	0x26, 0x31, 0x26, 0x34, 0x27, 0x30, 0x34, 0x27, 0x3C, 0x01, 0x27, 0x30,
	0x34, 0x35, 0x30, 0x34, 0x31, 0x34, 0x26, 0x35, 0x34, 0x26, 0x31, 0x34,
	0x26, 0x31, 0x34, 0x26, 0x35, 0x30, 0x26, 0x31, 0x34, 0x22, 0x35, 0x30,
	0x26, 0x31, 0x34, 0x22, 0x31, 0x30, 0x34, 0x31, 0x2E, 0x01, 0x23, 0x17,
	0x30, 0x16, 0x31, 0x38, 0x01, 0x31, 0x30, 0x34, 0x23, 0x17, 0x38, 0x01,
	0x31, 0x38, 0x01, 0x31, 0x38, 0x01, 0x31, 0x17, 0x32, 0x30, 0x31, 0x30,
	0x32, 0x31, 0x30, 0x22, 0x23, 0x07, 0x38, 0x01, 0x31, 0x14, 0x30, 0x31,
	0x30, 0x34, 0x07, 0x31, 0x38, 0x01, 0x31, 0x38, 0x01, 0x31, 0x17, 0x31,
	0x30, 0x32, 0x31, 0x30, 0x32, 0x31, 0x30, 0x16, 0x33, 0x30, 0x14, 0x33,
	0x30, 0x16, 0x31, 0x14, 0x30, 0x31, 0x14, 0x30, 0x15, 0x30, 0x14, 0x15,
	0x30, 0x14, 0x31, 0x1C, 0x01, 0x31, 0x30, 0x14, 0x15, 0x38, 0x01, 0x31,
	0x30, 0x14, 0x31, 0x38, 0x01, 0x39, 0x01, 0x22, 0x30, 0x15, 0x30, 0x14,
	0x31, 0x14, 0x06, 0x31, 0x14, 0x22, 0x15, 0x38, 0x01, 0x31, 0x30, 0x22,
	0x31, 0x38, 0x01, 0x31, 0x38, 0x01, 0x31, 0x30, 0x14, 0x31, 0x22, 0x30,
	0x31, 0x38, 0x01, 0x23, 0x38, 0x01, 0x31, 0x38, 0x01, 0x23, 0x38, 0x01,
	0x31, 0x23, 0x38, 0x01, 0x31, 0x38, 0x01, 0x31, 0x30, 0x22, 0x31, 0x38,
	0x01, 0x31, 0x38, 0x01, 0x31, 0x38, 0x01, 0x31, 0x22, 0x34, 0x39, 0x01,
	0x30, 0x22, 0x31, 0x30, 0x34, 0x31, 0x30, 0x26, 0x31, 0x38, 0x01, 0x31,
	0x30, 0x34, 0x31, 0x30, 0x34, 0x31, 0x38, 0x01, 0x31, 0x3C, 0x01, 0x31,
	0x34, 0x30, 0x35, 0x30, 0x34, 0x31, 0x3C, 0x01, 0x31, 0x30, 0x34, 0x35,
	0x38, 0x01, 0x31, 0x38, 0x01, 0x31, 0x38, 0x01, 0x31, 0x38, 0x01, 0x39,
	0x01, 0x30, 0x34, 0x31, 0x30, 0x34, 0x33, 0x38, 0x01, 0x31, 0x38, 0x01,
	0x31, 0x30, 0x34, 0x31, 0x38, 0x01, 0x35, 0x38, 0x01, 0x31, 0x38, 0x01,
	0x37, 0x38, 0x01, 0x31, 0x30, 0x34, 0x31, 0x30, 0x32, 0x31, 0x30, 0x34,
	0x31, 0x32, 0x30, 0x31, 0x30, 0x32, 0x31, 0x38, 0x01, 0x31, 0x38, 0x01,
	0x31, 0x33, 0x38, 0x01, 0x31, 0x38, 0x01, 0x31, 0x07, 0x38, 0x01, 0x39,
	0x01, 0x38, 0x01, 0x05, 0x14, 0x16, 0x1F, 0x01, 0x16, 0x06, 0x07, 0x0E,
	0x01, 0x37, 0x3E, 0x01, 0x07, 0x32, 0x36, 0x07, 0x36, 0x26, 0x27, 0x30,
	0x32, 0x33, 0x30, 0x16, 0x33, 0x30, 0x32, 0x17, 0x30, 0x32, 0x17, 0x30,
	0x16, 0x33, 0x14, 0x16, 0x31, 0x1E, 0x01, 0x31, 0x1E, 0x01, 0x15, 0x14,
	0x16, 0x15, 0x1C, 0x01, 0x17, 0x1C, 0x01, 0x15, 0x1C, 0x01, 0x17, 0x1C,
	0x01, 0x15, 0x1C, 0x01, 0x15, 0x1C, 0x01, 0x15, 0x14, 0x06, 0x15, 0x1C,
	0x01, 0x15, 0x06, 0x14, 0x07, 0x1C, 0x01, 0x23, 0x14, 0x06, 0x15, 0x14,
	0x06, 0x15, 0x14, 0x06, 0x07, 0x14, 0x06, 0x15, 0x22, 0x06, 0x07, 0x38,
	0x01, 0x31, 0x06, 0x14, 0x23, 0x30, 0x06, 0x07, 0x22, 0x06, 0x31, 0x22,
	0x06, 0x31, 0x22, 0x06, 0x23, 0x30, 0x22, 0x31, 0x22, 0x06, 0x31, 0x22,
	0x06, 0x23, 0x22, 0x06, 0x31, 0x22, 0x30, 0x23, 0x38, 0x01, 0x31, 0x2A,
	0x01, 0x31, 0x2A, 0x01, 0x31, 0x22, 0x06, 0x23, 0x30, 0x34, 0x31, 0x38,
	0x01, 0x23, 0x14, 0x30, 0x31, 0x2A, 0x01, 0x31, 0x2A, 0x01, 0x31, 0x2A,
	0x01, 0x23, 0x2A, 0x01, 0x23, 0x30, 0x22, 0x23, 0x38, 0x01, 0x31, 0x30,
	0x22, 0x23, 0x30, 0x22, 0x31, 0x38, 0x01, 0x31, 0x30, 0x22, 0x31, 0x23,
	0x30, 0x22, 0x23, 0x30, 0x22, 0x23, 0x2A, 0x01, 0x31, 0x22, 0x26, 0x31,
	0x22, 0x26, 0x31, 0x2A, 0x01, 0x35, 0x22, 0x26, 0x23, 0x26, 0x22, 0x31,
	0x2E, 0x01, 0x37, 0x3E, 0x01, 0x37, 0x30, 0x34, 0x31, 0x3E, 0x01, 0x31,
	0x30, 0x36, 0x31, 0x34, 0x36, 0x33, 0x34, 0x32, 0x37, 0x30, 0x32, 0x37,
	0x38, 0x01, 0x39, 0x01, 0x38, 0x01, 0x31, 0x38, 0x01, 0x33, 0x38, 0x01,
	0x31, 0x36, 0x32, 0x39, 0x02, 0x36, 0x32, 0x33, 0x36, 0x32, 0x33, 0x30,
	0x32, 0x31, 0x36, 0x32, 0x31, 0x32, 0x36, 0x33, 0x30, 0x32, 0x33, 0x3A,
	0x01, 0x33, 0x36, 0x32, 0x33, 0x3A, 0x01, 0x37, 0x3A, 0x01, 0x33, 0x3A,
	0x01, 0x33, 0x38, 0x01, 0x37, 0x07, 0x30, 0x16, 0x27, 0x26, 0x06, 0x25,
	0x22, 0x30, 0x15, 0x2A, 0x01, 0x31, 0x22, 0x30, 0x23, 0x14, 0x22, 0x31,
	0x22, 0x06, 0x31, 0x22, 0x30, 0x07, 0x30, 0x22, 0x31, 0x22, 0x14, 0x23,
	0x0E, 0x01, 0x31, 0x22, 0x06, 0x31, 0x14, 0x30, 0x23, 0x30, 0x06, 0x31,
	0x30, 0x06, 0x23, 0x14, 0x06, 0x31, 0x0E, 0x01, 0x31, 0x30, 0x14, 0x31,
	0x38, 0x01, 0x23, 0x1C, 0x01, 0x15, 0x06, 0x14, 0x15, 0x1C, 0x01, 0x15,
	0x1C, 0x01, 0x17, 0x1C, 0x01, 0x17, 0x14, 0x16, 0x15, 0x14, 0x16, 0x17,
	0x14, 0x16, 0x17, 0x30, 0x16, 0x17, 0x1E, 0x01, 0x17, 0x1E, 0x01, 0x33,
	0x32, 0x16, 0x33, 0x21, 0x35, 0x05, 0x30, 0x22, 0x15, 0x30, 0x34, 0x33,
	0x38, 0x01, 0x02, 0x6A, 0x05, 0x08, 0x03, 0x01, 0x01, 0x01, 0x01, 0x01,
	0x01, 0x01, 0x01, 0x01, 0x01, 0x01, 0x01, 0x01, 0x01, 0x03, 0x01, 0x01,
	0x01, 0x01, 0x01, 0x01, 0x01, 0x01, 0x01, 0x01, 0x01, 0x01, 0x01, 0x01,
	0x01, 0x01, 0x01, 0x01, 0x01, 0x01, 0x01, 0x01, 0x0E, 0x04, 0x0E, 0x05,
	0x06, 0x01, 0x01, 0x01, 0x01, 0x01, 0x01, 0x01, 0x02, 0x01, 0x02, 0x04,
	0x03, 0x02, 0x07, 0x03, 0x40, 0x03, 0x06, 0x04, 0x03, 0x05, 0x03, 0x02,
	0x05, 0x02, 0x02, 0x03, 0x02, 0x01, 0x01, 0x01, 0x16, 0x02, 0x04, 0x02,
	0x02, 0x04, 0x02, 0x02, 0x05, 0x02, 0x01, 0x02, 0x01, 0x02, 0x03, 0x02,
	0x02, 0x05, 0x02, 0x03, 0x04, 0x02, 0x02, 0x03, 0x01, 0x04, 0x0B, 0x07,
	0x07, 0x5F, 0x4A, 0x56, 0x3F, 0x06, 0x01, 0x01, 0x05, 0x56, 0x98, 0x63,
	0x01, 0x01, 0x02, 0x01, 0x01, 0x02, 0x01, 0x02, 0x02, 0x01, 0x01, 0x03,
	0x01, 0x01, 0x02, 0x01, 0x02, 0x02, 0x01, 0x01, 0x02, 0x02, 0x01, 0x04,
	0x01, 0x02, 0x04, 0x02, 0x02, 0x05, 0x02, 0x20, 0x03, 0x07, 0x03, 0x03,
	0x06, 0x03, 0x01, 0x03, 0x01, 0x01, 0x01, 0x01, 0x01, 0x01, 0x01, 0x01,
	0x01, 0x01, 0x01, 0x01, 0x01, 0x01, 0x01, 0x01, 0x01, 0x01, 0x01, 0x01,
	0x01, 0x01, 0x01, 0x01, 0x01, 0x01, 0x03, 0x02, 0x01, 0x01, 0x01, 0x01,
	0x01, 0x01, 0x01, 0x01, 0x01, 0x01, 0x01, 0x01, 0x01, 0x01, 0x01, 0x03,
	0x05, 0x02, 0x02, 0x0C, 0x0E, 0x0A, 0x11, 0x02, 0x01, 0x1E, 0x1E, 0x76,
	0x58, 0x59, 0x75, 0x01, 0xD4, 0x0C, 0x04, 0x02, 0x06, 0x06, 0x0A, 0x01,
	0x02, 0x1D, 0x3E, 0x25, 0x3F, 0x06, 0x07, 0x08, 0x07, 0x0E, 0x07, 0x06,
	0x03, 0x06, 0x0A, 0x0D, 0x0A, 0x0D, 0x02, 0x05, 0x25, 0x2A, 0x2A, 0x12,
	0x1D, 0x02, 0x01, 0x11, 0x10, 0x2C, 0x18, 0x17, 0x10, 0x06, 0x21, 0x2C,
	0x1E, 0x2B, 0x01, 0x2B, 0x1D, 0x40, 0x17, 0x18, 0x0D, 0x2A, 0x2D, 0x2F,
	0x6A, 0x74, 0x01, 0x3A, 0x7C, 0x0B, 0x05, 0x10, 0x05, 0x08, 0x02, 0x0B,
	0x13, 0x92, 0x6F, 0x46, 0x3B, 0x3B, 0x62, 0x28, 0x29, 0x21, 0x1A, 0x27,
	0x01, 0x1A, 0x0A, 0x0A, 0x08, 0x16, 0x08, 0x0B, 0x9A, 0xB8, 0x44, 0x5C,
	0x5D, 0xCA, 0x65, 0x65, 0x55, 0x76, 0x8C, 0x2D, 0x01, 0x03, 0x01, 0x02,
	0x04, 0x02, 0x02, 0x03, 0x01, 0x01, 0x02, 0x01, 0x01, 0x02, 0x01, 0x01,
	0x01, 0x01, 0x01, 0x02, 0x01, 0x01, 0x01, 0x01, 0x01, 0x01, 0x01, 0x02,
	0x01, 0x01, 0x02, 0x01, 0x01, 0x04, 0x02, 0x01, 0x04, 0x02, 0x01, 0x04,
	0x02, 0x01, 0x04, 0x02, 0x01, 0x03, 0x02, 0x01, 0x03, 0x02, 0x01, 0x04,
	0x01, 0x02, 0x03, 0x01, 0x01, 0x03, 0x01, 0x01, 0x02, 0x01, 0x01, 0x02,
	0x01, 0x01, 0x01, 0x01, 0x01, 0x01, 0x01, 0x01, 0x01, 0x01, 0x01, 0x01,
	0x01, 0x01, 0x01, 0x01, 0x01, 0x04, 0x09, 0x04, 0x1A, 0x01, 0x01, 0x14,
	0x1D, 0x01, 0x02, 0x02, 0x01, 0x7E, 0x59, 0x18, 0x01, 0x01, 0x01, 0x01,
	0x01, 0x01, 0x01, 0x01, 0x01, 0x01, 0x01, 0x01, 0x01, 0x01, 0x01, 0x01,
	0x01, 0x01, 0x01, 0x01, 0x01, 0x01, 0x01, 0x01, 0x05, 0x05, 0x92, 0x08,
	0x03, 0x01, 0x01, 0x04, 0x04, 0x03, 0x0A, 0x10, 0x09, 0x0C, 0x03, 0x01,
	0x04, 0x01, 0x01, 0x01, 0x01, 0x01, 0x01, 0x01, 0x01, 0x01, 0x01, 0x01,
	0x01, 0x01, 0x01, 0x01, 0x01, 0x01, 0x01, 0x01, 0x01, 0x01, 0x01, 0x01,
	0x01, 0x01, 0x01, 0x01, 0x01, 0x01, 0x01, 0x02, 0x01, 0x02, 0x01, 0x01,
	0x01, 0x01, 0x01, 0x01, 0x01, 0x01, 0x01, 0x01, 0x01, 0x01, 0x01, 0x01,
	0x01, 0x01, 0x01, 0x01, 0x01, 0x01, 0x01, 0x01, 0x01, 0x01, 0x01, 0x01,
	0x01, 0x01, 0x01, 0x01, 0x01, 0x01, 0x01, 0x01, 0x01, 0x01, 0x01, 0x01,
	0x01, 0x01, 0x01, 0x01, 0x01, 0x01, 0x01, 0x01, 0x01, 0x01, 0x01, 0x01,
	0x01, 0x01, 0x01, 0x01, 0x01, 0x01, 0x02, 0x01, 0x02, 0x01, 0x02, 0x01,
	0x01, 0x01, 0x12, 0x0C, 0x08, 0x01, 0x02, 0x01, 0x01, 0x01, 0x01, 0x01,
	0x01, 0x01, 0x01, 0x01, 0x01, 0x01, 0x01, 0x01, 0x01, 0x01, 0x01, 0x01,
	0x02, 0x01, 0x02, 0x01, 0x02, 0x01, 0x02, 0x01, 0x02, 0x01, 0x01, 0x02,
	0x01, 0x01, 0x01, 0x01, 0x01, 0x02, 0x01, 0x01, 0x02, 0x01, 0x01, 0x02,
	0x01, 0x01, 0x89, 0x20, 0x07, 0x08, 0x11, 0xF9, 0x21, 0x01, 0x01, 0x01,
	0x01, 0x01, 0x02, 0x01, 0x01, 0x01, 0x01, 0x01, 0x01, 0x01, 0x01, 0x01,
	0x01, 0x01, 0x01, 0x01, 0x01, 0x01, 0x01, 0x01, 0x01, 0x01, 0x01, 0x01,
	0x01, 0x01, 0x01, 0x01, 0x01, 0x01, 0x01, 0x01, 0x01, 0x02, 0x01, 0x01,
	0x03, 0x01, 0x01, 0x01, 0x01, 0x01, 0x3E, 0xFE, 0xB4, 0x01, 0x01, 0x03,
	0x33, 0x04, 0x03, 0x01, 0x01, 0x01, 0x01, 0x01, 0x01, 0x01, 0x01, 0x01,
	0x01, 0x01, 0x01, 0x01, 0x01, 0x01, 0x01, 0x01, 0x01, 0x01, 0x01, 0x01,
	0x01, 0x01, 0x01, 0x01, 0x01, 0x01, 0x01, 0x01, 0x01, 0x01, 0x01, 0x01,
	0x01, 0x01, 0x01, 0x01, 0x01, 0x01, 0x01, 0x01, 0x01, 0x02, 0x01, 0x01,
	0x01, 0x01, 0x01, 0x01, 0x01, 0x06, 0x28, 0x05, 0x04, 0x01, 0x01, 0x01,
	0x01, 0x02, 0x01, 0x01, 0x01, 0x01, 0x01, 0x01, 0x01, 0x01, 0x01, 0x01,
	0x01, 0x01, 0x01, 0x01, 0x01, 0x01, 0x01, 0x01, 0x01, 0x01, 0x01, 0x01,
	0x01, 0x01, 0x02, 0x01, 0x02, 0x04, 0x03, 0x01, 0x01, 0x01, 0x08, 0x08,
	0x06, 0x08, 0x04, 0x08, 0x01, 0x01, 0x03, 0x01, 0x02, 0x02, 0x02, 0x01,
	0x01, 0x0D, 0x09, 0x04, 0x03, 0x01, 0x01, 0x01, 0x01, 0x01, 0x01, 0x01,
	0x01, 0x01, 0x01, 0x01, 0x01, 0x01, 0x01, 0x01, 0x01, 0x01, 0x26, 0x0C,
	0x11, 0x05, 0x01, 0x01, 0x01, 0x01, 0x01, 0x05, 0x11, 0x0D, 0x1A, 0x14,
	0x08, 0x06, 0x03, 0x03, 0x03, 0x05, 0x02, 0x02, 0x01, 0x05, 0x1E, 0x0D,
	0x71, 0x49, 0x46, 0x77, 0x0D, 0x15, 0x14, 0x14, 0x0C, 0x11, 0x01, 0x16,
	0x16, 0x4E, 0x35, 0x35, 0x3D, 0x50, 0x2E, 0x02, 0x01, 0x0D, 0x0D, 0x20,
	0x14, 0x21, 0x26, 0x1E, 0x08, 0x03, 0x0D, 0x06, 0x04, 0x12, 0x12, 0x3A,
	0x21, 0x22, 0x1A, 0x0C, 0x0A, 0x1B, 0x13, 0x1E, 0x02, 0x03, 0x26, 0x17,
	0x32, 0x2C, 0x1A, 0x0F, 0x0B, 0x1D, 0x2C, 0x78, 0x2A, 0x0B, 0x06, 0x61,
	0x3F, 0x5E, 0x3E, 0x07, 0x0C, 0x02, 0x0E, 0x08, 0x01, 0x0F, 0x11, 0x10,
	0x19, 0x15, 0x2B, 0x09, 0x18, 0x11, 0x18, 0x0D, 0x08, 0x04, 0x03, 0x05,
	0x06, 0x09, 0x04, 0x05, 0x01, 0x02, 0x02, 0x04, 0x02, 0x02, 0x02, 0x02,
	0x04, 0x02, 0x01, 0x01, 0x01, 0x01, 0x01, 0x01, 0x01, 0x01, 0x01, 0x01,
	0x01, 0x01, 0x01, 0x01, 0x02, 0x01, 0x01, 0x01, 0x01, 0x01, 0x01, 0x01,
	0x01, 0x02, 0x01, 0x02, 0x01, 0x01, 0x01, 0x01, 0x01, 0x01, 0x01, 0x01,
	0x01, 0x01, 0x01, 0x01, 0x01, 0x01, 0x01, 0x01, 0x03, 0x03, 0x14, 0x01,
	0x01, 0x14, 0x05, 0x0A, 0x01, 0x01, 0x80, 0x30, 0x01, 0x01, 0x01, 0x01,
	0x01, 0x01, 0x01, 0x01, 0x01, 0x01, 0x01, 0x01, 0x01, 0x01, 0x01, 0x01,
	0x01, 0x01, 0x01, 0x01, 0x01, 0x01, 0x01, 0x01, 0x01, 0x01, 0x01, 0x01,
	0x01, 0x01, 0x01, 0x01, 0x01, 0x01, 0x01, 0x01, 0x01, 0x01, 0x01, 0x01,
	0x01, 0x01, 0x0F, 0x24, 0x02, 0x09, 0x0B, 0x0A, 0x0E, 0x0A, 0x06, 0x02,
	0x0A, 0x04, 0x05, 0x17, 0x05, 0x15, 0x04, 0x09, 0x0C, 0x03, 0x01, 0x01,
	0x01, 0x01, 0x01, 0x01, 0x01, 0x01, 0x01, 0x01, 0x01, 0x01, 0x01, 0x01,
	0x01, 0x03, 0x01, 0x01, 0x02, 0x01, 0x02, 0x02, 0x01, 0x01, 0x02, 0x01,
	0x01, 0x02, 0x01, 0x01, 0x02, 0x01, 0x01, 0x02, 0x01, 0x01, 0x03, 0x01,
	0x01, 0x02, 0x01, 0x01, 0x02, 0x01, 0x02, 0x01, 0x01, 0x01, 0x01, 0x01,
	0x01, 0x01, 0x01, 0x02, 0x01, 0x02, 0x01, 0x01, 0x01, 0x01, 0x01, 0x01,
	0x01, 0x01, 0x01, 0x01, 0x01, 0x01, 0x01, 0x01, 0x01, 0x01, 0x01, 0x01,
	0x01, 0x08, 0x21, 0x15, 0x02, 0x02, 0x02, 0x01, 0x01, 0x01, 0x01, 0x01,
	0x01, 0x01, 0x01, 0x01, 0x01, 0x01, 0x01, 0x01, 0x01, 0x01, 0x01, 0x01,
	0x2F, 0x13, 0x33, 0x32, 0x52, 0xCE, 0x01, 0x01, 0x01, 0x01, 0x01, 0x01,
	0x01, 0x01, 0x01, 0x01, 0x01, 0x01, 0x01, 0x01, 0x01, 0x01, 0x01, 0x02,
	0x02, 0x01, 0x02, 0x02, 0x01, 0x03, 0x01, 0x01, 0x03, 0x01, 0x01, 0x03,
	0x01, 0x01, 0x02, 0x01, 0x01, 0x02, 0x01, 0x01, 0x02, 0x01, 0x01, 0x01,
	0x01, 0x01, 0x01, 0x01, 0x01, 0x01, 0x3D, 0x08, 0x01, 0x01, 0x00, 0x00,
	0x00, 0x05, 0x00, 0x00, 0xFF, 0xC0, 0x0B, 0xFE, 0x03, 0xC0, 0x00, 0xA5,
	0x00, 0xB1, 0x00, 0xC7, 0x00, 0xD3, 0x00, 0xDC, 0x00, 0x00, 0x25, 0x2E,
	0x01, 0x35, 0x34, 0x26, 0x07, 0x06, 0x26, 0x27, 0x26, 0x06, 0x1D, 0x01,
	0x27, 0x2E, 0x01, 0x3D, 0x01, 0x27, 0x2E, 0x01, 0x23, 0x22, 0x06, 0x15,
	0x14, 0x06, 0x23, 0x22, 0x26, 0x35, 0x34, 0x26, 0x2B, 0x01, 0x35, 0x21,
	0x22, 0x23, 0x0E, 0x01, 0x07, 0x06, 0x07, 0x0E, 0x01, 0x27, 0x2E, 0x01,
	0x35, 0x34, 0x36, 0x37, 0x36, 0x16, 0x17, 0x16, 0x17, 0x16, 0x24, 0x37,
	0x36, 0x35, 0x34, 0x36, 0x17, 0x16, 0x36, 0x35, 0x34, 0x26, 0x07, 0x0E,
	0x01, 0x2B, 0x01, 0x35, 0x33, 0x32, 0x16, 0x17, 0x1E, 0x01, 0x37, 0x32,
	0x36, 0x35, 0x34, 0x16, 0x17, 0x1E, 0x01, 0x37, 0x3E, 0x01, 0x17, 0x1E,
	0x01, 0x0F, 0x01, 0x27, 0x26, 0x06, 0x15, 0x14, 0x16, 0x37, 0x36, 0x16,
	0x17, 0x1E, 0x01, 0x33, 0x32, 0x16, 0x17, 0x14, 0x16, 0x17, 0x1E, 0x01,
	0x17, 0x16, 0x36, 0x35, 0x34, 0x36, 0x17, 0x1E, 0x01, 0x17, 0x1E, 0x01,
	0x17, 0x16, 0x06, 0x27, 0x2E, 0x01, 0x23, 0x06, 0x26, 0x27, 0x2E, 0x01,
	0x35, 0x34, 0x26, 0x23, 0x22, 0x26, 0x27, 0x2E, 0x01, 0x23, 0x22, 0x06,
	0x07, 0x06, 0x07, 0x0E, 0x01, 0x07, 0x06, 0x27, 0x37, 0x36, 0x26, 0x27,
	0x2E, 0x01, 0x07, 0x0E, 0x01, 0x17, 0x1E, 0x01, 0x27, 0x36, 0x26, 0x27,
	0x2E, 0x01, 0x07, 0x0E, 0x01, 0x07, 0x06, 0x26, 0x37, 0x36, 0x26, 0x23,
	0x22, 0x06, 0x17, 0x16, 0x36, 0x37, 0x25, 0x34, 0x26, 0x23, 0x22, 0x06,
	0x15, 0x14, 0x16, 0x33, 0x32, 0x36, 0x25, 0x34, 0x26, 0x07, 0x06, 0x14,
	0x33, 0x32, 0x36, 0x09, 0x01, 0x04, 0x05, 0x1D, 0x40, 0x2F, 0x28, 0x10,
	0x13, 0x07, 0x58, 0x6F, 0x24, 0x58, 0x37, 0x68, 0x73, 0x56, 0x63, 0x0C,
	0x08, 0x08, 0x0C, 0x1E, 0x16, 0x34, 0xFE, 0x16, 0x65, 0x5B, 0x5B, 0x8B,
	0x2B, 0x2B, 0x04, 0x09, 0x31, 0x1A, 0x2B, 0x13, 0x10, 0x23, 0x14, 0x30,
	0x0D, 0x15, 0xF1, 0xF1, 0x02, 0x31, 0xE6, 0xE7, 0x25, 0x23, 0x32, 0x15,
	0x23, 0x38, 0x17, 0x4A, 0x1D, 0x46, 0x4B, 0x1F, 0x4F, 0x18, 0x26, 0x4C,
	0x34, 0x07, 0x0A, 0x3F, 0x04, 0x04, 0x52, 0xD4, 0x2E, 0x45, 0x03, 0x03,
	0x01, 0x02, 0x06, 0x8A, 0x63, 0x28, 0x0D, 0x0F, 0x0C, 0x15, 0x04, 0x03,
	0x1C, 0x10, 0x0F, 0x18, 0x01, 0x02, 0x01, 0x01, 0x4C, 0x5B, 0x6E, 0x38,
	0x4B, 0x9C, 0x60, 0x89, 0x01, 0x01, 0x05, 0x03, 0x03, 0x05, 0x0E, 0x08,
	0x18, 0x08, 0x08, 0x29, 0x14, 0x1C, 0x15, 0x0F, 0x11, 0x0D, 0x17, 0x04,
	0x03, 0x2F, 0x1E, 0x2C, 0x31, 0x22, 0x1B, 0x30, 0x30, 0x62, 0x28, 0x28,
	0x0B, 0xBC, 0x18, 0x01, 0x19, 0x12, 0x19, 0x20, 0x29, 0x12, 0x17, 0x11,
	0x3F, 0xD9, 0x06, 0x01, 0x06, 0x06, 0x0A, 0x03, 0x03, 0x0E, 0x07, 0x0C,
	0x04, 0x05, 0x04, 0x09, 0x17, 0x1B, 0x18, 0x09, 0x09, 0x67, 0x0D, 0xF7,
	0x71, 0x07, 0x06, 0x05, 0x08, 0x08, 0x05, 0x06, 0x07, 0x07, 0xD9, 0x3D,
	0x2B, 0x66, 0x66, 0x2B, 0x3D, 0x9C, 0x03, 0x19, 0x0E, 0x3F, 0x1A, 0x06,
	0x04, 0x06, 0x0E, 0x12, 0x0E, 0x37, 0x4C, 0x09, 0x0C, 0x14, 0x35, 0x3E,
	0x1C, 0x11, 0x0B, 0x07, 0x06, 0x05, 0x08, 0x08, 0x05, 0x05, 0x08, 0x68,
	0x01, 0x03, 0x02, 0x02, 0x02, 0x05, 0x03, 0x02, 0x04, 0x0D, 0x19, 0x19,
	0x0D, 0x04, 0x02, 0x03, 0x03, 0x06, 0x03, 0x02, 0x01, 0x03, 0x04, 0x06,
	0x07, 0x05, 0x02, 0x04, 0x08, 0x15, 0x19, 0x04, 0x14, 0x08, 0x0B, 0x8F,
	0x0A, 0x07, 0x0B, 0x04, 0x05, 0x10, 0x0B, 0x1E, 0x03, 0x1E, 0x18, 0x05,
	0x0B, 0x02, 0x01, 0x02, 0x02, 0x1E, 0x14, 0x30, 0x05, 0x03, 0x06, 0x13,
	0x0E, 0x0A, 0x02, 0x02, 0x06, 0x06, 0x05, 0x08, 0x08, 0x05, 0x06, 0x11,
	0x07, 0x09, 0x09, 0x02, 0x02, 0x06, 0x0E, 0x0F, 0x04, 0x04, 0x03, 0x0B,
	0x04, 0x05, 0x64, 0x43, 0x6B, 0x32, 0x06, 0x03, 0x05, 0x01, 0x04, 0x03,
	0x04, 0x0D, 0x0F, 0x0D, 0x0C, 0x07, 0x06, 0x05, 0x08, 0x10, 0x18, 0x14,
	0x11, 0x11, 0x16, 0x02, 0x02, 0x0B, 0x7A, 0x0D, 0x2F, 0x1E, 0x15, 0x06,
	0x08, 0x0A, 0x2D, 0x23, 0x1A, 0x0A, 0x35, 0x0C, 0x15, 0x0A, 0x09, 0x02,
	0x07, 0x06, 0x17, 0x0A, 0x11, 0x04, 0x18, 0x18, 0x0C, 0x22, 0x19, 0x16,
	0x04, 0x16, 0xCD, 0x08, 0x0C, 0x0C, 0x08, 0x08, 0x0C, 0x0C, 0x5B, 0x05,
	0x06, 0x01, 0x02, 0x13, 0x07, 0x00, 0x00, 0x00, 0x00, 0x05, 0x00, 0x00,
	0xFF, 0xC0, 0x0C, 0x80, 0x03, 0xC0, 0x00, 0xB6, 0x00, 0xC0, 0x00, 0xC9,
	0x00, 0xD3, 0x00, 0xDD, 0x00, 0x00, 0x25, 0x27, 0x07, 0x06, 0x26, 0x35,
	0x34, 0x26, 0x27, 0x2E, 0x01, 0x15, 0x14, 0x06, 0x27, 0x22, 0x26, 0x27,
	0x26, 0x06, 0x07, 0x15, 0x23, 0x35, 0x34, 0x26, 0x27, 0x2E, 0x01, 0x07,
	0x0E, 0x01, 0x15, 0x14, 0x06, 0x23, 0x22, 0x26, 0x35, 0x34, 0x26, 0x27,
	0x2E, 0x01, 0x27, 0x2E, 0x01, 0x23, 0x22, 0x23, 0x0E, 0x01, 0x07, 0x06,
	0x15, 0x14, 0x06, 0x2B, 0x01, 0x35, 0x33, 0x32, 0x16, 0x15, 0x14, 0x17,
	0x1E, 0x01, 0x17, 0x16, 0x33, 0x32, 0x37, 0x3E, 0x01, 0x37, 0x36, 0x37,
	0x36, 0x32, 0x17, 0x1E, 0x01, 0x33, 0x16, 0x36, 0x27, 0x2E, 0x01, 0x17,
	0x16, 0x36, 0x35, 0x34, 0x26, 0x07, 0x06, 0x07, 0x0E, 0x01, 0x07, 0x06,
	0x2F, 0x02, 0x26, 0x36, 0x37, 0x3E, 0x01, 0x35, 0x34, 0x36, 0x33, 0x32,
	0x16, 0x15, 0x14, 0x16, 0x33, 0x32, 0x16, 0x17, 0x1E, 0x01, 0x37, 0x3E,
	0x01, 0x27, 0x26, 0x36, 0x33, 0x32, 0x16, 0x07, 0x0E, 0x01, 0x15, 0x14,
	0x16, 0x3F, 0x01, 0x15, 0x27, 0x26, 0x06, 0x15, 0x14, 0x16, 0x37, 0x36,
	0x16, 0x15, 0x14, 0x16, 0x17, 0x1E, 0x01, 0x15, 0x14, 0x16, 0x17, 0x1E,
	0x01, 0x37, 0x36, 0x37, 0x36, 0x16, 0x17, 0x16, 0x17, 0x1E, 0x01, 0x3F,
	0x01, 0x07, 0x0E, 0x01, 0x31, 0x06, 0x26, 0x27, 0x25, 0x34, 0x26, 0x07,
	0x06, 0x16, 0x17, 0x16, 0x36, 0x35, 0x37, 0x26, 0x06, 0x17, 0x1E, 0x01,
	0x37, 0x36, 0x26, 0x27, 0x26, 0x22, 0x07, 0x06, 0x16, 0x17, 0x32, 0x36,
	0x27, 0x27, 0x36, 0x26, 0x07, 0x0E, 0x01, 0x17, 0x16, 0x36, 0x37, 0x0B,
	0x75, 0xF6, 0x38, 0x32, 0x2D, 0x13, 0x0D, 0x1D, 0x38, 0x24, 0x1D, 0x20,
	0x21, 0x0C, 0x08, 0x05, 0x01, 0xD0, 0x0C, 0x1F, 0x2A, 0x7B, 0x45, 0x31,
	0x1A, 0x0B, 0x08, 0x09, 0x0B, 0x3C, 0x9A, 0x57, 0x4A, 0x05, 0x07, 0x95,
	0xF4, 0x5F, 0x48, 0x49, 0x63, 0x19, 0x1A, 0x82, 0x75, 0xF7, 0xF7, 0x75,
	0x82, 0x1A, 0x1A, 0x64, 0x4A, 0x4A, 0x5F, 0x78, 0x4D, 0x4D, 0x5C, 0x14,
	0x13, 0x05, 0x0C, 0x96, 0x17, 0x07, 0x94, 0x61, 0x60, 0x80, 0x06, 0x0D,
	0x06, 0x0C, 0x18, 0x20, 0x0C, 0x0B, 0x1B, 0x2A, 0x2A, 0x5F, 0x32, 0x32,
	0x2A, 0x82, 0x04, 0x03, 0x08, 0x12, 0x0B, 0x0F, 0x0C, 0x08, 0x08, 0x0B,
	0x2D, 0x45, 0x2F, 0x75, 0x22, 0x23, 0x4E, 0x14, 0x23, 0x0B, 0x05, 0x05,
	0x09, 0x1D, 0x1F, 0x24, 0x18, 0x06, 0x09, 0x59, 0x49, 0xA3, 0x75, 0x31,
	0x44, 0x3B, 0x16, 0x04, 0x06, 0x19, 0x14, 0x13, 0x1B, 0x2E, 0x21, 0x32,
	0x2A, 0x12, 0x0F, 0x3D, 0x3C, 0x93, 0x47, 0x46, 0x25, 0x1D, 0x40, 0x0F,
	0x24, 0x09, 0x03, 0x07, 0x01, 0x91, 0x66, 0xFD, 0xD7, 0x48, 0x0A, 0x03,
	0x04, 0x06, 0x0F, 0x3C, 0x0E, 0x09, 0x03, 0x05, 0x04, 0x09, 0x03, 0x03,
	0x05, 0xCE, 0x0F, 0x2E, 0x11, 0x12, 0x15, 0x20, 0x20, 0x19, 0x0E, 0x28,
	0x15, 0x10, 0x2B, 0x2A, 0x1D, 0x1F, 0x1A, 0x27, 0x0D, 0xC8, 0x4D, 0x16,
	0x13, 0x0D, 0x22, 0x0E, 0x26, 0x0D, 0x1D, 0x06, 0x1A, 0x19, 0x1E, 0x01,
	0x16, 0x1E, 0x15, 0x0A, 0x29, 0x3E, 0x41, 0x2F, 0x13, 0x05, 0x07, 0x05,
	0x02, 0x02, 0x0A, 0x11, 0x0A, 0x10, 0x12, 0x0F, 0x1D, 0x0F, 0x08, 0x04,
	0x0C, 0x0B, 0x0B, 0x07, 0x01, 0x04, 0x02, 0x02, 0x04, 0x06, 0x07, 0x68,
	0x06, 0x07, 0x03, 0x02, 0x03, 0x03, 0x01, 0x01, 0x01, 0x01, 0x04, 0x03,
	0x04, 0x05, 0x0F, 0x0F, 0x04, 0x08, 0x01, 0x03, 0x02, 0x04, 0x1A, 0x02,
	0x04, 0x0D, 0x0D, 0x0A, 0x07, 0x03, 0x08, 0x06, 0x07, 0x09, 0x02, 0x02,
	0x02, 0x04, 0x3F, 0x28, 0x19, 0x05, 0x02, 0x0F, 0x08, 0x07, 0x0A, 0x0B,
	0x08, 0x0C, 0x08, 0x0A, 0x06, 0x07, 0x07, 0x02, 0x03, 0x0C, 0x1B, 0x1B,
	0x0B, 0x29, 0x08, 0x02, 0x0A, 0x05, 0x05, 0x02, 0x04, 0x08, 0x7C, 0x06,
	0x02, 0x03, 0x04, 0x07, 0x09, 0x04, 0x01, 0x0B, 0x07, 0x09, 0x0F, 0x04,
	0x03, 0x0E, 0x07, 0x06, 0x17, 0x09, 0x0F, 0x03, 0x0A, 0x08, 0x02, 0x02,
	0x06, 0x08, 0x07, 0x0A, 0x09, 0x07, 0x03, 0x08, 0x9A, 0x40, 0x5B, 0x01,
	0x2C, 0x1F, 0x84, 0x1F, 0x1B, 0x1C, 0x07, 0x13, 0x06, 0x0F, 0x02, 0x0F,
	0x27, 0x09, 0x03, 0x0D, 0x0A, 0x09, 0x03, 0x03, 0x0D, 0xB6, 0x02, 0x02,
	0x02, 0x03, 0x01, 0x03, 0x03, 0x26, 0x13, 0x0C, 0x03, 0x03, 0x1D, 0x08,
	0x07, 0x06, 0x0D, 0x00, 0x00, 0x08, 0x00, 0x00, 0xFF, 0xC0, 0x0B, 0x00,
	0x03, 0xC0, 0x03, 0x5D, 0x03, 0x6B, 0x03, 0x78, 0x03, 0x85, 0x03, 0x92,
	0x03, 0x9C, 0x03, 0xA4, 0x04, 0x34, 0x00, 0x00, 0x01, 0x31, 0x22, 0x06,
	0x07, 0x0E, 0x01, 0x27, 0x26, 0x22, 0x07, 0x06, 0x26, 0x35, 0x34, 0x26,
	0x23, 0x22, 0x06, 0x15, 0x14, 0x06, 0x27, 0x2E, 0x01, 0x07, 0x06, 0x26,
	0x27, 0x2E, 0x01, 0x07, 0x0E, 0x01, 0x1D, 0x01, 0x33, 0x32, 0x36, 0x37,
	0x3E, 0x01, 0x17, 0x1E, 0x01, 0x17, 0x1E, 0x01, 0x15, 0x14, 0x06, 0x07,
	0x16, 0x06, 0x2B, 0x01, 0x22, 0x26, 0x35, 0x22, 0x06, 0x23, 0x14, 0x06,
	0x2B, 0x01, 0x22, 0x26, 0x27, 0x06, 0x22, 0x23, 0x14, 0x06, 0x2B, 0x01,
	0x22, 0x26, 0x27, 0x2A, 0x01, 0x23, 0x16, 0x06, 0x27, 0x30, 0x22, 0x31,
	0x30, 0x22, 0x31, 0x22, 0x30, 0x31, 0x2A, 0x01, 0x23, 0x2A, 0x01, 0x23,
	0x2A, 0x01, 0x23, 0x38, 0x01, 0x31, 0x38, 0x01, 0x31, 0x2A, 0x01, 0x23,
	0x06, 0x26, 0x37, 0x2A, 0x01, 0x23, 0x16, 0x06, 0x2B, 0x01, 0x22, 0x26,
	0x37, 0x22, 0x06, 0x23, 0x16, 0x06, 0x27, 0x2B, 0x01, 0x22, 0x26, 0x37,
	0x23, 0x16, 0x06, 0x27, 0x2A, 0x01, 0x2B, 0x01, 0x22, 0x26, 0x35, 0x23,
	0x0E, 0x01, 0x23, 0x2A, 0x01, 0x2B, 0x01, 0x31, 0x22, 0x26, 0x35, 0x23,
	0x14, 0x06, 0x2B, 0x01, 0x22, 0x26, 0x37, 0x23, 0x16, 0x06, 0x27, 0x2A,
	0x01, 0x27, 0x2A, 0x01, 0x23, 0x22, 0x26, 0x27, 0x23, 0x14, 0x06, 0x2B,
	0x01, 0x22, 0x26, 0x35, 0x23, 0x07, 0x0E, 0x01, 0x27, 0x2E, 0x01, 0x15,
	0x14, 0x06, 0x27, 0x25, 0x15, 0x25, 0x32, 0x16, 0x17, 0x1E, 0x01, 0x33,
	0x32, 0x36, 0x27, 0x26, 0x36, 0x33, 0x34, 0x32, 0x3B, 0x01, 0x38, 0x01,
	0x31, 0x3A, 0x01, 0x31, 0x32, 0x36, 0x33, 0x3A, 0x01, 0x33, 0x3A, 0x01,
	0x33, 0x3A, 0x01, 0x33, 0x3A, 0x01, 0x33, 0x30, 0x32, 0x33, 0x38, 0x01,
	0x31, 0x3A, 0x01, 0x31, 0x33, 0x32, 0x30, 0x31, 0x38, 0x01, 0x31, 0x3A,
	0x01, 0x33, 0x30, 0x32, 0x33, 0x32, 0x30, 0x33, 0x30, 0x32, 0x31, 0x3A,
	0x01, 0x33, 0x32, 0x16, 0x33, 0x3A, 0x01, 0x33, 0x32, 0x16, 0x33, 0x32,
	0x16, 0x33, 0x1E, 0x01, 0x17, 0x16, 0x30, 0x17, 0x1E, 0x01, 0x17, 0x1C,
	0x01, 0x15, 0x1C, 0x01, 0x15, 0x30, 0x14, 0x31, 0x30, 0x32, 0x3B, 0x01,
	0x30, 0x34, 0x31, 0x38, 0x01, 0x31, 0x30, 0x34, 0x31, 0x30, 0x32, 0x35,
	0x38, 0x01, 0x31, 0x30, 0x34, 0x35, 0x38, 0x01, 0x31, 0x38, 0x01, 0x31,
	0x36, 0x30, 0x35, 0x38, 0x01, 0x31, 0x38, 0x01, 0x33, 0x34, 0x30, 0x37,
	0x30, 0x36, 0x31, 0x30, 0x32, 0x37, 0x30, 0x32, 0x33, 0x30, 0x32, 0x33,
	0x30, 0x32, 0x33, 0x30, 0x36, 0x33, 0x30, 0x32, 0x33, 0x38, 0x01, 0x31,
	0x30, 0x32, 0x33, 0x30, 0x16, 0x33, 0x30, 0x16, 0x39, 0x01, 0x30, 0x16,
	0x31, 0x14, 0x16, 0x31, 0x38, 0x01, 0x31, 0x30, 0x14, 0x31, 0x30, 0x16,
	0x31, 0x38, 0x01, 0x31, 0x14, 0x30, 0x31, 0x14, 0x16, 0x31, 0x14, 0x30,
	0x31, 0x33, 0x38, 0x01, 0x37, 0x38, 0x01, 0x35, 0x30, 0x32, 0x31, 0x35,
	0x30, 0x34, 0x35, 0x30, 0x32, 0x31, 0x38, 0x01, 0x31, 0x38, 0x01, 0x35,
	0x30, 0x36, 0x31, 0x30, 0x36, 0x31, 0x36, 0x32, 0x35, 0x3A, 0x01, 0x31,
	0x3A, 0x01, 0x31, 0x3A, 0x01, 0x31, 0x32, 0x30, 0x33, 0x34, 0x32, 0x31,
	0x32, 0x30, 0x31, 0x30, 0x32, 0x31, 0x32, 0x16, 0x31, 0x32, 0x16, 0x31,
	0x32, 0x14, 0x33, 0x14, 0x32, 0x15, 0x30, 0x16, 0x15, 0x30, 0x14, 0x15,
	0x30, 0x32, 0x31, 0x14, 0x06, 0x31, 0x38, 0x01, 0x31, 0x3A, 0x01, 0x33,
	0x14, 0x30, 0x31, 0x33, 0x3A, 0x01, 0x33, 0x3A, 0x01, 0x33, 0x32, 0x30,
	0x33, 0x3C, 0x01, 0x37, 0x38, 0x01, 0x31, 0x38, 0x01, 0x31, 0x3C, 0x01,
	0x33, 0x34, 0x32, 0x35, 0x30, 0x36, 0x31, 0x32, 0x36, 0x31, 0x32, 0x30,
	0x31, 0x38, 0x01, 0x31, 0x3A, 0x01, 0x37, 0x30, 0x32, 0x33, 0x30, 0x32,
	0x31, 0x32, 0x16, 0x31, 0x3A, 0x01, 0x15, 0x30, 0x32, 0x17, 0x30, 0x16,
	0x33, 0x30, 0x16, 0x15, 0x30, 0x16, 0x15, 0x30, 0x14, 0x31, 0x38, 0x01,
	0x31, 0x14, 0x30, 0x31, 0x38, 0x01, 0x33, 0x3A, 0x01, 0x33, 0x3A, 0x01,
	0x33, 0x3A, 0x01, 0x3B, 0x01, 0x30, 0x32, 0x33, 0x38, 0x01, 0x33, 0x3A,
	0x01, 0x33, 0x34, 0x32, 0x33, 0x30, 0x34, 0x31, 0x34, 0x36, 0x35, 0x3E,
	0x01, 0x37, 0x32, 0x36, 0x33, 0x30, 0x32, 0x31, 0x32, 0x30, 0x33, 0x30,
	0x32, 0x33, 0x30, 0x16, 0x31, 0x32, 0x16, 0x17, 0x30, 0x16, 0x31, 0x32,
	0x14, 0x33, 0x14, 0x16, 0x31, 0x1E, 0x01, 0x31, 0x33, 0x32, 0x16, 0x31,
	0x38, 0x01, 0x31, 0x3A, 0x01, 0x33, 0x30, 0x32, 0x31, 0x30, 0x34, 0x31,
	0x34, 0x36, 0x35, 0x30, 0x36, 0x31, 0x30, 0x34, 0x31, 0x34, 0x36, 0x33,
	0x30, 0x34, 0x31, 0x38, 0x01, 0x31, 0x32, 0x30, 0x31, 0x32, 0x34, 0x31,
	0x30, 0x32, 0x33, 0x34, 0x32, 0x33, 0x38, 0x01, 0x31, 0x3A, 0x01, 0x31,
	0x3A, 0x01, 0x33, 0x16, 0x32, 0x15, 0x32, 0x16, 0x15, 0x32, 0x16, 0x31,
	0x16, 0x14, 0x15, 0x31, 0x30, 0x16, 0x31, 0x16, 0x32, 0x33, 0x3A, 0x01,
	0x33, 0x3A, 0x01, 0x33, 0x32, 0x16, 0x33, 0x3A, 0x01, 0x33, 0x30, 0x32,
	0x17, 0x32, 0x16, 0x17, 0x38, 0x01, 0x15, 0x38, 0x01, 0x31, 0x30, 0x14,
	0x31, 0x38, 0x01, 0x15, 0x38, 0x01, 0x39, 0x01, 0x30, 0x14, 0x31, 0x38,
	0x01, 0x31, 0x14, 0x16, 0x31, 0x30, 0x14, 0x15, 0x30, 0x16, 0x31, 0x30,
	0x14, 0x33, 0x30, 0x14, 0x31, 0x32, 0x30, 0x31, 0x3A, 0x01, 0x33, 0x16,
	0x36, 0x37, 0x36, 0x32, 0x15, 0x14, 0x16, 0x17, 0x1E, 0x01, 0x17, 0x1E,
	0x01, 0x17, 0x1E, 0x01, 0x17, 0x35, 0x1E, 0x01, 0x1F, 0x01, 0x35, 0x37,
	0x32, 0x36, 0x37, 0x32, 0x16, 0x17, 0x1E, 0x01, 0x17, 0x1E, 0x01, 0x15,
	0x14, 0x16, 0x33, 0x32, 0x36, 0x35, 0x34, 0x26, 0x27, 0x2E, 0x01, 0x37,
	0x3E, 0x01, 0x17, 0x1E, 0x01, 0x17, 0x1E, 0x01, 0x17, 0x14, 0x16, 0x33,
	0x32, 0x36, 0x35, 0x34, 0x36, 0x17, 0x16, 0x36, 0x37, 0x3E, 0x01, 0x3F,
	0x01, 0x21, 0x27, 0x2E, 0x01, 0x23, 0x22, 0x06, 0x07, 0x0E, 0x01, 0x23,
	0x22, 0x26, 0x3D, 0x01, 0x05, 0x27, 0x2E, 0x01, 0x27, 0x22, 0x26, 0x27,
	0x22, 0x26, 0x27, 0x2E, 0x01, 0x23, 0x05, 0x32, 0x16, 0x17, 0x31, 0x16,
	0x06, 0x23, 0x22, 0x26, 0x37, 0x3E, 0x01, 0x33, 0x05, 0x32, 0x16, 0x17,
	0x1E, 0x01, 0x07, 0x06, 0x22, 0x27, 0x26, 0x36, 0x37, 0x05, 0x38, 0x01,
	0x31, 0x14, 0x32, 0x15, 0x34, 0x30, 0x27, 0x38, 0x01, 0x31, 0x17, 0x32,
	0x30, 0x15, 0x38, 0x01, 0x31, 0x38, 0x01, 0x31, 0x34, 0x30, 0x31, 0x23,
	0x30, 0x14, 0x31, 0x38, 0x01, 0x31, 0x30, 0x34, 0x31, 0x17, 0x38, 0x01,
	0x39, 0x01, 0x38, 0x01, 0x31, 0x05, 0x32, 0x16, 0x07, 0x0E, 0x01, 0x07,
	0x30, 0x22, 0x31, 0x30, 0x14, 0x31, 0x38, 0x01, 0x15, 0x38, 0x01, 0x31,
	0x3A, 0x01, 0x31, 0x3A, 0x01, 0x33, 0x34, 0x32, 0x31, 0x32, 0x36, 0x33,
	0x32, 0x36, 0x33, 0x34, 0x30, 0x31, 0x3E, 0x01, 0x37, 0x3E, 0x01, 0x37,
	0x34, 0x36, 0x35, 0x3E, 0x01, 0x31, 0x34, 0x30, 0x33, 0x30, 0x34, 0x39,
	0x01, 0x38, 0x01, 0x31, 0x38, 0x01, 0x31, 0x38, 0x01, 0x31, 0x30, 0x36,
	0x31, 0x30, 0x34, 0x33, 0x38, 0x01, 0x35, 0x38, 0x01, 0x31, 0x3E, 0x01,
	0x27, 0x26, 0x36, 0x33, 0x32, 0x16, 0x15, 0x14, 0x06, 0x07, 0x0E, 0x01,
	0x23, 0x06, 0x22, 0x31, 0x06, 0x22, 0x07, 0x38, 0x01, 0x23, 0x31, 0x30,
	0x22, 0x23, 0x22, 0x06, 0x23, 0x2A, 0x01, 0x23, 0x22, 0x06, 0x31, 0x2A,
	0x01, 0x23, 0x30, 0x22, 0x31, 0x30, 0x22, 0x23, 0x22, 0x06, 0x23, 0x2A,
	0x01, 0x23, 0x2A, 0x01, 0x23, 0x22, 0x26, 0x23, 0x22, 0x26, 0x23, 0x2E,
	0x01, 0x27, 0x26, 0x36, 0x33, 0x07, 0xB0, 0x0D, 0x1A, 0x06, 0x0E, 0x48,
	0x18, 0x10, 0x17, 0x14, 0x20, 0x29, 0x10, 0x1E, 0x1E, 0x10, 0x26, 0x11,
	0x0E, 0x2E, 0x04, 0x03, 0x53, 0x54, 0x44, 0x6C, 0x09, 0x0C, 0x09, 0x31,
	0x14, 0x6C, 0x38, 0x46, 0x44, 0x05, 0x03, 0x17, 0x0C, 0x0C, 0x11, 0x23,
	0x1A, 0x02, 0x06, 0x07, 0x0D, 0x07, 0x05, 0x07, 0x0C, 0x08, 0x06, 0x06,
	0x0D, 0x06, 0x05, 0x01, 0x08, 0x0D, 0x09, 0x06, 0x05, 0x0F, 0x06, 0x05,
	0x01, 0x09, 0x0D, 0x0A, 0x02, 0x07, 0x07, 0x01, 0x01, 0x01, 0x01, 0x01,
	0x01, 0x01, 0x01, 0x01, 0x01, 0x01, 0x01, 0x01, 0x01, 0x01, 0x07, 0x06,
	0x01, 0x0B, 0x10, 0x0B, 0x01, 0x05, 0x07, 0x10, 0x07, 0x05, 0x01, 0x0A,
	0x0E, 0x0A, 0x01, 0x06, 0x07, 0x01, 0x0C, 0x06, 0x06, 0x01, 0x2A, 0x02,
	0x06, 0x08, 0x01, 0x02, 0x01, 0x0A, 0x07, 0x05, 0x1F, 0x01, 0x06, 0x05,
	0x02, 0x03, 0x02, 0x0B, 0x05, 0x06, 0x21, 0x05, 0x07, 0x13, 0x06, 0x06,
	0x01, 0x21, 0x01, 0x06, 0x06, 0x03, 0x04, 0x03, 0x03, 0x05, 0x03, 0x06,
	0x05, 0x01, 0x26, 0x06, 0x06, 0x16, 0x06, 0x05, 0x2D, 0x10, 0x09, 0x0B,
	0x04, 0x07, 0x41, 0x5E, 0xB3, 0xFE, 0xEE, 0x01, 0x0D, 0x99, 0x77, 0x03,
	0x02, 0x19, 0x10, 0x16, 0x0C, 0x05, 0x03, 0x02, 0x06, 0x01, 0x01, 0x0A,
	0x01, 0x02, 0x02, 0x02, 0x01, 0x01, 0x02, 0x02, 0x01, 0x02, 0x01, 0x01,
	0x02, 0x01, 0x02, 0x02, 0x01, 0x01, 0x01, 0x01, 0x01, 0x08, 0x01, 0x01,
	0x01, 0x01, 0x01, 0x01, 0x01, 0x01, 0x01, 0x02, 0x02, 0x01, 0x02, 0x02,
	0x02, 0x01, 0x03, 0x02, 0x02, 0x04, 0x02, 0x02, 0x04, 0x02, 0x01, 0x03,
	0x01, 0x01, 0x01, 0x01, 0x01, 0x01, 0x01, 0x01, 0x21, 0x01, 0x01, 0x01,
	0x01, 0x01, 0x01, 0x01, 0x01, 0x01, 0x01, 0x01, 0x01, 0x01, 0x01, 0x01,
	0x01, 0x01, 0x01, 0x01, 0x01, 0x01, 0x01, 0x01, 0x01, 0x01, 0x01, 0x1E,
	0x01, 0x01, 0x01, 0x01, 0x01, 0x01, 0x01, 0x01, 0x01, 0x01, 0x01, 0x01,
	0x01, 0x01, 0x01, 0x01, 0x01, 0x01, 0x01, 0x01, 0x01, 0x01, 0x01, 0x01,
	0x01, 0x01, 0x01, 0x01, 0x02, 0x03, 0x02, 0x13, 0x02, 0x04, 0x03, 0x01,
	0x04, 0x01, 0x01, 0x01, 0x01, 0x01, 0x01, 0x01, 0x01, 0x01, 0x01, 0x01,
	0x01, 0x01, 0x01, 0x01, 0x01, 0x01, 0x01, 0x01, 0x01, 0x01, 0x01, 0x01,
	0x01, 0x01, 0x01, 0x01, 0x01, 0x04, 0x02, 0x01, 0x04, 0x02, 0x02, 0x03,
	0x02, 0x06, 0x02, 0x01, 0x01, 0x01, 0x01, 0x01, 0x01, 0x01, 0x01, 0x01,
	0x01, 0x01, 0x01, 0x02, 0x01, 0x01, 0x01, 0x01, 0x02, 0x01, 0x02, 0x01,
	0x02, 0x01, 0x01, 0x01, 0x01, 0x02, 0x01, 0x01, 0x16, 0x01, 0x02, 0x02,
	0x03, 0x01, 0x01, 0x01, 0x01, 0x01, 0x01, 0x01, 0x01, 0x01, 0x01, 0x01,
	0x01, 0x01, 0x01, 0x01, 0x01, 0x01, 0x01, 0x02, 0x01, 0x02, 0x01, 0x01,
	0x01, 0x01, 0x02, 0x04, 0x02, 0x01, 0x03, 0x01, 0x02, 0x03, 0x01, 0x02,
	0x03, 0x02, 0x01, 0x03, 0x02, 0x01, 0x01, 0x02, 0x01, 0x01, 0x01, 0x01,
	0x01, 0x01, 0x03, 0x06, 0x03, 0xCA, 0x7A, 0x21, 0x2E, 0x0E, 0x0A, 0x07,
	0x0A, 0x09, 0x01, 0x01, 0x08, 0x03, 0x04, 0x28, 0x18, 0x19, 0x3B, 0x11,
	0x2B, 0x41, 0x1B, 0x33, 0x0A, 0x09, 0x10, 0x02, 0x02, 0x16, 0x0C, 0x0D,
	0x12, 0x08, 0x06, 0x16, 0x6C, 0x27, 0x1B, 0x22, 0x1E, 0x02, 0x03, 0x1A,
	0x49, 0x3C, 0x7C, 0x90, 0x87, 0x60, 0x01, 0x0B, 0x08, 0x08, 0x0C, 0x0E,
	0x0B, 0x15, 0x10, 0x09, 0x04, 0x08, 0x03, 0x07, 0xFD, 0x38, 0x26, 0x16,
	0x27, 0x20, 0x17, 0x2C, 0x07, 0x07, 0x1F, 0x0F, 0x15, 0x0E, 0x01, 0x13,
	0x04, 0x02, 0x0B, 0x07, 0x07, 0x15, 0x07, 0x08, 0x0D, 0x02, 0x02, 0x15,
	0x0D, 0xFE, 0xC5, 0x10, 0x1E, 0x0B, 0x17, 0x25, 0x30, 0x30, 0x21, 0x1A,
	0x0D, 0x1F, 0x10, 0xF9, 0xC7, 0x05, 0x0A, 0x03, 0x06, 0x03, 0x03, 0x07,
	0x32, 0x07, 0x05, 0x1D, 0x10, 0x03, 0x49, 0x01, 0x01, 0x79, 0x01, 0x78,
	0xA1, 0x02, 0xE3, 0x1D, 0x14, 0x09, 0x01, 0x07, 0x03, 0x01, 0x01, 0x01,
	0x02, 0x03, 0x01, 0x01, 0x01, 0x02, 0x01, 0x01, 0x02, 0x01, 0x02, 0x02,
	0x01, 0x01, 0x02, 0x01, 0x02, 0x01, 0x01, 0x01, 0x01, 0x01, 0x05, 0x03,
	0x03, 0x03, 0x04, 0x05, 0x06, 0x08, 0x0C, 0x08, 0x03, 0x05, 0x01, 0x01,
	0x01, 0x02, 0x04, 0x02, 0x01, 0x01, 0x01, 0x01, 0x02, 0x01, 0x01, 0x02,
	0x01, 0x01, 0x02, 0x02, 0x02, 0x01, 0x01, 0x01, 0x01, 0x01, 0x03, 0x02,
	0x01, 0x03, 0x01, 0x01, 0x03, 0x01, 0x01, 0x03, 0x01, 0x01, 0x02, 0x01,
	0x08, 0x10, 0x07, 0x11, 0x14, 0x1C, 0x03, 0x37, 0x0E, 0x0E, 0x1F, 0x1B,
	0x0F, 0x0A, 0x0B, 0x11, 0x11, 0x1F, 0x16, 0x0B, 0x0B, 0x16, 0x1B, 0x18,
	0x11, 0x0E, 0x01, 0x0E, 0x06, 0x04, 0x0B, 0x09, 0x08, 0x03, 0x05, 0x23,
	0x28, 0x48, 0x09, 0x06, 0x08, 0x01, 0x07, 0x06, 0x0D, 0x04, 0x04, 0x0A,
	0x04, 0x01, 0x01, 0x01, 0x04, 0x06, 0x06, 0x03, 0x01, 0x03, 0x05, 0x05,
	0x03, 0x01, 0x03, 0x04, 0x04, 0x02, 0x04, 0x07, 0x02, 0x01, 0x06, 0x03,
	0x03, 0x07, 0x06, 0x04, 0x01, 0x03, 0x07, 0x01, 0x06, 0x03, 0x04, 0x07,
	0x02, 0x06, 0x03, 0x03, 0x03, 0x04, 0x02, 0x03, 0x06, 0x06, 0x03, 0x03,
	0x06, 0x01, 0x01, 0x04, 0x03, 0x03, 0x04, 0x04, 0x03, 0x20, 0x12, 0x06,
	0x0B, 0x14, 0x02, 0x13, 0x0D, 0x05, 0x04, 0x06, 0x44, 0x01, 0x07, 0x09,
	0x07, 0x0A, 0x09, 0x0D, 0x09, 0x07, 0x01, 0x01, 0x01, 0x01, 0x02, 0x01,
	0x01, 0x01, 0x01, 0x01, 0x02, 0x05, 0x03, 0x02, 0x05, 0x02, 0x03, 0x05,
	0x03, 0x01, 0x01, 0x01, 0x01, 0x01, 0x01, 0x01, 0x01, 0x01, 0x01, 0x01,
	0x01, 0x01, 0x01, 0x01, 0x01, 0x01, 0x01, 0x01, 0x02, 0x01, 0x01, 0x01,
	0x01, 0x01, 0x01, 0x01, 0x01, 0x01, 0x01, 0x01, 0x01, 0x01, 0x01, 0x01,
	0x01, 0x01, 0x01, 0x01, 0x01, 0x01, 0x01, 0x01, 0x01, 0x01, 0x01, 0x01,
	0x01, 0x01, 0x01, 0x01, 0x01, 0x01, 0x01, 0x01, 0x01, 0x01, 0x01, 0x01,
	0x01, 0x01, 0x01, 0x01, 0x01, 0x01, 0x02, 0x01, 0x01, 0x01, 0x01, 0x01,
	0x01, 0x01, 0x01, 0x01, 0x01, 0x01, 0x01, 0x01, 0x01, 0x01, 0x01, 0x01,
	0x01, 0x01, 0x01, 0x01, 0x01, 0x01, 0x01, 0x01, 0x01, 0x01, 0x01, 0x01,
	0x01, 0x01, 0x01, 0x01, 0x01, 0x01, 0x02, 0x01, 0x02, 0x01, 0x01, 0x01,
	0x01, 0x01, 0x01, 0x01, 0x01, 0x01, 0x01, 0x01, 0x01, 0x01, 0x01, 0x01,
	0x01, 0x01, 0x01, 0x07, 0x04, 0x0E, 0x14, 0x10, 0x08, 0x0E, 0x03, 0x04,
	0x43, 0x4D, 0x3A, 0x58, 0x04, 0x03, 0x0D, 0x06, 0x01, 0x06, 0x08, 0x01,
	0x01, 0xB6, 0x03, 0x02, 0x01, 0x0E, 0x0B, 0x0B, 0x25, 0x0F, 0x0F, 0x25,
	0x0A, 0x0A, 0x0F, 0x20, 0x06, 0x04, 0x3E, 0x27, 0x32, 0x3E, 0x11, 0x19,
	0x08, 0x02, 0x02, 0x20, 0x33, 0x2F, 0x2C, 0x0D, 0x09, 0x0E, 0x08, 0x06,
	0x06, 0x03, 0x03, 0x07, 0x34, 0x6F, 0x26, 0x54, 0x15, 0x34, 0x24, 0x15,
	0x0F, 0x0A, 0x08, 0x07, 0x0B, 0x0D, 0x12, 0x1F, 0x11, 0x40, 0x1D, 0x24,
	0x01, 0x02, 0x01, 0x13, 0x0C, 0x0E, 0x10, 0xB3, 0x01, 0x01, 0x02, 0x03,
	0x03, 0x02, 0x01, 0x01, 0x83, 0x02, 0x02, 0x03, 0x0C, 0x05, 0x0C, 0x0C,
	0x08, 0x0F, 0x01, 0x48, 0x01, 0x01, 0x01, 0x01, 0x06, 0x01, 0x01, 0x01,
	0x01, 0x09, 0x50, 0x1A, 0x1A, 0x06, 0x08, 0x03, 0x01, 0x01, 0x01, 0x01,
	0x01, 0x01, 0x01, 0x02, 0x01, 0x01, 0x02, 0x01, 0x01, 0x01, 0x01, 0x01,
	0x01, 0x01, 0x01, 0x01, 0x01, 0x01, 0x0A, 0x15, 0x05, 0x06, 0x07, 0x12,
	0x0D, 0x0D, 0x17, 0x03, 0x01, 0x01, 0x01, 0x01, 0x01, 0x01, 0x01, 0x01,
	0x01, 0x01, 0x01, 0x08, 0x08, 0x15, 0x26, 0x00, 0x00, 0x06, 0x00, 0x00,
	0xFF, 0xC0, 0x0B, 0x9A, 0x03, 0xC0, 0x00, 0x8F, 0x00, 0xA2, 0x00, 0xB4,
	0x00, 0xBE, 0x00, 0xCB, 0x00, 0xD8, 0x00, 0x00, 0x25, 0x36, 0x26, 0x2F,
	0x01, 0x07, 0x06, 0x26, 0x2F, 0x01, 0x21, 0x22, 0x07, 0x22, 0x06, 0x07,
	0x06, 0x15, 0x14, 0x26, 0x27, 0x26, 0x27, 0x2E, 0x01, 0x07, 0x06, 0x07,
	0x06, 0x26, 0x27, 0x26, 0x36, 0x37, 0x36, 0x26, 0x27, 0x2E, 0x01, 0x35,
	0x34, 0x36, 0x37, 0x3E, 0x01, 0x17, 0x16, 0x33, 0x32, 0x24, 0x37, 0x36,
	0x35, 0x34, 0x36, 0x33, 0x32, 0x16, 0x15, 0x14, 0x36, 0x37, 0x3E, 0x01,
	0x33, 0x32, 0x36, 0x37, 0x36, 0x16, 0x17, 0x1E, 0x01, 0x17, 0x1E, 0x01,
	0x17, 0x16, 0x17, 0x1E, 0x01, 0x17, 0x16, 0x17, 0x16, 0x26, 0x27, 0x2E,
	0x01, 0x35, 0x34, 0x37, 0x36, 0x16, 0x17, 0x16, 0x1F, 0x01, 0x07, 0x0E,
	0x01, 0x07, 0x0E, 0x01, 0x27, 0x2E, 0x01, 0x27, 0x2E, 0x01, 0x27, 0x2E,
	0x01, 0x27, 0x2E, 0x01, 0x27, 0x2E, 0x01, 0x27, 0x2E, 0x01, 0x27, 0x26,
	0x06, 0x15, 0x14, 0x06, 0x27, 0x26, 0x06, 0x15, 0x14, 0x16, 0x17, 0x1E,
	0x01, 0x07, 0x0E, 0x01, 0x23, 0x22, 0x26, 0x37, 0x27, 0x3E, 0x01, 0x35,
	0x34, 0x06, 0x07, 0x0E, 0x01, 0x37, 0x36, 0x26, 0x27, 0x26, 0x06, 0x07,
	0x06, 0x16, 0x37, 0x25, 0x36, 0x27, 0x2E, 0x01, 0x07, 0x06, 0x07, 0x06,
	0x17, 0x1E, 0x01, 0x17, 0x32, 0x37, 0x3E, 0x01, 0x37, 0x25, 0x34, 0x36,
	0x17, 0x16, 0x06, 0x23, 0x22, 0x26, 0x35, 0x17, 0x30, 0x06, 0x07, 0x06,
	0x36, 0x31, 0x30, 0x36, 0x27, 0x26, 0x30, 0x31, 0x17, 0x30, 0x26, 0x27,
	0x26, 0x16, 0x31, 0x30, 0x16, 0x37, 0x36, 0x32, 0x31, 0x07, 0xE2, 0x0A,
	0x09, 0x18, 0x26, 0x4A, 0x35, 0x21, 0x1C, 0x28, 0xFD, 0xFE, 0x97, 0x63,
	0x64, 0x75, 0x18, 0x17, 0x13, 0x0E, 0x08, 0x2C, 0x2D, 0x85, 0x53, 0x53,
	0x55, 0x64, 0x3E, 0x0D, 0x14, 0x18, 0x22, 0x17, 0x01, 0x1A, 0x14, 0x10,
	0x0A, 0x06, 0x0E, 0x6A, 0x09, 0x05, 0xBA, 0xB9, 0x01, 0xBA, 0xB7, 0xB7,
	0x61, 0x69, 0x59, 0x71, 0x09, 0x06, 0x07, 0x19, 0x0B, 0x0C, 0x18, 0x05,
	0x0E, 0x2B, 0x06, 0x03, 0x25, 0x16, 0x17, 0x3B, 0x13, 0x12, 0x2C, 0x2C,
	0x6C, 0x39, 0x39, 0x2C, 0x3C, 0x16, 0x57, 0x24, 0x34, 0x0E, 0x0F, 0x78,
	0x7B, 0x7A, 0xD8, 0x39, 0x07, 0x03, 0x0A, 0x03, 0x06, 0x0A, 0x0E, 0x09,
	0x21, 0x0E, 0x12, 0x19, 0x07, 0x06, 0x13, 0x07, 0x07, 0x71, 0x48, 0x47,
	0x76, 0x0A, 0x12, 0x45, 0x4F, 0x15, 0x0F, 0x0A, 0x0A, 0x14, 0x26, 0x1B,
	0x13, 0x13, 0x15, 0x04, 0x08, 0x87, 0x19, 0x0B, 0x02, 0x09, 0x71, 0x08,
	0x0C, 0x0F, 0x0B, 0x19, 0x0F, 0x0E, 0x08, 0x02, 0x0B, 0x18, 0x2B, 0x04,
	0x07, 0x56, 0x1D, 0xFB, 0x2A, 0x06, 0x4C, 0x4C, 0xC0, 0x55, 0x56, 0x0D,
	0x0E, 0x14, 0x14, 0x5A, 0x42, 0x43, 0x4F, 0x4B, 0x72, 0x05, 0xFD, 0xA3,
	0x33, 0x0C, 0x13, 0x0C, 0x1F, 0x10, 0x17, 0x01, 0x1D, 0x06, 0x06, 0x34,
	0x02, 0x06, 0x07, 0x5B, 0x0D, 0x07, 0x08, 0x03, 0x11, 0x04, 0x03, 0x01,
	0xBC, 0x0F, 0x2F, 0x3B, 0x60, 0x05, 0x03, 0x0C, 0x1F, 0x2B, 0x01, 0x04,
	0x03, 0x03, 0x05, 0x11, 0x03, 0x14, 0x0B, 0x07, 0x08, 0x07, 0x01, 0x01,
	0x05, 0x07, 0x03, 0x0E, 0x13, 0x2D, 0x09, 0x07, 0x02, 0x01, 0x01, 0x0C,
	0x10, 0x0B, 0x19, 0x06, 0x0E, 0x03, 0x0D, 0x06, 0x09, 0x06, 0x07, 0x07,
	0x07, 0x07, 0x06, 0x06, 0x05, 0x02, 0x06, 0x07, 0x09, 0x08, 0x05, 0x0E,
	0x12, 0x15, 0x0A, 0x1C, 0x0A, 0x0A, 0x21, 0x0D, 0x0C, 0x10, 0x11, 0x20,
	0x0E, 0x0E, 0x06, 0x09, 0x17, 0x24, 0x0F, 0x1C, 0x05, 0x08, 0x02, 0x03,
	0x0A, 0x0E, 0x0D, 0x1A, 0x06, 0x43, 0x1C, 0x6B, 0x2F, 0x4A, 0x26, 0x06,
	0x03, 0x0D, 0x05, 0x06, 0x1D, 0x16, 0x11, 0x23, 0x06, 0x06, 0x23, 0x13,
	0x12, 0x22, 0x05, 0x08, 0x13, 0x12, 0x05, 0x06, 0x0C, 0x0A, 0x07, 0x03,
	0x08, 0x11, 0x11, 0x07, 0x42, 0x26, 0x26, 0x3C, 0x04, 0x08, 0x1F, 0x0A,
	0x0E, 0xF4, 0x08, 0x15, 0x06, 0x06, 0x08, 0x0C, 0x1B, 0x01, 0x1A, 0x0F,
	0x0E, 0x04, 0x0A, 0x10, 0x14, 0x22, 0x15, 0x1D, 0x96, 0x05, 0x03, 0x03,
	0x01, 0x02, 0x03, 0x05, 0x06, 0x04, 0x04, 0x05, 0x01, 0x01, 0x02, 0x0A,
	0x05, 0x73, 0x11, 0x13, 0x0C, 0x13, 0x11, 0x07, 0x05, 0x01, 0x15, 0x09,
	0x09, 0x12, 0x12, 0x01, 0x02, 0x1C, 0x21, 0x08, 0x08, 0x34, 0x07, 0x05,
	0x05, 0x00, 0x00, 0x00, 0x00, 0x02, 0x00, 0x00, 0xFF, 0xC0, 0x09, 0xFD,
	0x03, 0xC0, 0x00, 0x7F, 0x02, 0x5B, 0x00, 0x00, 0x01, 0x26, 0x06, 0x07,
	0x0E, 0x01, 0x23, 0x22, 0x06, 0x07, 0x0E, 0x01, 0x23, 0x22, 0x06, 0x07,
	0x06, 0x07, 0x0E, 0x01, 0x07, 0x06, 0x23, 0x20, 0x26, 0x27, 0x26, 0x22,
	0x07, 0x0E, 0x01, 0x23, 0x22, 0x06, 0x15, 0x14, 0x16, 0x17, 0x1E, 0x01,
	0x07, 0x0E, 0x01, 0x15, 0x14, 0x16, 0x17, 0x1E, 0x01, 0x15, 0x14, 0x16,
	0x33, 0x32, 0x36, 0x35, 0x34, 0x36, 0x17, 0x1E, 0x01, 0x25, 0x36, 0x37,
	0x3E, 0x01, 0x37, 0x36, 0x37, 0x36, 0x37, 0x3E, 0x01, 0x37, 0x32, 0x17,
	0x32, 0x16, 0x17, 0x1E, 0x01, 0x37, 0x36, 0x16, 0x17, 0x1E, 0x01, 0x07,
	0x06, 0x16, 0x33, 0x32, 0x36, 0x35, 0x34, 0x26, 0x27, 0x26, 0x16, 0x05,
	0x16, 0x17, 0x1E, 0x01, 0x17, 0x16, 0x33, 0x17, 0x37, 0x36, 0x34, 0x27,
	0x26, 0x27, 0x2E, 0x01, 0x27, 0x26, 0x27, 0x24, 0x26, 0x27, 0x2E, 0x01,
	0x27, 0x2E, 0x01, 0x23, 0x13, 0x39, 0x03, 0x3A, 0x01, 0x33, 0x3A, 0x01,
	0x33, 0x3A, 0x01, 0x33, 0x3A, 0x01, 0x17, 0x3A, 0x01, 0x33, 0x32, 0x26,
	0x33, 0x32, 0x16, 0x07, 0x0E, 0x01, 0x37, 0x0E, 0x01, 0x33, 0x16, 0x36,
	0x07, 0x36, 0x34, 0x17, 0x36, 0x26, 0x33, 0x30, 0x06, 0x33, 0x1E, 0x01,
	0x33, 0x32, 0x16, 0x31, 0x32, 0x16, 0x15, 0x32, 0x16, 0x33, 0x14, 0x32,
	0x31, 0x14, 0x32, 0x31, 0x1E, 0x01, 0x15, 0x32, 0x14, 0x39, 0x01, 0x38,
	0x01, 0x31, 0x30, 0x16, 0x31, 0x30, 0x14, 0x31, 0x38, 0x01, 0x31, 0x38,
	0x01, 0x31, 0x30, 0x14, 0x31, 0x38, 0x01, 0x17, 0x38, 0x01, 0x31, 0x30,
	0x14, 0x39, 0x01, 0x30, 0x14, 0x31, 0x14, 0x30, 0x31, 0x30, 0x14, 0x17,
	0x30, 0x14, 0x31, 0x1C, 0x01, 0x31, 0x30, 0x14, 0x31, 0x38, 0x01, 0x31,
	0x1C, 0x01, 0x31, 0x30, 0x14, 0x15, 0x30, 0x14, 0x15, 0x30, 0x14, 0x31,
	0x30, 0x14, 0x31, 0x15, 0x14, 0x30, 0x31, 0x38, 0x01, 0x15, 0x31, 0x38,
	0x01, 0x31, 0x14, 0x30, 0x31, 0x38, 0x01, 0x31, 0x38, 0x01, 0x31, 0x15,
	0x38, 0x01, 0x31, 0x30, 0x22, 0x15, 0x38, 0x01, 0x31, 0x38, 0x01, 0x31,
	0x38, 0x01, 0x15, 0x38, 0x01, 0x15, 0x38, 0x01, 0x31, 0x30, 0x06, 0x31,
	0x38, 0x01, 0x15, 0x30, 0x06, 0x15, 0x30, 0x06, 0x31, 0x0E, 0x01, 0x15,
	0x22, 0x06, 0x07, 0x22, 0x06, 0x07, 0x30, 0x22, 0x39, 0x01, 0x38, 0x01,
	0x31, 0x30, 0x22, 0x31, 0x38, 0x01, 0x31, 0x06, 0x22, 0x15, 0x22, 0x06,
	0x07, 0x22, 0x06, 0x07, 0x22, 0x06, 0x07, 0x22, 0x06, 0x23, 0x06, 0x22,
	0x23, 0x22, 0x06, 0x23, 0x2A, 0x01, 0x23, 0x2A, 0x01, 0x23, 0x2A, 0x01,
	0x23, 0x22, 0x26, 0x23, 0x38, 0x01, 0x31, 0x38, 0x01, 0x31, 0x22, 0x30,
	0x23, 0x30, 0x22, 0x31, 0x30, 0x22, 0x31, 0x26, 0x30, 0x31, 0x22, 0x30,
	0x31, 0x22, 0x30, 0x31, 0x22, 0x30, 0x31, 0x30, 0x22, 0x31, 0x38, 0x01,
	0x31, 0x22, 0x34, 0x31, 0x30, 0x22, 0x31, 0x38, 0x01, 0x31, 0x22, 0x30,
	0x31, 0x30, 0x22, 0x31, 0x38, 0x01, 0x31, 0x30, 0x26, 0x31, 0x38, 0x01,
	0x31, 0x38, 0x01, 0x31, 0x30, 0x22, 0x39, 0x01, 0x38, 0x01, 0x39, 0x01,
	0x2A, 0x01, 0x23, 0x34, 0x22, 0x31, 0x22, 0x26, 0x23, 0x2A, 0x01, 0x23,
	0x30, 0x26, 0x31, 0x30, 0x22, 0x31, 0x30, 0x22, 0x31, 0x22, 0x34, 0x31,
	0x22, 0x30, 0x31, 0x38, 0x01, 0x31, 0x2A, 0x01, 0x31, 0x38, 0x01, 0x27,
	0x30, 0x22, 0x23, 0x38, 0x01, 0x31, 0x38, 0x01, 0x31, 0x30, 0x26, 0x31,
	0x30, 0x22, 0x31, 0x22, 0x30, 0x31, 0x22, 0x34, 0x31, 0x22, 0x30, 0x31,
	0x30, 0x22, 0x35, 0x30, 0x22, 0x31, 0x38, 0x01, 0x31, 0x38, 0x01, 0x31,
	0x22, 0x34, 0x23, 0x30, 0x22, 0x35, 0x30, 0x22, 0x31, 0x30, 0x34, 0x31,
	0x38, 0x01, 0x31, 0x30, 0x22, 0x35, 0x38, 0x01, 0x39, 0x01, 0x2E, 0x01,
	0x35, 0x34, 0x36, 0x37, 0x30, 0x36, 0x35, 0x30, 0x32, 0x31, 0x36, 0x32,
	0x31, 0x34, 0x32, 0x33, 0x30, 0x36, 0x31, 0x32, 0x36, 0x33, 0x30, 0x36,
	0x33, 0x30, 0x32, 0x33, 0x3A, 0x01, 0x31, 0x30, 0x32, 0x31, 0x38, 0x01,
	0x31, 0x32, 0x30, 0x33, 0x30, 0x32, 0x31, 0x38, 0x01, 0x31, 0x36, 0x32,
	0x33, 0x3A, 0x01, 0x33, 0x3A, 0x01, 0x33, 0x3A, 0x01, 0x33, 0x3A, 0x01,
	0x31, 0x3A, 0x01, 0x33, 0x3A, 0x01, 0x33, 0x30, 0x32, 0x33, 0x05, 0xCE,
	0x06, 0x0D, 0x08, 0x0E, 0x24, 0x0A, 0x0B, 0x14, 0x03, 0x04, 0x3E, 0x5A,
	0x3F, 0x5A, 0x03, 0x02, 0x1E, 0x1D, 0x6E, 0x4E, 0x4F, 0x63, 0xFE, 0xCE,
	0x73, 0x05, 0x07, 0x3C, 0x09, 0x05, 0x1A, 0x23, 0x29, 0x11, 0x10, 0x1B,
	0x1B, 0x05, 0x13, 0x11, 0x0D, 0x0B, 0x09, 0x08, 0x0B, 0x0C, 0x08, 0x08,
	0x0C, 0x55, 0x12, 0x10, 0x8E, 0x01, 0x0E, 0x53, 0x4E, 0x4E, 0x7C, 0x29,
	0x29, 0x0B, 0x13, 0x21, 0x20, 0x49, 0x23, 0x24, 0x17, 0x0B, 0x31, 0x17,
	0x2B, 0x62, 0x1C, 0x19, 0x18, 0x22, 0x0E, 0x10, 0x03, 0x05, 0x0E, 0x22,
	0x45, 0x50, 0x23, 0x19, 0x53, 0x7D, 0x01, 0x32, 0x3C, 0x39, 0x38, 0x59,
	0x1E, 0x1D, 0x07, 0x22, 0x0A, 0x03, 0x05, 0x02, 0x21, 0x20, 0x6C, 0x47,
	0x47, 0x50, 0xFE, 0xEA, 0x88, 0x46, 0x2B, 0x4E, 0x12, 0x12, 0x15, 0x0A,
	0x23, 0x01, 0x03, 0x01, 0x01, 0x02, 0x02, 0x01, 0x02, 0x01, 0x01, 0x03,
	0x01, 0x01, 0x02, 0x02, 0x01, 0x06, 0x01, 0x01, 0x11, 0x06, 0x03, 0x14,
	0x06, 0x0C, 0x01, 0x01, 0x04, 0x15, 0x04, 0x0D, 0x01, 0x1D, 0x02, 0x01,
	0x0E, 0x01, 0x01, 0x01, 0x01, 0x01, 0x02, 0x01, 0x02, 0x01, 0x01, 0x01,
	0x01, 0x01, 0x01, 0x01, 0x01, 0x01, 0x01, 0x01, 0x01, 0x01, 0x01, 0x01,
	0x01, 0x01, 0x01, 0x01, 0x01, 0x01, 0x01, 0x01, 0x01, 0x01, 0x01, 0x01,
	0x01, 0x03, 0x01, 0x01, 0x02, 0x02, 0x01, 0x02, 0x02, 0x01, 0x03, 0x02,
	0x02, 0x03, 0x02, 0x01, 0x04, 0x02, 0x02, 0x04, 0x03, 0x01, 0x03, 0x01,
	0x01, 0x01, 0x01, 0x01, 0x03, 0x01, 0x01, 0x01, 0x01, 0x01, 0x01, 0x01,
	0x01, 0x01, 0x01, 0x01, 0x01, 0x01, 0x01, 0x01, 0x01, 0x01, 0x01, 0x01,
	0x02, 0x01, 0x01, 0x01, 0x01, 0x01, 0x01, 0x01, 0x01, 0x01, 0x01, 0x01,
	0x01, 0x01, 0x01, 0x01, 0x01, 0x01, 0x01, 0x01, 0x01, 0x01, 0x01, 0x01,
	0x01, 0x01, 0x01, 0x01, 0x01, 0x03, 0x05, 0x03, 0x04, 0x01, 0x01, 0x01,
	0x01, 0x01, 0x01, 0x01, 0x01, 0x01, 0x01, 0x01, 0x01, 0x01, 0x01, 0x01,
	0x01, 0x01, 0x01, 0x01, 0x01, 0x01, 0x02, 0x01, 0x01, 0x02, 0x01, 0x01,
	0x01, 0x01, 0x01, 0x02, 0x01, 0x01, 0x02, 0x01, 0x02, 0x01, 0x01, 0x02,
	0x01, 0x02, 0x01, 0x02, 0xF8, 0x01, 0x04, 0x04, 0x07, 0x09, 0x0B, 0x08,
	0x0C, 0x08, 0x08, 0x05, 0x03, 0x03, 0x02, 0x03, 0x01, 0x01, 0x07, 0x13,
	0x1A, 0x1A, 0x10, 0x0A, 0x0B, 0x1B, 0x18, 0x11, 0x07, 0x06, 0x06, 0x03,
	0x03, 0x13, 0x16, 0x11, 0x1A, 0x04, 0x03, 0x0F, 0x07, 0x08, 0x0B, 0x07,
	0x05, 0x13, 0x07, 0x11, 0x0E, 0x06, 0x04, 0x01, 0x02, 0x01, 0x04, 0x01,
	0x02, 0x02, 0x02, 0x02, 0x02, 0x03, 0x01, 0x01, 0x1B, 0x13, 0x24, 0x07,
	0x0A, 0x08, 0x1C, 0x50, 0x22, 0x3F, 0x0B, 0x12, 0x09, 0x14, 0x12, 0x08,
	0x49, 0x2A, 0x8E, 0x09, 0x9C, 0x1F, 0x1C, 0x1B, 0x29, 0x0C, 0x0C, 0x01,
	0xB9, 0x4C, 0x72, 0x04, 0x02, 0x05, 0x04, 0x0C, 0x07, 0x07, 0x07, 0x19,
	0x15, 0x1F, 0x13, 0x30, 0x15, 0x13, 0x12, 0xFE, 0xD8, 0x01, 0x03, 0x11,
	0x0F, 0x07, 0x12, 0x05, 0x04, 0x04, 0x02, 0x08, 0x01, 0x08, 0x03, 0x01,
	0x1E, 0x0A, 0x05, 0x01, 0x01, 0x01, 0x01, 0x01, 0x01, 0x01, 0x01, 0x01,
	0x01, 0x01, 0x01, 0x01, 0x01, 0x01, 0x01, 0x01, 0x01, 0x01, 0x01, 0x01,
	0x01, 0x01, 0x01, 0x01, 0x01, 0x01, 0x01, 0x01, 0x01, 0x01, 0x02, 0x01,
	0x01, 0x01, 0x01, 0x01, 0x01, 0x01, 0x01, 0x01, 0x01, 0x01, 0x01, 0x01,
	0x01, 0x01, 0x01, 0x01, 0x01, 0x01, 0x01, 0x01, 0x01, 0x01, 0x01, 0x01,
	0x01, 0x01, 0x01, 0x01, 0x01, 0x01, 0x01, 0x01, 0x01, 0x01, 0x01, 0x01,
	0x01, 0x01, 0x01, 0x01, 0x01, 0x01, 0x01, 0x01, 0x01, 0x01, 0x01, 0x03,
	0x13, 0x0A, 0x06, 0x08, 0x03, 0x01, 0x01, 0x01, 0x01, 0x01, 0x01, 0x01,
	0x01, 0x00, 0x00, 0x00, 0x00, 0x01, 0x00, 0x00, 0xFF, 0xC0, 0x08, 0x80,
	0x03, 0xC0, 0x00, 0x95, 0x00, 0x00, 0x37, 0x26, 0x27, 0x2E, 0x01, 0x27,
	0x26, 0x27, 0x26, 0x37, 0x3E, 0x01, 0x37, 0x36, 0x37, 0x3E, 0x01, 0x37,
	0x36, 0x37, 0x3E, 0x01, 0x37, 0x36, 0x37, 0x36, 0x16, 0x15, 0x14, 0x16,
	0x37, 0x3E, 0x01, 0x33, 0x32, 0x16, 0x15, 0x14, 0x32, 0x37, 0x36, 0x32,
	0x15, 0x14, 0x32, 0x37, 0x36, 0x16, 0x15, 0x14, 0x32, 0x37, 0x3E, 0x01,
	0x07, 0x06, 0x16, 0x17, 0x16, 0x36, 0x37, 0x36, 0x16, 0x15, 0x14, 0x32,
	0x37, 0x3E, 0x01, 0x33, 0x32, 0x16, 0x15, 0x14, 0x32, 0x37, 0x3E, 0x01,
	0x33, 0x32, 0x36, 0x27, 0x2E, 0x01, 0x27, 0x26, 0x34, 0x33, 0x32, 0x16,
	0x15, 0x14, 0x16, 0x37, 0x36, 0x16, 0x17, 0x1E, 0x01, 0x1F, 0x01, 0x07,
	0x0E, 0x01, 0x23, 0x22, 0x26, 0x35, 0x34, 0x27, 0x2E, 0x01, 0x27, 0x26,
	0x07, 0x06, 0x26, 0x27, 0x26, 0x06, 0x17, 0x1E, 0x01, 0x07, 0x06, 0x26,
	0x35, 0x34, 0x26, 0x07, 0x0E, 0x01, 0x27, 0x26, 0x27, 0x26, 0x22, 0x07,
	0x06, 0x07, 0x0E, 0x01, 0x07, 0x06, 0x07, 0x0E, 0x01, 0x27, 0x26, 0x27,
	0xFD, 0x24, 0x2C, 0x2B, 0x4C, 0x1A, 0x1A, 0x02, 0x02, 0x16, 0x15, 0x4C,
	0x34, 0x33, 0x3A, 0x30, 0x4E, 0x06, 0x09, 0x34, 0x33, 0x83, 0x40, 0x41,
	0x24, 0x3B, 0x1E, 0x07, 0x11, 0x0A, 0x17, 0x07, 0x06, 0x09, 0x07, 0x11,
	0x17, 0x20, 0x08, 0x10, 0x18, 0x20, 0x05, 0x0D, 0x0D, 0x34, 0x0A, 0x03,
	0x02, 0x05, 0x05, 0x0C, 0x03, 0x07, 0x29, 0x07, 0x11, 0x0A, 0x17, 0x07,
	0x06, 0x09, 0x07, 0x11, 0x0A, 0x27, 0x11, 0x1E, 0x0A, 0x06, 0x04, 0x0B,
	0x05, 0x0B, 0x0B, 0x0A, 0x1F, 0x94, 0x5B, 0x35, 0x46, 0x52, 0x52, 0x39,
	0x20, 0x2F, 0x23, 0x13, 0x1D, 0x0C, 0x0B, 0x0E, 0x1A, 0x1A, 0x64, 0x48,
	0x49, 0x5D, 0x0B, 0x27, 0x11, 0x2A, 0x22, 0x0E, 0x06, 0x03, 0x03, 0x07,
	0x23, 0x4A, 0x13, 0x0B, 0x24, 0x2C, 0x1B, 0x27, 0x27, 0x59, 0x30, 0x2F,
	0x2D, 0x19, 0x74, 0x39, 0x6B, 0x4A, 0x4A, 0x74, 0x32, 0x33, 0x3C, 0xD1,
	0x08, 0x0E, 0x0D, 0x1C, 0x0C, 0x0D, 0x06, 0x06, 0x0C, 0x0D, 0x22, 0x14,
	0x14, 0x13, 0x10, 0x1E, 0x05, 0x08, 0x0E, 0x0E, 0x1D, 0x0C, 0x0C, 0x02,
	0x05, 0x06, 0x10, 0x10, 0x01, 0x10, 0x09, 0x0D, 0x0D, 0x09, 0x10, 0x10,
	0x15, 0x15, 0x10, 0x10, 0x15, 0x01, 0x16, 0x10, 0x10, 0x12, 0x0A, 0x11,
	0x05, 0x0B, 0x04, 0x03, 0x08, 0x08, 0x14, 0x02, 0x14, 0x10, 0x10, 0x09,
	0x0D, 0x0D, 0x09, 0x10, 0x10, 0x09, 0x0D, 0x0A, 0x1A, 0x0F, 0x1D, 0x05,
	0x0C, 0x23, 0x45, 0x18, 0x27, 0x21, 0x14, 0x0B, 0x03, 0x10, 0x10, 0x18,
	0x21, 0x30, 0x4A, 0x27, 0x24, 0x06, 0x05, 0x18, 0x11, 0x11, 0x15, 0x04,
	0x03, 0x04, 0x01, 0x04, 0x04, 0x08, 0x2A, 0x2E, 0x13, 0x1E, 0x04, 0x07,
	0x53, 0x19, 0x17, 0x03, 0x17, 0x0C, 0x05, 0x06, 0x03, 0x02, 0x02, 0x02,
	0x02, 0x03, 0x02, 0x20, 0x14, 0x26, 0x16, 0x16, 0x11, 0x03, 0x04, 0x0D,
	0x00, 0x02, 0x00, 0x00, 0xFF, 0xC0, 0x08, 0xCD, 0x03, 0xC0, 0x00, 0x39,
	0x00, 0x3F, 0x00, 0x00, 0x01, 0x35, 0x27, 0x22, 0x27, 0x2E, 0x01, 0x27,
	0x26, 0x27, 0x2E, 0x01, 0x23, 0x22, 0x26, 0x35, 0x34, 0x37, 0x3E, 0x01,
	0x37, 0x36, 0x37, 0x24, 0x36, 0x37, 0x36, 0x32, 0x07, 0x06, 0x16, 0x25,
	0x32, 0x37, 0x3E, 0x01, 0x37, 0x36, 0x37, 0x36, 0x16, 0x15, 0x14, 0x06,
	0x27, 0x26, 0x27, 0x26, 0x24, 0x07, 0x06, 0x15, 0x14, 0x06, 0x23, 0x22,
	0x26, 0x35, 0x27, 0x30, 0x36, 0x07, 0x06, 0x26, 0x04, 0x95, 0xCB, 0x78,
	0x84, 0x85, 0xEF, 0x5E, 0x5E, 0x2B, 0x2B, 0x40, 0x03, 0x02, 0x03, 0x2D,
	0x2D, 0xAB, 0x7C, 0x7C, 0x9E, 0x01, 0x29, 0x8D, 0x0C, 0x12, 0x35, 0x07,
	0x06, 0x83, 0x01, 0x51, 0x61, 0x5A, 0x5A, 0x8F, 0x30, 0x2F, 0x0C, 0x34,
	0x1F, 0x24, 0x38, 0x19, 0x91, 0x90, 0xFE, 0xB7, 0x84, 0x85, 0x2E, 0x0F,
	0x08, 0x0B, 0x2D, 0x46, 0x14, 0x14, 0x1E, 0x01, 0x4E, 0x21, 0x01, 0x04,
	0x04, 0x0D, 0x08, 0x08, 0x09, 0x08, 0x0C, 0x07, 0x05, 0x0C, 0x0A, 0x0B,
	0x12, 0x07, 0x08, 0x05, 0x0A, 0x0C, 0x11, 0x19, 0x19, 0x11, 0x06, 0x03,
	0x02, 0x02, 0x04, 0x03, 0x02, 0x03, 0x0C, 0x28, 0x50, 0x4B, 0x28, 0x0D,
	0x05, 0x05, 0x04, 0x04, 0x02, 0x01, 0x05, 0x0C, 0x27, 0x12, 0x0F, 0xE8,
	0x33, 0x3B, 0x3B, 0x43, 0x00, 0x04, 0x00, 0x00, 0xFF, 0xC0, 0x0B, 0xFF,
	0x03, 0xC0, 0x00, 0xF1, 0x00, 0xFE, 0x01, 0x08, 0x01, 0x11, 0x00, 0x00,
	0x25, 0x2E, 0x01, 0x35, 0x34, 0x26, 0x23, 0x22, 0x06, 0x1D, 0x01, 0x23,
	0x11, 0x27, 0x2E, 0x01, 0x35, 0x34, 0x26, 0x23, 0x22, 0x06, 0x15, 0x14,
	0x06, 0x23, 0x22, 0x26, 0x27, 0x2E, 0x01, 0x23, 0x22, 0x06, 0x15, 0x14,
	0x06, 0x23, 0x22, 0x26, 0x35, 0x34, 0x26, 0x27, 0x2E, 0x01, 0x23, 0x06,
	0x26, 0x35, 0x34, 0x26, 0x07, 0x0E, 0x01, 0x23, 0x22, 0x06, 0x17, 0x16,
	0x06, 0x23, 0x22, 0x26, 0x35, 0x34, 0x26, 0x23, 0x22, 0x26, 0x27, 0x2E,
	0x01, 0x23, 0x22, 0x26, 0x35, 0x34, 0x36, 0x37, 0x32, 0x36, 0x37, 0x36,
	0x27, 0x2E, 0x01, 0x27, 0x26, 0x23, 0x25, 0x35, 0x34, 0x36, 0x3B, 0x01,
	0x37, 0x3E, 0x01, 0x1F, 0x01, 0x25, 0x36, 0x37, 0x3E, 0x01, 0x37, 0x36,
	0x37, 0x3E, 0x01, 0x37, 0x3E, 0x01, 0x35, 0x34, 0x26, 0x07, 0x06, 0x22,
	0x27, 0x2E, 0x01, 0x37, 0x3E, 0x01, 0x17, 0x16, 0x36, 0x37, 0x36, 0x16,
	0x17, 0x1E, 0x01, 0x15, 0x16, 0x36, 0x35, 0x34, 0x36, 0x33, 0x32, 0x36,
	0x35, 0x34, 0x36, 0x33, 0x32, 0x36, 0x3F, 0x01, 0x07, 0x27, 0x26, 0x36,
	0x37, 0x32, 0x36, 0x35, 0x34, 0x36, 0x33, 0x32, 0x16, 0x15, 0x14, 0x16,
	0x33, 0x32, 0x36, 0x37, 0x36, 0x16, 0x17, 0x1E, 0x01, 0x37, 0x36, 0x16,
	0x1D, 0x01, 0x27, 0x26, 0x06, 0x15, 0x14, 0x06, 0x07, 0x06, 0x16, 0x17,
	0x1E, 0x01, 0x17, 0x16, 0x17, 0x1E, 0x01, 0x17, 0x16, 0x33, 0x1E, 0x01,
	0x17, 0x16, 0x06, 0x0F, 0x02, 0x06, 0x26, 0x27, 0x2E, 0x01, 0x23, 0x22,
	0x26, 0x35, 0x34, 0x26, 0x2F, 0x01, 0x17, 0x16, 0x06, 0x07, 0x0E, 0x01,
	0x17, 0x1E, 0x01, 0x15, 0x14, 0x06, 0x07, 0x0E, 0x01, 0x07, 0x06, 0x26,
	0x27, 0x01, 0x34, 0x26, 0x07, 0x0E, 0x01, 0x17, 0x16, 0x17, 0x16, 0x32,
	0x37, 0x36, 0x25, 0x26, 0x22, 0x07, 0x06, 0x16, 0x33, 0x32, 0x36, 0x27,
	0x25, 0x36, 0x26, 0x2F, 0x01, 0x07, 0x06, 0x16, 0x37, 0x08, 0x7C, 0x04,
	0x05, 0x2B, 0x0C, 0x04, 0x06, 0xD1, 0x2D, 0x19, 0x15, 0x1E, 0x3D, 0x36,
	0x25, 0x1C, 0x25, 0x1A, 0x2B, 0x03, 0x03, 0x14, 0x0B, 0x1B, 0x18, 0x08,
	0x18, 0x19, 0x08, 0x08, 0x0B, 0x09, 0x55, 0x4B, 0x63, 0x34, 0x10, 0x18,
	0x11, 0x2F, 0x10, 0x16, 0x0E, 0x05, 0x03, 0x08, 0x0E, 0x0A, 0x0F, 0x27,
	0x3A, 0x28, 0x3E, 0x03, 0x03, 0x2B, 0x1B, 0x29, 0x17, 0x18, 0x2C, 0x1D,
	0x37, 0x0B, 0x06, 0x13, 0x12, 0x4E, 0x3A, 0x39, 0x49, 0xFE, 0xBE, 0x11,
	0x30, 0x40, 0x04, 0x04, 0x24, 0x24, 0x24, 0x02, 0x46, 0x9F, 0x6F, 0x70,
	0x8D, 0x21, 0x22, 0x02, 0x05, 0x5D, 0x4D, 0x44, 0x61, 0x11, 0x0C, 0x0C,
	0x2C, 0x13, 0x20, 0x05, 0x16, 0x0D, 0x2E, 0x13, 0x14, 0x25, 0x07, 0x0F,
	0x13, 0x03, 0x01, 0x03, 0x02, 0x19, 0x12, 0x1C, 0x13, 0x1A, 0x29, 0x1C,
	0x2B, 0x22, 0x0F, 0x17, 0x97, 0x04, 0x03, 0x27, 0x52, 0x23, 0x1B, 0x0B,
	0x08, 0x09, 0x0B, 0x07, 0x05, 0x04, 0x0C, 0x03, 0x08, 0x42, 0x0D, 0x08,
	0x18, 0x18, 0x1E, 0x0B, 0x31, 0x21, 0x10, 0x0D, 0x09, 0x0F, 0x06, 0x19,
	0x10, 0x21, 0x07, 0x04, 0x1E, 0x1F, 0x62, 0x40, 0x41, 0x47, 0xD3, 0x88,
	0x05, 0x03, 0x07, 0x07, 0x12, 0x2A, 0x19, 0x3A, 0x35, 0x37, 0x3D, 0x22,
	0x1B, 0x1D, 0x54, 0x70, 0xC5, 0x08, 0x04, 0x08, 0x11, 0x29, 0x02, 0x25,
	0x14, 0x1B, 0x15, 0x0F, 0x0E, 0x21, 0x09, 0x08, 0x11, 0x04, 0xFB, 0xFF,
	0x56, 0x4A, 0x59, 0x2A, 0x25, 0x27, 0x2D, 0x2C, 0x4C, 0x19, 0x19, 0xFE,
	0x89, 0x0C, 0x23, 0x0C, 0x0C, 0x12, 0x18, 0x18, 0x11, 0x0C, 0xFD, 0xCA,
	0x0A, 0x06, 0x11, 0x1D, 0x05, 0x05, 0x16, 0x1E, 0x25, 0x04, 0x14, 0x0A,
	0x16, 0x4F, 0x26, 0x1B, 0x41, 0x01, 0x02, 0x08, 0x05, 0x0F, 0x0E, 0x11,
	0x09, 0x08, 0x0C, 0x0B, 0x08, 0x07, 0x06, 0x05, 0x08, 0x52, 0x5F, 0x51,
	0x1D, 0x1E, 0x56, 0x40, 0x3A, 0x09, 0x08, 0x07, 0x01, 0x07, 0x0E, 0x0C,
	0x06, 0x05, 0x03, 0x05, 0x09, 0x0B, 0x0A, 0x09, 0x0B, 0x08, 0x0C, 0x08,
	0x07, 0x06, 0x05, 0x08, 0x09, 0x11, 0x11, 0x09, 0x01, 0x07, 0x05, 0x02,
	0x03, 0x02, 0x03, 0x01, 0x01, 0x01, 0x27, 0x1D, 0x0A, 0x5F, 0x5C, 0x02,
	0x5B, 0x5B, 0x01, 0x01, 0x01, 0x01, 0x04, 0x03, 0x02, 0x05, 0x06, 0x0D,
	0x04, 0x03, 0x0C, 0x05, 0x05, 0x05, 0x01, 0x01, 0x01, 0x02, 0x05, 0x08,
	0x05, 0x05, 0x02, 0x02, 0x04, 0x06, 0x0C, 0x10, 0x1D, 0x0C, 0x17, 0x04,
	0x11, 0x0F, 0x12, 0x10, 0x0A, 0x08, 0x05, 0x06, 0x08, 0x0C, 0x15, 0x20,
	0x07, 0x36, 0x2E, 0x17, 0x01, 0x08, 0x0B, 0x08, 0x0C, 0x0C, 0x08, 0x08,
	0x0B, 0x0B, 0x08, 0x16, 0x05, 0x18, 0x0F, 0x0A, 0x02, 0x03, 0x0E, 0x2B,
	0x3B, 0x04, 0x03, 0x09, 0x16, 0x0E, 0x1B, 0x05, 0x08, 0x08, 0x05, 0x04,
	0x08, 0x02, 0x01, 0x02, 0x01, 0x01, 0x01, 0x01, 0x01, 0x07, 0x0B, 0x08,
	0x70, 0x47, 0xAD, 0x04, 0x03, 0x18, 0x22, 0x23, 0x19, 0x08, 0x08, 0x0A,
	0x07, 0x01, 0x02, 0x1E, 0x12, 0x0E, 0x03, 0x06, 0x35, 0x3F, 0x20, 0x36,
	0x06, 0x06, 0x0D, 0x03, 0x03, 0x09, 0x03, 0x03, 0x01, 0x03, 0x01, 0x99,
	0x06, 0x06, 0x01, 0x01, 0x05, 0x05, 0x05, 0x03, 0x03, 0x03, 0x03, 0x0E,
	0x02, 0x02, 0x02, 0x04, 0x04, 0x02, 0x50, 0x06, 0x1F, 0x26, 0x40, 0x39,
	0x3F, 0x26, 0x13, 0x00, 0x00, 0x08, 0x00, 0x00, 0xFF, 0xC0, 0x08, 0xE6,
	0x03, 0xC0, 0x00, 0x79, 0x00, 0x8F, 0x00, 0x99, 0x00, 0xA6, 0x00, 0xAF,
	0x00, 0xB9, 0x00, 0xC3, 0x00, 0xCD, 0x00, 0x00, 0x25, 0x2E, 0x01, 0x35,
	0x34, 0x26, 0x07, 0x06, 0x26, 0x27, 0x2E, 0x01, 0x27, 0x2E, 0x01, 0x35,
	0x34, 0x26, 0x23, 0x22, 0x26, 0x35, 0x34, 0x26, 0x07, 0x0E, 0x01, 0x07,
	0x0E, 0x01, 0x15, 0x14, 0x06, 0x27, 0x26, 0x27, 0x2E, 0x01, 0x07, 0x06,
	0x07, 0x06, 0x26, 0x27, 0x2E, 0x01, 0x07, 0x06, 0x22, 0x23, 0x27, 0x35,
	0x33, 0x32, 0x36, 0x37, 0x36, 0x26, 0x07, 0x06, 0x26, 0x35, 0x34, 0x36,
	0x17, 0x16, 0x36, 0x37, 0x3E, 0x01, 0x15, 0x14, 0x16, 0x33, 0x32, 0x36,
	0x37, 0x3E, 0x01, 0x33, 0x16, 0x36, 0x27, 0x2E, 0x01, 0x3D, 0x01, 0x37,
	0x36, 0x37, 0x3E, 0x01, 0x37, 0x36, 0x3F, 0x01, 0x17, 0x16, 0x17, 0x1E,
	0x01, 0x17, 0x16, 0x17, 0x1E, 0x01, 0x17, 0x16, 0x06, 0x07, 0x0E, 0x01,
	0x17, 0x1E, 0x01, 0x15, 0x14, 0x06, 0x07, 0x0E, 0x01, 0x27, 0x27, 0x3E,
	0x01, 0x27, 0x2E, 0x01, 0x07, 0x0E, 0x01, 0x07, 0x06, 0x36, 0x37, 0x36,
	0x26, 0x07, 0x0E, 0x01, 0x17, 0x1E, 0x01, 0x37, 0x25, 0x26, 0x22, 0x07,
	0x06, 0x16, 0x33, 0x32, 0x36, 0x27, 0x25, 0x26, 0x27, 0x26, 0x22, 0x07,
	0x06, 0x15, 0x14, 0x16, 0x37, 0x32, 0x36, 0x25, 0x34, 0x26, 0x23, 0x22,
	0x06, 0x17, 0x16, 0x36, 0x37, 0x34, 0x26, 0x23, 0x22, 0x06, 0x17, 0x16,
	0x36, 0x35, 0x33, 0x34, 0x26, 0x07, 0x06, 0x16, 0x33, 0x32, 0x36, 0x35,
	0x17, 0x36, 0x26, 0x07, 0x0E, 0x01, 0x17, 0x16, 0x36, 0x37, 0x08, 0x28,
	0x05, 0x08, 0x36, 0x3A, 0x1E, 0x26, 0x0F, 0x0B, 0x31, 0x17, 0x17, 0x21,
	0x0F, 0x0B, 0x0B, 0x0F, 0x37, 0x3C, 0x2F, 0x8E, 0x35, 0x4C, 0x33, 0x0B,
	0x0C, 0x09, 0x24, 0x25, 0x76, 0x50, 0x50, 0x5F, 0x83, 0x9A, 0x07, 0x03,
	0x15, 0x17, 0x11, 0x7A, 0x45, 0xA7, 0xA3, 0x4D, 0x5B, 0x04, 0x04, 0x46,
	0x51, 0xA0, 0x29, 0x11, 0x27, 0x21, 0x1C, 0x07, 0x0E, 0x20, 0x52, 0x73,
	0x38, 0x3E, 0x02, 0x03, 0x88, 0x9A, 0x76, 0x98, 0x0C, 0x12, 0x0C, 0x52,
	0x11, 0x21, 0x22, 0x56, 0x31, 0x32, 0x30, 0xEC, 0xDF, 0x2E, 0x2C, 0x2D,
	0x4A, 0x1B, 0x1B, 0x0B, 0x31, 0x34, 0x07, 0x04, 0x0C, 0x21, 0x29, 0x06,
	0x1F, 0x20, 0x37, 0x11, 0x0C, 0x16, 0x79, 0x12, 0x76, 0x14, 0x0C, 0x01,
	0x01, 0x03, 0x03, 0x02, 0x1E, 0x08, 0x1D, 0x22, 0x02, 0x03, 0x24, 0x15,
	0x16, 0x09, 0x13, 0x13, 0x17, 0x21, 0xFA, 0x0F, 0x0D, 0x22, 0x0C, 0x0D,
	0x12, 0x18, 0x18, 0x12, 0x0C, 0x04, 0xBE, 0x0A, 0x22, 0x22, 0x4A, 0x1D,
	0x1D, 0x40, 0x33, 0x3B, 0x2E, 0xFE, 0xF0, 0x0D, 0x0D, 0x13, 0x0C, 0x0D,
	0x0E, 0x1E, 0x4E, 0x0B, 0x07, 0x12, 0x12, 0x09, 0x0A, 0x23, 0x4F, 0x23,
	0x0B, 0x08, 0x12, 0x11, 0x08, 0x0B, 0x58, 0x06, 0x2C, 0x0D, 0x06, 0x02,
	0x03, 0x09, 0x2A, 0x05, 0x75, 0x04, 0x31, 0x1F, 0x4E, 0x46, 0x04, 0x02,
	0x0A, 0x0E, 0x0A, 0x18, 0x06, 0x06, 0x10, 0x05, 0x06, 0x07, 0x08, 0x06,
	0x08, 0x03, 0x05, 0x03, 0x0A, 0x02, 0x05, 0x0A, 0x0C, 0x0B, 0x04, 0x06,
	0x04, 0x03, 0x02, 0x01, 0x02, 0x01, 0x03, 0x05, 0x17, 0x19, 0x0E, 0x0A,
	0x02, 0x01, 0x02, 0x42, 0x07, 0x07, 0x07, 0x06, 0x01, 0x02, 0x06, 0x1D,
	0x18, 0x09, 0x03, 0x03, 0x09, 0x0F, 0x1A, 0x07, 0x17, 0x18, 0x12, 0x08,
	0x07, 0x08, 0x07, 0x01, 0x04, 0x02, 0x04, 0x14, 0x1A, 0x2C, 0x08, 0x01,
	0x02, 0x02, 0x04, 0x02, 0x02, 0x02, 0x07, 0x44, 0x0F, 0x0D, 0x0D, 0x14,
	0x06, 0x07, 0x01, 0x06, 0x32, 0x30, 0x23, 0x1B, 0x19, 0x1F, 0x22, 0x28,
	0x2A, 0x70, 0x17, 0x0A, 0x1C, 0x08, 0x10, 0x07, 0x0D, 0xFB, 0x08, 0x16,
	0x1A, 0x15, 0x08, 0x0F, 0x0C, 0x2F, 0x02, 0x05, 0x12, 0x11, 0x17, 0x2F,
	0x08, 0x08, 0x4B, 0x0E, 0x0F, 0x01, 0x0C, 0xCE, 0x02, 0x02, 0x02, 0x04,
	0x04, 0x02, 0x5F, 0x07, 0x03, 0x03, 0x03, 0x03, 0x07, 0x05, 0x08, 0x01,
	0x06, 0x48, 0x0D, 0x0D, 0x1E, 0x0E, 0x0D, 0x0C, 0x13, 0x0B, 0x0F, 0x1A,
	0x0D, 0x11, 0x0A, 0x14, 0x14, 0x0A, 0x11, 0x0D, 0x1A, 0x0F, 0x0B, 0x03,
	0x10, 0x10, 0x0D, 0x06, 0x11, 0x06, 0x0E, 0x07, 0x11, 0x00, 0x00, 0x00,
	0x00, 0x02, 0x00, 0x00, 0xFF, 0xC0, 0x02, 0x59, 0x03, 0xC0, 0x02, 0x85,
	0x02, 0x8C, 0x00, 0x00, 0x13, 0x07, 0x0E, 0x01, 0x17, 0x1E, 0x01, 0x07,
	0x0E, 0x01, 0x07, 0x0E, 0x01, 0x17, 0x38, 0x01, 0x31, 0x30, 0x14, 0x31,
	0x30, 0x32, 0x15, 0x38, 0x01, 0x17, 0x30, 0x32, 0x31, 0x14, 0x32, 0x33,
	0x31, 0x38, 0x01, 0x31, 0x3A, 0x01, 0x33, 0x1E, 0x01, 0x17, 0x1E, 0x01,
	0x17, 0x1E, 0x01, 0x15, 0x0E, 0x01, 0x07, 0x0E, 0x01, 0x07, 0x31, 0x30,
	0x14, 0x31, 0x38, 0x01, 0x07, 0x38, 0x01, 0x31, 0x14, 0x30, 0x31, 0x22,
	0x14, 0x31, 0x30, 0x14, 0x31, 0x22, 0x14, 0x31, 0x30, 0x14, 0x31, 0x14,
	0x22, 0x15, 0x30, 0x14, 0x39, 0x01, 0x14, 0x06, 0x15, 0x06, 0x16, 0x17,
	0x31, 0x30, 0x14, 0x31, 0x38, 0x01, 0x31, 0x30, 0x16, 0x31, 0x38, 0x01,
	0x31, 0x32, 0x14, 0x31, 0x38, 0x01, 0x31, 0x38, 0x01, 0x31, 0x30, 0x32,
	0x31, 0x30, 0x32, 0x31, 0x30, 0x14, 0x33, 0x38, 0x01, 0x33, 0x38, 0x01,
	0x31, 0x38, 0x01, 0x31, 0x38, 0x01, 0x31, 0x38, 0x01, 0x31, 0x32, 0x16,
	0x17, 0x1E, 0x01, 0x17, 0x38, 0x01, 0x31, 0x1E, 0x01, 0x17, 0x1E, 0x01,
	0x15, 0x30, 0x32, 0x1D, 0x01, 0x38, 0x01, 0x31, 0x14, 0x30, 0x15, 0x30,
	0x14, 0x15, 0x38, 0x01, 0x31, 0x15, 0x30, 0x14, 0x23, 0x30, 0x14, 0x31,
	0x1C, 0x01, 0x31, 0x30, 0x22, 0x15, 0x31, 0x30, 0x14, 0x15, 0x38, 0x01,
	0x31, 0x22, 0x14, 0x31, 0x30, 0x14, 0x31, 0x38, 0x01, 0x23, 0x30, 0x14,
	0x31, 0x38, 0x01, 0x31, 0x30, 0x14, 0x31, 0x22, 0x14, 0x31, 0x30, 0x06,
	0x31, 0x30, 0x14, 0x23, 0x38, 0x01, 0x39, 0x01, 0x14, 0x30, 0x31, 0x1C,
	0x01, 0x15, 0x14, 0x16, 0x17, 0x30, 0x32, 0x15, 0x3A, 0x01, 0x33, 0x1E,
	0x01, 0x33, 0x1E, 0x01, 0x17, 0x1E, 0x01, 0x17, 0x16, 0x14, 0x17, 0x1C,
	0x01, 0x15, 0x14, 0x06, 0x07, 0x38, 0x01, 0x31, 0x30, 0x14, 0x31, 0x30,
	0x22, 0x15, 0x38, 0x01, 0x31, 0x30, 0x14, 0x31, 0x38, 0x01, 0x15, 0x38,
	0x01, 0x15, 0x38, 0x01, 0x31, 0x14, 0x30, 0x31, 0x30, 0x06, 0x31, 0x38,
	0x01, 0x31, 0x1E, 0x01, 0x33, 0x32, 0x16, 0x07, 0x06, 0x16, 0x17, 0x1E,
	0x01, 0x37, 0x3E, 0x01, 0x37, 0x3E, 0x01, 0x37, 0x38, 0x01, 0x31, 0x30,
	0x26, 0x31, 0x30, 0x34, 0x31, 0x38, 0x01, 0x35, 0x30, 0x22, 0x39, 0x01,
	0x38, 0x01, 0x31, 0x34, 0x30, 0x23, 0x38, 0x01, 0x39, 0x01, 0x2E, 0x01,
	0x35, 0x34, 0x36, 0x37, 0x3E, 0x01, 0x37, 0x34, 0x26, 0x27, 0x30, 0x22,
	0x31, 0x34, 0x30, 0x31, 0x34, 0x22, 0x39, 0x01, 0x38, 0x01, 0x31, 0x34,
	0x22, 0x31, 0x30, 0x26, 0x31, 0x38, 0x01, 0x31, 0x22, 0x34, 0x23, 0x38,
	0x01, 0x31, 0x30, 0x26, 0x31, 0x2E, 0x01, 0x27, 0x2E, 0x01, 0x37, 0x3E,
	0x01, 0x37, 0x38, 0x01, 0x31, 0x38, 0x01, 0x39, 0x01, 0x38, 0x01, 0x31,
	0x38, 0x01, 0x33, 0x30, 0x34, 0x31, 0x38, 0x01, 0x31, 0x30, 0x36, 0x31,
	0x38, 0x01, 0x31, 0x30, 0x34, 0x31, 0x38, 0x01, 0x33, 0x38, 0x01, 0x35,
	0x38, 0x01, 0x39, 0x01, 0x34, 0x30, 0x39, 0x01, 0x2E, 0x01, 0x27, 0x31,
	0x30, 0x22, 0x35, 0x38, 0x01, 0x31, 0x34, 0x22, 0x31, 0x38, 0x01, 0x31,
	0x34, 0x30, 0x31, 0x22, 0x30, 0x31, 0x38, 0x01, 0x35, 0x38, 0x01, 0x31,
	0x38, 0x01, 0x39, 0x01, 0x22, 0x26, 0x27, 0x2E, 0x01, 0x27, 0x2E, 0x01,
	0x27, 0x3E, 0x01, 0x37, 0x3E, 0x01, 0x37, 0x34, 0x36, 0x31, 0x2E, 0x01,
	0x27, 0x34, 0x22, 0x31, 0x30, 0x22, 0x31, 0x30, 0x22, 0x31, 0x38, 0x01,
	0x31, 0x38, 0x01, 0x31, 0x2E, 0x01, 0x27, 0x2E, 0x01, 0x27, 0x38, 0x01,
	0x35, 0x22, 0x30, 0x31, 0x34, 0x22, 0x31, 0x30, 0x34, 0x31, 0x30, 0x26,
	0x31, 0x38, 0x01, 0x35, 0x38, 0x01, 0x31, 0x30, 0x34, 0x23, 0x38, 0x01,
	0x35, 0x38, 0x01, 0x31, 0x30, 0x34, 0x39, 0x01, 0x34, 0x30, 0x31, 0x35,
	0x30, 0x34, 0x31, 0x30, 0x34, 0x31, 0x34, 0x30, 0x35, 0x30, 0x34, 0x31,
	0x30, 0x34, 0x31, 0x30, 0x34, 0x33, 0x30, 0x34, 0x31, 0x34, 0x30, 0x31,
	0x34, 0x32, 0x35, 0x38, 0x01, 0x35, 0x38, 0x01, 0x31, 0x36, 0x30, 0x31,
	0x38, 0x01, 0x31, 0x38, 0x01, 0x35, 0x38, 0x01, 0x31, 0x34, 0x30, 0x33,
	0x30, 0x34, 0x35, 0x38, 0x01, 0x31, 0x32, 0x34, 0x31, 0x30, 0x34, 0x31,
	0x34, 0x32, 0x35, 0x38, 0x01, 0x35, 0x38, 0x01, 0x35, 0x38, 0x01, 0x35,
	0x30, 0x32, 0x35, 0x38, 0x01, 0x39, 0x01, 0x2E, 0x01, 0x23, 0x22, 0x26,
	0x3D, 0x01, 0x17, 0x1E, 0x01, 0x17, 0x16, 0x17, 0x1E, 0x01, 0x17, 0x16,
	0x15, 0x14, 0x16, 0x37, 0x36, 0x26, 0x27, 0x26, 0x27, 0x2E, 0x01, 0x27,
	0x26, 0x27, 0x01, 0x38, 0x01, 0x31, 0x38, 0x01, 0x31, 0xFD, 0x6C, 0x66,
	0x26, 0x25, 0x17, 0x03, 0x10, 0x09, 0x16, 0x06, 0x0C, 0x05, 0x07, 0x01,
	0x01, 0x01, 0x01, 0x01, 0x01, 0x01, 0x01, 0x03, 0x05, 0x02, 0x02, 0x03,
	0x02, 0x01, 0x01, 0x01, 0x02, 0x01, 0x01, 0x03, 0x01, 0x01, 0x01, 0x01,
	0x01, 0x01, 0x02, 0x03, 0x05, 0x01, 0x01, 0x01, 0x01, 0x01, 0x01, 0x02,
	0x04, 0x01, 0x02, 0x02, 0x01, 0x02, 0x03, 0x01, 0x01, 0x01, 0x01, 0x01,
	0x01, 0x01, 0x01, 0x01, 0x01, 0x01, 0x0C, 0x08, 0x01, 0x01, 0x01, 0x01,
	0x02, 0x03, 0x02, 0x02, 0x04, 0x02, 0x02, 0x03, 0x01, 0x01, 0x01, 0x01,
	0x01, 0x01, 0x01, 0x05, 0x13, 0x0D, 0x0A, 0x09, 0x03, 0x04, 0x13, 0x11,
	0x27, 0x75, 0x4F, 0x2D, 0x2B, 0x09, 0x03, 0x05, 0x02, 0x01, 0x01, 0x01,
	0x04, 0x05, 0x03, 0x03, 0x02, 0x04, 0x02, 0x01, 0x01, 0x01, 0x01, 0x01,
	0x01, 0x01, 0x01, 0x01, 0x01, 0x03, 0x02, 0x01, 0x01, 0x01, 0x01, 0x03,
	0x03, 0x01, 0x01, 0x01, 0x01, 0x04, 0x01, 0x01, 0x01, 0x01, 0x03, 0x05,
	0x03, 0x01, 0x01, 0x01, 0x04, 0x03, 0x01, 0x01, 0x02, 0x01, 0x02, 0x05,
	0x02, 0x01, 0x05, 0x0E, 0x07, 0x01, 0x01, 0x01, 0x03, 0x05, 0x03, 0x02,
	0x03, 0x01, 0x01, 0x01, 0x01, 0x01, 0x01, 0x01, 0x01, 0x01, 0x01, 0x01,
	0x01, 0x06, 0x31, 0x10, 0x17, 0x4A, 0x3B, 0x18, 0x35, 0x0D, 0x0F, 0x14,
	0x15, 0x25, 0x0E, 0x0D, 0x1C, 0x16, 0x0F, 0x05, 0x18, 0x12, 0x1C, 0x1C,
	0x43, 0x25, 0x26, 0x25, 0xFE, 0xB8, 0x03, 0x9E, 0x24, 0x22, 0x48, 0x59,
	0x38, 0x28, 0x25, 0x16, 0x26, 0x03, 0x07, 0x4E, 0x15, 0x01, 0x01, 0x01,
	0x01, 0x01, 0x02, 0x01, 0x02, 0x04, 0x03, 0x02, 0x05, 0x03, 0x03, 0x05,
	0x02, 0x02, 0x04, 0x01, 0x01, 0x01, 0x01, 0x01, 0x01, 0x01, 0x01, 0x01,
	0x01, 0x01, 0x02, 0x05, 0x03, 0x0E, 0x1A, 0x07, 0x01, 0x01, 0x01, 0x01,
	0x02, 0x01, 0x01, 0x02, 0x01, 0x01, 0x04, 0x02, 0x01, 0x03, 0x02, 0x01,
	0x03, 0x01, 0x01, 0x01, 0x01, 0x02, 0x01, 0x01, 0x01, 0x01, 0x01, 0x01,
	0x01, 0x01, 0x01, 0x01, 0x01, 0x01, 0x01, 0x01, 0x01, 0x01, 0x01, 0x01,
	0x0E, 0x20, 0x09, 0x01, 0x01, 0x01, 0x01, 0x03, 0x01, 0x02, 0x04, 0x02,
	0x02, 0x05, 0x03, 0x02, 0x04, 0x02, 0x02, 0x04, 0x02, 0x01, 0x01, 0x01,
	0x01, 0x01, 0x01, 0x01, 0x18, 0x1C, 0x0C, 0x09, 0x08, 0x1F, 0x0D, 0x1E,
	0x01, 0x1E, 0x10, 0x20, 0x16, 0x0A, 0x1B, 0x11, 0x01, 0x01, 0x01, 0x01,
	0x04, 0x07, 0x06, 0x04, 0x09, 0x03, 0x02, 0x03, 0x01, 0x13, 0x27, 0x14,
	0x01, 0x01, 0x01, 0x01, 0x01, 0x01, 0x01, 0x04, 0x02, 0x04, 0x08, 0x04,
	0x05, 0x07, 0x04, 0x01, 0x01, 0x01, 0x01, 0x01, 0x0D, 0x1B, 0x0D, 0x01,
	0x01, 0x01, 0x01, 0x02, 0x01, 0x01, 0x01, 0x01, 0x02, 0x08, 0x05, 0x04,
	0x09, 0x04, 0x03, 0x06, 0x03, 0x01, 0x01, 0x19, 0x25, 0x06, 0x01, 0x01,
	0x01, 0x01, 0x01, 0x02, 0x01, 0x01, 0x01, 0x01, 0x01, 0x01, 0x01, 0x01,
	0x01, 0x01, 0x02, 0x01, 0x01, 0x01, 0x01, 0x01, 0x01, 0x01, 0x01, 0x01,
	0x01, 0x01, 0x01, 0x01, 0x01, 0x01, 0x01, 0x01, 0x01, 0x01, 0x01, 0x01,
	0x01, 0x01, 0x01, 0x01, 0x1B, 0x43, 0x62, 0x1E, 0x25, 0x1E, 0x0C, 0x2C,
	0x13, 0x14, 0x27, 0x27, 0x52, 0x22, 0x22, 0x0C, 0x15, 0x11, 0x09, 0x05,
	0x26, 0x41, 0x31, 0x33, 0x34, 0x61, 0x2B, 0x2B, 0x20, 0xFE, 0x2D, 0x00,
	0x00, 0x01, 0x00, 0x00, 0xFF, 0xC0, 0x02, 0x64, 0x03, 0xC0, 0x00, 0x4F,
	0x00, 0x00, 0x17, 0x2E, 0x01, 0x37, 0x3E, 0x01, 0x37, 0x3E, 0x01, 0x37,
	0x36, 0x26, 0x27, 0x34, 0x06, 0x07, 0x0E, 0x01, 0x27, 0x2E, 0x01, 0x27,
	0x2E, 0x01, 0x27, 0x26, 0x36, 0x37, 0x3E, 0x01, 0x27, 0x2E, 0x01, 0x27,
	0x2E, 0x01, 0x37, 0x3E, 0x01, 0x3F, 0x01, 0x17, 0x1E, 0x01, 0x17, 0x1E,
	0x01, 0x17, 0x16, 0x17, 0x1E, 0x01, 0x17, 0x16, 0x17, 0x1E, 0x01, 0x27,
	0x2E, 0x01, 0x27, 0x02, 0x26, 0x17, 0x14, 0x17, 0x1E, 0x01, 0x17, 0x16,
	0x17, 0x16, 0x06, 0x07, 0x0E, 0x01, 0x07, 0x0E, 0x01, 0x27, 0xAE, 0x03,
	0x02, 0x01, 0x03, 0x2A, 0x72, 0x40, 0x5E, 0x02, 0x02, 0x1D, 0x06, 0x61,
	0x42, 0x52, 0x53, 0x03, 0x02, 0x1B, 0x10, 0x10, 0x25, 0x09, 0x1A, 0x16,
	0x2C, 0x30, 0x0D, 0x09, 0x03, 0x1B, 0x0F, 0x18, 0x06, 0x0C, 0x08, 0x36,
	0x24, 0x52, 0x6D, 0x2D, 0x48, 0x06, 0x07, 0x21, 0x11, 0x08, 0x0B, 0x0A,
	0x15, 0x0A, 0x0A, 0x07, 0x1F, 0x05, 0x11, 0x07, 0x28, 0x15, 0x51, 0x35,
	0x03, 0x14, 0x13, 0x33, 0x19, 0x18, 0x0B, 0x1A, 0x12, 0x33, 0x1A, 0x73,
	0x35, 0x75, 0x1D, 0x06, 0x0C, 0x0B, 0x2A, 0x12, 0x21, 0x17, 0x1F, 0x11,
	0x1B, 0x02, 0x02, 0x71, 0x0B, 0x01, 0x17, 0x11, 0x16, 0x0D, 0x09, 0x07,
	0x61, 0x3E, 0x3E, 0x67, 0x0B, 0x1D, 0x33, 0x0B, 0x0C, 0x0B, 0x16, 0x0A,
	0x13, 0x03, 0x07, 0x0F, 0x1A, 0x11, 0x2C, 0x13, 0x29, 0x3A, 0x17, 0x2D,
	0x08, 0x07, 0x68, 0x41, 0x21, 0x26, 0x27, 0x4D, 0x24, 0x23, 0x1B, 0x6C,
	0x2D, 0x06, 0x02, 0x71, 0x4D, 0x01, 0x28, 0x86, 0x60, 0x1A, 0x56, 0x56,
	0xC0, 0x51, 0x52, 0x11, 0x2A, 0x27, 0x0E, 0x07, 0x1F, 0x0F, 0x21, 0x01,
	0x18, 0x00, 0x00, 0x00, 0x00, 0x01, 0x00, 0x00, 0xFF, 0xC0, 0x02, 0x28,
	0x03, 0xC0, 0x00, 0x3D, 0x00, 0x00, 0x17, 0x2E, 0x01, 0x27, 0x26, 0x27,
	0x2E, 0x01, 0x27, 0x26, 0x27, 0x2E, 0x01, 0x37, 0x36, 0x26, 0x27, 0x2E,
	0x01, 0x37, 0x3E, 0x01, 0x33, 0x32, 0x16, 0x1F, 0x02, 0x1E, 0x01, 0x23,
	0x22, 0x26, 0x27, 0x2E, 0x01, 0x27, 0x26, 0x06, 0x17, 0x16, 0x06, 0x07,
	0x06, 0x16, 0x17, 0x1E, 0x01, 0x17, 0x1E, 0x01, 0x07, 0x06, 0x07, 0x0E,
	0x01, 0x07, 0x06, 0x23, 0x22, 0x26, 0x27, 0xDC, 0x05, 0x09, 0x02, 0x01,
	0x10, 0x11, 0x28, 0x13, 0x12, 0x07, 0x34, 0x28, 0x24, 0x1D, 0x02, 0x1F,
	0x18, 0x02, 0x14, 0x11, 0x89, 0x2B, 0x07, 0x43, 0x27, 0x5E, 0x46, 0x36,
	0x13, 0x0F, 0x0A, 0x20, 0x3D, 0x1B, 0x2B, 0x0A, 0x0D, 0x06, 0x05, 0x04,
	0x08, 0x09, 0x0F, 0x10, 0x2B, 0x23, 0x2A, 0x0D, 0x13, 0x26, 0x0A, 0x04,
	0x1E, 0x1F, 0x50, 0x28, 0x29, 0x18, 0x13, 0x1D, 0x05, 0x25, 0x0B, 0x4E,
	0x2C, 0x20, 0x52, 0x52, 0xAC, 0x42, 0x43, 0x03, 0x11, 0x60, 0x16, 0x12,
	0x37, 0x1D, 0x16, 0x11, 0x16, 0x13, 0x2B, 0x36, 0x26, 0x5B, 0xFA, 0xC3,
	0x5A, 0x63, 0xD9, 0x5D, 0x71, 0x04, 0x05, 0x0A, 0x14, 0x0F, 0x21, 0x0A,
	0x10, 0x5C, 0xA0, 0x80, 0x76, 0x03, 0x03, 0x79, 0x1A, 0x09, 0x0E, 0x0E,
	0x1A, 0x0A, 0x09, 0x0E, 0x0D, 0x00, 0x00, 0x00, 0x00, 0x01, 0x00, 0x00,
	0xFF, 0xC0, 0x02, 0x89, 0x03, 0xC0, 0x00, 0x2F, 0x00, 0x00, 0x05, 0x2E,
	0x01, 0x27, 0x2E, 0x01, 0x37, 0x36, 0x34, 0x27, 0x2E, 0x01, 0x27, 0x26,
	0x06, 0x07, 0x0E, 0x01, 0x07, 0x06, 0x26, 0x2F, 0x01, 0x37, 0x3E, 0x01,
	0x37, 0x3E, 0x01, 0x17, 0x1E, 0x01, 0x17, 0x1E, 0x01, 0x17, 0x1E, 0x01,
	0x17, 0x1E, 0x01, 0x17, 0x16, 0x06, 0x07, 0x0E, 0x01, 0x27, 0x01, 0xBD,
	0x0B, 0x29, 0x37, 0x23, 0x08, 0x10, 0x10, 0x11, 0x0A, 0x15, 0x04, 0x0A,
	0x0C, 0x2C, 0x1D, 0x18, 0x22, 0x1E, 0x1C, 0x14, 0x20, 0x5A, 0x26, 0x43,
	0x0A, 0x1D, 0x48, 0x17, 0x0C, 0x1A, 0x07, 0x08, 0x21, 0x11, 0x18, 0x23,
	0x1C, 0x20, 0x25, 0x31, 0x3E, 0x0E, 0x6E, 0x4C, 0x34, 0x0E, 0x30, 0x0F,
	0x86, 0xCF, 0x85, 0x41, 0x1F, 0x1E, 0x30, 0x4E, 0x2E, 0x52, 0x0C, 0x18,
	0x1D, 0x94, 0x64, 0x2A, 0x08, 0x08, 0x07, 0x15, 0x20, 0xA0, 0x42, 0x6C,
	0x0A, 0x1D, 0x09, 0x18, 0x0B, 0x14, 0x02, 0x02, 0x51, 0x36, 0x4F, 0x46,
	0x19, 0x1D, 0x5F, 0xB6, 0xE5, 0x4A, 0x1D, 0x15, 0x02, 0x11, 0x00, 0x00,
	0x00, 0x02, 0x00, 0x00, 0xFF, 0xC0, 0x02, 0x65, 0x03, 0xC0, 0x00, 0x43,
	0x00, 0x5F, 0x00, 0x00, 0x37, 0x26, 0x36, 0x37, 0x36, 0x27, 0x2E, 0x01,
	0x27, 0x26, 0x27, 0x26, 0x36, 0x37, 0x3E, 0x01, 0x27, 0x2E, 0x01, 0x23,
	0x22, 0x36, 0x3F, 0x01, 0x17, 0x1E, 0x01, 0x17, 0x16, 0x17, 0x1E, 0x01,
	0x17, 0x16, 0x07, 0x06, 0x26, 0x27, 0x26, 0x27, 0x2E, 0x01, 0x27, 0x26,
	0x27, 0x26, 0x06, 0x17, 0x14, 0x17, 0x1E, 0x01, 0x17, 0x16, 0x17, 0x1E,
	0x01, 0x07, 0x06, 0x07, 0x0E, 0x01, 0x07, 0x06, 0x23, 0x22, 0x26, 0x27,
	0x37, 0x36, 0x26, 0x27, 0x2E, 0x01, 0x37, 0x36, 0x26, 0x07, 0x0E, 0x01,
	0x17, 0x16, 0x06, 0x23, 0x22, 0x26, 0x35, 0x34, 0x06, 0x07, 0x06, 0x16,
	0x17, 0x1E, 0x01, 0x37, 0xA9, 0x04, 0x02, 0x05, 0x06, 0x14, 0x13, 0x39,
	0x1B, 0x1C, 0x0A, 0x18, 0x13, 0x2C, 0x30, 0x0B, 0x08, 0x04, 0x16, 0x0C,
	0x34, 0x43, 0x4F, 0x43, 0x55, 0x70, 0x37, 0x41, 0x10, 0x0E, 0x0D, 0x12,
	0x04, 0x04, 0x03, 0x0B, 0x1B, 0x13, 0x14, 0x16, 0x16, 0x26, 0x0E, 0x0E,
	0x04, 0x05, 0x07, 0x01, 0x15, 0x14, 0x35, 0x19, 0x1A, 0x0B, 0x0A, 0x05,
	0x05, 0x06, 0x37, 0x36, 0x84, 0x3A, 0x3B, 0x0D, 0x0A, 0x12, 0x03, 0xF8,
	0x34, 0x25, 0x52, 0x29, 0x12, 0x06, 0x06, 0x06, 0x19, 0x1B, 0x09, 0x11,
	0x08, 0x05, 0x0F, 0x0D, 0x0B, 0x21, 0x07, 0x05, 0x0C, 0x1E, 0x2C, 0x76,
	0x29, 0x05, 0x0C, 0x15, 0x03, 0x04, 0x55, 0x55, 0xCC, 0x58, 0x58, 0x0A,
	0x18, 0x21, 0x0C, 0x0D, 0x0C, 0x1B, 0x0D, 0x12, 0x5D, 0x26, 0x21, 0x2C,
	0x38, 0x5C, 0xF2, 0x3C, 0x35, 0x36, 0x52, 0x18, 0x18, 0x02, 0x07, 0x3E,
	0x49, 0x4D, 0x4D, 0x4E, 0x7F, 0x2A, 0x2A, 0x04, 0x06, 0x19, 0x19, 0x1C,
	0x5A, 0x59, 0xC8, 0x54, 0x54, 0x11, 0x0F, 0x1B, 0x05, 0x05, 0x11, 0x11,
	0x25, 0x0E, 0x0F, 0x12, 0x0C, 0xB8, 0x34, 0x99, 0x42, 0x21, 0x20, 0x1D,
	0x20, 0x06, 0x10, 0x12, 0x5C, 0x59, 0x27, 0x17, 0x15, 0x1A, 0x35, 0x2C,
	0x3E, 0x2D, 0x25, 0x1E, 0x2C, 0x05, 0x29, 0x00, 0x00, 0x0E, 0x00, 0x00,
	0xFF, 0xC0, 0x05, 0x00, 0x03, 0xC0, 0x00, 0x13, 0x00, 0x18, 0x00, 0x1D,
	0x00, 0x22, 0x00, 0x27, 0x00, 0x2C, 0x00, 0x31, 0x00, 0x36, 0x00, 0x3B,
	0x00, 0x40, 0x00, 0x45, 0x00, 0x4A, 0x00, 0x4F, 0x00, 0x54, 0x00, 0x00,
	0x17, 0x2E, 0x01, 0x3D, 0x01, 0x37, 0x3E, 0x01, 0x3B, 0x01, 0x35, 0x27,
	0x11, 0x21, 0x11, 0x07, 0x15, 0x17, 0x11, 0x05, 0x25, 0x35, 0x23, 0x15,
	0x33, 0x37, 0x35, 0x23, 0x15, 0x33, 0x37, 0x35, 0x23, 0x15, 0x33, 0x25,
	0x35, 0x23, 0x15, 0x33, 0x37, 0x35, 0x23, 0x15, 0x33, 0x37, 0x35, 0x23,
	0x15, 0x33, 0x25, 0x35, 0x23, 0x15, 0x33, 0x37, 0x35, 0x23, 0x15, 0x33,
	0x37, 0x35, 0x23, 0x15, 0x33, 0x25, 0x35, 0x23, 0x15, 0x33, 0x37, 0x35,
	0x23, 0x15, 0x33, 0x37, 0x35, 0x23, 0x15, 0x33, 0x13, 0x35, 0x21, 0x15,
	0x21, 0x09, 0x03, 0x06, 0x16, 0x09, 0x21, 0x0E, 0x22, 0x69, 0x04, 0xF9,
	0x69, 0x69, 0xFB, 0x13, 0x02, 0x0F, 0x62, 0x62, 0x99, 0x61, 0x61, 0x9A,
	0x62, 0x62, 0xFE, 0xCD, 0x62, 0x62, 0x99, 0x61, 0x61, 0x9A, 0x62, 0x62,
	0xFE, 0xCD, 0x62, 0x62, 0x99, 0x61, 0x61, 0x9A, 0x62, 0x62, 0xFE, 0xCD,
	0x62, 0x62, 0x99, 0x61, 0x61, 0x9A, 0x62, 0x62, 0x8C, 0xFD, 0x45, 0x02,
	0xBB, 0x1D, 0x04, 0x87, 0x5B, 0xDC, 0x08, 0x04, 0x05, 0x1A, 0x09, 0x01,
	0xCD, 0xFE, 0x33, 0x09, 0x19, 0x08, 0xFE, 0x32, 0x07, 0x77, 0x31, 0x62,
	0x31, 0x31, 0x62, 0x31, 0x31, 0x62, 0xCB, 0x31, 0x62, 0x31, 0x31, 0x62,
	0x31, 0x31, 0x62, 0xCB, 0x31, 0x62, 0x31, 0x31, 0x62, 0x31, 0x31, 0x62,
	0xCB, 0x31, 0x62, 0x31, 0x31, 0x62, 0x31, 0x31, 0x62, 0x01, 0x25, 0x54,
	0xA8, 0x00, 0x00, 0x00, 0x00, 0x01, 0x00, 0x00, 0xFF, 0xC0, 0x02, 0xFF,
	0x03, 0xC0, 0x00, 0x57, 0x00, 0x00, 0x17, 0x26, 0x27, 0x2E, 0x01, 0x35,
	0x26, 0x37, 0x3E, 0x01, 0x37, 0x3E, 0x01, 0x27, 0x2E, 0x01, 0x27, 0x26,
	0x27, 0x2E, 0x01, 0x27, 0x26, 0x37, 0x36, 0x17, 0x1E, 0x01, 0x17, 0x16,
	0x15, 0x14, 0x16, 0x37, 0x3E, 0x01, 0x27, 0x26, 0x27, 0x2E, 0x01, 0x37,
	0x36, 0x33, 0x32, 0x17, 0x1E, 0x01, 0x17, 0x16, 0x15, 0x14, 0x16, 0x17,
	0x16, 0x17, 0x1E, 0x01, 0x17, 0x16, 0x17, 0x1E, 0x01, 0x07, 0x06, 0x26,
	0x27, 0x2E, 0x01, 0x27, 0x2E, 0x01, 0x27, 0x26, 0x06, 0x15, 0x14, 0x06,
	0x07, 0x0E, 0x01, 0x17, 0x16, 0x06, 0x07, 0x06, 0x26, 0x27, 0x83, 0x0D,
	0x0B, 0x0A, 0x0C, 0x01, 0x05, 0x05, 0x1D, 0x0F, 0x17, 0x0A, 0x05, 0x04,
	0x16, 0x0B, 0x0D, 0x13, 0x14, 0x21, 0x0A, 0x09, 0x05, 0x06, 0x17, 0x17,
	0x32, 0x14, 0x14, 0x0B, 0x12, 0x0E, 0x08, 0x07, 0x07, 0x06, 0x06, 0x06,
	0x01, 0x01, 0x06, 0x09, 0x12, 0x13, 0x25, 0x0F, 0x0E, 0x61, 0x4C, 0x2B,
	0x2B, 0x2C, 0x4C, 0x1D, 0x1D, 0x0D, 0x0F, 0x03, 0x0C, 0x1F, 0x2B, 0x1C,
	0x23, 0x67, 0x4D, 0x20, 0x47, 0x12, 0x27, 0x23, 0x14, 0x0E, 0x1F, 0x06,
	0x1A, 0x11, 0x01, 0x13, 0x1D, 0x18, 0x17, 0x0C, 0x1B, 0x24, 0x24, 0x4D,
	0x25, 0x25, 0x1D, 0x1A, 0x53, 0x22, 0x31, 0x37, 0x27, 0x1A, 0x34, 0x0B,
	0x0E, 0x26, 0x27, 0x55, 0x22, 0x23, 0x06, 0x06, 0x16, 0x17, 0x3E, 0x1F,
	0x1F, 0x0C, 0x0E, 0x03, 0x0A, 0x08, 0x0F, 0x09, 0x09, 0x23, 0x23, 0x4D,
	0x1F, 0x1E, 0x21, 0x20, 0x56, 0x2B, 0x2A, 0x13, 0x31, 0x5E, 0x19, 0x0E,
	0x1D, 0x1C, 0x4A, 0x2A, 0x29, 0x29, 0x2E, 0x20, 0x08, 0x13, 0x1B, 0x38,
	0x45, 0x5E, 0x22, 0x0E, 0x2D, 0x11, 0x26, 0x0E, 0x35, 0x15, 0x51, 0x23,
	0x4D, 0x94, 0x50, 0x37, 0x1A, 0x0E, 0x15, 0x0B, 0x2D, 0x00, 0x00, 0x00,
	0x00, 0x02, 0x00, 0x00, 0xFF, 0xC0, 0x07, 0x80, 0x03, 0xC0, 0x00, 0x62,
	0x00, 0x74, 0x00, 0x00, 0x37, 0x34, 0x37, 0x3E, 0x01, 0x37, 0x36, 0x37,
	0x36, 0x37, 0x3E, 0x01, 0x37, 0x36, 0x33, 0x32, 0x36, 0x37, 0x3E, 0x01,
	0x33, 0x32, 0x36, 0x37, 0x3E, 0x01, 0x17, 0x16, 0x36, 0x37, 0x3E, 0x01,
	0x33, 0x32, 0x36, 0x37, 0x36, 0x16, 0x17, 0x1E, 0x01, 0x37, 0x36, 0x17,
	0x1E, 0x01, 0x17, 0x16, 0x17, 0x1E, 0x01, 0x33, 0x32, 0x16, 0x17, 0x16,
	0x17, 0x14, 0x06, 0x07, 0x06, 0x07, 0x06, 0x26, 0x27, 0x2E, 0x01, 0x27,
	0x2E, 0x01, 0x23, 0x22, 0x26, 0x27, 0x26, 0x06, 0x07, 0x0E, 0x01, 0x27,
	0x26, 0x22, 0x07, 0x0E, 0x01, 0x07, 0x06, 0x07, 0x0E, 0x01, 0x07, 0x06,
	0x07, 0x0E, 0x01, 0x23, 0x22, 0x26, 0x35, 0x25, 0x3E, 0x01, 0x27, 0x34,
	0x26, 0x27, 0x26, 0x06, 0x07, 0x0E, 0x01, 0x15, 0x14, 0x16, 0x17, 0x16,
	0x36, 0x00, 0x07, 0x08, 0x17, 0x0E, 0x0F, 0x0D, 0x11, 0x1F, 0x1E, 0x41,
	0x1C, 0x1C, 0x0D, 0x20, 0x59, 0x11, 0x0A, 0x1C, 0x0A, 0x0B, 0x14, 0x03,
	0x04, 0x0F, 0x07, 0x08, 0x0F, 0x03, 0x04, 0x1B, 0x10, 0x0F, 0x23, 0x09,
	0x0E, 0x20, 0x2C, 0x39, 0x8E, 0x37, 0x29, 0x4B, 0x4C, 0xA4, 0x4A, 0x4A,
	0x26, 0x23, 0x7D, 0x2D, 0x17, 0x60, 0x11, 0x16, 0x01, 0x24, 0x23, 0x23,
	0x31, 0x37, 0x5D, 0x32, 0x67, 0x4D, 0x30, 0x21, 0x43, 0x1E, 0x1A, 0x5A,
	0x26, 0x4E, 0x69, 0x2E, 0x23, 0x35, 0x1E, 0x13, 0x29, 0x42, 0x28, 0x5F,
	0x1B, 0x27, 0x2E, 0x2E, 0x5A, 0x2A, 0x29, 0x1F, 0x20, 0x2F, 0x02, 0x02,
	0x02, 0x06, 0xEE, 0x26, 0x24, 0x01, 0x18, 0x2A, 0x2B, 0x2A, 0x23, 0x19,
	0x0E, 0x1E, 0x24, 0x17, 0x1B, 0x7D, 0x12, 0x20, 0x20, 0x4B, 0x26, 0x25,
	0x1B, 0x22, 0x29, 0x29, 0x49, 0x19, 0x18, 0x2F, 0x1A, 0x0E, 0x14, 0x08,
	0x06, 0x06, 0x04, 0x02, 0x03, 0x01, 0x04, 0x03, 0x06, 0x0B, 0x08, 0x0C,
	0x02, 0x0E, 0x12, 0x05, 0x10, 0x0B, 0x0C, 0x0B, 0x33, 0x24, 0x23, 0x24,
	0x21, 0x33, 0x50, 0x21, 0x2C, 0x2C, 0x2B, 0x49, 0x1A, 0x1B, 0x09, 0x0A,
	0x2A, 0x39, 0x78, 0x48, 0x18, 0x11, 0x11, 0x14, 0x0F, 0x1D, 0x03, 0x21,
	0x19, 0x03, 0x15, 0x0D, 0x0F, 0x09, 0x1C, 0x0B, 0x0F, 0x1B, 0x1B, 0x44,
	0x26, 0x27, 0x25, 0x26, 0x36, 0x0D, 0x08, 0x4E, 0x10, 0x35, 0x29, 0x23,
	0x25, 0x20, 0x1F, 0x02, 0x23, 0x18, 0x27, 0x29, 0x31, 0x33, 0x0E, 0x08,
	0x03, 0x00, 0x00, 0x00, 0x00, 0x03, 0x00, 0x00, 0xFF, 0xC0, 0x08, 0x1C,
	0x03, 0xC0, 0x00, 0x45, 0x00, 0x52, 0x00, 0x69, 0x00, 0x00, 0x25, 0x2E,
	0x01, 0x27, 0x2E, 0x01, 0x27, 0x2E, 0x01, 0x27, 0x26, 0x06, 0x0F, 0x02,
	0x06, 0x07, 0x0E, 0x01, 0x23, 0x06, 0x23, 0x22, 0x27, 0x2E, 0x01, 0x27,
	0x26, 0x27, 0x2E, 0x01, 0x37, 0x36, 0x16, 0x17, 0x16, 0x17, 0x16, 0x36,
	0x37, 0x36, 0x37, 0x3E, 0x01, 0x3F, 0x01, 0x17, 0x1E, 0x01, 0x37, 0x36,
	0x37, 0x3E, 0x01, 0x17, 0x16, 0x17, 0x16, 0x17, 0x1E, 0x01, 0x17, 0x16,
	0x17, 0x16, 0x06, 0x07, 0x0E, 0x01, 0x27, 0x37, 0x36, 0x26, 0x27, 0x26,
	0x06, 0x07, 0x06, 0x16, 0x33, 0x32, 0x36, 0x37, 0x27, 0x36, 0x26, 0x27,
	0x26, 0x27, 0x2E, 0x01, 0x07, 0x06, 0x17, 0x1E, 0x01, 0x17, 0x1E, 0x01,
	0x17, 0x1E, 0x01, 0x17, 0x32, 0x36, 0x37, 0x07, 0x54, 0x0C, 0x34, 0x1A,
	0x4A, 0x73, 0x97, 0x49, 0x71, 0x06, 0x10, 0x46, 0x21, 0x26, 0x91, 0x1E,
	0x29, 0x2A, 0x5A, 0x2D, 0x2E, 0x26, 0x4F, 0x3C, 0x3C, 0x66, 0x2E, 0x2F,
	0x35, 0x3E, 0x76, 0x08, 0x03, 0x36, 0x24, 0x4D, 0x49, 0x4A, 0x95, 0x4D,
	0x4E, 0x54, 0x58, 0x5D, 0x79, 0x5E, 0x21, 0x15, 0x2C, 0x3D, 0x63, 0x51,
	0x50, 0x7E, 0x2E, 0x2E, 0x1E, 0x2B, 0x2E, 0x2E, 0x53, 0x22, 0x22, 0x15,
	0x37, 0x0E, 0x42, 0x24, 0x6A, 0x21, 0x9F, 0x23, 0x02, 0x26, 0x2E, 0x69,
	0x1F, 0x1F, 0x46, 0x45, 0x19, 0x22, 0x14, 0xD9, 0x1A, 0x0B, 0x30, 0x25,
	0x4F, 0x4F, 0x9B, 0x35, 0x35, 0x0E, 0x05, 0x56, 0x36, 0x4F, 0x58, 0x2F,
	0x21, 0x32, 0x03, 0x02, 0x12, 0x0A, 0xDA, 0x07, 0x2A, 0x17, 0x42, 0x26,
	0x09, 0x05, 0x0C, 0x03, 0x0A, 0x34, 0x2E, 0x35, 0x0A, 0x02, 0x01, 0x02,
	0x03, 0x01, 0x05, 0x05, 0x19, 0x14, 0x15, 0x20, 0x25, 0x65, 0x08, 0x03,
	0x08, 0x08, 0x12, 0x08, 0x07, 0x07, 0x0E, 0x0E, 0x1A, 0x1A, 0x24, 0x38,
	0x2B, 0x1A, 0x11, 0x07, 0x06, 0x09, 0x05, 0x04, 0x01, 0x05, 0x04, 0x08,
	0x0D, 0x13, 0x14, 0x2E, 0x19, 0x18, 0x17, 0x3D, 0x8E, 0x2E, 0x18, 0x09,
	0x13, 0x4F, 0x2A, 0x51, 0x25, 0x2F, 0x11, 0x3B, 0x3C, 0x70, 0x12, 0x17,
	0xC3, 0x18, 0x15, 0x13, 0x0F, 0x08, 0x09, 0x02, 0x07, 0x06, 0x0E, 0x06,
	0x0A, 0x02, 0x03, 0x10, 0x14, 0x0D, 0x15, 0x01, 0x0C, 0x09, 0x00, 0x00,
	0x00, 0x01, 0x00, 0x00, 0x00, 0x01, 0x00, 0x00, 0xB7, 0x6B, 0x22, 0x05,
	0x5F, 0x0F, 0x3C, 0xF5, 0x00, 0x0B, 0x04, 0x00, 0x00, 0x00, 0x00, 0x00,
	0xE4, 0x8A, 0x01, 0xAE, 0x00, 0x00, 0x00, 0x00, 0xE4, 0x8A, 0x01, 0xAE,
	0x00, 0x00, 0xFF, 0xC0, 0x0C, 0x80, 0x03, 0xC0, 0x00, 0x00, 0x00, 0x08,
	0x00, 0x02, 0x00, 0x00, 0x00, 0x00, 0x00, 0x00, 0x00, 0x01, 0x00, 0x00,
	0x03, 0xC0, 0xFF, 0xC0, 0x00, 0x00, 0x0C, 0x80, 0x00, 0x00, 0x00, 0x00,
	0x0C, 0x80, 0x00, 0x01, 0x00, 0x00, 0x00, 0x00, 0x00, 0x00, 0x00, 0x00,
	0x00, 0x00, 0x00, 0x00, 0x00, 0x00, 0x00, 0x36, 0x04, 0x00, 0x00, 0x00,
	0x00, 0x00, 0x00, 0x00, 0x00, 0x00, 0x00, 0x00, 0x02, 0x00, 0x00, 0x00,
	0x08, 0x80, 0x00, 0x00, 0x08, 0x4D, 0x00, 0x00, 0x08, 0x66, 0x00, 0x00,
	0x07, 0xA6, 0x00, 0x00, 0x0A, 0x1A, 0x00, 0x00, 0x09, 0x33, 0x00, 0x00,
	0x08, 0x1A, 0x00, 0x00, 0x08, 0x80, 0x00, 0x00, 0x07, 0xB3, 0x00, 0x00,
	0x08, 0x1A, 0x00, 0x00, 0x09, 0x00, 0x00, 0x00, 0x04, 0x9A, 0x00, 0x00,
	0x07, 0x1A, 0x00, 0x00, 0x04, 0x66, 0x00, 0x00, 0x05, 0x9A, 0x00, 0x00,
	0x05, 0xB3, 0x00, 0x00, 0x04, 0x66, 0x00, 0x00, 0x07, 0xCD, 0x00, 0x00,
	0x07, 0x80, 0x00, 0x00, 0x08, 0x1A, 0x00, 0x00, 0x05, 0x80, 0x00, 0x00,
	0x06, 0xCD, 0x00, 0x00, 0x07, 0x9A, 0x00, 0x00, 0x06, 0x80, 0x00, 0x00,
	0x0B, 0x80, 0x00, 0x00, 0x0B, 0x00, 0x00, 0x00, 0x0A, 0x9A, 0x00, 0x00,
	0x0A, 0xCD, 0x00, 0x00, 0x0A, 0x4D, 0x00, 0x00, 0x0B, 0x00, 0x00, 0x00,
	0x09, 0x80, 0x00, 0x00, 0x0B, 0xB3, 0x00, 0x00, 0x0C, 0x00, 0x00, 0x00,
	0x0C, 0x80, 0x00, 0x00, 0x0B, 0x00, 0x00, 0x00, 0x0B, 0x9A, 0x00, 0x00,
	0x0A, 0x00, 0x00, 0x00, 0x08, 0x80, 0x00, 0x00, 0x08, 0xCD, 0x00, 0x00,
	0x0C, 0x00, 0x00, 0x00, 0x08, 0xE6, 0x00, 0x00, 0x02, 0x66, 0x00, 0x00,
	0x02, 0x73, 0x00, 0x00, 0x02, 0x33, 0x00, 0x00, 0x02, 0xCD, 0x00, 0x00,
	0x02, 0x66, 0x00, 0x00, 0x05, 0x00, 0x00, 0x00, 0x03, 0x26, 0x00, 0x00,
	0x07, 0x80, 0x00, 0x00, 0x08, 0x4D, 0x00, 0x00, 0x00, 0x00, 0x00, 0x00,
	0x00, 0x0A, 0x00, 0x14, 0x00, 0x1E, 0x00, 0x98, 0x00, 0xFA, 0x01, 0x9E,
	0x04, 0x0E, 0x04, 0x76, 0x05, 0x8C, 0x06, 0x36, 0x06, 0xA6, 0x07, 0x0A,
	0x08, 0x04, 0x09, 0xDE, 0x0A, 0x88, 0x0C, 0x0A, 0x0C, 0xBA, 0x0D, 0x5C,
	0x0F, 0x0A, 0x11, 0x08, 0x12, 0x44, 0x15, 0x0C, 0x16, 0x8E, 0x17, 0x6C,
	0x18, 0x2A, 0x18, 0xF2, 0x19, 0xDA, 0x1B, 0x70, 0x1D, 0x42, 0x1E, 0x4C,
	0x20, 0x2C, 0x26, 0x88, 0x2A, 0x22, 0x2B, 0x7A, 0x30, 0x8E, 0x31, 0xCA,
	0x33, 0x06, 0x37, 0x4C, 0x38, 0x88, 0x3A, 0xCE, 0x3B, 0xA4, 0x3C, 0x06,
	0x3D, 0x86, 0x3E, 0xB6, 0x40, 0xF6, 0x41, 0x76, 0x41, 0xD8, 0x42, 0x28,
	0x42, 0xBC, 0x43, 0x38, 0x43, 0xC0, 0x44, 0x70, 0x45, 0x16, 0x00, 0x00,
	0x00, 0x01, 0x00, 0x00, 0x00, 0x36, 0x07, 0x22, 0x00, 0x0F, 0x00, 0x00,
	0x00, 0x00, 0x00, 0x02, 0x00, 0x00, 0x00, 0x00, 0x00, 0x00, 0x00, 0x00,
	0x00, 0x00, 0x00, 0x00, 0x00, 0x00, 0x00, 0x00, 0x00, 0x00, 0x00, 0x0E,
	0x00, 0xAE, 0x00, 0x01, 0x00, 0x00, 0x00, 0x00, 0x00, 0x01, 0x00, 0x07,
	0x00, 0x00, 0x00, 0x01, 0x00, 0x00, 0x00, 0x00, 0x00, 0x02, 0x00, 0x07,
	0x00, 0x60, 0x00, 0x01, 0x00, 0x00, 0x00, 0x00, 0x00, 0x03, 0x00, 0x07,
	0x00, 0x36, 0x00, 0x01, 0x00, 0x00, 0x00, 0x00, 0x00, 0x04, 0x00, 0x07,
	0x00, 0x75, 0x00, 0x01, 0x00, 0x00, 0x00, 0x00, 0x00, 0x05, 0x00, 0x0B,
	0x00, 0x15, 0x00, 0x01, 0x00, 0x00, 0x00, 0x00, 0x00, 0x06, 0x00, 0x07,
	0x00, 0x4B, 0x00, 0x01, 0x00, 0x00, 0x00, 0x00, 0x00, 0x0A, 0x00, 0x1A,
	0x00, 0x8A, 0x00, 0x03, 0x00, 0x01, 0x04, 0x09, 0x00, 0x01, 0x00, 0x0E,
	0x00, 0x07, 0x00, 0x03, 0x00, 0x01, 0x04, 0x09, 0x00, 0x02, 0x00, 0x0E,
	0x00, 0x67, 0x00, 0x03, 0x00, 0x01, 0x04, 0x09, 0x00, 0x03, 0x00, 0x0E,
	0x00, 0x3D, 0x00, 0x03, 0x00, 0x01, 0x04, 0x09, 0x00, 0x04, 0x00, 0x0E,
	0x00, 0x7C, 0x00, 0x03, 0x00, 0x01, 0x04, 0x09, 0x00, 0x05, 0x00, 0x16,
	0x00, 0x20, 0x00, 0x03, 0x00, 0x01, 0x04, 0x09, 0x00, 0x06, 0x00, 0x0E,
	0x00, 0x52, 0x00, 0x03, 0x00, 0x01, 0x04, 0x09, 0x00, 0x0A, 0x00, 0x34,
	0x00, 0xA4, 0x69, 0x63, 0x6F, 0x6D, 0x6F, 0x6F, 0x6E, 0x00, 0x69, 0x00,
	0x63, 0x00, 0x6F, 0x00, 0x6D, 0x00, 0x6F, 0x00, 0x6F, 0x00, 0x6E, 0x56,
	0x65, 0x72, 0x73, 0x69, 0x6F, 0x6E, 0x20, 0x31, 0x2E, 0x30, 0x00, 0x56,
	0x00, 0x65, 0x00, 0x72, 0x00, 0x73, 0x00, 0x69, 0x00, 0x6F, 0x00, 0x6E,
	0x00, 0x20, 0x00, 0x31, 0x00, 0x2E, 0x00, 0x30, 0x69, 0x63, 0x6F, 0x6D,
	0x6F, 0x6F, 0x6E, 0x00, 0x69, 0x00, 0x63, 0x00, 0x6F, 0x00, 0x6D, 0x00,
	0x6F, 0x00, 0x6F, 0x00, 0x6E, 0x69, 0x63, 0x6F, 0x6D, 0x6F, 0x6F, 0x6E,
	0x00, 0x69, 0x00, 0x63, 0x00, 0x6F, 0x00, 0x6D, 0x00, 0x6F, 0x00, 0x6F,
	0x00, 0x6E, 0x52, 0x65, 0x67, 0x75, 0x6C, 0x61, 0x72, 0x00, 0x52, 0x00,
	0x65, 0x00, 0x67, 0x00, 0x75, 0x00, 0x6C, 0x00, 0x61, 0x00, 0x72, 0x69,
	0x63, 0x6F, 0x6D, 0x6F, 0x6F, 0x6E, 0x00, 0x69, 0x00, 0x63, 0x00, 0x6F,
	0x00, 0x6D, 0x00, 0x6F, 0x00, 0x6F, 0x00, 0x6E, 0x46, 0x6F, 0x6E, 0x74,
	0x20, 0x67, 0x65, 0x6E, 0x65, 0x72, 0x61, 0x74, 0x65, 0x64, 0x20, 0x62,
	0x79, 0x20, 0x49, 0x63, 0x6F, 0x4D, 0x6F, 0x6F, 0x6E, 0x2E, 0x00, 0x46,
	0x00, 0x6F, 0x00, 0x6E, 0x00, 0x74, 0x00, 0x20, 0x00, 0x67, 0x00, 0x65,
	0x00, 0x6E, 0x00, 0x65, 0x00, 0x72, 0x00, 0x61, 0x00, 0x74, 0x00, 0x65,
	0x00, 0x64, 0x00, 0x20, 0x00, 0x62, 0x00, 0x79, 0x00, 0x20, 0x00, 0x49,
	0x00, 0x63, 0x00, 0x6F, 0x00, 0x4D, 0x00, 0x6F, 0x00, 0x6F, 0x00, 0x6E,
	0x00, 0x2E, 0x00, 0x00, 0x00, 0x03, 0x00, 0x00, 0x00, 0x00, 0x00, 0x00,
	0x00, 0x00, 0x00, 0x00, 0x00, 0x00, 0x00, 0x00, 0x00, 0x00, 0x00, 0x00,
	0x00, 0x00, 0x00, 0x00, 0x00, 0x00, 0x00, 0x00, 0x00, 0x00, 0x00, 0x00
};
